Running on mac.home with device cpu
enforce_units=True, factorized symbolic search=OFF, continuous skeleton refinement=ON, outer-peel-autorun(deprecated)=ON
[GS] Stage-A symmetry layer enabled (mode=propose, policy=augment, known=True, affine=True, unit_torus=False)
[Data] Overrides: batch_size=2000, ndata_train=6000, ndata_val=2000, data_slice=0
Median of y values: 0.11048863000693729
Median absolute deviation of y values: 0.06888620195283074
Number of x variables: 3
MAD^2 of y values: 0.004745308819486181
RMS of y values: 0.25269601114923845
Log-space dynamic range of |y|: 2.59 decades
[Units] Loaded basis=('L', 'T', 'M'); y_units=[1, 0, 0]; x_units=[[3, -2, 0], [0, -1, 0], [0, -1, 0]]
[PhaseScan] Found 6 phase-coordinate hint(s) from the identity training split.
[PhaseScan]   (x1 * (x2)**-1): omega_obs=6.28319, score=9.7e-05, R2_phase=0.00515, R2_trend=0.0045, cycles=0.389, unit=dimensionless, split_R2=0.00221, null_R2=0.00377
[PhaseScan]   (sqrt(x1) * 1/sqrt(x2)): omega_obs=12.5664, score=8.71e-05, R2_phase=0.0051, R2_trend=0.00449, cycles=0.401, unit=dimensionless, split_R2=0.00235, null_R2=0.00377
[PhaseScan]   (1/sqrt(x1) * sqrt(x2)): omega_obs=12.5664, score=3.99e-05, R2_phase=0.00477, R2_trend=0.00451, cycles=0.43, unit=dimensionless, split_R2=0.00258, null_R2=0.00367
[PhaseScan]   ((x1)**2 * (x2)**-2): omega_obs=3.14159, score=2.89e-05, R2_phase=0.00476, R2_trend=0.00453, cycles=0.371, unit=dimensionless, split_R2=0.00208, null_R2=0.00361
[PhaseScan]   ((x1)**-1 * x2): omega_obs=6.28319, score=2e-05, R2_phase=0.00465, R2_trend=0.00453, cycles=0.447, unit=dimensionless, split_R2=0.00263, null_R2=0.00363
[PhaseScan]   ((x1)**-2 * (x2)**2): omega_obs=3.14159, score=1.86e-05, R2_phase=0.0047, R2_trend=0.00459, cycles=0.49, unit=dimensionless, split_R2=0.00256, null_R2=0.00368
[PhaseScan Context] No contextual phase hints found.
[OuterLinkScan] No inverse-link hints found.

Criteria (base, in units of MAD(φ(y))^2): loss acceptable: 1.000000e-03, loss target: 1.000000e-07, chisq_tol: 1.000000e-10, precision derivs d2y: 1.000000e-03

[Units] Skipping y-transforms incompatible with y units (L): log, logneg, sqrt1p, exp, expneg, arctan, arcsin, arccos, sin, cos, tan
[Stage A] Running standard separability search on pure NN expression


Size of datasets: training: 6000, val: 2000
Using MAD-normalised LM thresholds for y_op None: MAD(φ(y))≈0.069, scale=0.00476
Initial model (AST): NN[x0, x1, x2]
Setting number of segments: 16, dual_layer: True

[34mSeparability Pass:1 (full), number of leaves: 1, y-transformation: None(y), trial 1/1, dual_layer: True[0m
Current model: Identity() (NN[x0, x1, x2]), parameters: 960
[info] dataloader for provider ASTCompositeAdaptor yields 3 batches (equivalent to a single batch up to floating-point roundoff; minor Python-loop overhead per batch).
[NestyNet][param_refresh] discovered 1 base model(s):
  #0: wrapper=ASTCompositeAdaptor, base=_Composite, params=960, output_major=False, id=4821026128
[LM][bucket] solving P=960 (trivially separable union)
Stopping at epoch 801/2500, lm_opt.state['halt']=True, loss=9.4499e-10, loss_val=1.2173e-09
acceptable losses (raw) target=4.7604e-10, acceptable=4.7604e-06 (base units: target=1.0000e-07, acceptable=1.0000e-03)
[32mADOPTING[0m best val-loss 1.2173e-09 (trial 1/1, dual_layer=True)
Saving initial model which converged with loss 0.000000
Discovering approximate invariance features from gradients...
Discovered 1 candidate features:
  feat_0_0_1       kind=integer_linear  coeffs=[+0.00, +0.00, +1.00]
Discovering approximate scaling / homogeneity features...
Discovered 3 scaling candidates:
  S=[0]  k≈  0.333  rel_std= 0.018  n=6000
  S=[1,2]  k≈ -0.667  rel_std= 0.005  n=6000
  S=[0,1,2]  k≈ -0.334  rel_std= 0.020  n=6000
    [x1] reciprocal probe (negative-k singularity detected)
    [x1] reciprocal: rel_std=0.1297>0.08, no gradient fallback available
[Oracle Probe] No scaling verified by direct evaluation.
  [Trig Scaling] Sampled 5000 points, probing 3 trivial + 0 compound target(s)
  [Trig Scaling] |F| filter: 4750/5000 points pass (5th-pct=1.273e-02)
  [Trig Scaling] x0: no viable ω candidates (span=43)
  [Trig Scaling] x1: no viable ω candidates (span=204)
  [Trig Scaling] x2: no viable ω candidates (span=181)
  [Trig Scaling] No monomial-in-trig detected.
[Early Compound] Checked 1 single-var scaling specs, 0 qualify (need ≥2 for compound)
[Early PureDiff] No valid power-difference proposals found.
Checking for low-degree polynomial fit in x (degree 2)...
Poly-in-x (deg 2) fit: rms_abs=1.377e-01, rms_rel=5.778e-01, n_terms=10, n=6000
Checking for low-degree polynomial fit in f(x)^2 (degree 2)...
Poly-in-f^2 (deg 2) fit: rms_abs=2.040e-01, rms_rel=7.557e-01, n_terms=10, n=6000
Checking for rational poly/poly fit f(x) ≈ P(x)/Q(x)...
Rational fit rat_degN2_degD2: deg_num=2, deg_den=2, rms_abs=7.621e-02, rms_rel=3.198e-01, n_terms_num=3, n_terms_den=4, n=6000, sigma_min=7.071e-02, sigma_ratio=6.146e-03
Checking for trig-like behaviour along coordinate axes...
  [FFT hint] axis 0: omega~0.22, strength=104, span=[0.0202,28.6]
  [FFT hint] axis 1: omega~0.0491, strength=74.5, span=[2.03,130]
  [FFT hint] axis 2: omega~0.233, strength=55.2, span=[2.03,137]
No oracle-derived trig axis.
Discovering K-based preferred directions...
Found 3 preferred directions from K:
  dir 0: u=[+1.000, +0.000, +0.000]
  dir 1: u=[+0.000, +1.000, +0.000]
  dir 2: u=[+0.000, +0.000, +1.000]
  dir 0: omega≈0.219, trig_strength≈102.5
  dir 1: omega≈0.135, trig_strength≈35.0
  dir 2: omega≈0.228, trig_strength≈56.5
Checking for approximate even/odd parity along coordinate axes...
Detected parity candidates on 3 axes:
  axis= 0  origin≈   0.767  kind=none  rms_rel_even=1.96e+04  rms_rel_odd=1.96e+04  n=6000
  axis= 1  origin≈    17.4  kind=none  rms_rel_even=7.95e+02  rms_rel_odd=7.95e+02  n=6000
  axis= 2  origin≈    18.6  kind=none  rms_rel_even=7.03e+02  rms_rel_odd=7.03e+02  n=6000
Checking for approximately radial dependence over small variable groups...
No clear radial structure detected.
Checking for preferred origins / translation structure along axes...
No strong translation structure detected.
Checking for saturating / sigmoidal behaviour along coordinate axes...
No clear saturating behaviour detected along single axes.
Checking for near-constant directions (parameter-like variables)...
No strongly parameter-like directions detected.
Initial separability check with precision 0.1
symb: [0, 1, 2], index: 0, var_x: torch.Size([6000, 3]), y_vals: torch.Size([6000, 1]), dydx_vals: torch.Size([6000, 1, 3]), d2ydx2_vals: torch.Size([6000, 1, 3, 3])
Trying transformation identity
Median of model: 0.09825851499042343, median absolute deviation: 0.06899551268957099, precision: 0.1, 0.1
All additive for x[0, 1], complement x[2] (in NN[0, 1, 2])
  overlapping candidate: x[0, 1] + x[0, 2], shared=1, max-metric=4.88e-03
  overlapping candidate: x[0, 1] + x[1, 2], shared=1, max-metric=8.81e-03
  overlapping candidate: x[0, 2] + x[1, 2], shared=1, max-metric=3.31e-02
Found separability candidate separability for op identity, 0

Trying transformation square
Median of model: 0.009654735768123266, median absolute deviation: 0.009210593836802823, precision: 0.1, 0.1
All additive for x[0, 1], complement x[2] (in NN[0, 1, 2])
  overlapping candidate: x[0, 1] + x[0, 2], shared=1, max-metric=9.27e-03
  overlapping candidate: x[0, 1] + x[1, 2], shared=1, max-metric=2.60e-02
  overlapping candidate: x[0, 2] + x[1, 2], shared=1, max-metric=9.35e-02
Found separability candidate separability for op square, 1

Trying transformation reciprocal
Median of model: 10.176489441913086, median absolute deviation: 7.057029953795574, precision: 0.1, 0.1
All additive for x[0, 1], complement x[2] (in NN[0, 1, 2])
  overlapping candidate: x[0, 1] + x[0, 2], shared=1, max-metric=2.25e-03
  overlapping candidate: x[0, 1] + x[1, 2], shared=1, max-metric=9.53e-03
  overlapping candidate: x[0, 2] + x[1, 2], shared=1, max-metric=3.53e-02
Found separability candidate separability for op reciprocal, 2

Trying transformation sqrt
Median of model: 0.313462142834543, median absolute deviation: 0.1258906871073719, precision: 0.1, 0.1
All additive for x[0, 1], complement x[2] (in NN[0, 1, 2])
  overlapping candidate: x[0, 1] + x[0, 2], shared=1, max-metric=3.58e-03
  overlapping candidate: x[0, 1] + x[1, 2], shared=1, max-metric=4.01e-03
  overlapping candidate: x[0, 2] + x[1, 2], shared=1, max-metric=1.60e-02
Found separability candidate separability for op sqrt, 3

Recap:
Transformation identity is a candidate for separability: True
Transformation square is a candidate for separability: True
Transformation reciprocal is a candidate for separability: True
Transformation sqrt is a candidate for separability: True

Initial fit suggests separability candidates for y_op None.

======================================================================
  [Stage A] SEPARABILITY SEARCH
======================================================================
All multiplicative for x[0], complement x[1, 2] (in NN[0, 1, 2])
All additive for x[0, 1], complement x[2] (in NN[0, 1, 2])
  overlapping candidate: x[0, 1] + x[0, 2], shared=1, max-metric=4.55e-03
  overlapping candidate: x[0, 1] + x[1, 2], shared=1, max-metric=8.67e-03
[Variable Extension] Detecting compound structure for NN[0, 1, 2]...
[Stage A GS] audited=28, accepted=3, proposals=0
    [x1] reciprocal probe (negative-k singularity detected)
    [x1] reciprocal: rel_std=0.1297>0.08, no gradient fallback available
  [Trig Scaling] Sampled 5000 points, probing 3 trivial + 0 compound target(s)
  [Trig Scaling] |F| filter: 4750/5000 points pass (5th-pct=1.273e-02)
  [Trig Scaling] x0: no viable ω candidates (span=43)
  [Trig Scaling] x1: no viable ω candidates (span=204)
  [Trig Scaling] x2: no viable ω candidates (span=181)
<WORKSPACE>/NestyNet_SR/nestynet_sr/sr_core/separability_math.py:2778: RuntimeWarning: divide by zero encountered in matmul
  coeff = (V @ a_vec) / den
<WORKSPACE>/NestyNet_SR/nestynet_sr/sr_core/separability_math.py:2778: RuntimeWarning: overflow encountered in matmul
  coeff = (V @ a_vec) / den
<WORKSPACE>/NestyNet_SR/nestynet_sr/sr_core/separability_math.py:2778: RuntimeWarning: invalid value encountered in matmul
  coeff = (V @ a_vec) / den
[Compound RetainAxis] Adding wrapper z=((x0 * (x1)**-3) * x2) with extra x0
[Compound RetainAxis] Adding wrapper z=((x0 * (x1)**-3) * x2) with extra x1
[Compound RetainAxis] Adding wrapper z=((x0 * (x1)**-3) * x2) with extra x2
[Compound RetainAxis] Adding wrapper z=((x0 * (x1)**-4) * x2) with extra x0
[Compound RetainAxis] Adding wrapper z=((x0 * (x1)**-4) * x2) with extra x1
[Compound RetainAxis] Adding wrapper z=((x0 * (x1)**-4) * x2) with extra x2
[Compound DiffProd] Gradient-ratio found x1^1 - x2^1, ratio_conf=0.885, trying multiplier variables...
[Compound DiffProd] Testing (x1^1 - x2^1) * x0: conf=0.3406, threshold=0.90, outer_power=0
[Stage A LogExp] Shadowed dimless_ratio:log z=log((x1 * (x2)**-1)) (conf=0.930); coordinate lift is not committed in Stage A
[Shadow] recorded log((x1 * (x2)**-1)) for parent=('tag', 'A0') source=stageA_logexp conf=0.930 unit=unit_valid
[Stage A LogExp] Shadowed dimless_ratio:exp z=exp((x1 * (x2)**-1)) (conf=0.930); coordinate lift is not committed in Stage A
[Shadow] recorded exp((x1 * (x2)**-1)) for parent=('tag', 'A0') source=stageA_logexp conf=0.930 unit=unit_valid
[Stage A LogExp] Shadowed dimless_ratio:log z=log((x2 * (x1)**-1)) (conf=0.930); coordinate lift is not committed in Stage A
[Shadow] recorded log((x2 * (x1)**-1)) for parent=('tag', 'A0') source=stageA_logexp conf=0.930 unit=unit_valid
[Stage A LogExp] Shadowed dimless_ratio:exp z=exp((x2 * (x1)**-1)) (conf=0.930); coordinate lift is not committed in Stage A
[Shadow] recorded exp((x2 * (x1)**-1)) for parent=('tag', 'A0') source=stageA_logexp conf=0.930 unit=unit_valid
[Compound Exhaustion] High-confidence proposal (conf=0.948), trying...
[Compound] Preserving 6 arity-2 backup proposal(s) beyond primary compound shortlist.
[Compound] Normalized proposal shortlist:
[Compound]   1. kind=monomial, conf=0.923, support=3, z=((x0 * (x1)**-3) * x2)
[Compound]   2. kind=monomial, conf=0.920, support=3, z=((x0 * (x1)**-4) * x2)
[Compound]   3. kind=monomial, conf=0.918, support=3, z=((x0 * (x1)**-3) * x2)
[Compound]   4. kind=monomial, conf=0.918, support=3, z=((x0 * (x1)**-3) * x2)
[Compound]   5. kind=monomial, conf=0.918, support=3, z=((x0 * (x1)**-3) * x2)
[Compound]   6. kind=monomial, conf=0.915, support=3, z=((x0 * (x1)**-4) * x2)
[Compound]   7. kind=monomial, conf=0.948, support=2, z=(x1 * (x2)**-1)
[Compound]   8. kind=monomial, conf=0.909, support=2, z=(x0 * x2)
[Compound]   9. kind=monomial, conf=0.909, support=2, z=(x0 * (x1)**-3)
[Compound]   10. kind=monomial, conf=0.909, support=2, z=((x1)**-3 * x2)
[Compound]   11. kind=monomial, conf=0.906, support=2, z=(x0 * (x1)**-4)
[Compound]   12. kind=monomial, conf=0.906, support=2, z=((x1)**-4 * x2)
[Units/Buckingham] Skipping compound after forced monomial probe: compound destroys dimensionless freedom: 1 -> 0 (need >= 1); forces monomial; no small unit-forced monomial power matches target dimension
[Units/Buckingham] Skipping compound after forced monomial probe: compound destroys dimensionless freedom: 1 -> 0 (need >= 1); forces monomial; no small unit-forced monomial power matches target dimension
[Units/Buckingham] Skipping compound after forced monomial probe: compound destroys dimensionless freedom: 1 -> 0 (need >= 1); forces monomial; no small unit-forced monomial power matches target dimension
[Units/Buckingham] Skipping compound after forced monomial probe: compound destroys dimensionless freedom: 1 -> 0 (need >= 1); forces monomial; no small unit-forced monomial power matches target dimension
[Units/Buckingham] Skipping compound after forced monomial probe: compound destroys dimensionless freedom: 1 -> 0 (need >= 1); forces monomial; no small unit-forced monomial power matches target dimension
[Units/Buckingham] Skipping compound after forced monomial probe: compound destroys dimensionless freedom: 1 -> 0 (need >= 1); forces monomial; no small unit-forced monomial power matches target dimension
[Units/Buckingham] Skipping compound before screening: compound reduces dimensional rank: 2 -> 1; remaining variables cannot span output dimension
[Units/Buckingham] Skipping compound after forced monomial probe: compound destroys dimensionless freedom: 1 -> 0 (need >= 1); forces monomial; no small unit-forced monomial power matches target dimension
[Units/Buckingham] Skipping compound after forced monomial probe: compound destroys dimensionless freedom: 1 -> 0 (need >= 1); forces monomial; no small unit-forced monomial power matches target dimension
[Units/Buckingham] Skipping compound after forced monomial probe: compound destroys dimensionless freedom: 1 -> 0 (need >= 1); forces monomial; no small unit-forced monomial power matches target dimension
[Units/Buckingham] Skipping compound after forced monomial probe: compound destroys dimensionless freedom: 1 -> 0 (need >= 1); forces monomial; no small unit-forced monomial power matches target dimension
[Units/Buckingham] Skipping compound after forced monomial probe: compound destroys dimensionless freedom: 1 -> 0 (need >= 1); forces monomial; no small unit-forced monomial power matches target dimension
Checking separability of None(y) in input space with precision 0.001
All multiplicative for x[0], complement x[1, 2] (in NN[0, 1, 2])
All additive for x[0, 1], complement x[2] (in NN[0, 1, 2])
  overlapping candidate: x[0, 1] + x[0, 2], shared=1, max-metric=4.88e-03
  overlapping candidate: x[0, 1] + x[1, 2], shared=1, max-metric=8.81e-03
Setting number of segments: 16 (variant: no_offset)
[Teacher init] Training left factor on 2000 profile samples...
[Teacher init] Left factor trained, final loss: 2.121e-01
[Teacher init] Training right factor on 2000 profile samples...
[Teacher init] Right factor trained, final loss: 5.413e+02
[Teacher init] Scale check: left_rms=7.792e-01, right_rms=2.309e+01, ratio=29.64
[rescale_leaf] left: leaf type=DualSegmentedAdaptor, factor=5.4439
[rescale_leaf] left: scaled a_fit via base_model
[rescale_leaf] left: scaled a_pieces_fixed[15] via base_model
[rescale_leaf] right: leaf type=DualSegmentedAdaptor, factor=0.1837
[rescale_leaf] right: scaled a_fit via base_model
[rescale_leaf] right: scaled a_pieces_fixed[15] via base_model
[Teacher init] Final gauge norm: left x5.44, right x0.18
***Training candidate separable model (variant: no_offset)***, acceptance threshold (raw) 1.2173e-07 (base 1.0000e-03)
    Proposed: (NN[x0] * NN[x1, x2])
[info] dataloader for provider ASTCompositeAdaptor yields 3 batches (equivalent to a single batch up to floating-point roundoff; minor Python-loop overhead per batch).
[LM][bucket] solving P=1024 (trivially separable union)
[trial] Stopping at epoch 601/2500, lm_opt.state['halt']=True, loss=1.0355e-10, loss_val=1.2608e-10
[32mAccepted[0m separation (variant: no_offset), val-loss 1.2608e-10
[Stage A]   Current: [35mIdentity()(nn0(x0) * nn1(x1, x2))[0m
[Shadow] pruned stale coordinate evidence after separation: parents=1, shadows=4, consumed=0
Setting number of segments: 16, dual_layer: True

[34mSeparability Pass:2 (full), number of leaves: 2, y-transformation: None(y), trial 1/1, dual_layer: True[0m
Current model: Identity() ((NN[x0] * NN[x1, x2])), parameters: 1024
[info] dataloader for provider ASTCompositeAdaptor yields 3 batches (equivalent to a single batch up to floating-point roundoff; minor Python-loop overhead per batch).
Stopping at epoch 101/2500, lm_opt.state['halt']=True, loss=7.2983e-11, loss_val=8.8324e-11
acceptable losses (raw) target=4.7604e-10, acceptable=4.7604e-06 (base units: target=1.0000e-07, acceptable=1.0000e-03)
[32mADOPTING[0m best val-loss 8.8324e-11 (trial 1/1, dual_layer=True)

======================================================================
  [Stage A] SEPARABILITY SEARCH — restart (pass 2)
======================================================================
All additive for x[1], complement x[2] (in NN[1, 2])
[Stage A Monomial] Trying monomial_deg1 on NN[0] as rpoly (k≈0.333, rel=5.73e-05); accept_threshold=4.7604e-08
[info] dataloader for provider ASTCompositeAdaptor yields 3 batches (equivalent to a single batch up to floating-point roundoff; minor Python-loop overhead per batch).
[nestynet.optimizer] [95m[LM] Potential K-colinearity issue in rm[0].providers[0] (_Composite, segments=16, outputs=1, seg_width=1): 435/1920 cross-segment channel pairs exceed |cos|>0.95 (worst seg 1/out 1 ↔ seg 9/out 1 |cos|=1.0000). Grouped segment pairs: 0/120 exceed |cos|>0.95 (worst seg 1 ↔ seg 4 |cos|=0.9240). This can make LM/direct_solve ill-conditioned; consider increasing seg_width, reducing segment count, or using a more diversity-preserving initialization. This model uses low-dimensional K-vectors (Nx*seg_width=2), so channel-level directional crowding can appear before whole segments overlap.[0m
[LM][bucket] solving P=640 (trivially separable union)
[trial] Validation patience exceeded at epoch 601/2500, nval_worse=500
[Variable Extension] Detecting compound structure for NN[1, 2]...
[Stage A GS] audited=12, accepted=1, proposals=0
    [x0] reciprocal probe (negative-k singularity detected)
    [x0] reciprocal: rel_std=0.1506>0.08, no gradient fallback available
    [x1] reciprocal probe (negative-k singularity detected)
    [x1] reciprocal: rel_std=2.2392>0.08, no gradient fallback available
  [Trig Scaling] Sampled 5000 points, probing 2 trivial + 0 compound target(s)
  [Trig Scaling] |F| filter: 4750/5000 points pass (5th-pct=2.722e-03)
  [Trig Scaling] x0: no viable ω candidates (span=204)
  [Trig Scaling] x1: no viable ω candidates (span=181)
[Compound LogDeriv] Recovered 1 proposal(s) (sigma_ratio=0.002181428368804502) for vars=(1, 2)
[Compound RetainAxis] Adding wrapper z=(x1 * (x2)**-1) with extra x1
[Compound RetainAxis] Adding wrapper z=(x1 * (x2)**-1) with extra x2
[Stage A LogExp] Shadowed dimless_ratio:log z=log((x1 * (x2)**-1)) (conf=0.930); coordinate lift is not committed in Stage A
[Shadow] recorded log((x1 * (x2)**-1)) for parent=('tag', 'A0_R') source=stageA_logexp conf=0.930 unit=unit_valid
[Stage A LogExp] Shadowed dimless_ratio:exp z=exp((x1 * (x2)**-1)) (conf=0.930); coordinate lift is not committed in Stage A
[Shadow] recorded exp((x1 * (x2)**-1)) for parent=('tag', 'A0_R') source=stageA_logexp conf=0.930 unit=unit_valid
[Stage A LogExp] Shadowed dimless_ratio:log z=log((x2 * (x1)**-1)) (conf=0.930); coordinate lift is not committed in Stage A
[Shadow] recorded log((x2 * (x1)**-1)) for parent=('tag', 'A0_R') source=stageA_logexp conf=0.930 unit=unit_valid
[Stage A LogExp] Shadowed dimless_ratio:exp z=exp((x2 * (x1)**-1)) (conf=0.930); coordinate lift is not committed in Stage A
[Shadow] recorded exp((x2 * (x1)**-1)) for parent=('tag', 'A0_R') source=stageA_logexp conf=0.930 unit=unit_valid
[Compound Exhaustion] High-confidence proposal (conf=0.998), trying...
[Compound] Normalized proposal shortlist:
[Compound]   1. kind=monomial, conf=0.998, support=2, z=(x1 * (x2)**-1)
[Compound]   2. kind=linear, conf=0.939, support=2, z=((-2 * x1) + x2)
[Compound]   3. kind=monomial, conf=0.993, support=2, z=(x1 * (x2)**-1)
[Compound]   4. kind=monomial, conf=0.993, support=2, z=(x1 * (x2)**-1)
[Units/Buckingham] Skipping compound before screening: compound reduces dimensional rank: 1 -> 0; remaining variables cannot span output dimension
[Compound] 1D compound detected (all vars in z), boosting segments to 32
[Compound] Proposal (linear) conf 0.939, screen=0.994; trying sq:(((-2 * x1) + x2))**2
[Distill] epoch 1/2000: loss=1.0155e+10
[Distill] epoch 1000/2000: loss=1.7502e+01
[Distill] epoch 2000/2000: loss=2.9810e+00
[Distill] Final: loss=2.9810e+00 (did not converge below 1.0000e-04)
[Compound] Training candidate (sq); accept_threshold=4.7604e-08
[Compound] Structural arity reduction target enabled: arity signature (1, 2, 1) → (0, 1, 0), target-quality threshold 4.7604e-08
[info] dataloader for provider ASTCompositeAdaptor yields 3 batches (equivalent to a single batch up to floating-point roundoff; minor Python-loop overhead per batch).
[LM][bucket] solving P=1152 (trivially separable union)
[trial] Validation patience exceeded at epoch 801/2500, nval_worse=500
[Compound] Rejected (sq) (linear) z=(((-2 * x1) + x2))**2, val-loss 4.5320e-04
[Compound] Proposal (linear) conf 0.939, screen=0.994; trying abs:sqrt((((-2 * x1) + x2))**2)
[Distill] epoch 1/2000: loss=1.9865e+06
[Distill] epoch 1000/2000: loss=2.7435e-01
[Distill] epoch 2000/2000: loss=2.7973e-02
[Distill] Final: loss=2.7973e-02 (did not converge below 1.0000e-04)
[Compound] Training candidate (abs); accept_threshold=4.7604e-08
[Compound] Structural arity reduction target enabled: arity signature (1, 2, 1) → (0, 1, 0), target-quality threshold 4.7604e-08
[info] dataloader for provider ASTCompositeAdaptor yields 3 batches (equivalent to a single batch up to floating-point roundoff; minor Python-loop overhead per batch).
[trial] Early abandonment at epoch 1001/2500: best_val_loss=4.0863e-04 > 1.1901e-07 (2.5x accept_threshold 4.7604e-08)
[Compound] Rejected (abs) (linear) z=sqrt((((-2 * x1) + x2))**2), val-loss 4.0863e-04
[Compound] Proposal (linear) conf 0.939, screen=0.994; trying z:((-2 * x1) + x2)
[Distill] epoch 1/2000: loss=1.9622e+08
[Distill] epoch 1000/2000: loss=4.8936e+00
[Distill] epoch 2000/2000: loss=1.3030e+01
[Distill] Final: loss=1.3030e+01 (did not converge below 1.0000e-04)
[Compound] Training candidate (z); accept_threshold=4.7604e-08
[Compound] Structural arity reduction target enabled: arity signature (1, 2, 1) → (0, 1, 0), target-quality threshold 4.7604e-08
[info] dataloader for provider ASTCompositeAdaptor yields 3 batches (equivalent to a single batch up to floating-point roundoff; minor Python-loop overhead per batch).
[trial] Validation patience exceeded at epoch 901/2500, nval_worse=500
[Compound] Rejected (z) (linear) z=((-2 * x1) + x2), val-loss 4.1276e-04
[Compound] Trying same-arity wrapper: arity 2 → 2; will require confirmed separability payoff
[Compound] Proposal (monomial) conf 0.993; trying z:(x1 * (x2)**-1), extras=[1]
[Distill] epoch 1/2000: loss=4.0247e+06
[Distill] epoch 1000/2000: loss=4.3864e+00
[Distill] epoch 2000/2000: loss=1.0643e+00
[Distill] Final: loss=1.0643e+00 (did not converge below 1.0000e-04)
[Compound] Training candidate (z); accept_threshold=4.7604e-08
[info] dataloader for provider ASTCompositeAdaptor yields 3 batches (equivalent to a single batch up to floating-point roundoff; minor Python-loop overhead per batch).
[LM][bucket] solving P=1024 (trivially separable union)
[trial] Stopping at epoch 401/2500, lm_opt.state['halt']=True, loss=3.3707e-12, loss_val=5.8172e-12
[32m[Compound] LM fit passed[0m (z) (monomial) z=(x1 * (x2)**-1), val-loss 5.8172e-12
All additive for x['z'], complement x[1] (in NN['z', 1])
[Compound] Wrapper z enables separability (z separates from extras)
[Compound] Retained-axis overlap confirmed for x1: retained-axis power-like factor k=-0.6667, rel_std=7.374e-05, n=5000
[Compound] Skipping rat_inv (redundant: z already accepted)
[Compound] Skipping rat_z2 (redundant: z already accepted)
[32m[Compound] Selected[0m best variant (z) (monomial) z=(x1 * (x2)**-1) (pattern=(1, -1)), val-loss 5.8172e-12
[Stage A]   Current: [35mIdentity()(nn0(x0) * nn1(z=(x1 * x2^-1), x1))[0m
[Stage A Monomial] Trying monomial_deg1 on NN[0] as rpoly (k≈0.333, rel=6.99e-06); accept_threshold=4.7604e-08
[info] dataloader for provider ASTCompositeAdaptor yields 3 batches (equivalent to a single batch up to floating-point roundoff; minor Python-loop overhead per batch).
[nestynet.optimizer] [95m[LM] Potential K-colinearity issue in rm[0].providers[0] (_Composite, segments=16, outputs=1, seg_width=1): 644/1920 cross-segment channel pairs exceed |cos|>0.95 (worst seg 2/out 3 ↔ seg 7/out 1 |cos|=1.0000). Grouped segment pairs: 0/120 exceed |cos|>0.95 (worst seg 11 ↔ seg 13 |cos|=0.9021). This can make LM/direct_solve ill-conditioned; consider increasing seg_width, reducing segment count, or using a more diversity-preserving initialization. This model uses low-dimensional K-vectors (Nx*seg_width=2), so channel-level directional crowding can appear before whole segments overlap.[0m
[LM][bucket] solving P=640 (trivially separable union)
[trial] Validation patience exceeded at epoch 601/2500, nval_worse=500
All additive for x['z'], complement x[1] (in NN['z', 1])
[Compound] Existing compound separates from extras [1], but checking only extensions that consume the separated coordinate.
[Variable Extension] Checking iterative extension for compound atom NN[1, 2]...
    [x0] reciprocal probe (negative-k singularity detected)
    [x0] reciprocal: ratio test failed (n_valid_k=0<100), no gradient fallback
    [x1] reciprocal probe (negative-k singularity detected)
  [Trig Scaling] Sampled 5000 points, probing 2 trivial + 0 compound target(s)
  [Trig Scaling] |F| filter: 4750/5000 points pass (5th-pct=2.126e-03)
  [Trig Scaling] x0: span=0.389, 15 ω candidates
  [Trig Scaling] x0 ACCEPTED: sin(4·z)^0.790  rel_std=0.0678
  [Trig Scaling] x1: no viable ω candidates (span=204)
[Local Oracle] Fresh path: 1 scaling, 1 trig specs
  [Local Oracle] x[1]: k≈-0.694, rel_std=0.0376
  [Local Oracle] leaf z: sin, ω=4, k=0.79, rel_std=0.0678
[Shadow] recorded sin((4 * (x1 * (x2)**-1))) for parent=('tag', 'A0_R') source=local_oracle_trig conf=0.932 unit=unit_valid
[Stage A LogExp] Shadowed dimless_input:log z=log((x1 * (x2)**-1)) (conf=0.900); coordinate lift is not committed in Stage A
[Shadow] merged log((x1 * (x2)**-1)) for parent=('tag', 'A0_R') source=stageA_logexp conf=0.930 unit=unit_valid
[Stage A LogExp] Shadowed dimless_input:exp z=exp((x1 * (x2)**-1)) (conf=0.900); coordinate lift is not committed in Stage A
[Shadow] merged exp((x1 * (x2)**-1)) for parent=('tag', 'A0_R') source=stageA_logexp conf=0.930 unit=unit_valid
[Compound Exhaustion] High-confidence proposal (conf=0.900), trying...
[Compound] Normalized proposal shortlist:
[Compound]   1. kind=passthrough, conf=0.900, support=1, z=(x1 * (x2)**-1)
[Compound] Skipping proposal: raw extra(s) x1 already appear inside compound (x1 * (x2)**-1); overlap coordinate splits are Stage-A gauge moves, not confirmed simplifications
Checking separability of None(y) in input space with precision 0.001
All multiplicative for x['z'], complement x[1] (in NN['z', 1])
Setting number of segments: 16 (variant: no_offset)
[Teacher init] Training left factor on 2000 profile samples...
[Teacher init] Left factor trained, final loss: 1.840e-01
[Teacher init] Training right factor on 2000 profile samples...
[Teacher init] Right factor trained, final loss: 1.248e+00
[Teacher init] Scale check: left_rms=4.451e-01, right_rms=1.309e+00, ratio=2.94
[rescale_leaf] left: leaf type=DualSegmentedAdaptor, factor=1.7146
[rescale_leaf] left: scaled a_fit via base_model
[rescale_leaf] left: scaled a_pieces_fixed[15] via base_model
[rescale_leaf] right: leaf type=DualSegmentedAdaptor, factor=0.5832
[rescale_leaf] right: scaled a_fit via base_model
[rescale_leaf] right: scaled a_pieces_fixed[15] via base_model
[Teacher init] Final gauge norm: left x1.71, right x0.58
***Training candidate separable model (variant: no_offset)***, acceptance threshold (raw) 4.7604e-08 (base 1.0000e-03)
    Proposed: (NN[x0] * (NN[(x1 * (x2)**-1)] * NN[x1]))
[info] dataloader for provider ASTCompositeAdaptor yields 3 batches (equivalent to a single batch up to floating-point roundoff; minor Python-loop overhead per batch).
[LM][bucket] solving P=1152 (trivially separable union)
[trial] Stopping at epoch 301/2500, lm_opt.state['halt']=True, loss=1.8801e-10, loss_val=2.9393e-10
[32mAccepted[0m separation (variant: no_offset), val-loss 2.9393e-10
[Stage A]   Current: [35mIdentity()(nn0(x0) * nn1(z=(x1 * x2^-1)) * nn2(x1))[0m
[Shadow] pruned stale coordinate evidence after separation: parents=1, shadows=5, consumed=0
Setting number of segments: 16, dual_layer: True

[34mSeparability Pass:3 (full), number of leaves: 3, y-transformation: None(y), trial 1/1, dual_layer: True[0m
Current model: Identity() ((NN[x0] * (NN[(x1 * (x2)**-1)] * NN[x1]))), parameters: 1152
[info] dataloader for provider ASTCompositeAdaptor yields 3 batches (equivalent to a single batch up to floating-point roundoff; minor Python-loop overhead per batch).
Stopping at epoch 101/2500, lm_opt.state['halt']=True, loss=1.7394e-10, loss_val=2.7925e-10
acceptable losses (raw) target=4.7604e-10, acceptable=4.7604e-06 (base units: target=1.0000e-07, acceptable=1.0000e-03)
[32mADOPTING[0m best val-loss 2.7925e-10 (trial 1/1, dual_layer=True)

======================================================================
  [Stage A] SEPARABILITY SEARCH — restart (pass 3)
======================================================================
[Stage A Monomial] Trying monomial_deg1 on NN[0] as rpoly (k≈0.333, rel=2.64e-05); accept_threshold=4.7604e-08
[info] dataloader for provider ASTCompositeAdaptor yields 3 batches (equivalent to a single batch up to floating-point roundoff; minor Python-loop overhead per batch).
[LM][bucket] solving P=768 (trivially separable union)
[trial] Validation patience exceeded at epoch 801/2500, nval_worse=500
[Stage A Monomial] Skipping NN[1, 2]: shared multiplicative NN support; leaving gauge-sensitive peel to Stage B.
[Stage A Monomial] Skipping NN[1]: shared multiplicative NN support; leaving gauge-sensitive peel to Stage B.
[Units] Stage A summary (identity): skipped 13 unit-incompatible proposal(s).
[Units]   - compound_buckingham: 13
[Units]       11× compound destroys dimensionless freedom: 1 -> 0 (need >= 1); forces monomial; no small unit-forced monomial power matches target dimension
[Units]       1× compound reduces dimensional rank: 2 -> 1; remaining variables cannot span output dimension
[Units]       1× compound reduces dimensional rank: 1 -> 0; remaining variables cannot span output dimension
[Reference] Saved pre-separability model to <WORKSPACE>/NestyNet_SR/results_ref/jacobi_v1_full.mod
[Stage A] Using identity separability results

Saved Stage-A checkpoint to <WORKSPACE>/NestyNet_SR/results/jacobi_v1_full.state.pkl
[36mFinal model: Identity() ((NN[x0] * (NN[(x1 * (x2)**-1)] * NN[x1]))), rest: None, None[0m
[Stage B] y-transform adjudication shortlist:
  - identity     source=baseline
[Units] Enforcing units in Stage B (policy=free_const_only, y_transform=identity).

======================================================================
  [Stage B] ANALYTICAL REWRITING — identity(y)-space
======================================================================


Size of datasets: training: 6000, val: 2000
[Stage B] Using MAD-normalised thresholds: MAD(y)≈0.069, scale=0.00476
[info] dataloader for provider ASTCompositeAdaptor yields 3 batches (equivalent to a single batch up to floating-point roundoff; minor Python-loop overhead per batch).
[LM][bucket] solving P=1152 (trivially separable union)
Stopping at epoch 101/2000, lm_opt.state['halt']=True, loss=1.5885e-10, loss_val=2.6502e-10

[Stage B] Initial model: params=1152, val-loss=2.6502e-10
[Stage B] Initial NN metrics: total=3, multivar=0, max_arity=1
[Stage B] Found 3 scaling candidates:
  axis 0: k≈0.333, rel_std=0.001, n=6000
  joint [1,2]: k≈-0.667, rel_std=0.000, n=6000
  joint [0,1,2]: k≈-0.333, rel_std=0.001, n=6000
[Stage B] FFT trig-axis candidates (informational):
[Stage B]   axis 0: omega≈0.220, strength=106.7, span=[0.0202,28.6]
[Stage B] Found 1 nontrivial target(s) for trig probing:
[Stage B]   x1*x2**-1 (kind=ratio, indices=(1, 2))
    [x1] reciprocal probe (negative-k singularity detected)
    [x1] reciprocal: rel_std=0.1579>0.08, no gradient fallback available
    [x1*x2**-1] reciprocal probe (negative-k singularity detected)
  [Trig Scaling] Sampled 5000 points, probing 2 trivial + 1 compound target(s) (skipping axes [0] as polynomial)
  [Trig Scaling] |F| filter: 4750/5000 points pass (5th-pct=1.273e-02)
  [Trig Scaling] x1: no viable ω candidates (span=204)
  [Trig Scaling] x2: no viable ω candidates (span=181)
  [Trig Scaling] x1*x2**-1: span=0.389, 15 ω candidates
  [Trig Scaling] x1*x2**-1 ACCEPTED: sin(4·z)^0.902  rel_std=0.0698
[Stage B] Oracle trig probe found 1 spec(s):
[Stage B]   x1*x2**-1: sin(ω=4)^0.90, rel_std=0.070
[Stage B] Using 1 oracle trig spec(s)
[Stage B] trig_by_axis: [1]
[Stage B] Trig argument-structure hints:
  axis 1: none
[Stage B]   Separability rules: ['nonsense_units_zero_prune', 'monomial_peel_priority', 'subtree_separability', 'last_hard_trig_square', 'univariate_nn', 'log_ratio', 'power_product', 'joint_product_monomial_closure', 'overlap_prefactor_peel', 'overlap_counterterm_peel', 'common_prefactor', 'additive_gauge_transfer', 'multiplicative_homogeneity_transfer', 'univariate_mono', 'nn_leaf_separability', 'counterterm_mul_split', 'counterfactor_add_split']
[Stage B]   Specialized rules: ['compound_fn_macros', 'inverse_trig_outer_rational_closure', 'monomial_prefactor_compound', 'compound_planck', 'affine_decomp', 'nonlinear_substitution', 'univariate_oracle_invariants', 'homogeneity_peel', 'product_homogeneity', 'ratio_invariance', 'coupled_leaf_ratio', 'metric_distance', 'inverse_trig_outer_closure', 'phase_hint_trig_closure', 'phase_hint_reciprocal_trig_power', 'phase_context_trig_closure', 'barycentric', 'logexp_compound', 'r1_operator_certificate', 'univariate_mul_peel', 'outer_transform_split_nn', 'multid_nn', 'poly_split', 'preconditioner_fallback_nn', 'last_hard_trig_power', 'last_hard_atom_rescue']
[Stage B] === Phase 1: Searching for separabilities (additive, multiplicative) ===
[Stage B] Rule nonsense_units_zero_prune found 0 targets
[Stage B] Rule monomial_peel_priority found 3 targets
[Stage B]   target order (arity-asc): [vars=(0,)(arity=1), vars=(1, 2)(arity=1), vars=(1,)(arity=1)]
[Stage B] monomial_peel_priority shortlist: monomial_deg1[z_inv]@nn#leaf2 vars=(1,) (k=-0.667, rel=8.05e-06); monomial_deg2[z_inv]@nn#leaf2 vars=(1,) (k=-0.667, rel=8.05e-06); monomial_deg3[z_inv]@nn#leaf2 vars=(1,) (k=-0.667, rel=8.05e-06); monomial_deg1[z_inv]@nn#leaf0 vars=(0,) (k=0.333, rel=1.87e-05); monomial_deg2[z_inv]@nn#leaf0 vars=(0,) (k=0.333, rel=1.87e-05); monomial_deg3[z_inv]@nn#leaf0 vars=(0,) (k=0.333, rel=1.87e-05); monomial_deg1[z_inv]@nn#leaf1 vars=(1, 2) (k=-0.272, rel=0.17); monomial_deg1@nn#leaf1 vars=(1, 2) (k=-0.272, rel=0.17)
[Stage B] Rule monomial_peel_priority trying 12 globally ranked candidates
[Stage B]  Greedy order (1 cands): monomial_deg1[z_inv](1998p)
[Stage B]  Priority trying 1D monomial (c·x^1) rewrite on NN leaf vars (1,) [coord=1/z]
[Stage B] Initialising RPolyLeaf for vars (1,), tag=leaf2
[info] dataloader for provider ASTCompositeAdaptor yields 3 batches (equivalent to a single batch up to floating-point roundoff; minor Python-loop overhead per batch).
[LM][bucket] solving P=768 (trivially separable union)
Validation patience exceeded at epoch 601/2000, nval_worse=500
[Stage B]    Candidate (monomial_deg1[z_inv]): params=768, val-loss=2.6064e-03
[Stage B]    Reject (monomial_deg1[z_inv]): simpler-over-budget(thr=6.032e-10) | loss 2.650e-10->2.606e-03 (Δ+2.61e-03) | params 1152->768 | cx (0, 0, 0)->(0, 0, 0)
[Stage B]  Greedy order (1 cands): monomial_deg2[z_inv](1998p)
[Stage B]  Priority trying 1D monomial (c·x^2) rewrite on NN leaf vars (1,) [coord=1/z]
[Stage B] Initialising RPolyLeaf for vars (1,), tag=leaf2
[info] dataloader for provider ASTCompositeAdaptor yields 3 batches (equivalent to a single batch up to floating-point roundoff; minor Python-loop overhead per batch).
Validation patience exceeded at epoch 601/2000, nval_worse=500
[Stage B]    Candidate (monomial_deg2[z_inv]): params=768, val-loss=1.7171e-02
[Stage B]    Reject (monomial_deg2[z_inv]): simpler-over-budget(thr=6.032e-10) | loss 2.650e-10->1.717e-02 (Δ+1.72e-02) | params 1152->768 | cx (0, 0, 0)->(0, 0, 0)
[Stage B]  Greedy order (1 cands): monomial_deg3[z_inv](1998p)
[Stage B]  Priority trying 1D monomial (c·x^3) rewrite on NN leaf vars (1,) [coord=1/z]
[Stage B] Initialising RPolyLeaf for vars (1,), tag=leaf2
[info] dataloader for provider ASTCompositeAdaptor yields 3 batches (equivalent to a single batch up to floating-point roundoff; minor Python-loop overhead per batch).
Validation patience exceeded at epoch 601/2000, nval_worse=500
[Stage B]    Candidate (monomial_deg3[z_inv]): params=768, val-loss=2.7848e-02
[Stage B]    Reject (monomial_deg3[z_inv]): simpler-over-budget(thr=6.032e-10) | loss 2.650e-10->2.785e-02 (Δ+2.78e-02) | params 1152->768 | cx (0, 0, 0)->(0, 0, 0)
[Stage B]  Greedy order (1 cands): monomial_deg1[z_inv](1998p)
[Stage B]  Priority trying 1D monomial (c·x^1) rewrite on NN leaf vars (0,) [coord=1/z]
[Stage B] Initialising RPolyLeaf for vars (0,), tag=leaf0
[info] dataloader for provider ASTCompositeAdaptor yields 3 batches (equivalent to a single batch up to floating-point roundoff; minor Python-loop overhead per batch).
Validation patience exceeded at epoch 601/2000, nval_worse=500
[Stage B]    Candidate (monomial_deg1[z_inv]): params=768, val-loss=7.1883e-02
[Stage B]    Reject (monomial_deg1[z_inv]): simpler-over-budget(thr=6.032e-10) | loss 2.650e-10->7.188e-02 (Δ+7.19e-02) | params 1152->768 | cx (0, 0, 0)->(0, 0, 0)
[Stage B]  Greedy order (1 cands): monomial_deg2[z_inv](1998p)
[Stage B]  Priority trying 1D monomial (c·x^2) rewrite on NN leaf vars (0,) [coord=1/z]
[Stage B] Initialising RPolyLeaf for vars (0,), tag=leaf0
[info] dataloader for provider ASTCompositeAdaptor yields 3 batches (equivalent to a single batch up to floating-point roundoff; minor Python-loop overhead per batch).
Validation patience exceeded at epoch 601/2000, nval_worse=500
[Stage B]    Candidate (monomial_deg2[z_inv]): params=768, val-loss=7.2421e-02
[Stage B]    Reject (monomial_deg2[z_inv]): simpler-over-budget(thr=6.032e-10) | loss 2.650e-10->7.242e-02 (Δ+7.24e-02) | params 1152->768 | cx (0, 0, 0)->(0, 0, 0)
[Stage B]  Greedy order (1 cands): monomial_deg3[z_inv](1998p)
[Stage B]  Priority trying 1D monomial (c·x^3) rewrite on NN leaf vars (0,) [coord=1/z]
[Stage B] Initialising RPolyLeaf for vars (0,), tag=leaf0
[info] dataloader for provider ASTCompositeAdaptor yields 3 batches (equivalent to a single batch up to floating-point roundoff; minor Python-loop overhead per batch).
Validation patience exceeded at epoch 601/2000, nval_worse=500
[Stage B]    Candidate (monomial_deg3[z_inv]): params=768, val-loss=7.2518e-02
[Stage B]    Reject (monomial_deg3[z_inv]): simpler-over-budget(thr=6.032e-10) | loss 2.650e-10->7.252e-02 (Δ+7.25e-02) | params 1152->768 | cx (0, 0, 0)->(0, 0, 0)
[Stage B]  Greedy order (1 cands): monomial_deg1[z_inv](1998p)
[Stage B]  Priority trying 1D monomial (c·x^1) rewrite on NN leaf vars (1, 2) [coord=1/z]
[Stage B] Initialising RPolyLeaf for vars (1, 2), tag=leaf1
[info] dataloader for provider ASTCompositeAdaptor yields 3 batches (equivalent to a single batch up to floating-point roundoff; minor Python-loop overhead per batch).
Validation patience exceeded at epoch 701/2000, nval_worse=500
[Stage B]    Candidate (monomial_deg1[z_inv]): params=768, val-loss=5.0143e-04
[Stage B]    Reject (monomial_deg1[z_inv]): simpler-over-budget(thr=6.032e-10) | loss 2.650e-10->5.014e-04 (Δ+5.01e-04) | params 1152->768 | cx (0, 0, 0)->(0, 0, 0)
[Stage B]  Greedy order (1 cands): monomial_deg1(1998p)
[Stage B]  Priority trying 1D monomial (c·x^1) rewrite on NN leaf vars (1, 2)
[Stage B] Initialising RPolyLeaf for vars (1, 2), tag=leaf1
[info] dataloader for provider ASTCompositeAdaptor yields 3 batches (equivalent to a single batch up to floating-point roundoff; minor Python-loop overhead per batch).
[Stage B]    Candidate (monomial_deg1): params=768, val-loss=2.1590e-03
[Stage B]    Reject (monomial_deg1): simpler-over-budget(thr=6.032e-10) | loss 2.650e-10->2.159e-03 (Δ+2.16e-03) | params 1152->768 | cx (0, 0, 0)->(0, 0, 0)
[Stage B]  Greedy order (1 cands): monomial_deg2[z_inv](1998p)
[Stage B]  Priority trying 1D monomial (c·x^2) rewrite on NN leaf vars (1, 2) [coord=1/z]
[Stage B] Initialising RPolyLeaf for vars (1, 2), tag=leaf1
[info] dataloader for provider ASTCompositeAdaptor yields 3 batches (equivalent to a single batch up to floating-point roundoff; minor Python-loop overhead per batch).
Validation patience exceeded at epoch 601/2000, nval_worse=500
[Stage B]    Candidate (monomial_deg2[z_inv]): params=768, val-loss=2.4737e-03
[Stage B]    Reject (monomial_deg2[z_inv]): simpler-over-budget(thr=6.032e-10) | loss 2.650e-10->2.474e-03 (Δ+2.47e-03) | params 1152->768 | cx (0, 0, 0)->(0, 0, 0)
[Stage B]  Greedy order (1 cands): monomial_deg2(1998p)
[Stage B]  Priority trying 1D monomial (c·x^2) rewrite on NN leaf vars (1, 2)
[Stage B] Initialising RPolyLeaf for vars (1, 2), tag=leaf1
[info] dataloader for provider ASTCompositeAdaptor yields 3 batches (equivalent to a single batch up to floating-point roundoff; minor Python-loop overhead per batch).
[Stage B]    Candidate (monomial_deg2): params=768, val-loss=6.9161e-03
[Stage B]    Reject (monomial_deg2): simpler-over-budget(thr=6.032e-10) | loss 2.650e-10->6.916e-03 (Δ+6.92e-03) | params 1152->768 | cx (0, 0, 0)->(0, 0, 0)
[Stage B]  Greedy order (1 cands): monomial_deg3[z_inv](1998p)
[Stage B]  Priority trying 1D monomial (c·x^3) rewrite on NN leaf vars (1, 2) [coord=1/z]
[Stage B] Initialising RPolyLeaf for vars (1, 2), tag=leaf1
[info] dataloader for provider ASTCompositeAdaptor yields 3 batches (equivalent to a single batch up to floating-point roundoff; minor Python-loop overhead per batch).
Validation patience exceeded at epoch 1101/2000, nval_worse=500
[Stage B]    Candidate (monomial_deg3[z_inv]): params=768, val-loss=4.8657e-03
[Stage B]    Reject (monomial_deg3[z_inv]): simpler-over-budget(thr=6.032e-10) | loss 2.650e-10->4.866e-03 (Δ+4.87e-03) | params 1152->768 | cx (0, 0, 0)->(0, 0, 0)
[Stage B]  Greedy order (1 cands): monomial_deg3(1998p)
[Stage B]  Priority trying 1D monomial (c·x^3) rewrite on NN leaf vars (1, 2)
[Stage B] Initialising RPolyLeaf for vars (1, 2), tag=leaf1
[info] dataloader for provider ASTCompositeAdaptor yields 3 batches (equivalent to a single batch up to floating-point roundoff; minor Python-loop overhead per batch).
[Stage B]    Candidate (monomial_deg3): params=768, val-loss=1.4048e-02
[Stage B]    Reject (monomial_deg3): simpler-over-budget(thr=6.032e-10) | loss 2.650e-10->1.405e-02 (Δ+1.40e-02) | params 1152->768 | cx (0, 0, 0)->(0, 0, 0)
[Stage B] Rule subtree_separability found 0 targets
[Stage B] Rule last_hard_trig_square found 0 targets
[Stage B] Rule univariate_nn found 3 targets
[Stage B]   target order (arity-asc): [vars=(0,)(arity=1), vars=(1, 2)(arity=1), vars=(1,)(arity=1)]
[Stage B]  one_minus_cos_over_z2 skip NN vars (0,): no trig hint
[Stage B] ratpoly_1d degree probe: no valid pairs, falling back to unconstrained grid, vars=(0,)
[Stage B] ratpoly_1d rejected: best rel_rms=0.0041 > 0.001, deg=(4,2), vars=(0,)
[Stage B] ratpoly_1d degree probe: no valid pairs, falling back to unconstrained grid, vars=(0,)
[Stage B] ratpoly_1d rejected: best rel_rms=0.0298 > 0.001, deg=(4,4), vars=(0,)
[Stage B]  one_minus_cos_over_z2 skip NN vars (0,): no trig hint
[Stage B] ratpoly_1d degree probe: no valid pairs, falling back to unconstrained grid, vars=(0,)
[Stage B] ratpoly_1d rejected: best rel_rms=0.0423 > 0.001, deg=(4,2), vars=(0,)
[Stage B] ratpoly_1d degree probe: no valid pairs, falling back to unconstrained grid, vars=(0,)
[Stage B] ratpoly_1d rejected: best rel_rms=0.0046 > 0.001, deg=(3,4), vars=(0,)
[Stage B] RuleUniNN proposing 13 candidates for NN vars=(0,): ['monomial_deg1', 'monomial_deg2', 'monomial_deg3', 'cf_combo', 'cf_combo', 'cf_combo', 'cf_combo', 'cf_combo', 'cf_combo', 'cf_combo', 'cf_combo', 'cf_combo', 'cf_combo']
[Stage B] RuleUniNN proposing 14 candidates for NN vars=(0,): ['scale', 'monomial_deg1[z_inv]', 'monomial_deg2[z_inv]', 'monomial_deg3[z_inv]', 'cf_combo[z_inv]', 'cf_combo[z_inv]', 'cf_combo[z_inv]', 'cf_combo[z_inv]', 'cf_combo[z_inv]', 'cf_combo[z_inv]', 'cf_combo[z_inv]', 'cf_combo[z_inv]', 'cf_combo[z_inv]', 'cf_combo[z_inv]']
[Stage B]  Greedy order (14 cands): scale(2000p), monomial_deg1[z_inv](1999p), monomial_deg2[z_inv](1999p), monomial_deg3[z_inv](1999p), cf_combo[z_inv](2001p), cf_combo[z_inv](2000p), cf_combo[z_inv](2001p), cf_combo[z_inv](2000p), cf_combo[z_inv](2001p), cf_combo[z_inv](2000p), cf_combo[z_inv](2001p), cf_combo[z_inv](2000p), cf_combo[z_inv](2001p), cf_combo[z_inv](2000p)
[Stage B]  Trying scaling rewrite on NN leaf vars (0,), k≈0.333
[Stage B] Initialising PowerLeaf for vars (0,), tag=leaf0
[info] dataloader for provider ASTCompositeAdaptor yields 3 batches (equivalent to a single batch up to floating-point roundoff; minor Python-loop overhead per batch).
[LM][bucket] solving P=770 (trivially separable union)
Stopping at epoch 201/2000, lm_opt.state['halt']=True, loss=3.1779e-12, loss_val=2.0689e-12
[Stage B]    Candidate (scale): params=770, val-loss=2.0689e-12
[Stage B]    [32mAccepted[0m rewrite (scale, loss-below-floor-simpler)
[Stage B]    NN metrics: total=2, multivar=0, max_arity=1
[Stage B]    Current: [35mpower0(x0) * nn0(z=(x1 * x2^-1)) * nn1(x1)[0m
[Stage B] === Phase 1: Searching for separabilities (additive, multiplicative) ===
[Stage B] Rule nonsense_units_zero_prune found 0 targets
[Stage B] Rule monomial_peel_priority found 2 targets
[Stage B]   target order (arity-asc): [vars=(1, 2)(arity=1), vars=(1,)(arity=1)]
[Stage B] monomial_peel_priority shortlist: monomial_deg1[z_inv]@nn#leaf1 vars=(1, 2) (k=-0.615, rel=0.0966); monomial_deg2[z_inv]@nn#leaf1 vars=(1, 2) (k=-0.615, rel=0.0966); monomial_deg1@nn#leaf1 vars=(1, 2) (k=-0.615, rel=0.0966); monomial_deg3[z_inv]@nn#leaf1 vars=(1, 2) (k=-0.615, rel=0.0966); monomial_deg2@nn#leaf1 vars=(1, 2) (k=-0.615, rel=0.0966); monomial_deg3@nn#leaf1 vars=(1, 2) (k=-0.615, rel=0.0966); monomial_deg1[z_inv]@nn#leaf2 vars=(1,) (k=0.453, rel=0.485); monomial_deg2[z_inv]@nn#leaf2 vars=(1,) (k=0.453, rel=0.485)
[Stage B] Rule monomial_peel_priority trying 9 globally ranked candidates
[Stage B]  Greedy order (1 cands): monomial_deg1[z_inv](1001p)
[Stage B]  Priority trying 1D monomial (c·x^1) rewrite on NN leaf vars (1, 2) [coord=1/z]
[Stage B] Initialising RPolyLeaf for vars (1, 2), tag=leaf1
[info] dataloader for provider ASTCompositeAdaptor yields 3 batches (equivalent to a single batch up to floating-point roundoff; minor Python-loop overhead per batch).
[LM][bucket] solving P=386 (trivially separable union)
Validation patience exceeded at epoch 601/2000, nval_worse=500
[Stage B]    Candidate (monomial_deg1[z_inv]): params=386, val-loss=4.9616e-04
[Stage B]    Reject (monomial_deg1[z_inv]): simpler-over-budget(thr=2.856e-10) | loss 2.069e-12->4.962e-04 (Δ+4.96e-04) | params 770->386 | cx (0, 0, 0)->(0, 0, 0)
[Stage B]  Greedy order (1 cands): monomial_deg2[z_inv](1001p)
[Stage B]  Priority trying 1D monomial (c·x^2) rewrite on NN leaf vars (1, 2) [coord=1/z]
[Stage B] Initialising RPolyLeaf for vars (1, 2), tag=leaf1
[info] dataloader for provider ASTCompositeAdaptor yields 3 batches (equivalent to a single batch up to floating-point roundoff; minor Python-loop overhead per batch).
Validation patience exceeded at epoch 701/2000, nval_worse=500
[Stage B]    Candidate (monomial_deg2[z_inv]): params=386, val-loss=2.4792e-03
[Stage B]    Reject (monomial_deg2[z_inv]): simpler-over-budget(thr=2.856e-10) | loss 2.069e-12->2.479e-03 (Δ+2.48e-03) | params 770->386 | cx (0, 0, 0)->(0, 0, 0)
[Stage B]  Greedy order (1 cands): monomial_deg1(1001p)
[Stage B]  Priority trying 1D monomial (c·x^1) rewrite on NN leaf vars (1, 2)
[Stage B] Initialising RPolyLeaf for vars (1, 2), tag=leaf1
[info] dataloader for provider ASTCompositeAdaptor yields 3 batches (equivalent to a single batch up to floating-point roundoff; minor Python-loop overhead per batch).
Validation patience exceeded at epoch 901/2000, nval_worse=500
[Stage B]    Candidate (monomial_deg1): params=386, val-loss=2.2083e-03
[Stage B]    Reject (monomial_deg1): simpler-over-budget(thr=2.856e-10) | loss 2.069e-12->2.208e-03 (Δ+2.21e-03) | params 770->386 | cx (0, 0, 0)->(0, 0, 0)
[Stage B]  Greedy order (1 cands): monomial_deg3[z_inv](1001p)
[Stage B]  Priority trying 1D monomial (c·x^3) rewrite on NN leaf vars (1, 2) [coord=1/z]
[Stage B] Initialising RPolyLeaf for vars (1, 2), tag=leaf1
[info] dataloader for provider ASTCompositeAdaptor yields 3 batches (equivalent to a single batch up to floating-point roundoff; minor Python-loop overhead per batch).
Validation patience exceeded at epoch 601/2000, nval_worse=500
[Stage B]    Candidate (monomial_deg3[z_inv]): params=386, val-loss=5.1430e-03
[Stage B]    Reject (monomial_deg3[z_inv]): simpler-over-budget(thr=2.856e-10) | loss 2.069e-12->5.143e-03 (Δ+5.14e-03) | params 770->386 | cx (0, 0, 0)->(0, 0, 0)
[Stage B]  Greedy order (1 cands): monomial_deg2(1001p)
[Stage B]  Priority trying 1D monomial (c·x^2) rewrite on NN leaf vars (1, 2)
[Stage B] Initialising RPolyLeaf for vars (1, 2), tag=leaf1
[info] dataloader for provider ASTCompositeAdaptor yields 3 batches (equivalent to a single batch up to floating-point roundoff; minor Python-loop overhead per batch).
Validation patience exceeded at epoch 1801/2000, nval_worse=500
[Stage B]    Candidate (monomial_deg2): params=386, val-loss=6.9490e-03
[Stage B]    Reject (monomial_deg2): simpler-over-budget(thr=2.856e-10) | loss 2.069e-12->6.949e-03 (Δ+6.95e-03) | params 770->386 | cx (0, 0, 0)->(0, 0, 0)
[Stage B]  Greedy order (1 cands): monomial_deg3(1001p)
[Stage B]  Priority trying 1D monomial (c·x^3) rewrite on NN leaf vars (1, 2)
[Stage B] Initialising RPolyLeaf for vars (1, 2), tag=leaf1
[info] dataloader for provider ASTCompositeAdaptor yields 3 batches (equivalent to a single batch up to floating-point roundoff; minor Python-loop overhead per batch).
[Stage B]    Candidate (monomial_deg3): params=386, val-loss=1.4396e-02
[Stage B]    Reject (monomial_deg3): simpler-over-budget(thr=2.856e-10) | loss 2.069e-12->1.440e-02 (Δ+1.44e-02) | params 770->386 | cx (0, 0, 0)->(0, 0, 0)
[Stage B]  Greedy order (1 cands): monomial_deg1[z_inv](1001p)
[Stage B]  Precheck reject (units: nn-output-unreachable leaf1 inputs=((x1 * (x2)**-1)) target=T^-1/3 basis=['dimless-only']) rule=monomial_peel_priority cand=monomial_deg1[z_inv] target=nn#leaf2 vars=(1,) attempted=0
[Stage B]  Greedy order (1 cands): monomial_deg2[z_inv](1001p)
[Stage B]  Precheck reject (units: nn-output-unreachable leaf1 inputs=((x1 * (x2)**-1)) target=T^-4/3 basis=['dimless-only']) rule=monomial_peel_priority cand=monomial_deg2[z_inv] target=nn#leaf2 vars=(1,) attempted=0
[Stage B]  Greedy order (1 cands): monomial_deg3[z_inv](1001p)
[Stage B]  Precheck reject (units: nn-output-unreachable leaf1 inputs=((x1 * (x2)**-1)) target=T^-7/3 basis=['dimless-only']) rule=monomial_peel_priority cand=monomial_deg3[z_inv] target=nn#leaf2 vars=(1,) attempted=0
[Stage B] Rule subtree_separability found 0 targets
[Stage B] Rule last_hard_trig_square found 0 targets
[Stage B] Rule univariate_nn found 2 targets
[Stage B]   target order (arity-asc): [vars=(1, 2)(arity=1), vars=(1,)(arity=1)]
[Stage B] symexp_denom_1d accepted: rel_rms=0.0138, scale≈164, linear≈3.63, compound vars=(1, 2)
[Stage B] symexp_denom_1d_recip (poly) accepted: rel_rms=0.0139, scale≈164, linear≈3.86, compound vars=(1, 2)
[Stage B] inv_poly: using degree-probe monomials, 3 valid terms, vars=(1, 2)
[Stage B] inv_poly probe: 1 sub-threshold trial(s) for vars=(1, 2): deg=2 rms=0.0003 n=3
[Stage B] sqrt_poly: degree-probe active, sqrt=3 terms (probed=True), inv=3 terms (probed=True), vars=(1, 2)
[Stage B]  one_minus_cos_over_z2 skip NN vars (1, 2): screen failed for z=(x1 * (x2)**-1); exact best rel=5.83e-02 at omega≈2; affine best rel=4.17e-02, offset_rel=2.23e-02 at omega≈2; thresholds rel<=2.00e-02, offset_rel<=1.50e-01
[Stage B]  sparse_factor_1d skip NN vars (1, 2): screen failed for z=(x1 * (x2)**-1); best rel=7.62e-02, threshold=2.00e-02
[Stage B] ratpoly_1d degree probe: 1 valid pair(s), min_deg=(0,0), vars=(1, 2)
[Stage B] ratpoly_1d probe: 9 sub-threshold trial(s) for vars=(1, 2): deg=(2,1)->(2,0) nnz=(3,1) rms=0.0003, deg=(1,4)->(1,2) nnz=(2,3) rms=0.0000, deg=(1,3)->(1,3) nnz=(2,3) rms=0.0000, deg=(2,2)->(2,2) nnz=(3,2) rms=0.0000, deg=(3,1)->(3,1) nnz=(3,2) rms=0.0000, deg=(3,3)->(3,1) nnz=(3,2) rms=0.0000, deg=(4,1)->(4,0) nnz=(4,1) rms=0.0000, deg=(4,4)->(3,2) nnz=(2,3) rms=0.0001, deg=(0,4)->(0,4) nnz=(1,5) rms=0.0001
[Stage B] ratpoly_1d degree probe: 1 valid pair(s), min_deg=(0,0), vars=(1, 2)
[Stage B] ratpoly_1d probe: 12 sub-threshold trial(s) for vars=(1, 2): deg=(0,2)->(0,2) nnz=(1,3) rms=0.0003, deg=(0,3)->(0,3) nnz=(1,4) rms=0.0000, deg=(1,2)->(1,2) nnz=(2,3) rms=0.0000, deg=(2,1)->(2,1) nnz=(3,2) rms=0.0000, deg=(2,2)->(2,2) nnz=(3,2) rms=0.0002, deg=(2,3)->(2,3) nnz=(3,2) rms=0.0001, deg=(3,3)->(3,3) nnz=(3,2) rms=0.0001, deg=(3,4)->(3,4) nnz=(3,2) rms=0.0000, deg=(0,4)->(0,4) nnz=(1,5) rms=0.0000, deg=(3,1)->(3,1) nnz=(4,2) rms=0.0000, deg=(4,1)->(4,0) nnz=(5,1) rms=0.0001, deg=(1,4)->(1,4) nnz=(2,5) rms=0.0000
[Stage B] ratpoly_1d degree probe: 1 valid pair(s), min_deg=(0,0), vars=(1, 2)
[Stage B] ratpoly_1d probe: 10 sub-threshold trial(s) for vars=(1, 2): deg=(0,2)->(0,2) nnz=(1,3) rms=0.0042, deg=(1,1)->(1,1) nnz=(2,2) rms=0.0002, deg=(2,1)->(2,1) nnz=(2,2) rms=0.0001, deg=(2,2)->(2,1) nnz=(2,2) rms=0.0002, deg=(0,3)->(0,3) nnz=(1,4) rms=0.0003, deg=(1,3)->(1,2) nnz=(2,3) rms=0.0000, deg=(3,3)->(3,0) nnz=(4,1) rms=0.0000, deg=(0,4)->(0,4) nnz=(1,4) rms=0.0000, deg=(4,1)->(3,1) nnz=(3,2) rms=0.0000, deg=(3,2)->(3,2) nnz=(2,3) rms=0.0000
[Stage B] symexp_denom_1d accepted: rel_rms=0.0139, scale≈164, linear≈-1.55, compound vars=(1, 2)
[Stage B] symexp_denom_1d_recip (poly) accepted: rel_rms=0.0138, scale≈164, linear≈-1.59, compound vars=(1, 2)
[Stage B] inv_poly: using degree-probe monomials, 3 valid terms, vars=(1, 2)
[Stage B] inv_poly rejected: best rel_rms=0.0019 > 0.001, degree=2, vars=(1, 2)
[Stage B] sqrt_poly: degree-probe active, sqrt=3 terms (probed=True), inv=3 terms (probed=True), vars=(1, 2)
[Stage B]  one_minus_cos_over_z2 skip NN vars (1, 2): screen failed for z=(x2 / x1); exact best rel=1.05e-01 at omega≈2; affine best rel=5.31e-02, offset_rel=7.92e-02 at omega≈2; thresholds rel<=2.00e-02, offset_rel<=1.50e-01
[Stage B]  sparse_factor_1d skip NN vars (1, 2): screen failed for z=(x2 / x1); best rel=9.17e-02, threshold=2.00e-02
[Stage B] ratpoly_1d degree probe: 1 valid pair(s), min_deg=(0,0), vars=(1, 2)
[Stage B] ratpoly_1d probe: 9 sub-threshold trial(s) for vars=(1, 2): deg=(1,2)->(1,2) nnz=(2,3) rms=0.0002, deg=(2,1)->(2,1) nnz=(3,2) rms=0.0002, deg=(3,1)->(3,0) nnz=(4,1) rms=0.0001, deg=(1,3)->(1,3) nnz=(2,3) rms=0.0001, deg=(2,2)->(2,2) nnz=(3,2) rms=0.0000, deg=(2,4)->(2,3) nnz=(2,3) rms=0.0000, deg=(4,2)->(3,2) nnz=(3,2) rms=0.0000, deg=(3,3)->(3,3) nnz=(2,3) rms=0.0000, deg=(4,4)->(4,4) nnz=(2,4) rms=0.0000
[Stage B] ratpoly_1d degree probe: 1 valid pair(s), min_deg=(0,0), vars=(1, 2)
[Stage B] ratpoly_1d probe: 8 sub-threshold trial(s) for vars=(1, 2): deg=(2,2)->(2,2) nnz=(3,3) rms=0.0000, deg=(2,3)->(2,3) nnz=(3,4) rms=0.0000, deg=(3,2)->(3,2) nnz=(4,3) rms=0.0000, deg=(2,4)->(2,4) nnz=(3,5) rms=0.0000, deg=(3,3)->(3,3) nnz=(4,4) rms=0.0000, deg=(4,2)->(4,2) nnz=(5,3) rms=0.0000, deg=(3,4)->(3,4) nnz=(4,5) rms=0.0000, deg=(4,3)->(4,3) nnz=(5,4) rms=0.0000
[Stage B] ratpoly_1d degree probe: 1 valid pair(s), min_deg=(0,0), vars=(1, 2)
[Stage B] ratpoly_1d probe: 8 sub-threshold trial(s) for vars=(1, 2): deg=(0,3)->(0,3) nnz=(1,4) rms=0.0052, deg=(1,3)->(1,2) nnz=(2,3) rms=0.0000, deg=(2,1)->(2,1) nnz=(3,2) rms=0.0000, deg=(2,2)->(2,2) nnz=(2,3) rms=0.0000, deg=(4,1)->(3,1) nnz=(3,2) rms=0.0000, deg=(3,4)->(3,2) nnz=(3,2) rms=0.0000, deg=(0,4)->(0,4) nnz=(1,5) rms=0.0008, deg=(1,4)->(1,4) nnz=(2,5) rms=0.0000
[Stage B] RuleUniNN proposing 62 candidates for NN vars=(1, 2): ['monomial_deg1', 'monomial_deg2', 'monomial_deg3', 'poly', 'planck_p1', 'planck_p2', 'planck_full', 'expm1', 'symexp_denom_1d_recip', 'symexp_denom_1d', '1d_powexp', 'polylog', 'logshifted', 'sqrt_poly', 'cf_combo', 'cf_combo', 'cf_combo', 'cf_combo', 'cf_combo', 'cf_combo', 'cf_combo', 'cf_combo', 'cf_combo', 'cf_combo', 'sqrt_ratpoly_1d', 'sqrt_ratpoly_1d[1]', 'sqrt_ratpoly_1d[2]', 'sqrt_ratpoly_1d[3]', 'sqrt_ratpoly_1d[4]', 'sqrt_ratpoly_1d[5]', 'sqrt_ratpoly_1d[6]', 'sqrt_ratpoly_1d[7]', 'sqrt_ratpoly_1d[8]', 'sqrt_ratpoly_1d[9]', 'sqrt_ratpoly_1d[10]', 'sqrt_ratpoly_1d[11]', 'sqrt_ratpoly_1d[12]', 'sqrt_ratpoly_1d[13]', 'sqrt_ratpoly_1d[14]', 'sqrt_ratpoly_1d[15]', 'sqrt_ratpoly_1d[16]', 'ratpoly_1d', 'ratpoly_1d[1]', 'ratpoly_1d[2]', 'ratpoly_1d[3]', 'ratpoly_1d[4]', 'ratpoly_1d[5]', 'ratpoly_1d[6]', 'ratpoly_1d[7]', 'exp', 'exp_rat', 'tanh', 'trig', 'trig', 'trig', 'trig', 'trig', 'sinc_p2', 'affine_trig', 'leaftr_square_poly3', 'leaftr_sqrt_poly3', 'leaftr_log_poly3']
[Stage B]  Skipping reciprocal-coordinate alias polylog: closed-under-reciprocal:polylog
[Stage B]  Skipping reciprocal-coordinate alias sqrt_ratpoly_1d: closed-under-reciprocal:sqrt_ratpoly_1d
[Stage B]  Skipping reciprocal-coordinate alias sqrt_ratpoly_1d[1]: closed-under-reciprocal:sqrt_ratpoly_1d
[Stage B]  Skipping reciprocal-coordinate alias sqrt_ratpoly_1d[2]: closed-under-reciprocal:sqrt_ratpoly_1d
[Stage B]  Skipping reciprocal-coordinate alias sqrt_ratpoly_1d[3]: closed-under-reciprocal:sqrt_ratpoly_1d
[Stage B]  Skipping reciprocal-coordinate alias sqrt_ratpoly_1d[4]: closed-under-reciprocal:sqrt_ratpoly_1d
[Stage B]  Skipping reciprocal-coordinate alias sqrt_ratpoly_1d[5]: closed-under-reciprocal:sqrt_ratpoly_1d
[Stage B]  Skipping reciprocal-coordinate alias sqrt_ratpoly_1d[6]: closed-under-reciprocal:sqrt_ratpoly_1d
[Stage B]  Skipping reciprocal-coordinate alias sqrt_ratpoly_1d[7]: closed-under-reciprocal:sqrt_ratpoly_1d
[Stage B]  Skipping reciprocal-coordinate alias sqrt_ratpoly_1d[8]: closed-under-reciprocal:sqrt_ratpoly_1d
[Stage B]  Skipping reciprocal-coordinate alias sqrt_ratpoly_1d[9]: closed-under-reciprocal:sqrt_ratpoly_1d
[Stage B]  Skipping reciprocal-coordinate alias sqrt_ratpoly_1d[10]: closed-under-reciprocal:sqrt_ratpoly_1d
[Stage B]  Skipping reciprocal-coordinate alias sqrt_ratpoly_1d[11]: closed-under-reciprocal:sqrt_ratpoly_1d
[Stage B]  Skipping reciprocal-coordinate alias sqrt_ratpoly_1d[12]: closed-under-reciprocal:sqrt_ratpoly_1d
[Stage B]  Skipping reciprocal-coordinate alias sqrt_ratpoly_1d[13]: closed-under-reciprocal:sqrt_ratpoly_1d
[Stage B]  Skipping reciprocal-coordinate alias sqrt_ratpoly_1d[14]: closed-under-reciprocal:sqrt_ratpoly_1d
[Stage B]  Skipping reciprocal-coordinate alias sqrt_ratpoly_1d[15]: closed-under-reciprocal:sqrt_ratpoly_1d
[Stage B]  Skipping reciprocal-coordinate alias sqrt_ratpoly_1d[16]: closed-under-reciprocal:sqrt_ratpoly_1d
[Stage B]  Skipping reciprocal-coordinate alias ratpoly_1d: closed-under-reciprocal:ratpoly_1d
[Stage B]  Skipping reciprocal-coordinate alias ratpoly_1d[1]: closed-under-reciprocal:ratpoly_1d
[Stage B]  Skipping reciprocal-coordinate alias ratpoly_1d[2]: closed-under-reciprocal:ratpoly_1d
[Stage B]  Skipping reciprocal-coordinate alias ratpoly_1d[3]: closed-under-reciprocal:ratpoly_1d
[Stage B]  Skipping reciprocal-coordinate alias ratpoly_1d[4]: closed-under-reciprocal:ratpoly_1d
[Stage B]  Skipping reciprocal-coordinate alias ratpoly_1d[5]: closed-under-reciprocal:ratpoly_1d
[Stage B]  Skipping reciprocal-coordinate alias ratpoly_1d[6]: closed-under-reciprocal:ratpoly_1d
[Stage B]  Skipping reciprocal-coordinate alias ratpoly_1d[7]: closed-under-reciprocal:ratpoly_1d
[Stage B]  Skipping reciprocal-coordinate alias exp_rat: closed-under-reciprocal:exp_rat
[Stage B] RuleUniNN proposing 104 candidates for NN vars=(1, 2): ['monomial_deg1', 'monomial_deg1[z_inv]', 'monomial_deg2', 'monomial_deg2[z_inv]', 'monomial_deg3', 'monomial_deg3[z_inv]', 'poly', 'poly[z_inv]', 'planck_p0', 'planck_p1', 'planck_p1[z_inv]', 'planck_p2', 'planck_p2[z_inv]', 'planck_full', 'planck_full[z_inv]', 'symexp_denom_1d', 'symexp_denom_1d[z_inv]', 'symexp_denom_1d_recip', 'symexp_denom_1d_recip[z_inv]', '1d_powexp', '1d_powexp[z_inv]', 'polylog', 'logshifted', 'logshifted[z_inv]', 'inv_poly', 'sqrt_poly', 'sqrt_poly[z_inv]', 'cf_combo', 'cf_combo[z_inv]', 'cf_combo[z_inv]', 'cf_combo[z_inv]', 'cf_combo[z_inv]', 'cf_combo[z_inv]', 'cf_combo[z_inv]', 'cf_combo[z_inv]', 'cf_combo[z_inv]', 'cf_combo[z_inv]', 'cf_combo[z_inv]', 'cf_combo', 'cf_combo', 'cf_combo', 'cf_combo', 'cf_combo', 'cf_combo', 'cf_combo', 'cf_combo', 'cf_combo', 'sqrt_ratpoly_1d', 'sqrt_ratpoly_1d[1]', 'sqrt_ratpoly_1d[2]', 'sqrt_ratpoly_1d[3]', 'sqrt_ratpoly_1d[4]', 'sqrt_ratpoly_1d[5]', 'sqrt_ratpoly_1d[6]', 'sqrt_ratpoly_1d[7]', 'sqrt_ratpoly_1d[8]', 'sqrt_ratpoly_1d[9]', 'sqrt_ratpoly_1d[10]', 'sqrt_ratpoly_1d[11]', 'sqrt_ratpoly_1d[12]', 'sqrt_ratpoly_1d[13]', 'sqrt_ratpoly_1d[14]', 'sqrt_ratpoly_1d[15]', 'sqrt_ratpoly_1d[16]', 'sqrt_ratpoly_1d[17]', 'sqrt_ratpoly_1d[18]', 'sqrt_ratpoly_1d[19]', 'sqrt_ratpoly_1d[20]', 'ratpoly_1d', 'ratpoly_1d[1]', 'ratpoly_1d[2]', 'ratpoly_1d[3]', 'ratpoly_1d[4]', 'ratpoly_1d[5]', 'ratpoly_1d[6]', 'ratpoly_1d[7]', 'ratpoly_1d[8]', 'ratpoly_1d[9]', 'exp', 'exp[z_inv]', 'exp_rat', 'tanh', 'tanh[z_inv]', 'trig', 'trig[z_inv]', 'trig[z_inv]', 'trig[z_inv]', 'trig[z_inv]', 'trig[z_inv]', 'trig', 'trig', 'trig', 'trig', 'sinc_p2', 'sinc_p2[z_inv]', 'affine_trig', 'affine_trig[z_inv]', 'leaftr_square_poly3', 'leaftr_square_poly3[z_inv]', 'leaftr_sqrt_poly3', 'leaftr_sqrt_poly3[z_inv]', 'leaftr_log_poly3', 'leaftr_log_poly3[z_inv]', 'expm1[z_inv]']
[Stage B]  Greedy order (104 cands): monomial_deg1(1002p), monomial_deg1[z_inv](1002p), monomial_deg2(1002p), monomial_deg2[z_inv](1002p), monomial_deg3(1002p), monomial_deg3[z_inv](1002p), poly(1003p), poly[z_inv](1003p), planck_p0(2p), planck_p1(2p), planck_p1[z_inv](2p), planck_p2(2p), planck_p2[z_inv](2p), planck_full(4p), planck_full[z_inv](4p), symexp_denom_1d(1007p), symexp_denom_1d[z_inv](1007p), symexp_denom_1d_recip(1007p), symexp_denom_1d_recip[z_inv](1007p), 1d_powexp(1006p), 1d_powexp[z_inv](1006p), polylog(1003p), logshifted(1004p), logshifted[z_inv](1004p), inv_poly(1004p), sqrt_poly(1004p), sqrt_poly[z_inv](1004p), cf_combo(1004p), cf_combo[z_inv](1004p), cf_combo[z_inv](1003p), cf_combo[z_inv](1004p), cf_combo[z_inv](1003p), cf_combo[z_inv](1004p), cf_combo[z_inv](1003p), cf_combo[z_inv](1004p), cf_combo[z_inv](1003p), cf_combo[z_inv](1004p), cf_combo[z_inv](1003p), cf_combo(1003p), cf_combo(1004p), cf_combo(1003p), cf_combo(1004p), cf_combo(1003p), cf_combo(1004p), cf_combo(1003p), cf_combo(1004p), cf_combo(1003p), sqrt_ratpoly_1d(1005p), sqrt_ratpoly_1d[1](1006p), sqrt_ratpoly_1d[2](1006p), sqrt_ratpoly_1d[3](1006p), sqrt_ratpoly_1d[4](1006p), sqrt_ratpoly_1d[5](1006p), sqrt_ratpoly_1d[6](1006p), sqrt_ratpoly_1d[7](1006p), sqrt_ratpoly_1d[8](1007p), sqrt_ratpoly_1d[9](1005p), sqrt_ratpoly_1d[10](1006p), sqrt_ratpoly_1d[11](1006p), sqrt_ratpoly_1d[12](1006p), sqrt_ratpoly_1d[13](1006p), sqrt_ratpoly_1d[14](1006p), sqrt_ratpoly_1d[15](1006p), sqrt_ratpoly_1d[16](1006p), sqrt_ratpoly_1d[17](1007p), sqrt_ratpoly_1d[18](1007p), sqrt_ratpoly_1d[19](1007p), sqrt_ratpoly_1d[20](1008p), ratpoly_1d(1005p), ratpoly_1d[1](1005p), ratpoly_1d[2](1005p), ratpoly_1d[3](1005p), ratpoly_1d[4](1006p), ratpoly_1d[5](1006p), ratpoly_1d[6](1006p), ratpoly_1d[7](1006p), ratpoly_1d[8](1006p), ratpoly_1d[9](1006p), exp(1004p), exp[z_inv](1004p), exp_rat(1007p), tanh(1004p), tanh[z_inv](1004p), trig(1004p), trig[z_inv](1004p), trig[z_inv](1004p), trig[z_inv](1004p), trig[z_inv](1004p), trig[z_inv](1004p), trig(1004p), trig(1004p), trig(1004p), trig(1004p), sinc_p2(1004p), sinc_p2[z_inv](1004p), affine_trig(1005p), affine_trig[z_inv](1005p), leaftr_square_poly3(1005p), leaftr_square_poly3[z_inv](1005p), leaftr_sqrt_poly3(1005p), leaftr_sqrt_poly3[z_inv](1005p), leaftr_log_poly3(1005p), leaftr_log_poly3[z_inv](1005p), expm1[z_inv](1004p)
[Stage B]  Trying 1D monomial (c·x^1) rewrite on NN leaf vars (1, 2)
[Stage B] Initialising PolyLeaf for vars (1, 2), tag=leaf1
[info] dataloader for provider ASTCompositeAdaptor yields 3 batches (equivalent to a single batch up to floating-point roundoff; minor Python-loop overhead per batch).
[LM][bucket] solving P=387 (trivially separable union)
Validation patience exceeded at epoch 601/2000, nval_worse=500
[Stage B]    Candidate (monomial_deg1): params=387, val-loss=2.2327e-03
[Stage B]    Reject (monomial_deg1): simpler-over-budget(thr=2.543e-10) | loss 2.069e-12->2.233e-03 (Δ+2.23e-03) | params 770->387 | cx (0, 0, 0)->(0, 0, 0)
[Stage B]  Trying 1D monomial (c·x^1) rewrite on NN leaf vars (1, 2) [coord=1/z]
[Stage B] Initialising PolyLeaf for vars (1, 2), tag=leaf1
[info] dataloader for provider ASTCompositeAdaptor yields 3 batches (equivalent to a single batch up to floating-point roundoff; minor Python-loop overhead per batch).
Validation patience exceeded at epoch 1701/2000, nval_worse=500
[Stage B]    Candidate (monomial_deg1[z_inv]): params=387, val-loss=4.8815e-04
[Stage B]    Reject (monomial_deg1[z_inv]): simpler-over-budget(thr=2.543e-10) | loss 2.069e-12->4.881e-04 (Δ+4.88e-04) | params 770->387 | cx (0, 0, 0)->(0, 0, 0)
[Stage B]  Trying 1D monomial (c·x^2) rewrite on NN leaf vars (1, 2)
[Stage B] Initialising PolyLeaf for vars (1, 2), tag=leaf1
[info] dataloader for provider ASTCompositeAdaptor yields 3 batches (equivalent to a single batch up to floating-point roundoff; minor Python-loop overhead per batch).
Validation patience exceeded at epoch 601/2000, nval_worse=500
[Stage B]    Candidate (monomial_deg2): params=387, val-loss=6.8180e-03
[Stage B]    Reject (monomial_deg2): simpler-over-budget(thr=2.543e-10) | loss 2.069e-12->6.818e-03 (Δ+6.82e-03) | params 770->387 | cx (0, 0, 0)->(0, 0, 0)
[Stage B]  Trying 1D monomial (c·x^2) rewrite on NN leaf vars (1, 2) [coord=1/z]
[Stage B] Initialising PolyLeaf for vars (1, 2), tag=leaf1
[info] dataloader for provider ASTCompositeAdaptor yields 3 batches (equivalent to a single batch up to floating-point roundoff; minor Python-loop overhead per batch).
Validation patience exceeded at epoch 901/2000, nval_worse=500
[Stage B]    Candidate (monomial_deg2[z_inv]): params=387, val-loss=2.4613e-03
[Stage B]    Reject (monomial_deg2[z_inv]): simpler-over-budget(thr=2.543e-10) | loss 2.069e-12->2.461e-03 (Δ+2.46e-03) | params 770->387 | cx (0, 0, 0)->(0, 0, 0)
[Stage B]  Trying 1D monomial (c·x^3) rewrite on NN leaf vars (1, 2)
[Stage B] Initialising PolyLeaf for vars (1, 2), tag=leaf1
[info] dataloader for provider ASTCompositeAdaptor yields 3 batches (equivalent to a single batch up to floating-point roundoff; minor Python-loop overhead per batch).
Validation patience exceeded at epoch 601/2000, nval_worse=500
[Stage B]    Candidate (monomial_deg3): params=387, val-loss=1.4451e-02
[Stage B]    Reject (monomial_deg3): simpler-over-budget(thr=2.543e-10) | loss 2.069e-12->1.445e-02 (Δ+1.45e-02) | params 770->387 | cx (0, 0, 0)->(0, 0, 0)
[Stage B]  Trying 1D monomial (c·x^3) rewrite on NN leaf vars (1, 2) [coord=1/z]
[Stage B] Initialising PolyLeaf for vars (1, 2), tag=leaf1
[info] dataloader for provider ASTCompositeAdaptor yields 3 batches (equivalent to a single batch up to floating-point roundoff; minor Python-loop overhead per batch).
Validation patience exceeded at epoch 601/2000, nval_worse=500
[Stage B]    Candidate (monomial_deg3[z_inv]): params=387, val-loss=4.9509e-03
[Stage B]    Reject (monomial_deg3[z_inv]): simpler-over-budget(thr=2.543e-10) | loss 2.069e-12->4.951e-03 (Δ+4.95e-03) | params 770->387 | cx (0, 0, 0)->(0, 0, 0)
[Stage B]  Trying 1D poly rewrite on NN leaf vars (1, 2), degree=1
[Stage B] Initialising PolyLeaf for vars (1, 2), tag=leaf1
[info] dataloader for provider ASTCompositeAdaptor yields 3 batches (equivalent to a single batch up to floating-point roundoff; minor Python-loop overhead per batch).
[LM][bucket] solving P=388 (trivially separable union)
Validation patience exceeded at epoch 601/2000, nval_worse=500
[Stage B]    Candidate (poly): params=388, val-loss=6.0922e-06
[Stage B]    Reject (poly): simpler-over-budget(thr=2.541e-10) | loss 2.069e-12->6.092e-06 (Δ+6.09e-06) | params 770->388 | cx (0, 0, 0)->(0, 0, 0)
[Stage B]  Trying 1D poly rewrite on NN leaf vars (1, 2), degree=1 [coord=1/z]
[Stage B] Initialising PolyLeaf for vars (1, 2), tag=leaf1
[info] dataloader for provider ASTCompositeAdaptor yields 3 batches (equivalent to a single batch up to floating-point roundoff; minor Python-loop overhead per batch).
Stopping at epoch 201/2000, lm_opt.state['halt']=True, loss=1.0958e-06, loss_val=1.5594e-06
[Stage B]    Candidate (poly[z_inv]): params=388, val-loss=1.5594e-06
[Stage B]    Reject (poly[z_inv]): simpler-over-budget(thr=2.541e-10) | loss 2.069e-12->1.559e-06 (Δ+1.56e-06) | params 770->388 | cx (0, 0, 0)->(0, 0, 0)
[Stage B]  Trying reduced 1D Planck rewrite on NN leaf vars (1, 2) (p=0, tail_rms≈0.0157)
[Stage B custom_init Planck] compound vars=(1, 2), p=0, a≈0.693, logA≈4.9, tail_rms≈0.0157
[Stage B] Post-custom-init validation (attempt 0), batch 0, finite: 2000/2000, min: 4.744e+03, max: 7.221e+05, mean: 6.414e+04
[Stage B] Post-custom-init validation (attempt 0), batch 1, finite: 2000/2000, min: 4.633e+03, max: 7.552e+05, mean: 6.765e+04
[Stage B] Post-custom-init validation (attempt 0), batch 2, finite: 2000/2000, min: 4.677e+03, max: 6.911e+05, mean: 7.958e+04
[Stage B] Prediction scale check (attempt 0): pred_median=3.969e+04, true_median=9.826e-02, ratio=4.039e+05
[Stage B] Warning: init scale_ratio extreme; rejecting candidate.
[Stage B]    Candidate (planck_p0) rejected at init (non-finite loss); trying next.
[Stage B]  Trying reduced 1D Planck rewrite on NN leaf vars (1, 2) (p=1, tail_rms≈0.0133)
[Stage B custom_init Planck] compound vars=(1, 2), p=1, a≈1.64, logA≈5.85, tail_rms≈0.0133
[Stage B] Post-custom-init validation (attempt 0), batch 0, finite: 2000/2000, min: 3.052e+03, max: 4.377e+05, mean: 3.973e+04
[Stage B] Post-custom-init validation (attempt 0), batch 1, finite: 2000/2000, min: 2.940e+03, max: 4.548e+05, mean: 4.195e+04
[Stage B] Post-custom-init validation (attempt 0), batch 2, finite: 2000/2000, min: 3.010e+03, max: 3.896e+05, mean: 4.539e+04
[Stage B] Prediction scale check (attempt 0): pred_median=2.414e+04, true_median=9.826e-02, ratio=2.456e+05
[Stage B] Warning: init scale_ratio extreme; rejecting candidate.
[Stage B]    Candidate (planck_p1) rejected at init (non-finite loss); trying next.
[Stage B]  Trying reduced 1D Planck rewrite on NN leaf vars (1, 2) (p=1, tail_rms≈0.0202) [coord=1/z]
[Stage B custom_init Planck] compound vars=(1, 2), p=1, a≈0.406, logA≈4.62, tail_rms≈0.0202
[Stage B] Post-custom-init validation (attempt 0), batch 0, finite: 2000/2000, min: 7.720e+03, max: 9.870e+05, mean: 9.724e+04
[Stage B] Post-custom-init validation (attempt 0), batch 1, finite: 2000/2000, min: 7.678e+03, max: 1.046e+06, mean: 1.030e+05
[Stage B] Post-custom-init validation (attempt 0), batch 2, finite: 2000/2000, min: 7.355e+03, max: 1.036e+06, mean: 8.810e+04
[Stage B] Prediction scale check (attempt 0): pred_median=5.432e+04, true_median=9.826e-02, ratio=5.529e+05
[Stage B] Warning: init scale_ratio extreme; rejecting candidate.
[Stage B]    Candidate (planck_p1[z_inv]) rejected at init (non-finite loss); trying next.
[Stage B]  Trying reduced 1D Planck rewrite on NN leaf vars (1, 2) (p=2, tail_rms≈0.0422)
[Stage B custom_init Planck] compound vars=(1, 2), p=2, a≈2.59, logA≈6.8, tail_rms≈0.0422
[Stage B] Post-custom-init validation (attempt 0), batch 0, finite: 2000/2000, min: 2.717e+03, max: 3.753e+05, mean: 3.456e+04
[Stage B] Post-custom-init validation (attempt 0), batch 1, finite: 2000/2000, min: 2.599e+03, max: 3.881e+05, mean: 3.652e+04
[Stage B] Post-custom-init validation (attempt 0), batch 2, finite: 2000/2000, min: 2.680e+03, max: 3.391e+05, mean: 3.710e+04
[Stage B] Prediction scale check (attempt 0): pred_median=2.053e+04, true_median=9.826e-02, ratio=2.089e+05
[Stage B] Warning: init scale_ratio extreme; rejecting candidate.
[Stage B]    Candidate (planck_p2) rejected at init (non-finite loss); trying next.
[Stage B]  Trying reduced 1D Planck rewrite on NN leaf vars (1, 2) (p=2, tail_rms≈0.0368) [coord=1/z]
[Stage B custom_init Planck] compound vars=(1, 2), p=2, a≈1.27, logA≈5.47, tail_rms≈0.0368
[Stage B] Post-custom-init validation (attempt 0), batch 0, finite: 2000/2000, min: 3.590e+03, max: 4.660e+05, mean: 4.460e+04
[Stage B] Post-custom-init validation (attempt 0), batch 1, finite: 2000/2000, min: 3.480e+03, max: 4.828e+05, mean: 4.719e+04
[Stage B] Post-custom-init validation (attempt 0), batch 2, finite: 2000/2000, min: 3.670e+03, max: 4.587e+05, mean: 4.361e+04
[Stage B] Prediction scale check (attempt 0): pred_median=2.565e+04, true_median=9.826e-02, ratio=2.610e+05
[Stage B] Warning: init scale_ratio extreme; rejecting candidate.
[Stage B]    Candidate (planck_p2[z_inv]) rejected at init (non-finite loss); trying next.
[Stage B]  Trying full 1D Planck rewrite on NN leaf vars (1, 2)
[Stage B custom_init PlanckFull] compound vars=(1, 2), p≈0.541, a≈1.21, logA≈5.41
[Stage B] Post-custom-init validation (attempt 0), batch 0, finite: 2000/2000, min: 3.461e+03, max: 5.085e+05, mean: 4.574e+04
[Stage B] Post-custom-init validation (attempt 0), batch 1, finite: 2000/2000, min: 3.352e+03, max: 5.298e+05, mean: 4.828e+04
[Stage B] Post-custom-init validation (attempt 0), batch 2, finite: 2000/2000, min: 3.413e+03, max: 4.670e+05, mean: 5.413e+04
[Stage B] Prediction scale check (attempt 0): pred_median=2.800e+04, true_median=9.826e-02, ratio=2.849e+05
[Stage B] Warning: init scale_ratio extreme; rejecting candidate.
[Stage B]    Candidate (planck_full) rejected at init (non-finite loss); trying next.
[Stage B]  Trying full 1D Planck rewrite on NN leaf vars (1, 2) [coord=1/z]
[Stage B custom_init PlanckFull] compound vars=(1, 2), p≈1.35, a≈0.711, logA≈4.92
[Stage B] Post-custom-init validation (attempt 0), batch 0, finite: 2000/2000, min: 5.095e+03, max: 6.511e+05, mean: 6.353e+04
[Stage B] Post-custom-init validation (attempt 0), batch 1, finite: 2000/2000, min: 5.036e+03, max: 6.807e+05, mean: 6.727e+04
[Stage B] Post-custom-init validation (attempt 0), batch 2, finite: 2000/2000, min: 5.002e+03, max: 6.681e+05, mean: 5.933e+04
[Stage B] Prediction scale check (attempt 0): pred_median=3.581e+04, true_median=9.826e-02, ratio=3.645e+05
[Stage B] Warning: init scale_ratio extreme; rejecting candidate.
[Stage B]    Candidate (planck_full[z_inv]) rejected at init (non-finite loss); trying next.
[Stage B]  Trying 1D symexp_denom_1d rewrite (scale/(exp(r)+exp(-r))) on NN leaf vars (1, 2)
[Stage B custom_init symexp_denom_1d] compound vars=(1, 2), scale≈164, r±(z)≈3.63*z
[Stage B] Post-custom-init validation (attempt 0), batch 0, finite: 2000/2000, min: 1.124e+02, max: 2.636e+04, mean: 2.058e+03
[Stage B] Post-custom-init validation (attempt 0), batch 1, finite: 2000/2000, min: 1.074e+02, max: 2.847e+04, mean: 2.157e+03
[Stage B] Post-custom-init validation (attempt 0), batch 2, finite: 2000/2000, min: 1.104e+02, max: 3.412e+04, mean: 3.730e+03
[Stage B] Prediction scale check (attempt 0): pred_median=1.403e+03, true_median=9.826e-02, ratio=1.428e+04
[Stage B] Warning: init scale_ratio extreme; rejecting candidate.
[Stage B]    Candidate (symexp_denom_1d) rejected at init (non-finite loss); trying next.
[Stage B]  Trying 1D symexp_denom_1d rewrite (scale/(exp(r)+exp(-r))) on NN leaf vars (1, 2) [coord=1/z]
[Stage B custom_init symexp_denom_1d] compound vars=(1, 2), scale≈164, r±(z)≈-1.55*z
[Stage B] Post-custom-init validation (attempt 0), batch 0, finite: 2000/2000, min: 1.153e+03, max: 1.884e+05, mean: 1.616e+04
[Stage B] Post-custom-init validation (attempt 0), batch 1, finite: 2000/2000, min: 1.100e+03, max: 1.992e+05, mean: 1.717e+04
[Stage B] Post-custom-init validation (attempt 0), batch 2, finite: 2000/2000, min: 8.264e+02, max: 1.879e+05, mean: 1.123e+04
[Stage B] Prediction scale check (attempt 0): pred_median=8.098e+03, true_median=9.826e-02, ratio=8.241e+04
[Stage B] Warning: init scale_ratio extreme; rejecting candidate.
[Stage B]    Candidate (symexp_denom_1d[z_inv]) rejected at init (non-finite loss); trying next.
[Stage B]  Trying 1D symexp_denom_1d_recip rewrite (scale/(exp(r)+exp(-r))) on NN leaf vars (1, 2)
[Stage B custom_init symexp_denom_1d_recip] compound vars=(1, 2), scale≈164, r±(z)≈3.86*z
[Stage B] Post-custom-init validation (attempt 0), batch 0, finite: 2000/2000, min: 8.727e+01, max: 2.136e+04, mean: 1.649e+03
[Stage B] Post-custom-init validation (attempt 0), batch 1, finite: 2000/2000, min: 8.313e+01, max: 2.316e+04, mean: 1.727e+03
[Stage B] Post-custom-init validation (attempt 0), batch 2, finite: 2000/2000, min: 8.575e+01, max: 2.872e+04, mean: 3.109e+03
[Stage B] Prediction scale check (attempt 0): pred_median=1.143e+03, true_median=9.826e-02, ratio=1.163e+04
[Stage B] Warning: init scale_ratio extreme; rejecting candidate.
[Stage B]    Candidate (symexp_denom_1d_recip) rejected at init (non-finite loss); trying next.
[Stage B]  Trying 1D symexp_denom_1d_recip rewrite (scale/(exp(r)+exp(-r))) on NN leaf vars (1, 2) [coord=1/z]
[Stage B custom_init symexp_denom_1d_recip] compound vars=(1, 2), scale≈164, r±(z)≈-1.59*z
[Stage B] Post-custom-init validation (attempt 0), batch 0, finite: 2000/2000, min: 1.106e+03, max: 1.827e+05, mean: 1.558e+04
[Stage B] Post-custom-init validation (attempt 0), batch 1, finite: 2000/2000, min: 1.054e+03, max: 1.931e+05, mean: 1.656e+04
[Stage B] Post-custom-init validation (attempt 0), batch 2, finite: 2000/2000, min: 7.851e+02, max: 1.817e+05, mean: 1.072e+04
[Stage B] Prediction scale check (attempt 0): pred_median=7.762e+03, true_median=9.826e-02, ratio=7.900e+04
[Stage B] Warning: init scale_ratio extreme; rejecting candidate.
[Stage B]    Candidate (symexp_denom_1d_recip[z_inv]) rejected at init (non-finite loss); trying next.
[Stage B]  Trying 1D power*exp-poly rewrite on NN leaf vars (1, 2)
[Stage B custom_init 1D] Power*exp-poly init on (x1 * (x2)**-1): A=6.701e+01, p=-0.615
[Stage B] Post-custom-init validation (attempt 0), batch 0, finite: 2000/2000, min: 2.572e+03, max: 3.459e+05, mean: 3.234e+04
[Stage B] Post-custom-init validation (attempt 0), batch 1, finite: 2000/2000, min: 2.465e+03, max: 3.574e+05, mean: 3.418e+04
[Stage B] Post-custom-init validation (attempt 0), batch 2, finite: 2000/2000, min: 2.602e+03, max: 3.235e+05, mean: 3.457e+04
[Stage B] Prediction scale check (attempt 0): pred_median=1.921e+04, true_median=9.826e-02, ratio=1.955e+05
[Stage B] Warning: init scale_ratio extreme; rejecting candidate.
[Stage B]    Candidate (1d_powexp) rejected at init (non-finite loss); trying next.
[Stage B]  Trying 1D power*exp-poly rewrite on NN leaf vars (1, 2) [coord=1/z]
[Stage B custom_init 1D] Power*exp-poly init on (x2 / x1): A=6.701e+01, p=0.615
[Stage B] Post-custom-init validation (attempt 0), batch 0, finite: 2000/2000, min: 2.553e+03, max: 3.440e+05, mean: 3.211e+04
[Stage B] Post-custom-init validation (attempt 0), batch 1, finite: 2000/2000, min: 2.445e+03, max: 3.555e+05, mean: 3.394e+04
[Stage B] Post-custom-init validation (attempt 0), batch 2, finite: 2000/2000, min: 2.577e+03, max: 3.207e+05, mean: 3.445e+04
[Stage B] Prediction scale check (attempt 0): pred_median=1.910e+04, true_median=9.826e-02, ratio=1.943e+05
[Stage B] Warning: init scale_ratio extreme; rejecting candidate.
[Stage B]    Candidate (1d_powexp[z_inv]) rejected at init (non-finite loss); trying next.
[Stage B]  Trying 1D polylog rewrite on NN leaf vars (1, 2), degree=1
[info] dataloader for provider ASTCompositeAdaptor yields 3 batches (equivalent to a single batch up to floating-point roundoff; minor Python-loop overhead per batch).
Validation patience exceeded at epoch 1101/2000, nval_worse=500
[Stage B]    Candidate (polylog): params=388, val-loss=3.3637e-06
[Stage B]    Reject (polylog): simpler-over-budget(thr=2.541e-10) | loss 2.069e-12->3.364e-06 (Δ+3.36e-06) | params 770->388 | cx (0, 0, 0)->(0, 0, 0)
[Stage B]  Trying 1D shifted-log rewrite on NN leaf vars (1, 2)
[info] dataloader for provider ASTCompositeAdaptor yields 3 batches (equivalent to a single batch up to floating-point roundoff; minor Python-loop overhead per batch).
[LM][bucket] solving P=389 (trivially separable union)
Stopping at epoch 201/2000, lm_opt.state['halt']=True, loss=3.0808e-08, loss_val=4.3677e-08
[Stage B]    Candidate (logshifted): params=389, val-loss=4.3677e-08
[Stage B]    Reject (logshifted): simpler-over-budget(thr=2.539e-10) | loss 2.069e-12->4.368e-08 (Δ+4.37e-08) | params 770->389 | cx (0, 0, 0)->(0, 0, 0)
[Stage B]  Trying 1D shifted-log rewrite on NN leaf vars (1, 2) [coord=1/z]
[info] dataloader for provider ASTCompositeAdaptor yields 3 batches (equivalent to a single batch up to floating-point roundoff; minor Python-loop overhead per batch).
Validation patience exceeded at epoch 601/2000, nval_worse=500
[Stage B]    Candidate (logshifted[z_inv]): params=389, val-loss=1.5779e-06
[Stage B]    Reject (logshifted[z_inv]): simpler-over-budget(thr=2.539e-10) | loss 2.069e-12->1.578e-06 (Δ+1.58e-06) | params 770->389 | cx (0, 0, 0)->(0, 0, 0)
[Stage B]  Trying inv_poly degree=2 (1/P(x)) rewrite on NN leaf vars (1, 2)
[Stage B custom_init inv-poly] Init on vars (1, 2): degree=2, rel_rms≈2.78e-04
[Stage B] Post-custom-init validation (attempt 0), batch 0, finite: 2000/2000, min: 2.552e+03, max: 3.452e+05, mean: 3.208e+04
[Stage B] Post-custom-init validation (attempt 0), batch 1, finite: 2000/2000, min: 2.433e+03, max: 3.567e+05, mean: 3.391e+04
[Stage B] Post-custom-init validation (attempt 0), batch 2, finite: 2000/2000, min: 2.543e+03, max: 3.185e+05, mean: 3.420e+04
[Stage B] Prediction scale check (attempt 0): pred_median=1.904e+04, true_median=9.826e-02, ratio=1.938e+05
[Stage B] Warning: init scale_ratio extreme; rejecting candidate.
[Stage B]    Candidate (inv_poly) rejected at init (non-finite loss); trying next.
[Stage B]  Trying sqrt/invsqrt(poly) rewrite on NN leaf vars (1, 2), degree=2
[Stage B] Post-custom-init validation (attempt 0), batch 0, finite: 2000/2000, min: 2.552e+03, max: 3.451e+05, mean: 3.208e+04
[Stage B] Post-custom-init validation (attempt 0), batch 1, finite: 2000/2000, min: 2.434e+03, max: 3.566e+05, mean: 3.391e+04
[Stage B] Post-custom-init validation (attempt 0), batch 2, finite: 2000/2000, min: 2.542e+03, max: 3.186e+05, mean: 3.420e+04
[Stage B] Prediction scale check (attempt 0): pred_median=1.904e+04, true_median=9.826e-02, ratio=1.937e+05
[Stage B] Warning: init scale_ratio extreme; rejecting candidate.
[Stage B]    Candidate (sqrt_poly) rejected at init (non-finite loss); trying next.
[Stage B]  Trying sqrt/invsqrt(poly) rewrite on NN leaf vars (1, 2), degree=2 [coord=1/z]
[Stage B] Post-custom-init validation (attempt 0), batch 0, finite: 2000/2000, min: 2.552e+03, max: 3.451e+05, mean: 3.208e+04
[Stage B] Post-custom-init validation (attempt 0), batch 1, finite: 2000/2000, min: 2.433e+03, max: 3.566e+05, mean: 3.391e+04
[Stage B] Post-custom-init validation (attempt 0), batch 2, finite: 2000/2000, min: 2.543e+03, max: 3.186e+05, mean: 3.420e+04
[Stage B] Prediction scale check (attempt 0): pred_median=1.904e+04, true_median=9.826e-02, ratio=1.938e+05
[Stage B] Warning: init scale_ratio extreme; rejecting candidate.
[Stage B]    Candidate (sqrt_poly[z_inv]) rejected at init (non-finite loss); trying next.
[Stage B]  Trying 1D compound macro tier-3 linear combo on NN leaf vars [1, 2], terms=['sqrt1p *(arg0)', 'one_minus_cos *((arg0*arg0^2))'], screen_r2=1.000, ok_frac=1.000
[info] dataloader for provider ASTCompositeAdaptor yields 3 batches (equivalent to a single batch up to floating-point roundoff; minor Python-loop overhead per batch).
Validation patience exceeded at epoch 901/2000, nval_worse=500
[Stage B]    Candidate (cf_combo): params=389, val-loss=6.3214e-06
[Stage B]    Reject (cf_combo): simpler-over-budget(thr=2.539e-10) | loss 2.069e-12->6.321e-06 (Δ+6.32e-06) | params 770->389 | cx (0, 0, 0)->(0, 0, 0)
[Stage B]  Trying 1D compound macro tier-3 linear combo on NN leaf vars [1, 2], terms=['sqrt1p *(arg0)', '1/arg0'], screen_r2=1.000, ok_frac=1.000 [coord=1/z]
[info] dataloader for provider ASTCompositeAdaptor yields 3 batches (equivalent to a single batch up to floating-point roundoff; minor Python-loop overhead per batch).
Stopping at epoch 401/2000, lm_opt.state['halt']=True, loss=4.2867e-08, loss_val=7.4735e-08
[Stage B]    Candidate (cf_combo[z_inv]): params=389, val-loss=7.4735e-08
[Stage B]    Reject (cf_combo[z_inv]): simpler-over-budget(thr=2.539e-10) | loss 2.069e-12->7.474e-08 (Δ+7.47e-08) | params 770->389 | cx (0, 0, 0)->(0, 0, 0)
[Stage B]  Skipping cf_combo[z_inv] (previously rejected on same target)
[Stage B]  Skipping cf_combo[z_inv] (previously rejected on same target)
[Stage B]  Skipping cf_combo[z_inv] (previously rejected on same target)
[Stage B]  Skipping cf_combo[z_inv] (previously rejected on same target)
[Stage B]  Skipping cf_combo[z_inv] (previously rejected on same target)
[Stage B]  Skipping cf_combo[z_inv] (previously rejected on same target)
[Stage B]  Skipping cf_combo[z_inv] (previously rejected on same target)
[Stage B]  Skipping cf_combo[z_inv] (previously rejected on same target)
[Stage B]  Skipping cf_combo[z_inv] (previously rejected on same target)
[Stage B]  Skipping cf_combo (previously rejected on same target)
[Stage B]  Skipping cf_combo (previously rejected on same target)
[Stage B]  Skipping cf_combo (previously rejected on same target)
[Stage B]  Skipping cf_combo (previously rejected on same target)
[Stage B]  Skipping cf_combo (previously rejected on same target)
[Stage B]  Skipping cf_combo (previously rejected on same target)
[Stage B]  Skipping cf_combo (previously rejected on same target)
[Stage B]  Skipping cf_combo (previously rejected on same target)
[Stage B]  Skipping cf_combo (previously rejected on same target)
[Stage B]  Trying 1D sqrt-ratpoly (sqrt) deg=(2,1)->(2,0) nnz=(3,1) on NN leaf vars (1, 2)
[Stage B custom_init ratpoly_1d] Init on vars (1, 2): deg=(2,1)->(2,0), nnz=(3,1), rel_rms≈2.92e-04
[Stage B] Post-custom-init validation (attempt 0), batch 0, finite: 2000/2000, min: 2.552e+03, max: 3.451e+05, mean: 3.208e+04
[Stage B] Post-custom-init validation (attempt 0), batch 1, finite: 2000/2000, min: 2.434e+03, max: 3.566e+05, mean: 3.391e+04
[Stage B] Post-custom-init validation (attempt 0), batch 2, finite: 2000/2000, min: 2.542e+03, max: 3.186e+05, mean: 3.420e+04
[Stage B] Prediction scale check (attempt 0): pred_median=1.904e+04, true_median=9.826e-02, ratio=1.937e+05
[Stage B] Warning: init scale_ratio extreme; rejecting candidate.
[Stage B]    Candidate (sqrt_ratpoly_1d) rejected at init (non-finite loss); trying next.
[Stage B]  Trying 1D sqrt-ratpoly (sqrt) deg=(1,4)->(1,2) nnz=(2,3) on NN leaf vars (1, 2)
[Stage B custom_init ratpoly_1d] Init on vars (1, 2): deg=(1,4)->(1,2), nnz=(2,3), rel_rms≈3.78e-05
[Stage B] Post-custom-init validation (attempt 0), batch 0, finite: 2000/2000, min: 2.552e+03, max: 3.451e+05, mean: 3.208e+04
[Stage B] Post-custom-init validation (attempt 0), batch 1, finite: 2000/2000, min: 2.434e+03, max: 3.566e+05, mean: 3.391e+04
[Stage B] Post-custom-init validation (attempt 0), batch 2, finite: 2000/2000, min: 2.542e+03, max: 3.186e+05, mean: 3.420e+04
[Stage B] Prediction scale check (attempt 0): pred_median=1.904e+04, true_median=9.826e-02, ratio=1.937e+05
[Stage B] Warning: init scale_ratio extreme; rejecting candidate.
[Stage B]    Candidate (sqrt_ratpoly_1d[1]) rejected at init (non-finite loss); trying next.
[Stage B]  Trying 1D sqrt-ratpoly (sqrt) deg=(1,3)->(1,3) nnz=(2,3) on NN leaf vars (1, 2)
[Stage B custom_init ratpoly_1d] Init on vars (1, 2): deg=(1,3)->(1,3), nnz=(2,3), rel_rms≈2.53e-05
[Stage B] Post-custom-init validation (attempt 0), batch 0, finite: 2000/2000, min: 2.552e+03, max: 3.451e+05, mean: 3.208e+04
[Stage B] Post-custom-init validation (attempt 0), batch 1, finite: 2000/2000, min: 2.434e+03, max: 3.566e+05, mean: 3.391e+04
[Stage B] Post-custom-init validation (attempt 0), batch 2, finite: 2000/2000, min: 2.542e+03, max: 3.186e+05, mean: 3.420e+04
[Stage B] Prediction scale check (attempt 0): pred_median=1.904e+04, true_median=9.826e-02, ratio=1.937e+05
[Stage B] Warning: init scale_ratio extreme; rejecting candidate.
[Stage B]    Candidate (sqrt_ratpoly_1d[2]) rejected at init (non-finite loss); trying next.
[Stage B]  Trying 1D sqrt-ratpoly (sqrt) deg=(2,2)->(2,2) nnz=(3,2) on NN leaf vars (1, 2)
[Stage B custom_init ratpoly_1d] Init on vars (1, 2): deg=(2,2)->(2,2), nnz=(3,2), rel_rms≈3.26e-06
[Stage B] Post-custom-init validation (attempt 0), batch 0, finite: 2000/2000, min: 2.552e+03, max: 3.451e+05, mean: 3.208e+04
[Stage B] Post-custom-init validation (attempt 0), batch 1, finite: 2000/2000, min: 2.434e+03, max: 3.566e+05, mean: 3.391e+04
[Stage B] Post-custom-init validation (attempt 0), batch 2, finite: 2000/2000, min: 2.542e+03, max: 3.186e+05, mean: 3.420e+04
[Stage B] Prediction scale check (attempt 0): pred_median=1.904e+04, true_median=9.826e-02, ratio=1.937e+05
[Stage B] Warning: init scale_ratio extreme; rejecting candidate.
[Stage B]    Candidate (sqrt_ratpoly_1d[3]) rejected at init (non-finite loss); trying next.
[Stage B]  Trying 1D sqrt-ratpoly (sqrt) deg=(3,1)->(3,1) nnz=(3,2) on NN leaf vars (1, 2)
[Stage B custom_init ratpoly_1d] Init on vars (1, 2): deg=(3,1)->(3,1), nnz=(3,2), rel_rms≈2.93e-06
[Stage B] Post-custom-init validation (attempt 0), batch 0, finite: 2000/2000, min: 2.552e+03, max: 3.451e+05, mean: 3.208e+04
[Stage B] Post-custom-init validation (attempt 0), batch 1, finite: 2000/2000, min: 2.434e+03, max: 3.566e+05, mean: 3.391e+04
[Stage B] Post-custom-init validation (attempt 0), batch 2, finite: 2000/2000, min: 2.542e+03, max: 3.186e+05, mean: 3.420e+04
[Stage B] Prediction scale check (attempt 0): pred_median=1.904e+04, true_median=9.826e-02, ratio=1.937e+05
[Stage B] Warning: init scale_ratio extreme; rejecting candidate.
[Stage B]    Candidate (sqrt_ratpoly_1d[4]) rejected at init (non-finite loss); trying next.
[Stage B]  Trying 1D sqrt-ratpoly (sqrt) deg=(3,3)->(3,1) nnz=(3,2) on NN leaf vars (1, 2)
[Stage B custom_init ratpoly_1d] Init on vars (1, 2): deg=(3,3)->(3,1), nnz=(3,2), rel_rms≈1.74e-05
[Stage B] Post-custom-init validation (attempt 0), batch 0, finite: 2000/2000, min: 2.552e+03, max: 3.451e+05, mean: 3.208e+04
[Stage B] Post-custom-init validation (attempt 0), batch 1, finite: 2000/2000, min: 2.434e+03, max: 3.566e+05, mean: 3.391e+04
[Stage B] Post-custom-init validation (attempt 0), batch 2, finite: 2000/2000, min: 2.542e+03, max: 3.186e+05, mean: 3.420e+04
[Stage B] Prediction scale check (attempt 0): pred_median=1.904e+04, true_median=9.826e-02, ratio=1.937e+05
[Stage B] Warning: init scale_ratio extreme; rejecting candidate.
[Stage B]    Candidate (sqrt_ratpoly_1d[5]) rejected at init (non-finite loss); trying next.
[Stage B]  Trying 1D sqrt-ratpoly (sqrt) deg=(4,1)->(4,0) nnz=(4,1) on NN leaf vars (1, 2)
[Stage B custom_init ratpoly_1d] Init on vars (1, 2): deg=(4,1)->(4,0), nnz=(4,1), rel_rms≈1.44e-05
[Stage B] Post-custom-init validation (attempt 0), batch 0, finite: 2000/2000, min: 2.552e+03, max: 3.451e+05, mean: 3.208e+04
[Stage B] Post-custom-init validation (attempt 0), batch 1, finite: 2000/2000, min: 2.434e+03, max: 3.566e+05, mean: 3.391e+04
[Stage B] Post-custom-init validation (attempt 0), batch 2, finite: 2000/2000, min: 2.542e+03, max: 3.186e+05, mean: 3.420e+04
[Stage B] Prediction scale check (attempt 0): pred_median=1.904e+04, true_median=9.826e-02, ratio=1.937e+05
[Stage B] Warning: init scale_ratio extreme; rejecting candidate.
[Stage B]    Candidate (sqrt_ratpoly_1d[6]) rejected at init (non-finite loss); trying next.
[Stage B]  Trying 1D sqrt-ratpoly (sqrt) deg=(4,4)->(3,2) nnz=(2,3) on NN leaf vars (1, 2)
[Stage B custom_init ratpoly_1d] Init on vars (1, 2): deg=(4,4)->(3,2), nnz=(2,3), rel_rms≈1.38e-04
[Stage B] Post-custom-init validation (attempt 0), batch 0, finite: 2000/2000, min: 2.552e+03, max: 3.451e+05, mean: 3.208e+04
[Stage B] Post-custom-init validation (attempt 0), batch 1, finite: 2000/2000, min: 2.434e+03, max: 3.566e+05, mean: 3.391e+04
[Stage B] Post-custom-init validation (attempt 0), batch 2, finite: 2000/2000, min: 2.542e+03, max: 3.186e+05, mean: 3.420e+04
[Stage B] Prediction scale check (attempt 0): pred_median=1.904e+04, true_median=9.826e-02, ratio=1.938e+05
[Stage B] Warning: init scale_ratio extreme; rejecting candidate.
[Stage B]    Candidate (sqrt_ratpoly_1d[7]) rejected at init (non-finite loss); trying next.
[Stage B]  Trying 1D sqrt-ratpoly (sqrt) deg=(0,4)->(0,4) nnz=(1,5) on NN leaf vars (1, 2)
[Stage B custom_init ratpoly_1d] Init on vars (1, 2): deg=(0,4)->(0,4), nnz=(1,5), rel_rms≈5.46e-05
[Stage B] Post-custom-init validation (attempt 0), batch 0, finite: 2000/2000, min: 2.552e+03, max: 3.451e+05, mean: 3.208e+04
[Stage B] Post-custom-init validation (attempt 0), batch 1, finite: 2000/2000, min: 2.434e+03, max: 3.566e+05, mean: 3.391e+04
[Stage B] Post-custom-init validation (attempt 0), batch 2, finite: 2000/2000, min: 2.542e+03, max: 3.186e+05, mean: 3.420e+04
[Stage B] Prediction scale check (attempt 0): pred_median=1.904e+04, true_median=9.826e-02, ratio=1.937e+05
[Stage B] Warning: init scale_ratio extreme; rejecting candidate.
[Stage B]    Candidate (sqrt_ratpoly_1d[8]) rejected at init (non-finite loss); trying next.
[Stage B]  Trying 1D sqrt-ratpoly (inv_sqrt) deg=(0,2)->(0,2) nnz=(1,3) on NN leaf vars (1, 2)
[Stage B custom_init ratpoly_1d] Init on vars (1, 2): deg=(0,2)->(0,2), nnz=(1,3), rel_rms≈2.88e-04
[Stage B] Post-custom-init validation (attempt 0), batch 0, finite: 2000/2000, min: 2.552e+03, max: 3.451e+05, mean: 3.208e+04
[Stage B] Post-custom-init validation (attempt 0), batch 1, finite: 2000/2000, min: 2.434e+03, max: 3.566e+05, mean: 3.391e+04
[Stage B] Post-custom-init validation (attempt 0), batch 2, finite: 2000/2000, min: 2.542e+03, max: 3.186e+05, mean: 3.420e+04
[Stage B] Prediction scale check (attempt 0): pred_median=1.904e+04, true_median=9.826e-02, ratio=1.937e+05
[Stage B] Warning: init scale_ratio extreme; rejecting candidate.
[Stage B]    Candidate (sqrt_ratpoly_1d[9]) rejected at init (non-finite loss); trying next.
[Stage B]  Trying 1D sqrt-ratpoly (inv_sqrt) deg=(0,3)->(0,3) nnz=(1,4) on NN leaf vars (1, 2)
[Stage B custom_init ratpoly_1d] Init on vars (1, 2): deg=(0,3)->(0,3), nnz=(1,4), rel_rms≈2.92e-05
[Stage B] Post-custom-init validation (attempt 0), batch 0, finite: 2000/2000, min: 2.552e+03, max: 3.451e+05, mean: 3.208e+04
[Stage B] Post-custom-init validation (attempt 0), batch 1, finite: 2000/2000, min: 2.434e+03, max: 3.566e+05, mean: 3.391e+04
[Stage B] Post-custom-init validation (attempt 0), batch 2, finite: 2000/2000, min: 2.542e+03, max: 3.186e+05, mean: 3.420e+04
[Stage B] Prediction scale check (attempt 0): pred_median=1.904e+04, true_median=9.826e-02, ratio=1.937e+05
[Stage B] Warning: init scale_ratio extreme; rejecting candidate.
[Stage B]    Candidate (sqrt_ratpoly_1d[10]) rejected at init (non-finite loss); trying next.
[Stage B]  Precheck reject (duplicate-signature) rule=univariate_nn cand=sqrt_ratpoly_1d[11] target=nn#leaf1 vars=(1, 2) sig=(960898949, 2, 1, 1, -1, 3, 1, 1, 1) attempted=16
[Stage B]  Trying 1D sqrt-ratpoly (inv_sqrt) deg=(2,1)->(2,1) nnz=(3,2) on NN leaf vars (1, 2)
[Stage B custom_init ratpoly_1d] Init on vars (1, 2): deg=(2,1)->(2,1), nnz=(3,2), rel_rms≈3.70e-05
[Stage B] Post-custom-init validation (attempt 0), batch 0, finite: 2000/2000, min: 2.552e+03, max: 3.451e+05, mean: 3.208e+04
[Stage B] Post-custom-init validation (attempt 0), batch 1, finite: 2000/2000, min: 2.434e+03, max: 3.566e+05, mean: 3.391e+04
[Stage B] Post-custom-init validation (attempt 0), batch 2, finite: 2000/2000, min: 2.542e+03, max: 3.186e+05, mean: 3.420e+04
[Stage B] Prediction scale check (attempt 0): pred_median=1.904e+04, true_median=9.826e-02, ratio=1.937e+05
[Stage B] Warning: init scale_ratio extreme; rejecting candidate.
[Stage B]    Candidate (sqrt_ratpoly_1d[12]) rejected at init (non-finite loss); trying next.
[Stage B]  Precheck reject (duplicate-signature) rule=univariate_nn cand=sqrt_ratpoly_1d[13] target=nn#leaf1 vars=(1, 2) sig=(960898949, 3, 1, 1, 1, -1, 3, 1, 0, 1) attempted=17
[Stage B]  Trying 1D sqrt-ratpoly (inv_sqrt) deg=(2,3)->(2,3) nnz=(3,2) on NN leaf vars (1, 2)
[Stage B custom_init ratpoly_1d] Init on vars (1, 2): deg=(2,3)->(2,3), nnz=(3,2), rel_rms≈1.36e-04
[Stage B] Post-custom-init validation (attempt 0), batch 0, finite: 2000/2000, min: 2.552e+03, max: 3.451e+05, mean: 3.208e+04
[Stage B] Post-custom-init validation (attempt 0), batch 1, finite: 2000/2000, min: 2.434e+03, max: 3.566e+05, mean: 3.391e+04
[Stage B] Post-custom-init validation (attempt 0), batch 2, finite: 2000/2000, min: 2.542e+03, max: 3.186e+05, mean: 3.420e+04
[Stage B] Prediction scale check (attempt 0): pred_median=1.904e+04, true_median=9.826e-02, ratio=1.938e+05
[Stage B] Warning: init scale_ratio extreme; rejecting candidate.
[Stage B]    Candidate (sqrt_ratpoly_1d[14]) rejected at init (non-finite loss); trying next.
[Stage B]  Trying 1D sqrt-ratpoly (inv_sqrt) deg=(3,3)->(3,3) nnz=(3,2) on NN leaf vars (1, 2)
[Stage B custom_init ratpoly_1d] Init on vars (1, 2): deg=(3,3)->(3,3), nnz=(3,2), rel_rms≈5.83e-05
[Stage B] Post-custom-init validation (attempt 0), batch 0, finite: 2000/2000, min: 2.552e+03, max: 3.451e+05, mean: 3.208e+04
[Stage B] Post-custom-init validation (attempt 0), batch 1, finite: 2000/2000, min: 2.434e+03, max: 3.566e+05, mean: 3.391e+04
[Stage B] Post-custom-init validation (attempt 0), batch 2, finite: 2000/2000, min: 2.542e+03, max: 3.186e+05, mean: 3.420e+04
[Stage B] Prediction scale check (attempt 0): pred_median=1.904e+04, true_median=9.826e-02, ratio=1.937e+05
[Stage B] Warning: init scale_ratio extreme; rejecting candidate.
[Stage B]    Candidate (sqrt_ratpoly_1d[15]) rejected at init (non-finite loss); trying next.
[Stage B]  Trying 1D sqrt-ratpoly (inv_sqrt) deg=(3,4)->(3,4) nnz=(3,2) on NN leaf vars (1, 2)
[Stage B custom_init ratpoly_1d] Init on vars (1, 2): deg=(3,4)->(3,4), nnz=(3,2), rel_rms≈2.42e-05
[Stage B] Post-custom-init validation (attempt 0), batch 0, finite: 2000/2000, min: 2.552e+03, max: 3.451e+05, mean: 3.208e+04
[Stage B] Post-custom-init validation (attempt 0), batch 1, finite: 2000/2000, min: 2.434e+03, max: 3.566e+05, mean: 3.391e+04
[Stage B] Post-custom-init validation (attempt 0), batch 2, finite: 2000/2000, min: 2.542e+03, max: 3.186e+05, mean: 3.420e+04
[Stage B] Prediction scale check (attempt 0): pred_median=1.904e+04, true_median=9.826e-02, ratio=1.937e+05
[Stage B] Warning: init scale_ratio extreme; rejecting candidate.
[Stage B]    Candidate (sqrt_ratpoly_1d[16]) rejected at init (non-finite loss); trying next.
[Stage B]  Precheck reject (duplicate-signature) rule=univariate_nn cand=sqrt_ratpoly_1d[17] target=nn#leaf1 vars=(1, 2) sig=(960898949, 1, 1, -1, 5, 1, 1, 1, 1, 1) attempted=20
[Stage B]  Trying 1D sqrt-ratpoly (inv_sqrt) deg=(3,1)->(3,1) nnz=(4,2) on NN leaf vars (1, 2)
[Stage B custom_init ratpoly_1d] Init on vars (1, 2): deg=(3,1)->(3,1), nnz=(4,2), rel_rms≈1.43e-06
[Stage B] Post-custom-init validation (attempt 0), batch 0, finite: 2000/2000, min: 2.552e+03, max: 3.451e+05, mean: 3.208e+04
[Stage B] Post-custom-init validation (attempt 0), batch 1, finite: 2000/2000, min: 2.434e+03, max: 3.566e+05, mean: 3.391e+04
[Stage B] Post-custom-init validation (attempt 0), batch 2, finite: 2000/2000, min: 2.542e+03, max: 3.186e+05, mean: 3.420e+04
[Stage B] Prediction scale check (attempt 0): pred_median=1.904e+04, true_median=9.826e-02, ratio=1.937e+05
[Stage B] Warning: init scale_ratio extreme; rejecting candidate.
[Stage B]    Candidate (sqrt_ratpoly_1d[18]) rejected at init (non-finite loss); trying next.
[Stage B]  Trying 1D sqrt-ratpoly (inv_sqrt) deg=(4,1)->(4,0) nnz=(5,1) on NN leaf vars (1, 2)
[Stage B custom_init ratpoly_1d] Init on vars (1, 2): deg=(4,1)->(4,0), nnz=(5,1), rel_rms≈5.44e-05
[Stage B] Post-custom-init validation (attempt 0), batch 0, finite: 2000/2000, min: 2.552e+03, max: 3.451e+05, mean: 3.208e+04
[Stage B] Post-custom-init validation (attempt 0), batch 1, finite: 2000/2000, min: 2.434e+03, max: 3.566e+05, mean: 3.391e+04
[Stage B] Post-custom-init validation (attempt 0), batch 2, finite: 2000/2000, min: 2.542e+03, max: 3.186e+05, mean: 3.420e+04
[Stage B] Prediction scale check (attempt 0): pred_median=1.904e+04, true_median=9.826e-02, ratio=1.937e+05
[Stage B] Warning: init scale_ratio extreme; rejecting candidate.
[Stage B]    Candidate (sqrt_ratpoly_1d[19]) rejected at init (non-finite loss); trying next.
[Stage B]  Trying 1D sqrt-ratpoly (inv_sqrt) deg=(1,4)->(1,4) nnz=(2,5) on NN leaf vars (1, 2)
[Stage B custom_init ratpoly_1d] Init on vars (1, 2): deg=(1,4)->(1,4), nnz=(2,5), rel_rms≈1.33e-07
[Stage B] Post-custom-init validation (attempt 0), batch 0, finite: 2000/2000, min: 2.552e+03, max: 3.451e+05, mean: 3.208e+04
[Stage B] Post-custom-init validation (attempt 0), batch 1, finite: 2000/2000, min: 2.434e+03, max: 3.566e+05, mean: 3.391e+04
[Stage B] Post-custom-init validation (attempt 0), batch 2, finite: 2000/2000, min: 2.542e+03, max: 3.186e+05, mean: 3.420e+04
[Stage B] Prediction scale check (attempt 0): pred_median=1.904e+04, true_median=9.826e-02, ratio=1.937e+05
[Stage B] Warning: init scale_ratio extreme; rejecting candidate.
[Stage B]    Candidate (sqrt_ratpoly_1d[20]) rejected at init (non-finite loss); trying next.
[Stage B]  Precheck reject (duplicate-signature) rule=univariate_nn cand=ratpoly_1d target=nn#leaf1 vars=(1, 2) sig=(960898949, 1, 1, -1, 3, 1, 1, 1) attempted=23
[Stage B]  Trying 1D ratpoly deg=(1,1)->(1,1) nnz=(2,2) (scale*P_red(x)/Q(x)) rewrite on NN leaf vars (1, 2)
[Stage B custom_init ratpoly_1d] Init on vars (1, 2): deg=(1,1)->(1,1), nnz=(2,2), rel_rms≈2.30e-04
[Stage B] Post-custom-init validation (attempt 0), batch 0, finite: 2000/2000, min: 2.552e+03, max: 3.451e+05, mean: 3.208e+04
[Stage B] Post-custom-init validation (attempt 0), batch 1, finite: 2000/2000, min: 2.434e+03, max: 3.566e+05, mean: 3.391e+04
[Stage B] Post-custom-init validation (attempt 0), batch 2, finite: 2000/2000, min: 2.542e+03, max: 3.186e+05, mean: 3.420e+04
[Stage B] Prediction scale check (attempt 0): pred_median=1.904e+04, true_median=9.826e-02, ratio=1.937e+05
[Stage B] Warning: init scale_ratio extreme; rejecting candidate.
[Stage B]    Candidate (ratpoly_1d[1]) rejected at init (non-finite loss); trying next.
[Stage B]  Trying 1D ratpoly deg=(2,1)->(2,1) nnz=(2,2) (scale*P_red(x)/Q(x)) rewrite on NN leaf vars (1, 2)
[Stage B custom_init ratpoly_1d] Init on vars (1, 2): deg=(2,1)->(2,1), nnz=(2,2), rel_rms≈1.29e-04
[Stage B] Post-custom-init validation (attempt 0), batch 0, finite: 2000/2000, min: 2.552e+03, max: 3.451e+05, mean: 3.208e+04
[Stage B] Post-custom-init validation (attempt 0), batch 1, finite: 2000/2000, min: 2.434e+03, max: 3.566e+05, mean: 3.391e+04
[Stage B] Post-custom-init validation (attempt 0), batch 2, finite: 2000/2000, min: 2.542e+03, max: 3.186e+05, mean: 3.420e+04
[Stage B] Prediction scale check (attempt 0): pred_median=1.904e+04, true_median=9.826e-02, ratio=1.937e+05
[Stage B] Warning: init scale_ratio extreme; rejecting candidate.
[Stage B]    Candidate (ratpoly_1d[2]) rejected at init (non-finite loss); trying next.
[Stage B]  Trying 1D ratpoly deg=(2,2)->(2,1) nnz=(2,2) (scale*P_red(x)/Q(x)) rewrite on NN leaf vars (1, 2)
[Stage B custom_init ratpoly_1d] Init on vars (1, 2): deg=(2,2)->(2,1), nnz=(2,2), rel_rms≈2.02e-04
[Stage B] Post-custom-init validation (attempt 0), batch 0, finite: 2000/2000, min: 2.552e+03, max: 3.451e+05, mean: 3.208e+04
[Stage B] Post-custom-init validation (attempt 0), batch 1, finite: 2000/2000, min: 2.434e+03, max: 3.566e+05, mean: 3.391e+04
[Stage B] Post-custom-init validation (attempt 0), batch 2, finite: 2000/2000, min: 2.542e+03, max: 3.186e+05, mean: 3.420e+04
[Stage B] Prediction scale check (attempt 0): pred_median=1.904e+04, true_median=9.826e-02, ratio=1.937e+05
[Stage B] Warning: init scale_ratio extreme; rejecting candidate.
[Stage B]    Candidate (ratpoly_1d[3]) rejected at init (non-finite loss); trying next.
[Stage B]  Precheck reject (duplicate-signature) rule=univariate_nn cand=ratpoly_1d[4] target=nn#leaf1 vars=(1, 2) sig=(960898949, 1, 1, -1, 4, 1, 1, 1, 1) attempted=26
[Stage B]  Precheck reject (duplicate-signature) rule=univariate_nn cand=ratpoly_1d[5] target=nn#leaf1 vars=(1, 2) sig=(960898949, 2, 1, 1, -1, 3, 1, 1, 1) attempted=26
[Stage B]  Trying 1D ratpoly deg=(3,3)->(3,0) nnz=(4,1) (scale*P_red(x)/Q(x)) rewrite on NN leaf vars (1, 2)
[Stage B custom_init ratpoly_1d] Init on vars (1, 2): deg=(3,3)->(3,0), nnz=(4,1), rel_rms≈1.51e-05
[Stage B] Post-custom-init validation (attempt 0), batch 0, finite: 2000/2000, min: 2.552e+03, max: 3.451e+05, mean: 3.208e+04
[Stage B] Post-custom-init validation (attempt 0), batch 1, finite: 2000/2000, min: 2.434e+03, max: 3.566e+05, mean: 3.391e+04
[Stage B] Post-custom-init validation (attempt 0), batch 2, finite: 2000/2000, min: 2.542e+03, max: 3.186e+05, mean: 3.420e+04
[Stage B] Prediction scale check (attempt 0): pred_median=1.904e+04, true_median=9.826e-02, ratio=1.937e+05
[Stage B] Warning: init scale_ratio extreme; rejecting candidate.
[Stage B]    Candidate (ratpoly_1d[6]) rejected at init (non-finite loss); trying next.
[Stage B]  Trying 1D ratpoly deg=(0,4)->(0,4) nnz=(1,4) (scale*P_red(x)/Q(x)) rewrite on NN leaf vars (1, 2)
[Stage B custom_init ratpoly_1d] Init on vars (1, 2): deg=(0,4)->(0,4), nnz=(1,4), rel_rms≈2.41e-05
[Stage B] Post-custom-init validation (attempt 0), batch 0, finite: 2000/2000, min: 2.552e+03, max: 3.451e+05, mean: 3.208e+04
[Stage B] Post-custom-init validation (attempt 0), batch 1, finite: 2000/2000, min: 2.434e+03, max: 3.566e+05, mean: 3.391e+04
[Stage B] Post-custom-init validation (attempt 0), batch 2, finite: 2000/2000, min: 2.542e+03, max: 3.186e+05, mean: 3.420e+04
[Stage B] Prediction scale check (attempt 0): pred_median=1.904e+04, true_median=9.826e-02, ratio=1.937e+05
[Stage B] Warning: init scale_ratio extreme; rejecting candidate.
[Stage B]    Candidate (ratpoly_1d[7]) rejected at init (non-finite loss); trying next.
[Stage B]  Trying 1D ratpoly deg=(4,1)->(3,1) nnz=(3,2) (scale*P_red(x)/Q(x)) rewrite on NN leaf vars (1, 2)
[Stage B custom_init ratpoly_1d] Init on vars (1, 2): deg=(4,1)->(3,1), nnz=(3,2), rel_rms≈1.68e-05
[Stage B] Post-custom-init validation (attempt 0), batch 0, finite: 2000/2000, min: 2.552e+03, max: 3.451e+05, mean: 3.208e+04
[Stage B] Post-custom-init validation (attempt 0), batch 1, finite: 2000/2000, min: 2.434e+03, max: 3.566e+05, mean: 3.391e+04
[Stage B] Post-custom-init validation (attempt 0), batch 2, finite: 2000/2000, min: 2.542e+03, max: 3.186e+05, mean: 3.420e+04
[Stage B] Prediction scale check (attempt 0): pred_median=1.904e+04, true_median=9.826e-02, ratio=1.937e+05
[Stage B] Warning: init scale_ratio extreme; rejecting candidate.
[Stage B]    Candidate (ratpoly_1d[8]) rejected at init (non-finite loss); trying next.
[Stage B]  Precheck reject (duplicate-signature) rule=univariate_nn cand=ratpoly_1d[9] target=nn#leaf1 vars=(1, 2) sig=(960898949, 4, 1, 0, 0, 1, -1, 3, 1, 1, 1) attempted=29
[Stage B]  Trying exp-poly rewrite on NN leaf vars (1, 2), degree=2
[Stage B] Initialising ExpPolyLeaf for vars (1, 2), tag=leaf1
[info] dataloader for provider ASTCompositeAdaptor yields 3 batches (equivalent to a single batch up to floating-point roundoff; minor Python-loop overhead per batch).
Stopping at epoch 201/2000, lm_opt.state['halt']=True, loss=1.2704e-07, loss_val=2.1302e-07
[Stage B]    Candidate (exp): params=389, val-loss=2.1295e-07
[Stage B]    Reject (exp): simpler-over-budget(thr=2.539e-10) | loss 2.069e-12->2.129e-07 (Δ+2.13e-07) | params 770->389 | cx (0, 0, 0)->(0, 0, 0)
[Stage B]  Trying exp-poly rewrite on NN leaf vars (1, 2), degree=2 [coord=1/z]
[Stage B] Initialising ExpPolyLeaf for vars (1, 2), tag=leaf1
[info] dataloader for provider ASTCompositeAdaptor yields 3 batches (equivalent to a single batch up to floating-point roundoff; minor Python-loop overhead per batch).
Stopping at epoch 201/2000, lm_opt.state['halt']=True, loss=4.8939e-09, loss_val=8.6454e-09
[Stage B]    Candidate (exp[z_inv]): params=389, val-loss=8.6454e-09
[Stage B]    Reject (exp[z_inv]): simpler-over-budget(thr=2.539e-10) | loss 2.069e-12->8.645e-09 (Δ+8.64e-09) | params 770->389 | cx (0, 0, 0)->(0, 0, 0)
[Stage B]  Trying exp-ratpoly rewrite on NN leaf vars (1, 2), degs=2/2
[Stage B] Initialising ExpRationalPolyLeaf for vars (1, 2), tag=leaf1
[info] dataloader for provider ASTCompositeAdaptor yields 3 batches (equivalent to a single batch up to floating-point roundoff; minor Python-loop overhead per batch).
[LM][bucket] solving P=392 (trivially separable union)
Stopping at epoch 401/2000, lm_opt.state['halt']=True, loss=8.1380e-13, loss_val=1.2433e-12
[Stage B]    Candidate (exp_rat): params=392, val-loss=1.2385e-12
[Stage B]    [32mAccepted[0m rewrite (exp_rat, loss-below-floor-simpler)
[Stage B]    NN metrics: total=1, multivar=0, max_arity=1
[Stage B]    Current: [35mpower0(x0) * exp_ratpoly0(z=(x1 * x2^-1)) * nn0(x1)[0m
[Stage B polish] Running subtree:root.left candidate generation in guarded worker (max_seconds=300.0, mem_fraction=0.2).
[Stage B polish] subtree shadow skip root.left: (power(x0) * exp_ratpoly((x1 * (x2)**-1))) (no-local-simpler-polish)
[Stage B] === Phase 1: Searching for separabilities (additive, multiplicative) ===
[Stage B] Rule nonsense_units_zero_prune found 0 targets
[Stage B] Rule monomial_peel_priority found 1 targets
[Stage B]   target order (arity-asc): [vars=(1,)(arity=1)]
[Stage B] monomial_peel_priority shortlist: monomial_deg1[z_inv]@nn#leaf2 vars=(1,) (k=0.453, rel=0.485); monomial_deg2[z_inv]@nn#leaf2 vars=(1,) (k=0.453, rel=0.485); monomial_deg3[z_inv]@nn#leaf2 vars=(1,) (k=0.453, rel=0.485)
[Stage B] Rule monomial_peel_priority trying 3 globally ranked candidates
[Stage B]  Greedy order (1 cands): monomial_deg1[z_inv](8p)
[Stage B]  Precheck reject (units: fixed-units-mismatch) rule=monomial_peel_priority cand=monomial_deg1[z_inv] target=nn#leaf2 vars=(1,) attempted=0
[Stage B]  Greedy order (1 cands): monomial_deg2[z_inv](8p)
[Stage B]  Precheck reject (units: fixed-units-mismatch) rule=monomial_peel_priority cand=monomial_deg2[z_inv] target=nn#leaf2 vars=(1,) attempted=0
[Stage B]  Greedy order (1 cands): monomial_deg3[z_inv](8p)
[Stage B]  Precheck reject (units: fixed-units-mismatch) rule=monomial_peel_priority cand=monomial_deg3[z_inv] target=nn#leaf2 vars=(1,) attempted=0
[Stage B] Rule subtree_separability found 0 targets
[Stage B] Rule last_hard_trig_square found 0 targets
[Stage B] Rule univariate_nn found 1 targets
[Stage B]   target order (arity-asc): [vars=(1,)(arity=1)]
[Stage B]  one_minus_cos_over_z2 skip NN vars (1,): phase is not dimensionless for z=x1, dim=(Fraction(0, 1), Fraction(-1, 1), Fraction(0, 1))
[Stage B] ratpoly_1d degree probe: no valid pairs, falling back to unconstrained grid, vars=(1,)
[Stage B] ratpoly_1d rejected: best rel_rms=0.0010 > 0.001, deg=(4,1), vars=(1,)
[Stage B] ratpoly_1d degree probe: no valid pairs, falling back to unconstrained grid, vars=(1,)
[Stage B] ratpoly_1d rejected: best rel_rms=0.0057 > 0.001, deg=(1,4), vars=(1,)
[Stage B]  one_minus_cos_over_z2 skip NN vars (1,): phase is not dimensionless for z=(x1)**-1, dim=(Fraction(0, 1), Fraction(1, 1), Fraction(0, 1))
[Stage B] ratpoly_1d degree probe: no valid pairs, falling back to unconstrained grid, vars=(1,)
[Stage B] ratpoly_1d rejected: best rel_rms=0.0456 > 0.001, deg=(3,4), vars=(1,)
[Stage B] ratpoly_1d degree probe: no valid pairs, falling back to unconstrained grid, vars=(1,)
[Stage B] ratpoly_1d probe: 1 sub-threshold trial(s) for vars=(1,): deg=(4,4)->(4,4) nnz=(5,5) rms=0.0010
[Stage B] RuleUniNN proposing 14 candidates for NN vars=(1,): ['monomial_deg1', 'monomial_deg2', 'monomial_deg3', 'cf_sharedpref_resid', 'cf_sharedpref_resid', 'cf_sharedpref_resid', 'cf_sharedpref_resid', 'cf_sharedpref_resid', 'cf_combo', 'cf_combo', 'cf_combo', 'cf_combo', 'cf_combo', 'sqrt_ratpoly_1d']
[Stage B]  Skipping reciprocal-coordinate alias sqrt_ratpoly_1d: closed-under-reciprocal:sqrt_ratpoly_1d
[Stage B] RuleUniNN proposing 13 candidates for NN vars=(1,): ['monomial_deg1[z_inv]', 'monomial_deg2[z_inv]', 'monomial_deg3[z_inv]', 'cf_sharedpref_resid[z_inv]', 'cf_sharedpref_resid[z_inv]', 'cf_sharedpref_resid[z_inv]', 'cf_sharedpref_resid[z_inv]', 'cf_sharedpref_resid[z_inv]', 'cf_combo[z_inv]', 'cf_combo[z_inv]', 'cf_combo[z_inv]', 'cf_combo[z_inv]', 'cf_combo[z_inv]']
[Stage B]  Exhaustive order (13 cands): monomial_deg1[z_inv](9p), monomial_deg2[z_inv](9p), monomial_deg3[z_inv](9p), cf_combo[z_inv](10p), cf_combo[z_inv](10p), cf_sharedpref_resid[z_inv](11p), cf_sharedpref_resid[z_inv](11p), cf_sharedpref_resid[z_inv](11p), cf_sharedpref_resid[z_inv](11p), cf_sharedpref_resid[z_inv](11p), cf_combo[z_inv](11p), cf_combo[z_inv](11p), cf_combo[z_inv](11p)
[Stage B]  Precheck reject (units: fixed-units-mismatch) rule=univariate_nn cand=monomial_deg1[z_inv] target=nn#leaf2 vars=(1,) attempted=29
[Stage B]  Precheck reject (units: fixed-units-mismatch) rule=univariate_nn cand=monomial_deg2[z_inv] target=nn#leaf2 vars=(1,) attempted=29
[Stage B]  Precheck reject (units: fixed-units-mismatch) rule=univariate_nn cand=monomial_deg3[z_inv] target=nn#leaf2 vars=(1,) attempted=29
[Stage B]  Precheck reject (units: fixed-units-mismatch) rule=univariate_nn cand=cf_combo[z_inv] target=nn#leaf2 vars=(1,) attempted=29
[Stage B]  Precheck reject (units: fixed-units-mismatch) rule=univariate_nn cand=cf_combo[z_inv] target=nn#leaf2 vars=(1,) attempted=29
[Stage B]  Precheck reject (units: fixed-units-mismatch) rule=univariate_nn cand=cf_sharedpref_resid[z_inv] target=nn#leaf2 vars=(1,) attempted=29
[Stage B]  Precheck reject (units: fixed-units-mismatch) rule=univariate_nn cand=cf_sharedpref_resid[z_inv] target=nn#leaf2 vars=(1,) attempted=29
[Stage B]  Precheck reject (units: fixed-units-mismatch) rule=univariate_nn cand=cf_sharedpref_resid[z_inv] target=nn#leaf2 vars=(1,) attempted=29
[Stage B]  Precheck reject (units: fixed-units-mismatch) rule=univariate_nn cand=cf_sharedpref_resid[z_inv] target=nn#leaf2 vars=(1,) attempted=29
[Stage B]  Precheck reject (units: fixed-units-mismatch) rule=univariate_nn cand=cf_sharedpref_resid[z_inv] target=nn#leaf2 vars=(1,) attempted=29
[Stage B]  Precheck reject (units: fixed-units-mismatch) rule=univariate_nn cand=cf_combo[z_inv] target=nn#leaf2 vars=(1,) attempted=29
[Stage B]  Precheck reject (units: fixed-units-mismatch) rule=univariate_nn cand=cf_combo[z_inv] target=nn#leaf2 vars=(1,) attempted=29
[Stage B]  Precheck reject (units: fixed-units-mismatch) rule=univariate_nn cand=cf_combo[z_inv] target=nn#leaf2 vars=(1,) attempted=29
[Stage B] Rule log_ratio found 0 targets
[Stage B] Rule power_product found 0 targets
[Stage B] Rule joint_product_monomial_closure found 0 targets
[Stage B] Rule overlap_prefactor_peel found 0 targets
[Stage B] Rule overlap_counterterm_peel found 0 targets
[Stage B] Rule common_prefactor found 0 targets
[Stage B] Rule additive_gauge_transfer found 0 targets
[Stage B] Rule multiplicative_homogeneity_transfer found 0 targets
[Stage B] Rule univariate_mono found 1 targets
[Stage B]   target order (arity-asc): [vars=(1,)(arity=1)]
[Stage B]  Exhaustive order (3 cands): monomial_deg1[z_inv](8p), monomial_deg2[z_inv](8p), monomial_deg3[z_inv](8p)
[Stage B]  Precheck reject (units: fixed-units-mismatch) rule=univariate_mono cand=monomial_deg1[z_inv] target=nn#leaf2 vars=(1,) attempted=0
[Stage B]  Precheck reject (units: fixed-units-mismatch) rule=univariate_mono cand=monomial_deg2[z_inv] target=nn#leaf2 vars=(1,) attempted=0
[Stage B]  Precheck reject (units: fixed-units-mismatch) rule=univariate_mono cand=monomial_deg3[z_inv] target=nn#leaf2 vars=(1,) attempted=0
[Stage B] Rule nn_leaf_separability found 0 targets
[Stage B] Rule counterterm_mul_split found 0 targets
[Stage B] Rule counterfactor_add_split found 0 targets
[Stage B] === Phase 1 made only non-structural accepts; running Phase 2 closed-form/specialized rules ===
[Stage B] === Phase 2: Trying specialized patterns (after exhausting separability) ===
[Stage B]   target order (arity-asc): [vars=(1,)(arity=1)]
[Stage B]  Greedy order (10 cands): cf_sharedpref_resid(11p), cf_sharedpref_resid(11p), cf_combo(11p), cf_combo(10p), cf_combo(11p), cf_combo(10p), cf_combo(11p), cf_combo(10p), cf_combo(11p), cf_combo(10p)
[Stage B]  Precheck reject (units: fixed-units-mismatch) rule=compound_fn_macros cand=cf_sharedpref_resid target=nn#leaf2 vars=(1,) attempted=0
[Stage B]  Precheck reject (units: fixed-units-mismatch) rule=compound_fn_macros cand=cf_sharedpref_resid target=nn#leaf2 vars=(1,) attempted=0
[Stage B]  Precheck reject (units: fixed-units-mismatch) rule=compound_fn_macros cand=cf_combo target=nn#leaf2 vars=(1,) attempted=0
[Stage B]  Precheck reject (units: fixed-units-mismatch) rule=compound_fn_macros cand=cf_combo target=nn#leaf2 vars=(1,) attempted=0
[Stage B]  Precheck reject (units: fixed-units-mismatch) rule=compound_fn_macros cand=cf_combo target=nn#leaf2 vars=(1,) attempted=0
[Stage B]  Precheck reject (units: fixed-units-mismatch) rule=compound_fn_macros cand=cf_combo target=nn#leaf2 vars=(1,) attempted=0
[Stage B]  Precheck reject (units: fixed-units-mismatch) rule=compound_fn_macros cand=cf_combo target=nn#leaf2 vars=(1,) attempted=0
[Stage B]  Precheck reject (units: fixed-units-mismatch) rule=compound_fn_macros cand=cf_combo target=nn#leaf2 vars=(1,) attempted=0
[Stage B]  Precheck reject (units: fixed-units-mismatch) rule=compound_fn_macros cand=cf_combo target=nn#leaf2 vars=(1,) attempted=0
[Stage B]  Precheck reject (units: fixed-units-mismatch) rule=compound_fn_macros cand=cf_combo target=nn#leaf2 vars=(1,) attempted=0
[Stage B] === Phase 1: Searching for separabilities (additive, multiplicative) ===
[Stage B] Rule nonsense_units_zero_prune found 0 targets
[Stage B] Rule monomial_peel_priority found 1 targets
[Stage B]   target order (arity-asc): [vars=(1,)(arity=1)]
[Stage B] monomial_peel_priority shortlist: monomial_deg1[z_inv]@nn#leaf2 vars=(1,) (k=0.453, rel=0.485); monomial_deg2[z_inv]@nn#leaf2 vars=(1,) (k=0.453, rel=0.485); monomial_deg3[z_inv]@nn#leaf2 vars=(1,) (k=0.453, rel=0.485)
[Stage B] Rule monomial_peel_priority trying 3 globally ranked candidates
[Stage B]  Greedy order (1 cands): monomial_deg1[z_inv](8p)
[Stage B]  Precheck reject (units: fixed-units-mismatch) rule=monomial_peel_priority cand=monomial_deg1[z_inv] target=nn#leaf2 vars=(1,) attempted=0
[Stage B]  Greedy order (1 cands): monomial_deg2[z_inv](8p)
[Stage B]  Precheck reject (units: fixed-units-mismatch) rule=monomial_peel_priority cand=monomial_deg2[z_inv] target=nn#leaf2 vars=(1,) attempted=0
[Stage B]  Greedy order (1 cands): monomial_deg3[z_inv](8p)
[Stage B]  Precheck reject (units: fixed-units-mismatch) rule=monomial_peel_priority cand=monomial_deg3[z_inv] target=nn#leaf2 vars=(1,) attempted=0
[Stage B] Rule subtree_separability found 0 targets
[Stage B] Rule last_hard_trig_square found 0 targets
[Stage B] Rule univariate_nn found 1 targets
[Stage B]   target order (arity-asc): [vars=(1,)(arity=1)]
[Stage B]  one_minus_cos_over_z2 skip NN vars (1,): phase is not dimensionless for z=x1, dim=(Fraction(0, 1), Fraction(-1, 1), Fraction(0, 1))
[Stage B] ratpoly_1d degree probe: no valid pairs, falling back to unconstrained grid, vars=(1,)
[Stage B] ratpoly_1d rejected: best rel_rms=0.0010 > 0.001, deg=(4,1), vars=(1,)
[Stage B] ratpoly_1d degree probe: no valid pairs, falling back to unconstrained grid, vars=(1,)
[Stage B] ratpoly_1d rejected: best rel_rms=0.0057 > 0.001, deg=(1,4), vars=(1,)
[Stage B]  one_minus_cos_over_z2 skip NN vars (1,): phase is not dimensionless for z=(x1)**-1, dim=(Fraction(0, 1), Fraction(1, 1), Fraction(0, 1))
[Stage B] ratpoly_1d degree probe: no valid pairs, falling back to unconstrained grid, vars=(1,)
[Stage B] ratpoly_1d rejected: best rel_rms=0.0456 > 0.001, deg=(3,4), vars=(1,)
[Stage B] ratpoly_1d degree probe: no valid pairs, falling back to unconstrained grid, vars=(1,)
[Stage B] ratpoly_1d probe: 1 sub-threshold trial(s) for vars=(1,): deg=(4,4)->(4,4) nnz=(5,5) rms=0.0010
[Stage B] RuleUniNN proposing 14 candidates for NN vars=(1,): ['monomial_deg1', 'monomial_deg2', 'monomial_deg3', 'cf_sharedpref_resid', 'cf_sharedpref_resid', 'cf_sharedpref_resid', 'cf_sharedpref_resid', 'cf_sharedpref_resid', 'cf_combo', 'cf_combo', 'cf_combo', 'cf_combo', 'cf_combo', 'sqrt_ratpoly_1d']
[Stage B]  Skipping reciprocal-coordinate alias sqrt_ratpoly_1d: closed-under-reciprocal:sqrt_ratpoly_1d
[Stage B] RuleUniNN proposing 13 candidates for NN vars=(1,): ['monomial_deg1[z_inv]', 'monomial_deg2[z_inv]', 'monomial_deg3[z_inv]', 'cf_sharedpref_resid[z_inv]', 'cf_sharedpref_resid[z_inv]', 'cf_sharedpref_resid[z_inv]', 'cf_sharedpref_resid[z_inv]', 'cf_sharedpref_resid[z_inv]', 'cf_combo[z_inv]', 'cf_combo[z_inv]', 'cf_combo[z_inv]', 'cf_combo[z_inv]', 'cf_combo[z_inv]']
[Stage B]  Exhaustive order (13 cands): monomial_deg1[z_inv](9p), monomial_deg2[z_inv](9p), monomial_deg3[z_inv](9p), cf_combo[z_inv](10p), cf_combo[z_inv](10p), cf_sharedpref_resid[z_inv](11p), cf_sharedpref_resid[z_inv](11p), cf_sharedpref_resid[z_inv](11p), cf_sharedpref_resid[z_inv](11p), cf_sharedpref_resid[z_inv](11p), cf_combo[z_inv](11p), cf_combo[z_inv](11p), cf_combo[z_inv](11p)
[Stage B]  Precheck reject (units: fixed-units-mismatch) rule=univariate_nn cand=monomial_deg1[z_inv] target=nn#leaf2 vars=(1,) attempted=29
[Stage B]  Precheck reject (units: fixed-units-mismatch) rule=univariate_nn cand=monomial_deg2[z_inv] target=nn#leaf2 vars=(1,) attempted=29
[Stage B]  Precheck reject (units: fixed-units-mismatch) rule=univariate_nn cand=monomial_deg3[z_inv] target=nn#leaf2 vars=(1,) attempted=29
[Stage B]  Precheck reject (units: fixed-units-mismatch) rule=univariate_nn cand=cf_combo[z_inv] target=nn#leaf2 vars=(1,) attempted=29
[Stage B]  Precheck reject (units: fixed-units-mismatch) rule=univariate_nn cand=cf_combo[z_inv] target=nn#leaf2 vars=(1,) attempted=29
[Stage B]  Precheck reject (units: fixed-units-mismatch) rule=univariate_nn cand=cf_sharedpref_resid[z_inv] target=nn#leaf2 vars=(1,) attempted=29
[Stage B]  Precheck reject (units: fixed-units-mismatch) rule=univariate_nn cand=cf_sharedpref_resid[z_inv] target=nn#leaf2 vars=(1,) attempted=29
[Stage B]  Precheck reject (units: fixed-units-mismatch) rule=univariate_nn cand=cf_sharedpref_resid[z_inv] target=nn#leaf2 vars=(1,) attempted=29
[Stage B]  Precheck reject (units: fixed-units-mismatch) rule=univariate_nn cand=cf_sharedpref_resid[z_inv] target=nn#leaf2 vars=(1,) attempted=29
[Stage B]  Precheck reject (units: fixed-units-mismatch) rule=univariate_nn cand=cf_sharedpref_resid[z_inv] target=nn#leaf2 vars=(1,) attempted=29
[Stage B]  Precheck reject (units: fixed-units-mismatch) rule=univariate_nn cand=cf_combo[z_inv] target=nn#leaf2 vars=(1,) attempted=29
[Stage B]  Precheck reject (units: fixed-units-mismatch) rule=univariate_nn cand=cf_combo[z_inv] target=nn#leaf2 vars=(1,) attempted=29
[Stage B]  Precheck reject (units: fixed-units-mismatch) rule=univariate_nn cand=cf_combo[z_inv] target=nn#leaf2 vars=(1,) attempted=29
[Stage B] Rule log_ratio found 0 targets
[Stage B] Rule power_product found 0 targets
[Stage B] Rule joint_product_monomial_closure found 0 targets
[Stage B] Rule overlap_prefactor_peel found 0 targets
[Stage B] Rule overlap_counterterm_peel found 0 targets
[Stage B] Rule common_prefactor found 0 targets
[Stage B] Rule additive_gauge_transfer found 0 targets
[Stage B] Rule multiplicative_homogeneity_transfer found 0 targets
[Stage B] Rule univariate_mono found 1 targets
[Stage B]   target order (arity-asc): [vars=(1,)(arity=1)]
[Stage B]  Exhaustive order (3 cands): monomial_deg1[z_inv](8p), monomial_deg2[z_inv](8p), monomial_deg3[z_inv](8p)
[Stage B]  Precheck reject (units: fixed-units-mismatch) rule=univariate_mono cand=monomial_deg1[z_inv] target=nn#leaf2 vars=(1,) attempted=0
[Stage B]  Precheck reject (units: fixed-units-mismatch) rule=univariate_mono cand=monomial_deg2[z_inv] target=nn#leaf2 vars=(1,) attempted=0
[Stage B]  Precheck reject (units: fixed-units-mismatch) rule=univariate_mono cand=monomial_deg3[z_inv] target=nn#leaf2 vars=(1,) attempted=0
[Stage B] Rule nn_leaf_separability found 0 targets
[Stage B] Rule counterterm_mul_split found 0 targets
[Stage B] Rule counterfactor_add_split found 0 targets
[Stage B] === Phase 1 complete: No more separabilities found ===
[Stage B] === Phase 2: Trying specialized patterns (after exhausting separability) ===
[Stage B]   target order (arity-asc): [vars=(1,)(arity=1)]
[Stage B]  Greedy order (10 cands): cf_sharedpref_resid(11p), cf_sharedpref_resid(11p), cf_combo(11p), cf_combo(10p), cf_combo(11p), cf_combo(10p), cf_combo(11p), cf_combo(10p), cf_combo(11p), cf_combo(10p)
[Stage B]  Precheck reject (units: fixed-units-mismatch) rule=compound_fn_macros cand=cf_sharedpref_resid target=nn#leaf2 vars=(1,) attempted=0
[Stage B]  Precheck reject (units: fixed-units-mismatch) rule=compound_fn_macros cand=cf_sharedpref_resid target=nn#leaf2 vars=(1,) attempted=0
[Stage B]  Precheck reject (units: fixed-units-mismatch) rule=compound_fn_macros cand=cf_combo target=nn#leaf2 vars=(1,) attempted=0
[Stage B]  Precheck reject (units: fixed-units-mismatch) rule=compound_fn_macros cand=cf_combo target=nn#leaf2 vars=(1,) attempted=0
[Stage B]  Precheck reject (units: fixed-units-mismatch) rule=compound_fn_macros cand=cf_combo target=nn#leaf2 vars=(1,) attempted=0
[Stage B]  Precheck reject (units: fixed-units-mismatch) rule=compound_fn_macros cand=cf_combo target=nn#leaf2 vars=(1,) attempted=0
[Stage B]  Precheck reject (units: fixed-units-mismatch) rule=compound_fn_macros cand=cf_combo target=nn#leaf2 vars=(1,) attempted=0
[Stage B]  Precheck reject (units: fixed-units-mismatch) rule=compound_fn_macros cand=cf_combo target=nn#leaf2 vars=(1,) attempted=0
[Stage B]  Precheck reject (units: fixed-units-mismatch) rule=compound_fn_macros cand=cf_combo target=nn#leaf2 vars=(1,) attempted=0
[Stage B]  Precheck reject (units: fixed-units-mismatch) rule=compound_fn_macros cand=cf_combo target=nn#leaf2 vars=(1,) attempted=0
[Stage B]   target order (arity-asc): [vars=(1,)(arity=1)]
[Stage B]   target order (arity-asc): [vars=(1,)(arity=1)]
[Stage B]   target order (arity-asc): [vars=(1,)(arity=1)]
[Stage B]   target order (arity-asc): [vars=(1,)(arity=1)]
[Stage B] RuleUnivariateMulPeel: detected [k=1] on NN vars=(1,)
[Stage B]  Greedy order (1 cands): mono_peel_nn_resid(1009p)
[Stage B]  Trying mono-peel + NN residual (k=1) on NN leaf vars (1,)
[Stage B] Post-custom-init validation (attempt 0), batch 0, finite: 2000/2000, min: -8.242e+05, max: 3.859e+04, mean: -2.101e+04
[Stage B] Post-custom-init validation (attempt 0), batch 1, finite: 2000/2000, min: -7.668e+05, max: 3.852e+04, mean: -2.443e+04
[Stage B] Post-custom-init validation (attempt 0), batch 2, finite: 2000/2000, min: -7.287e+05, max: 4.098e+04, mean: -1.348e+04
[Stage B] Prediction scale check (attempt 0): pred_median=8.812e+03, true_median=9.826e-02, ratio=8.968e+04
[Stage B] Warning: init scale_ratio extreme; rejecting candidate.
[Stage B]    Candidate (mono_peel_nn_resid) rejected at init (non-finite loss); trying next.
[Stage B]   target order (arity-asc): [vars=(1,)(arity=1)]
[Stage B]  Greedy order (1 cands): precond_fallback_div(1009p)
[Stage B]  Precheck reject (units: poly leaf with unitful inputs requires homogeneous basis (min_total=degree=1), but got min_total=0) rule=preconditioner_fallback_nn cand=precond_fallback_div target=nn#leaf2 vars=(1,) attempted=0
[Stage B]   target order (arity-asc): [vars=(1,)(arity=1)]
[Stage B] ratpoly_1d degree probe: no valid pairs, falling back to unconstrained grid, vars=(1,)
[Stage B] ratpoly_1d probe: 1 sub-threshold trial(s) for vars=(1,): deg=(4,1)->(4,1) nnz=(5,2) rms=0.0094
[Stage B] RuleLastHardAtomRescue proposing 1 capped candidate(s) for final NN vars=(1,): ['last_ratpoly_1d']
[Stage B]  Exhaustive order (1 cands): last_ratpoly_1d(15p)
[Stage B]  Trying 1D ratpoly deg=(4,1)->(4,1) nnz=(5,2) (scale*P_red(x)/Q(x)) rewrite on NN leaf vars (1,)
[Stage B custom_init ratpoly_1d] Init on vars (1,): deg=(4,1)->(4,1), nnz=(5,2), rel_rms≈9.38e-03
[Stage B] Post-custom-init validation (attempt 0), batch 0, finite: 2000/2000, min: 1.150e+02, max: 1.455e+04, mean: 1.399e+03
[Stage B] Post-custom-init validation (attempt 0), batch 1, finite: 2000/2000, min: 1.114e+02, max: 1.504e+04, mean: 1.480e+03
[Stage B] Post-custom-init validation (attempt 0), batch 2, finite: 2000/2000, min: 1.188e+02, max: 1.438e+04, mean: 1.411e+03
[Stage B] Prediction scale check (attempt 0): pred_median=8.191e+02, true_median=9.826e-02, ratio=8.337e+03
[Stage B] Warning: init scale_ratio extreme; rejecting candidate.
[Stage B]    Candidate (last_ratpoly_1d) rejected at init (non-finite loss); trying next.
[Stage B]   Backtrack: reverted accept (scale), restored to loss=2.650e-10 (budget=2 remaining)
[Stage B] === Phase 1: Searching for separabilities (additive, multiplicative) ===
[Stage B] Rule nonsense_units_zero_prune found 0 targets
[Stage B] Rule monomial_peel_priority found 3 targets
[Stage B]   target order (arity-asc): [vars=(0,)(arity=1), vars=(1, 2)(arity=1), vars=(1,)(arity=1)]
[Stage B] monomial_peel_priority shortlist: monomial_deg1[z_inv]@nn#leaf1 vars=(1, 2) (k=-0.615, rel=0.0966); monomial_deg2[z_inv]@nn#leaf1 vars=(1, 2) (k=-0.615, rel=0.0966); monomial_deg1@nn#leaf1 vars=(1, 2) (k=-0.615, rel=0.0966); monomial_deg3[z_inv]@nn#leaf1 vars=(1, 2) (k=-0.615, rel=0.0966); monomial_deg2@nn#leaf1 vars=(1, 2) (k=-0.615, rel=0.0966); monomial_deg3@nn#leaf1 vars=(1, 2) (k=-0.615, rel=0.0966); monomial_deg1[z_inv]@nn#leaf2 vars=(1,) (k=0.453, rel=0.485); monomial_deg2[z_inv]@nn#leaf2 vars=(1,) (k=0.453, rel=0.485)
[Stage B] Rule monomial_peel_priority trying 12 globally ranked candidates
[Stage B]  Greedy order (1 cands): monomial_deg1[z_inv](1998p)
[Stage B]  Priority trying 1D monomial (c·x^1) rewrite on NN leaf vars (1, 2) [coord=1/z]
[Stage B] Initialising RPolyLeaf for vars (1, 2), tag=leaf1
[info] dataloader for provider ASTCompositeAdaptor yields 3 batches (equivalent to a single batch up to floating-point roundoff; minor Python-loop overhead per batch).
[LM][bucket] solving P=768 (trivially separable union)
Validation patience exceeded at epoch 601/2000, nval_worse=500
[Stage B]    Candidate (monomial_deg1[z_inv]): params=768, val-loss=5.0440e-04
[Stage B]    Reject (monomial_deg1[z_inv]): simpler-over-budget(thr=6.032e-10) | loss 2.650e-10->5.044e-04 (Δ+5.04e-04) | params 1152->768 | cx (0, 0, 0)->(0, 0, 0)
[Stage B]  Greedy order (1 cands): monomial_deg2[z_inv](1998p)
[Stage B]  Priority trying 1D monomial (c·x^2) rewrite on NN leaf vars (1, 2) [coord=1/z]
[Stage B] Initialising RPolyLeaf for vars (1, 2), tag=leaf1
[info] dataloader for provider ASTCompositeAdaptor yields 3 batches (equivalent to a single batch up to floating-point roundoff; minor Python-loop overhead per batch).
Validation patience exceeded at epoch 1101/2000, nval_worse=500
[Stage B]    Candidate (monomial_deg2[z_inv]): params=768, val-loss=2.4360e-03
[Stage B]    Reject (monomial_deg2[z_inv]): simpler-over-budget(thr=6.032e-10) | loss 2.650e-10->2.436e-03 (Δ+2.44e-03) | params 1152->768 | cx (0, 0, 0)->(0, 0, 0)
[Stage B]  Greedy order (1 cands): monomial_deg1(1998p)
[Stage B]  Priority trying 1D monomial (c·x^1) rewrite on NN leaf vars (1, 2)
[Stage B] Initialising RPolyLeaf for vars (1, 2), tag=leaf1
[info] dataloader for provider ASTCompositeAdaptor yields 3 batches (equivalent to a single batch up to floating-point roundoff; minor Python-loop overhead per batch).
[Stage B]    Candidate (monomial_deg1): params=768, val-loss=2.2225e-03
[Stage B]    Reject (monomial_deg1): simpler-over-budget(thr=6.032e-10) | loss 2.650e-10->2.222e-03 (Δ+2.22e-03) | params 1152->768 | cx (0, 0, 0)->(0, 0, 0)
[Stage B]  Greedy order (1 cands): monomial_deg3[z_inv](1998p)
[Stage B]  Priority trying 1D monomial (c·x^3) rewrite on NN leaf vars (1, 2) [coord=1/z]
[Stage B] Initialising RPolyLeaf for vars (1, 2), tag=leaf1
[info] dataloader for provider ASTCompositeAdaptor yields 3 batches (equivalent to a single batch up to floating-point roundoff; minor Python-loop overhead per batch).
Validation patience exceeded at epoch 701/2000, nval_worse=500
[Stage B]    Candidate (monomial_deg3[z_inv]): params=768, val-loss=5.0652e-03
[Stage B]    Reject (monomial_deg3[z_inv]): simpler-over-budget(thr=6.032e-10) | loss 2.650e-10->5.065e-03 (Δ+5.07e-03) | params 1152->768 | cx (0, 0, 0)->(0, 0, 0)
[Stage B]  Greedy order (1 cands): monomial_deg2(1998p)
[Stage B]  Priority trying 1D monomial (c·x^2) rewrite on NN leaf vars (1, 2)
[Stage B] Initialising RPolyLeaf for vars (1, 2), tag=leaf1
[info] dataloader for provider ASTCompositeAdaptor yields 3 batches (equivalent to a single batch up to floating-point roundoff; minor Python-loop overhead per batch).
Validation patience exceeded at epoch 1401/2000, nval_worse=500
[Stage B]    Candidate (monomial_deg2): params=768, val-loss=7.0453e-03
[Stage B]    Reject (monomial_deg2): simpler-over-budget(thr=6.032e-10) | loss 2.650e-10->7.045e-03 (Δ+7.05e-03) | params 1152->768 | cx (0, 0, 0)->(0, 0, 0)
[Stage B]  Greedy order (1 cands): monomial_deg3(1998p)
[Stage B]  Priority trying 1D monomial (c·x^3) rewrite on NN leaf vars (1, 2)
[Stage B] Initialising RPolyLeaf for vars (1, 2), tag=leaf1
[info] dataloader for provider ASTCompositeAdaptor yields 3 batches (equivalent to a single batch up to floating-point roundoff; minor Python-loop overhead per batch).
[Stage B]    Candidate (monomial_deg3): params=768, val-loss=1.4172e-02
[Stage B]    Reject (monomial_deg3): simpler-over-budget(thr=6.032e-10) | loss 2.650e-10->1.417e-02 (Δ+1.42e-02) | params 1152->768 | cx (0, 0, 0)->(0, 0, 0)
[Stage B]  Greedy order (1 cands): monomial_deg1[z_inv](1998p)
[Stage B]  Priority trying 1D monomial (c·x^1) rewrite on NN leaf vars (1,) [coord=1/z]
[Stage B] Initialising RPolyLeaf for vars (1,), tag=leaf2
[info] dataloader for provider ASTCompositeAdaptor yields 3 batches (equivalent to a single batch up to floating-point roundoff; minor Python-loop overhead per batch).
Validation patience exceeded at epoch 601/2000, nval_worse=500
[Stage B]    Candidate (monomial_deg1[z_inv]): params=768, val-loss=2.5828e-03
[Stage B]    Reject (monomial_deg1[z_inv]): simpler-over-budget(thr=6.032e-10) | loss 2.650e-10->2.583e-03 (Δ+2.58e-03) | params 1152->768 | cx (0, 0, 0)->(0, 0, 0)
[Stage B]  Greedy order (1 cands): monomial_deg2[z_inv](1998p)
[Stage B]  Priority trying 1D monomial (c·x^2) rewrite on NN leaf vars (1,) [coord=1/z]
[Stage B] Initialising RPolyLeaf for vars (1,), tag=leaf2
[info] dataloader for provider ASTCompositeAdaptor yields 3 batches (equivalent to a single batch up to floating-point roundoff; minor Python-loop overhead per batch).
Validation patience exceeded at epoch 801/2000, nval_worse=500
[Stage B]    Candidate (monomial_deg2[z_inv]): params=768, val-loss=1.7016e-02
[Stage B]    Reject (monomial_deg2[z_inv]): simpler-over-budget(thr=6.032e-10) | loss 2.650e-10->1.702e-02 (Δ+1.70e-02) | params 1152->768 | cx (0, 0, 0)->(0, 0, 0)
[Stage B]  Greedy order (1 cands): monomial_deg3[z_inv](1998p)
[Stage B]  Priority trying 1D monomial (c·x^3) rewrite on NN leaf vars (1,) [coord=1/z]
[Stage B] Initialising RPolyLeaf for vars (1,), tag=leaf2
[info] dataloader for provider ASTCompositeAdaptor yields 3 batches (equivalent to a single batch up to floating-point roundoff; minor Python-loop overhead per batch).
Validation patience exceeded at epoch 801/2000, nval_worse=500
[Stage B]    Candidate (monomial_deg3[z_inv]): params=768, val-loss=2.7791e-02
[Stage B]    Reject (monomial_deg3[z_inv]): simpler-over-budget(thr=6.032e-10) | loss 2.650e-10->2.779e-02 (Δ+2.78e-02) | params 1152->768 | cx (0, 0, 0)->(0, 0, 0)
[Stage B]  Greedy order (1 cands): monomial_deg1[z_inv](1998p)
[Stage B]  Priority trying 1D monomial (c·x^1) rewrite on NN leaf vars (0,) [coord=1/z]
[Stage B] Initialising RPolyLeaf for vars (0,), tag=leaf0
[info] dataloader for provider ASTCompositeAdaptor yields 3 batches (equivalent to a single batch up to floating-point roundoff; minor Python-loop overhead per batch).
Validation patience exceeded at epoch 801/2000, nval_worse=500
[Stage B]    Candidate (monomial_deg1[z_inv]): params=768, val-loss=7.1861e-02
[Stage B]    Reject (monomial_deg1[z_inv]): simpler-over-budget(thr=6.032e-10) | loss 2.650e-10->7.186e-02 (Δ+7.19e-02) | params 1152->768 | cx (0, 0, 0)->(0, 0, 0)
[Stage B]  Greedy order (1 cands): monomial_deg2[z_inv](1998p)
[Stage B]  Priority trying 1D monomial (c·x^2) rewrite on NN leaf vars (0,) [coord=1/z]
[Stage B] Initialising RPolyLeaf for vars (0,), tag=leaf0
[info] dataloader for provider ASTCompositeAdaptor yields 3 batches (equivalent to a single batch up to floating-point roundoff; minor Python-loop overhead per batch).
Validation patience exceeded at epoch 601/2000, nval_worse=500
[Stage B]    Candidate (monomial_deg2[z_inv]): params=768, val-loss=7.2406e-02
[Stage B]    Reject (monomial_deg2[z_inv]): simpler-over-budget(thr=6.032e-10) | loss 2.650e-10->7.241e-02 (Δ+7.24e-02) | params 1152->768 | cx (0, 0, 0)->(0, 0, 0)
[Stage B]  Greedy order (1 cands): monomial_deg3[z_inv](1998p)
[Stage B]  Priority trying 1D monomial (c·x^3) rewrite on NN leaf vars (0,) [coord=1/z]
[Stage B] Initialising RPolyLeaf for vars (0,), tag=leaf0
[info] dataloader for provider ASTCompositeAdaptor yields 3 batches (equivalent to a single batch up to floating-point roundoff; minor Python-loop overhead per batch).
Validation patience exceeded at epoch 601/2000, nval_worse=500
[Stage B]    Candidate (monomial_deg3[z_inv]): params=768, val-loss=7.2517e-02
[Stage B]    Reject (monomial_deg3[z_inv]): simpler-over-budget(thr=6.032e-10) | loss 2.650e-10->7.252e-02 (Δ+7.25e-02) | params 1152->768 | cx (0, 0, 0)->(0, 0, 0)
[Stage B] Rule subtree_separability found 0 targets
[Stage B] Rule last_hard_trig_square found 0 targets
[Stage B] Rule univariate_nn found 3 targets
[Stage B]   target order (arity-asc): [vars=(0,)(arity=1), vars=(1, 2)(arity=1), vars=(1,)(arity=1)]
[Stage B]  one_minus_cos_over_z2 skip NN vars (0,): no trig hint
[Stage B] ratpoly_1d degree probe: no valid pairs, falling back to unconstrained grid, vars=(0,)
[Stage B] ratpoly_1d rejected: best rel_rms=0.0061 > 0.001, deg=(4,2), vars=(0,)
[Stage B] ratpoly_1d degree probe: no valid pairs, falling back to unconstrained grid, vars=(0,)
[Stage B] ratpoly_1d rejected: best rel_rms=0.0038 > 0.001, deg=(2,4), vars=(0,)
[Stage B]  one_minus_cos_over_z2 skip NN vars (0,): no trig hint
[Stage B] ratpoly_1d degree probe: no valid pairs, falling back to unconstrained grid, vars=(0,)
[Stage B] ratpoly_1d rejected: best rel_rms=0.7186 > 0.001, deg=(4,4), vars=(0,)
[Stage B] ratpoly_1d degree probe: no valid pairs, falling back to unconstrained grid, vars=(0,)
[Stage B] ratpoly_1d rejected: best rel_rms=0.0484 > 0.001, deg=(4,1), vars=(0,)
[Stage B] RuleUniNN proposing 13 candidates for NN vars=(0,): ['monomial_deg1', 'monomial_deg2', 'monomial_deg3', 'cf_sharedpref_resid', 'cf_combo', 'cf_combo', 'cf_combo', 'cf_combo', 'cf_combo', 'cf_combo', 'cf_combo', 'cf_combo', 'cf_combo']
[Stage B] RuleUniNN proposing 14 candidates for NN vars=(0,): ['scale', 'monomial_deg1[z_inv]', 'monomial_deg2[z_inv]', 'monomial_deg3[z_inv]', 'cf_sharedpref_resid[z_inv]', 'cf_combo[z_inv]', 'cf_combo[z_inv]', 'cf_combo[z_inv]', 'cf_combo[z_inv]', 'cf_combo[z_inv]', 'cf_combo[z_inv]', 'cf_combo[z_inv]', 'cf_combo[z_inv]', 'cf_combo[z_inv]']
[Stage B]  Greedy order (14 cands): scale(2000p), monomial_deg1[z_inv](1999p), monomial_deg2[z_inv](1999p), monomial_deg3[z_inv](1999p), cf_sharedpref_resid[z_inv](2001p), cf_combo[z_inv](2001p), cf_combo[z_inv](2000p), cf_combo[z_inv](2001p), cf_combo[z_inv](2000p), cf_combo[z_inv](2001p), cf_combo[z_inv](2000p), cf_combo[z_inv](2001p), cf_combo[z_inv](2000p), cf_combo[z_inv](2001p)
[Stage B]  [31mSkipped[0m (scale): amber_skip
[Stage B]  Trying 1D monomial (c·x^1) rewrite on NN leaf vars (0,) [coord=1/z]
[Stage B] Initialising PolyLeaf for vars (0,), tag=leaf0
[info] dataloader for provider ASTCompositeAdaptor yields 3 batches (equivalent to a single batch up to floating-point roundoff; minor Python-loop overhead per batch).
[LM][bucket] solving P=769 (trivially separable union)
Validation patience exceeded at epoch 801/2000, nval_worse=500
[Stage B]    Candidate (monomial_deg1[z_inv]): params=769, val-loss=7.1866e-02
[Stage B]    Reject (monomial_deg1[z_inv]): simpler-over-budget(thr=5.374e-10) | loss 2.650e-10->7.187e-02 (Δ+7.19e-02) | params 1152->769 | cx (0, 0, 0)->(0, 0, 0)
[Stage B]  Trying 1D monomial (c·x^2) rewrite on NN leaf vars (0,) [coord=1/z]
[Stage B] Initialising PolyLeaf for vars (0,), tag=leaf0
[info] dataloader for provider ASTCompositeAdaptor yields 3 batches (equivalent to a single batch up to floating-point roundoff; minor Python-loop overhead per batch).
Validation patience exceeded at epoch 601/2000, nval_worse=500
[Stage B]    Candidate (monomial_deg2[z_inv]): params=769, val-loss=7.2406e-02
[Stage B]    Reject (monomial_deg2[z_inv]): simpler-over-budget(thr=5.374e-10) | loss 2.650e-10->7.241e-02 (Δ+7.24e-02) | params 1152->769 | cx (0, 0, 0)->(0, 0, 0)
[Stage B]  Trying 1D monomial (c·x^3) rewrite on NN leaf vars (0,) [coord=1/z]
[Stage B] Initialising PolyLeaf for vars (0,), tag=leaf0
[info] dataloader for provider ASTCompositeAdaptor yields 3 batches (equivalent to a single batch up to floating-point roundoff; minor Python-loop overhead per batch).
Validation patience exceeded at epoch 701/2000, nval_worse=500
[Stage B]    Candidate (monomial_deg3[z_inv]): params=769, val-loss=7.2521e-02
[Stage B]    Reject (monomial_deg3[z_inv]): simpler-over-budget(thr=5.374e-10) | loss 2.650e-10->7.252e-02 (Δ+7.25e-02) | params 1152->769 | cx (0, 0, 0)->(0, 0, 0)
[Stage B]  Precheck reject (units: units-inconsistent (L)) rule=univariate_nn cand=cf_sharedpref_resid[z_inv] target=nn#leaf0 vars=(0,) attempted=29
[Stage B]  Precheck reject (units: units-inconsistent (L)) rule=univariate_nn cand=cf_combo[z_inv] target=nn#leaf0 vars=(0,) attempted=29
[Stage B]  Precheck reject (units: units-inconsistent (L)) rule=univariate_nn cand=cf_combo[z_inv] target=nn#leaf0 vars=(0,) attempted=29
[Stage B]  Precheck reject (units: units-inconsistent (L)) rule=univariate_nn cand=cf_combo[z_inv] target=nn#leaf0 vars=(0,) attempted=29
[Stage B]  Precheck reject (units: units-inconsistent (L)) rule=univariate_nn cand=cf_combo[z_inv] target=nn#leaf0 vars=(0,) attempted=29
[Stage B]  Precheck reject (units: units-inconsistent (L)) rule=univariate_nn cand=cf_combo[z_inv] target=nn#leaf0 vars=(0,) attempted=29
[Stage B]  Precheck reject (units: units-inconsistent (L)) rule=univariate_nn cand=cf_combo[z_inv] target=nn#leaf0 vars=(0,) attempted=29
[Stage B]  Precheck reject (units: units-inconsistent (L)) rule=univariate_nn cand=cf_combo[z_inv] target=nn#leaf0 vars=(0,) attempted=29
[Stage B]  Precheck reject (units: units-inconsistent (L)) rule=univariate_nn cand=cf_combo[z_inv] target=nn#leaf0 vars=(0,) attempted=29
[Stage B]  Precheck reject (units: units-inconsistent (L)) rule=univariate_nn cand=cf_combo[z_inv] target=nn#leaf0 vars=(0,) attempted=29
[Stage B] symexp_denom_1d accepted: rel_rms=0.0138, scale≈164, linear≈3.63, compound vars=(1, 2)
[Stage B] symexp_denom_1d_recip (poly) accepted: rel_rms=0.0139, scale≈164, linear≈3.86, compound vars=(1, 2)
[Stage B] inv_poly: using degree-probe monomials, 3 valid terms, vars=(1, 2)
[Stage B] inv_poly probe: 1 sub-threshold trial(s) for vars=(1, 2): deg=2 rms=0.0003 n=3
[Stage B] sqrt_poly: degree-probe active, sqrt=3 terms (probed=True), inv=3 terms (probed=True), vars=(1, 2)
[Stage B]  one_minus_cos_over_z2 skip NN vars (1, 2): screen failed for z=(x1 * (x2)**-1); exact best rel=5.83e-02 at omega≈2; affine best rel=4.17e-02, offset_rel=2.23e-02 at omega≈2; thresholds rel<=2.00e-02, offset_rel<=1.50e-01
[Stage B]  sparse_factor_1d skip NN vars (1, 2): screen failed for z=(x1 * (x2)**-1); best rel=7.62e-02, threshold=2.00e-02
[Stage B] ratpoly_1d degree probe: 1 valid pair(s), min_deg=(0,0), vars=(1, 2)
[Stage B] ratpoly_1d probe: 9 sub-threshold trial(s) for vars=(1, 2): deg=(2,1)->(2,0) nnz=(3,1) rms=0.0003, deg=(1,4)->(1,2) nnz=(2,3) rms=0.0000, deg=(1,3)->(1,3) nnz=(2,3) rms=0.0000, deg=(2,2)->(2,2) nnz=(3,2) rms=0.0000, deg=(3,1)->(3,1) nnz=(3,2) rms=0.0000, deg=(3,3)->(3,1) nnz=(3,2) rms=0.0000, deg=(4,1)->(4,0) nnz=(4,1) rms=0.0000, deg=(4,4)->(3,2) nnz=(2,3) rms=0.0001, deg=(0,4)->(0,4) nnz=(1,5) rms=0.0001
[Stage B] ratpoly_1d degree probe: 1 valid pair(s), min_deg=(0,0), vars=(1, 2)
[Stage B] ratpoly_1d probe: 12 sub-threshold trial(s) for vars=(1, 2): deg=(0,2)->(0,2) nnz=(1,3) rms=0.0003, deg=(0,3)->(0,3) nnz=(1,4) rms=0.0000, deg=(1,2)->(1,2) nnz=(2,3) rms=0.0000, deg=(2,1)->(2,1) nnz=(3,2) rms=0.0000, deg=(2,2)->(2,2) nnz=(3,2) rms=0.0002, deg=(2,3)->(2,3) nnz=(3,2) rms=0.0001, deg=(3,3)->(3,3) nnz=(3,2) rms=0.0001, deg=(3,4)->(3,4) nnz=(3,2) rms=0.0000, deg=(0,4)->(0,4) nnz=(1,5) rms=0.0000, deg=(3,1)->(3,1) nnz=(4,2) rms=0.0000, deg=(4,1)->(4,0) nnz=(5,1) rms=0.0001, deg=(1,4)->(1,4) nnz=(2,5) rms=0.0000
[Stage B] ratpoly_1d degree probe: 1 valid pair(s), min_deg=(0,0), vars=(1, 2)
[Stage B] ratpoly_1d probe: 10 sub-threshold trial(s) for vars=(1, 2): deg=(0,2)->(0,2) nnz=(1,3) rms=0.0042, deg=(1,1)->(1,1) nnz=(2,2) rms=0.0002, deg=(2,1)->(2,1) nnz=(2,2) rms=0.0001, deg=(2,2)->(2,1) nnz=(2,2) rms=0.0002, deg=(0,3)->(0,3) nnz=(1,4) rms=0.0003, deg=(1,3)->(1,2) nnz=(2,3) rms=0.0000, deg=(3,3)->(3,0) nnz=(4,1) rms=0.0000, deg=(0,4)->(0,4) nnz=(1,4) rms=0.0000, deg=(4,1)->(3,1) nnz=(3,2) rms=0.0000, deg=(3,2)->(3,2) nnz=(2,3) rms=0.0000
[Stage B] symexp_denom_1d accepted: rel_rms=0.0139, scale≈164, linear≈-1.55, compound vars=(1, 2)
[Stage B] symexp_denom_1d_recip (poly) accepted: rel_rms=0.0138, scale≈164, linear≈-1.59, compound vars=(1, 2)
[Stage B] inv_poly: using degree-probe monomials, 3 valid terms, vars=(1, 2)
[Stage B] inv_poly rejected: best rel_rms=0.0019 > 0.001, degree=2, vars=(1, 2)
[Stage B] sqrt_poly: degree-probe active, sqrt=3 terms (probed=True), inv=3 terms (probed=True), vars=(1, 2)
[Stage B]  one_minus_cos_over_z2 skip NN vars (1, 2): screen failed for z=(x2 / x1); exact best rel=1.05e-01 at omega≈2; affine best rel=5.31e-02, offset_rel=7.92e-02 at omega≈2; thresholds rel<=2.00e-02, offset_rel<=1.50e-01
[Stage B]  sparse_factor_1d skip NN vars (1, 2): screen failed for z=(x2 / x1); best rel=9.17e-02, threshold=2.00e-02
[Stage B] ratpoly_1d degree probe: 1 valid pair(s), min_deg=(0,0), vars=(1, 2)
[Stage B] ratpoly_1d probe: 9 sub-threshold trial(s) for vars=(1, 2): deg=(1,2)->(1,2) nnz=(2,3) rms=0.0002, deg=(2,1)->(2,1) nnz=(3,2) rms=0.0002, deg=(3,1)->(3,0) nnz=(4,1) rms=0.0001, deg=(1,3)->(1,3) nnz=(2,3) rms=0.0001, deg=(2,2)->(2,2) nnz=(3,2) rms=0.0000, deg=(2,4)->(2,3) nnz=(2,3) rms=0.0000, deg=(4,2)->(3,2) nnz=(3,2) rms=0.0000, deg=(3,3)->(3,3) nnz=(2,3) rms=0.0000, deg=(4,4)->(4,4) nnz=(2,4) rms=0.0000
[Stage B] ratpoly_1d degree probe: 1 valid pair(s), min_deg=(0,0), vars=(1, 2)
[Stage B] ratpoly_1d probe: 8 sub-threshold trial(s) for vars=(1, 2): deg=(2,2)->(2,2) nnz=(3,3) rms=0.0000, deg=(2,3)->(2,3) nnz=(3,4) rms=0.0000, deg=(3,2)->(3,2) nnz=(4,3) rms=0.0000, deg=(2,4)->(2,4) nnz=(3,5) rms=0.0000, deg=(3,3)->(3,3) nnz=(4,4) rms=0.0000, deg=(4,2)->(4,2) nnz=(5,3) rms=0.0000, deg=(3,4)->(3,4) nnz=(4,5) rms=0.0000, deg=(4,3)->(4,3) nnz=(5,4) rms=0.0000
[Stage B] ratpoly_1d degree probe: 1 valid pair(s), min_deg=(0,0), vars=(1, 2)
[Stage B] ratpoly_1d probe: 8 sub-threshold trial(s) for vars=(1, 2): deg=(0,3)->(0,3) nnz=(1,4) rms=0.0052, deg=(1,3)->(1,2) nnz=(2,3) rms=0.0000, deg=(2,1)->(2,1) nnz=(3,2) rms=0.0000, deg=(2,2)->(2,2) nnz=(2,3) rms=0.0000, deg=(4,1)->(3,1) nnz=(3,2) rms=0.0000, deg=(3,4)->(3,2) nnz=(3,2) rms=0.0000, deg=(0,4)->(0,4) nnz=(1,5) rms=0.0008, deg=(1,4)->(1,4) nnz=(2,5) rms=0.0000
[Stage B] RuleUniNN proposing 62 candidates for NN vars=(1, 2): ['monomial_deg1', 'monomial_deg2', 'monomial_deg3', 'poly', 'planck_p1', 'planck_p2', 'planck_full', 'expm1', 'symexp_denom_1d_recip', 'symexp_denom_1d', '1d_powexp', 'polylog', 'logshifted', 'sqrt_poly', 'cf_combo', 'cf_combo', 'cf_combo', 'cf_combo', 'cf_combo', 'cf_combo', 'cf_combo', 'cf_combo', 'cf_combo', 'cf_combo', 'sqrt_ratpoly_1d', 'sqrt_ratpoly_1d[1]', 'sqrt_ratpoly_1d[2]', 'sqrt_ratpoly_1d[3]', 'sqrt_ratpoly_1d[4]', 'sqrt_ratpoly_1d[5]', 'sqrt_ratpoly_1d[6]', 'sqrt_ratpoly_1d[7]', 'sqrt_ratpoly_1d[8]', 'sqrt_ratpoly_1d[9]', 'sqrt_ratpoly_1d[10]', 'sqrt_ratpoly_1d[11]', 'sqrt_ratpoly_1d[12]', 'sqrt_ratpoly_1d[13]', 'sqrt_ratpoly_1d[14]', 'sqrt_ratpoly_1d[15]', 'sqrt_ratpoly_1d[16]', 'ratpoly_1d', 'ratpoly_1d[1]', 'ratpoly_1d[2]', 'ratpoly_1d[3]', 'ratpoly_1d[4]', 'ratpoly_1d[5]', 'ratpoly_1d[6]', 'ratpoly_1d[7]', 'exp', 'exp_rat', 'tanh', 'trig', 'trig', 'trig', 'trig', 'trig', 'sinc_p2', 'affine_trig', 'leaftr_square_poly3', 'leaftr_sqrt_poly3', 'leaftr_log_poly3']
[Stage B]  Skipping reciprocal-coordinate alias polylog: closed-under-reciprocal:polylog
[Stage B]  Skipping reciprocal-coordinate alias sqrt_ratpoly_1d: closed-under-reciprocal:sqrt_ratpoly_1d
[Stage B]  Skipping reciprocal-coordinate alias sqrt_ratpoly_1d[1]: closed-under-reciprocal:sqrt_ratpoly_1d
[Stage B]  Skipping reciprocal-coordinate alias sqrt_ratpoly_1d[2]: closed-under-reciprocal:sqrt_ratpoly_1d
[Stage B]  Skipping reciprocal-coordinate alias sqrt_ratpoly_1d[3]: closed-under-reciprocal:sqrt_ratpoly_1d
[Stage B]  Skipping reciprocal-coordinate alias sqrt_ratpoly_1d[4]: closed-under-reciprocal:sqrt_ratpoly_1d
[Stage B]  Skipping reciprocal-coordinate alias sqrt_ratpoly_1d[5]: closed-under-reciprocal:sqrt_ratpoly_1d
[Stage B]  Skipping reciprocal-coordinate alias sqrt_ratpoly_1d[6]: closed-under-reciprocal:sqrt_ratpoly_1d
[Stage B]  Skipping reciprocal-coordinate alias sqrt_ratpoly_1d[7]: closed-under-reciprocal:sqrt_ratpoly_1d
[Stage B]  Skipping reciprocal-coordinate alias sqrt_ratpoly_1d[8]: closed-under-reciprocal:sqrt_ratpoly_1d
[Stage B]  Skipping reciprocal-coordinate alias sqrt_ratpoly_1d[9]: closed-under-reciprocal:sqrt_ratpoly_1d
[Stage B]  Skipping reciprocal-coordinate alias sqrt_ratpoly_1d[10]: closed-under-reciprocal:sqrt_ratpoly_1d
[Stage B]  Skipping reciprocal-coordinate alias sqrt_ratpoly_1d[11]: closed-under-reciprocal:sqrt_ratpoly_1d
[Stage B]  Skipping reciprocal-coordinate alias sqrt_ratpoly_1d[12]: closed-under-reciprocal:sqrt_ratpoly_1d
[Stage B]  Skipping reciprocal-coordinate alias sqrt_ratpoly_1d[13]: closed-under-reciprocal:sqrt_ratpoly_1d
[Stage B]  Skipping reciprocal-coordinate alias sqrt_ratpoly_1d[14]: closed-under-reciprocal:sqrt_ratpoly_1d
[Stage B]  Skipping reciprocal-coordinate alias sqrt_ratpoly_1d[15]: closed-under-reciprocal:sqrt_ratpoly_1d
[Stage B]  Skipping reciprocal-coordinate alias sqrt_ratpoly_1d[16]: closed-under-reciprocal:sqrt_ratpoly_1d
[Stage B]  Skipping reciprocal-coordinate alias ratpoly_1d: closed-under-reciprocal:ratpoly_1d
[Stage B]  Skipping reciprocal-coordinate alias ratpoly_1d[1]: closed-under-reciprocal:ratpoly_1d
[Stage B]  Skipping reciprocal-coordinate alias ratpoly_1d[2]: closed-under-reciprocal:ratpoly_1d
[Stage B]  Skipping reciprocal-coordinate alias ratpoly_1d[3]: closed-under-reciprocal:ratpoly_1d
[Stage B]  Skipping reciprocal-coordinate alias ratpoly_1d[4]: closed-under-reciprocal:ratpoly_1d
[Stage B]  Skipping reciprocal-coordinate alias ratpoly_1d[5]: closed-under-reciprocal:ratpoly_1d
[Stage B]  Skipping reciprocal-coordinate alias ratpoly_1d[6]: closed-under-reciprocal:ratpoly_1d
[Stage B]  Skipping reciprocal-coordinate alias ratpoly_1d[7]: closed-under-reciprocal:ratpoly_1d
[Stage B]  Skipping reciprocal-coordinate alias exp_rat: closed-under-reciprocal:exp_rat
[Stage B] RuleUniNN proposing 104 candidates for NN vars=(1, 2): ['monomial_deg1', 'monomial_deg1[z_inv]', 'monomial_deg2', 'monomial_deg2[z_inv]', 'monomial_deg3', 'monomial_deg3[z_inv]', 'poly', 'poly[z_inv]', 'planck_p0', 'planck_p1', 'planck_p1[z_inv]', 'planck_p2', 'planck_p2[z_inv]', 'planck_full', 'planck_full[z_inv]', 'symexp_denom_1d', 'symexp_denom_1d[z_inv]', 'symexp_denom_1d_recip', 'symexp_denom_1d_recip[z_inv]', '1d_powexp', '1d_powexp[z_inv]', 'polylog', 'logshifted', 'logshifted[z_inv]', 'inv_poly', 'sqrt_poly', 'sqrt_poly[z_inv]', 'cf_combo', 'cf_combo[z_inv]', 'cf_combo[z_inv]', 'cf_combo[z_inv]', 'cf_combo[z_inv]', 'cf_combo[z_inv]', 'cf_combo[z_inv]', 'cf_combo[z_inv]', 'cf_combo[z_inv]', 'cf_combo[z_inv]', 'cf_combo[z_inv]', 'cf_combo', 'cf_combo', 'cf_combo', 'cf_combo', 'cf_combo', 'cf_combo', 'cf_combo', 'cf_combo', 'cf_combo', 'sqrt_ratpoly_1d', 'sqrt_ratpoly_1d[1]', 'sqrt_ratpoly_1d[2]', 'sqrt_ratpoly_1d[3]', 'sqrt_ratpoly_1d[4]', 'sqrt_ratpoly_1d[5]', 'sqrt_ratpoly_1d[6]', 'sqrt_ratpoly_1d[7]', 'sqrt_ratpoly_1d[8]', 'sqrt_ratpoly_1d[9]', 'sqrt_ratpoly_1d[10]', 'sqrt_ratpoly_1d[11]', 'sqrt_ratpoly_1d[12]', 'sqrt_ratpoly_1d[13]', 'sqrt_ratpoly_1d[14]', 'sqrt_ratpoly_1d[15]', 'sqrt_ratpoly_1d[16]', 'sqrt_ratpoly_1d[17]', 'sqrt_ratpoly_1d[18]', 'sqrt_ratpoly_1d[19]', 'sqrt_ratpoly_1d[20]', 'ratpoly_1d', 'ratpoly_1d[1]', 'ratpoly_1d[2]', 'ratpoly_1d[3]', 'ratpoly_1d[4]', 'ratpoly_1d[5]', 'ratpoly_1d[6]', 'ratpoly_1d[7]', 'ratpoly_1d[8]', 'ratpoly_1d[9]', 'exp', 'exp[z_inv]', 'exp_rat', 'tanh', 'tanh[z_inv]', 'trig', 'trig[z_inv]', 'trig[z_inv]', 'trig[z_inv]', 'trig[z_inv]', 'trig[z_inv]', 'trig', 'trig', 'trig', 'trig', 'sinc_p2', 'sinc_p2[z_inv]', 'affine_trig', 'affine_trig[z_inv]', 'leaftr_square_poly3', 'leaftr_square_poly3[z_inv]', 'leaftr_sqrt_poly3', 'leaftr_sqrt_poly3[z_inv]', 'leaftr_log_poly3', 'leaftr_log_poly3[z_inv]', 'expm1[z_inv]']
[Stage B]  Greedy order (104 cands): monomial_deg1(1999p), monomial_deg1[z_inv](1999p), monomial_deg2(1999p), monomial_deg2[z_inv](1999p), monomial_deg3(1999p), monomial_deg3[z_inv](1999p), poly(2000p), poly[z_inv](2000p), planck_p0(2p), planck_p1(2p), planck_p1[z_inv](2p), planck_p2(2p), planck_p2[z_inv](2p), planck_full(4p), planck_full[z_inv](4p), symexp_denom_1d(2004p), symexp_denom_1d[z_inv](2004p), symexp_denom_1d_recip(2004p), symexp_denom_1d_recip[z_inv](2004p), 1d_powexp(2003p), 1d_powexp[z_inv](2003p), polylog(2000p), logshifted(2001p), logshifted[z_inv](2001p), inv_poly(2001p), sqrt_poly(2001p), sqrt_poly[z_inv](2001p), cf_combo(2001p), cf_combo[z_inv](2001p), cf_combo[z_inv](2000p), cf_combo[z_inv](2001p), cf_combo[z_inv](2000p), cf_combo[z_inv](2001p), cf_combo[z_inv](2000p), cf_combo[z_inv](2001p), cf_combo[z_inv](2000p), cf_combo[z_inv](2001p), cf_combo[z_inv](2000p), cf_combo(2000p), cf_combo(2001p), cf_combo(2000p), cf_combo(2001p), cf_combo(2000p), cf_combo(2001p), cf_combo(2000p), cf_combo(2001p), cf_combo(2000p), sqrt_ratpoly_1d(2002p), sqrt_ratpoly_1d[1](2003p), sqrt_ratpoly_1d[2](2003p), sqrt_ratpoly_1d[3](2003p), sqrt_ratpoly_1d[4](2003p), sqrt_ratpoly_1d[5](2003p), sqrt_ratpoly_1d[6](2003p), sqrt_ratpoly_1d[7](2003p), sqrt_ratpoly_1d[8](2004p), sqrt_ratpoly_1d[9](2002p), sqrt_ratpoly_1d[10](2003p), sqrt_ratpoly_1d[11](2003p), sqrt_ratpoly_1d[12](2003p), sqrt_ratpoly_1d[13](2003p), sqrt_ratpoly_1d[14](2003p), sqrt_ratpoly_1d[15](2003p), sqrt_ratpoly_1d[16](2003p), sqrt_ratpoly_1d[17](2004p), sqrt_ratpoly_1d[18](2004p), sqrt_ratpoly_1d[19](2004p), sqrt_ratpoly_1d[20](2005p), ratpoly_1d(2002p), ratpoly_1d[1](2002p), ratpoly_1d[2](2002p), ratpoly_1d[3](2002p), ratpoly_1d[4](2003p), ratpoly_1d[5](2003p), ratpoly_1d[6](2003p), ratpoly_1d[7](2003p), ratpoly_1d[8](2003p), ratpoly_1d[9](2003p), exp(2001p), exp[z_inv](2001p), exp_rat(2004p), tanh(2001p), tanh[z_inv](2001p), trig(2001p), trig[z_inv](2001p), trig[z_inv](2001p), trig[z_inv](2001p), trig[z_inv](2001p), trig[z_inv](2001p), trig(2001p), trig(2001p), trig(2001p), trig(2001p), sinc_p2(2001p), sinc_p2[z_inv](2001p), affine_trig(2002p), affine_trig[z_inv](2002p), leaftr_square_poly3(2002p), leaftr_square_poly3[z_inv](2002p), leaftr_sqrt_poly3(2002p), leaftr_sqrt_poly3[z_inv](2002p), leaftr_log_poly3(2002p), leaftr_log_poly3[z_inv](2002p), expm1[z_inv](2001p)
[Stage B]  Trying 1D monomial (c·x^1) rewrite on NN leaf vars (1, 2)
[Stage B] Initialising PolyLeaf for vars (1, 2), tag=leaf1
[info] dataloader for provider ASTCompositeAdaptor yields 3 batches (equivalent to a single batch up to floating-point roundoff; minor Python-loop overhead per batch).
[Stage B]    Candidate (monomial_deg1): params=769, val-loss=2.1822e-03
[Stage B]    Reject (monomial_deg1): simpler-over-budget(thr=5.374e-10) | loss 2.650e-10->2.182e-03 (Δ+2.18e-03) | params 1152->769 | cx (0, 0, 0)->(0, 0, 0)
[Stage B]  Trying 1D monomial (c·x^1) rewrite on NN leaf vars (1, 2) [coord=1/z]
[Stage B] Initialising PolyLeaf for vars (1, 2), tag=leaf1
[info] dataloader for provider ASTCompositeAdaptor yields 3 batches (equivalent to a single batch up to floating-point roundoff; minor Python-loop overhead per batch).
Validation patience exceeded at epoch 1401/2000, nval_worse=500
[Stage B]    Candidate (monomial_deg1[z_inv]): params=769, val-loss=4.8364e-04
[Stage B]    Reject (monomial_deg1[z_inv]): simpler-over-budget(thr=5.374e-10) | loss 2.650e-10->4.836e-04 (Δ+4.84e-04) | params 1152->769 | cx (0, 0, 0)->(0, 0, 0)
[Stage B]  Trying 1D monomial (c·x^2) rewrite on NN leaf vars (1, 2)
[Stage B] Initialising PolyLeaf for vars (1, 2), tag=leaf1
[info] dataloader for provider ASTCompositeAdaptor yields 3 batches (equivalent to a single batch up to floating-point roundoff; minor Python-loop overhead per batch).
Validation patience exceeded at epoch 1801/2000, nval_worse=500
[Stage B]    Candidate (monomial_deg2): params=769, val-loss=7.2251e-03
[Stage B]    Reject (monomial_deg2): simpler-over-budget(thr=5.374e-10) | loss 2.650e-10->7.225e-03 (Δ+7.23e-03) | params 1152->769 | cx (0, 0, 0)->(0, 0, 0)
[Stage B]  Trying 1D monomial (c·x^2) rewrite on NN leaf vars (1, 2) [coord=1/z]
[Stage B] Initialising PolyLeaf for vars (1, 2), tag=leaf1
[info] dataloader for provider ASTCompositeAdaptor yields 3 batches (equivalent to a single batch up to floating-point roundoff; minor Python-loop overhead per batch).
Validation patience exceeded at epoch 601/2000, nval_worse=500
[Stage B]    Candidate (monomial_deg2[z_inv]): params=769, val-loss=2.4839e-03
[Stage B]    Reject (monomial_deg2[z_inv]): simpler-over-budget(thr=5.374e-10) | loss 2.650e-10->2.484e-03 (Δ+2.48e-03) | params 1152->769 | cx (0, 0, 0)->(0, 0, 0)
[Stage B]  Trying 1D monomial (c·x^3) rewrite on NN leaf vars (1, 2)
[Stage B] Initialising PolyLeaf for vars (1, 2), tag=leaf1
[info] dataloader for provider ASTCompositeAdaptor yields 3 batches (equivalent to a single batch up to floating-point roundoff; minor Python-loop overhead per batch).
[Stage B]    Candidate (monomial_deg3): params=769, val-loss=1.4340e-02
[Stage B]    Reject (monomial_deg3): simpler-over-budget(thr=5.374e-10) | loss 2.650e-10->1.434e-02 (Δ+1.43e-02) | params 1152->769 | cx (0, 0, 0)->(0, 0, 0)
[Stage B]  Trying 1D monomial (c·x^3) rewrite on NN leaf vars (1, 2) [coord=1/z]
[Stage B] Initialising PolyLeaf for vars (1, 2), tag=leaf1
[info] dataloader for provider ASTCompositeAdaptor yields 3 batches (equivalent to a single batch up to floating-point roundoff; minor Python-loop overhead per batch).
Validation patience exceeded at epoch 901/2000, nval_worse=500
[Stage B]    Candidate (monomial_deg3[z_inv]): params=769, val-loss=4.9326e-03
[Stage B]    Reject (monomial_deg3[z_inv]): simpler-over-budget(thr=5.374e-10) | loss 2.650e-10->4.933e-03 (Δ+4.93e-03) | params 1152->769 | cx (0, 0, 0)->(0, 0, 0)
[Stage B]  Trying 1D poly rewrite on NN leaf vars (1, 2), degree=1
[Stage B] Initialising PolyLeaf for vars (1, 2), tag=leaf1
[info] dataloader for provider ASTCompositeAdaptor yields 3 batches (equivalent to a single batch up to floating-point roundoff; minor Python-loop overhead per batch).
[LM][bucket] solving P=770 (trivially separable union)
Validation patience exceeded at epoch 801/2000, nval_worse=500
[Stage B]    Candidate (poly): params=770, val-loss=3.1659e-06
[Stage B]    Reject (poly): simpler-over-budget(thr=5.372e-10) | loss 2.650e-10->3.166e-06 (Δ+3.17e-06) | params 1152->770 | cx (0, 0, 0)->(0, 0, 0)
[Stage B]  Trying 1D poly rewrite on NN leaf vars (1, 2), degree=1 [coord=1/z]
[Stage B] Initialising PolyLeaf for vars (1, 2), tag=leaf1
[info] dataloader for provider ASTCompositeAdaptor yields 3 batches (equivalent to a single batch up to floating-point roundoff; minor Python-loop overhead per batch).
Validation patience exceeded at epoch 1101/2000, nval_worse=500
[Stage B]    Candidate (poly[z_inv]): params=770, val-loss=1.0679e-06
[Stage B]    Reject (poly[z_inv]): simpler-over-budget(thr=5.372e-10) | loss 2.650e-10->1.068e-06 (Δ+1.07e-06) | params 1152->770 | cx (0, 0, 0)->(0, 0, 0)
[Stage B]  Precheck reject (duplicate-signature) rule=univariate_nn cand=planck_p0 target=nn#leaf1 vars=(1, 2) sig=(8429600123105969042, 43007, 0) attempted=29
[Stage B]  Precheck reject (duplicate-signature) rule=univariate_nn cand=planck_p1 target=nn#leaf1 vars=(1, 2) sig=(8429600123105969042, 43007, 1000) attempted=29
[Stage B]  Precheck reject (duplicate-signature) rule=univariate_nn cand=planck_p1[z_inv] target=nn#leaf1 vars=(1, 2) sig=(-6302498017143174113, 43007, 1000) attempted=29
[Stage B]  Precheck reject (duplicate-signature) rule=univariate_nn cand=planck_p2 target=nn#leaf1 vars=(1, 2) sig=(8429600123105969042, 43007, 2000) attempted=29
[Stage B]  Precheck reject (duplicate-signature) rule=univariate_nn cand=planck_p2[z_inv] target=nn#leaf1 vars=(1, 2) sig=(-6302498017143174113, 43007, 2000) attempted=29
[Stage B]  Trying full 1D Planck rewrite on NN leaf vars (1, 2)
[Stage B custom_init PlanckFull] compound vars=(1, 2), p≈0.541, a≈1.21, logA≈5.41
[Stage B] Post-custom-init validation (attempt 0), batch 0, finite: 2000/2000, min: 2.179e+07, max: 6.991e+08, mean: 7.696e+07
[Stage B] Post-custom-init validation (attempt 0), batch 1, finite: 2000/2000, min: 2.181e+07, max: 7.757e+08, mean: 7.997e+07
[Stage B] Post-custom-init validation (attempt 0), batch 2, finite: 2000/2000, min: 2.215e+07, max: 6.399e+08, mean: 8.801e+07
[Stage B] Prediction scale check (attempt 0): pred_median=4.590e+07, true_median=9.826e-02, ratio=4.672e+08
[Stage B] Warning: init scale_ratio extreme; rejecting candidate.
[Stage B]    Candidate (planck_full) rejected at init (non-finite loss); trying next.
[Stage B]  Trying full 1D Planck rewrite on NN leaf vars (1, 2) [coord=1/z]
[Stage B custom_init PlanckFull] compound vars=(1, 2), p≈1.35, a≈0.711, logA≈4.92
[Stage B] Post-custom-init validation (attempt 0), batch 0, finite: 2000/2000, min: 3.531e+07, max: 8.952e+08, mean: 1.068e+08
[Stage B] Post-custom-init validation (attempt 0), batch 1, finite: 2000/2000, min: 3.529e+07, max: 9.743e+08, mean: 1.113e+08
[Stage B] Post-custom-init validation (attempt 0), batch 2, finite: 2000/2000, min: 3.445e+07, max: 8.525e+08, mean: 9.643e+07
[Stage B] Prediction scale check (attempt 0): pred_median=5.818e+07, true_median=9.826e-02, ratio=5.921e+08
[Stage B] Warning: init scale_ratio extreme; rejecting candidate.
[Stage B]    Candidate (planck_full[z_inv]) rejected at init (non-finite loss); trying next.
[Stage B]  Trying 1D symexp_denom_1d rewrite (scale/(exp(r)+exp(-r))) on NN leaf vars (1, 2)
[Stage B custom_init symexp_denom_1d] compound vars=(1, 2), scale≈164, r±(z)≈3.63*z
[Stage B] Post-custom-init validation (attempt 0), batch 0, finite: 2000/2000, min: 6.836e+05, max: 3.624e+07, mean: 3.465e+06
[Stage B] Post-custom-init validation (attempt 0), batch 1, finite: 2000/2000, min: 6.831e+05, max: 4.168e+07, mean: 3.581e+06
[Stage B] Post-custom-init validation (attempt 0), batch 2, finite: 2000/2000, min: 7.169e+05, max: 4.928e+07, mean: 6.069e+06
[Stage B] Prediction scale check (attempt 0): pred_median=2.691e+06, true_median=9.826e-02, ratio=2.739e+07
[Stage B] Warning: init scale_ratio extreme; rejecting candidate.
[Stage B]    Candidate (symexp_denom_1d) rejected at init (non-finite loss); trying next.
[Stage B]  Trying 1D symexp_denom_1d rewrite (scale/(exp(r)+exp(-r))) on NN leaf vars (1, 2) [coord=1/z]
[Stage B custom_init symexp_denom_1d] compound vars=(1, 2), scale≈164, r±(z)≈-1.55*z
[Stage B] Post-custom-init validation (attempt 0), batch 0, finite: 2000/2000, min: 7.651e+06, max: 2.260e+08, mean: 2.717e+07
[Stage B] Post-custom-init validation (attempt 0), batch 1, finite: 2000/2000, min: 7.612e+06, max: 2.407e+08, mean: 2.837e+07
[Stage B] Post-custom-init validation (attempt 0), batch 2, finite: 2000/2000, min: 5.601e+06, max: 2.397e+08, mean: 1.824e+07
[Stage B] Prediction scale check (attempt 0): pred_median=1.357e+07, true_median=9.826e-02, ratio=1.381e+08
[Stage B] Warning: init scale_ratio extreme; rejecting candidate.
[Stage B]    Candidate (symexp_denom_1d[z_inv]) rejected at init (non-finite loss); trying next.
[Stage B]  Trying 1D symexp_denom_1d_recip rewrite (scale/(exp(r)+exp(-r))) on NN leaf vars (1, 2)
[Stage B custom_init symexp_denom_1d_recip] compound vars=(1, 2), scale≈164, r±(z)≈3.86*z
[Stage B] Post-custom-init validation (attempt 0), batch 0, finite: 2000/2000, min: 5.293e+05, max: 2.937e+07, mean: 2.776e+06
[Stage B] Post-custom-init validation (attempt 0), batch 1, finite: 2000/2000, min: 5.289e+05, max: 3.390e+07, mean: 2.868e+06
[Stage B] Post-custom-init validation (attempt 0), batch 2, finite: 2000/2000, min: 5.567e+05, max: 4.148e+07, mean: 5.059e+06
[Stage B] Prediction scale check (attempt 0): pred_median=2.207e+06, true_median=9.826e-02, ratio=2.246e+07
[Stage B] Warning: init scale_ratio extreme; rejecting candidate.
[Stage B]    Candidate (symexp_denom_1d_recip) rejected at init (non-finite loss); trying next.
[Stage B]  Trying 1D symexp_denom_1d_recip rewrite (scale/(exp(r)+exp(-r))) on NN leaf vars (1, 2) [coord=1/z]
[Stage B custom_init symexp_denom_1d_recip] compound vars=(1, 2), scale≈164, r±(z)≈-1.59*z
[Stage B] Post-custom-init validation (attempt 0), batch 0, finite: 2000/2000, min: 7.333e+06, max: 2.182e+08, mean: 2.620e+07
[Stage B] Post-custom-init validation (attempt 0), batch 1, finite: 2000/2000, min: 7.295e+06, max: 2.333e+08, mean: 2.735e+07
[Stage B] Post-custom-init validation (attempt 0), batch 2, finite: 2000/2000, min: 5.318e+06, max: 2.319e+08, mean: 1.741e+07
[Stage B] Prediction scale check (attempt 0): pred_median=1.306e+07, true_median=9.826e-02, ratio=1.329e+08
[Stage B] Warning: init scale_ratio extreme; rejecting candidate.
[Stage B]    Candidate (symexp_denom_1d_recip[z_inv]) rejected at init (non-finite loss); trying next.
[Stage B]  Trying 1D power*exp-poly rewrite on NN leaf vars (1, 2)
[Stage B custom_init 1D] Power*exp-poly init on (x1 * (x2)**-1): A=6.701e+01, p=-0.615
[Stage B] Post-custom-init validation (attempt 0), batch 0, finite: 2000/2000, min: 1.714e+07, max: 4.879e+08, mean: 5.576e+07
[Stage B] Post-custom-init validation (attempt 0), batch 1, finite: 2000/2000, min: 1.715e+07, max: 5.368e+08, mean: 5.801e+07
[Stage B] Post-custom-init validation (attempt 0), batch 2, finite: 2000/2000, min: 1.729e+07, max: 4.227e+08, mean: 5.772e+07
[Stage B] Prediction scale check (attempt 0): pred_median=3.215e+07, true_median=9.826e-02, ratio=3.272e+08
[Stage B] Warning: init scale_ratio extreme; rejecting candidate.
[Stage B]    Candidate (1d_powexp) rejected at init (non-finite loss); trying next.
[Stage B]  Trying 1D power*exp-poly rewrite on NN leaf vars (1, 2) [coord=1/z]
[Stage B custom_init 1D] Power*exp-poly init on (x2 / x1): A=6.701e+01, p=0.615
[Stage B] Post-custom-init validation (attempt 0), batch 0, finite: 2000/2000, min: 1.622e+07, max: 4.609e+08, mean: 5.271e+07
[Stage B] Post-custom-init validation (attempt 0), batch 1, finite: 2000/2000, min: 1.624e+07, max: 5.070e+08, mean: 5.484e+07
[Stage B] Post-custom-init validation (attempt 0), batch 2, finite: 2000/2000, min: 1.636e+07, max: 4.000e+08, mean: 5.438e+07
[Stage B] Prediction scale check (attempt 0): pred_median=3.038e+07, true_median=9.826e-02, ratio=3.092e+08
[Stage B] Warning: init scale_ratio extreme; rejecting candidate.
[Stage B]    Candidate (1d_powexp[z_inv]) rejected at init (non-finite loss); trying next.
[Stage B]  Trying 1D polylog rewrite on NN leaf vars (1, 2), degree=1
[info] dataloader for provider ASTCompositeAdaptor yields 3 batches (equivalent to a single batch up to floating-point roundoff; minor Python-loop overhead per batch).
Validation patience exceeded at epoch 601/2000, nval_worse=500
[Stage B]    Candidate (polylog): params=770, val-loss=3.5080e-06
[Stage B]    Reject (polylog): simpler-over-budget(thr=5.372e-10) | loss 2.650e-10->3.508e-06 (Δ+3.51e-06) | params 1152->770 | cx (0, 0, 0)->(0, 0, 0)
[Stage B]  Trying 1D shifted-log rewrite on NN leaf vars (1, 2)
[info] dataloader for provider ASTCompositeAdaptor yields 3 batches (equivalent to a single batch up to floating-point roundoff; minor Python-loop overhead per batch).
[LM][bucket] solving P=771 (trivially separable union)
Stopping at epoch 701/2000, lm_opt.state['halt']=True, loss=3.0059e-08, loss_val=4.3593e-08
[Stage B]    Candidate (logshifted): params=771, val-loss=4.3593e-08
[Stage B]    Reject (logshifted): simpler-over-budget(thr=5.370e-10) | loss 2.650e-10->4.359e-08 (Δ+4.33e-08) | params 1152->771 | cx (0, 0, 0)->(0, 0, 0)
[Stage B]  Trying 1D shifted-log rewrite on NN leaf vars (1, 2) [coord=1/z]
[info] dataloader for provider ASTCompositeAdaptor yields 3 batches (equivalent to a single batch up to floating-point roundoff; minor Python-loop overhead per batch).
Validation patience exceeded at epoch 1301/2000, nval_worse=500
[Stage B]    Candidate (logshifted[z_inv]): params=771, val-loss=1.6353e-06
[Stage B]    Reject (logshifted[z_inv]): simpler-over-budget(thr=5.370e-10) | loss 2.650e-10->1.635e-06 (Δ+1.64e-06) | params 1152->771 | cx (0, 0, 0)->(0, 0, 0)
[Stage B]  Trying inv_poly degree=2 (1/P(x)) rewrite on NN leaf vars (1, 2)
[Stage B custom_init inv-poly] Init on vars (1, 2): degree=2, rel_rms≈2.78e-04
[Stage B] Post-custom-init validation (attempt 0), batch 0, finite: 2000/2000, min: 1.633e+07, max: 4.746e+08, mean: 5.397e+07
[Stage B] Post-custom-init validation (attempt 0), batch 1, finite: 2000/2000, min: 1.634e+07, max: 5.221e+08, mean: 5.614e+07
[Stage B] Post-custom-init validation (attempt 0), batch 2, finite: 2000/2000, min: 1.651e+07, max: 4.064e+08, mean: 5.559e+07
[Stage B] Prediction scale check (attempt 0): pred_median=3.104e+07, true_median=9.826e-02, ratio=3.159e+08
[Stage B] Warning: init scale_ratio extreme; rejecting candidate.
[Stage B]    Candidate (inv_poly) rejected at init (non-finite loss); trying next.
[Stage B]  Trying sqrt/invsqrt(poly) rewrite on NN leaf vars (1, 2), degree=2
[Stage B] Post-custom-init validation (attempt 0), batch 0, finite: 2000/2000, min: 1.631e+07, max: 4.745e+08, mean: 5.397e+07
[Stage B] Post-custom-init validation (attempt 0), batch 1, finite: 2000/2000, min: 1.633e+07, max: 5.220e+08, mean: 5.614e+07
[Stage B] Post-custom-init validation (attempt 0), batch 2, finite: 2000/2000, min: 1.650e+07, max: 4.065e+08, mean: 5.559e+07
[Stage B] Prediction scale check (attempt 0): pred_median=3.103e+07, true_median=9.826e-02, ratio=3.158e+08
[Stage B] Warning: init scale_ratio extreme; rejecting candidate.
[Stage B]    Candidate (sqrt_poly) rejected at init (non-finite loss); trying next.
[Stage B]  Trying sqrt/invsqrt(poly) rewrite on NN leaf vars (1, 2), degree=2 [coord=1/z]
[Stage B] Post-custom-init validation (attempt 0), batch 0, finite: 2000/2000, min: 1.633e+07, max: 4.745e+08, mean: 5.397e+07
[Stage B] Post-custom-init validation (attempt 0), batch 1, finite: 2000/2000, min: 1.634e+07, max: 5.221e+08, mean: 5.614e+07
[Stage B] Post-custom-init validation (attempt 0), batch 2, finite: 2000/2000, min: 1.651e+07, max: 4.065e+08, mean: 5.560e+07
[Stage B] Prediction scale check (attempt 0): pred_median=3.104e+07, true_median=9.826e-02, ratio=3.159e+08
[Stage B] Warning: init scale_ratio extreme; rejecting candidate.
[Stage B]    Candidate (sqrt_poly[z_inv]) rejected at init (non-finite loss); trying next.
[Stage B]  Trying 1D compound macro tier-3 linear combo on NN leaf vars [1, 2], terms=['sqrt1p *(arg0)', 'one_minus_cos *((arg0*arg0^2))'], screen_r2=1.000, ok_frac=1.000
[info] dataloader for provider ASTCompositeAdaptor yields 3 batches (equivalent to a single batch up to floating-point roundoff; minor Python-loop overhead per batch).
Validation patience exceeded at epoch 701/2000, nval_worse=500
[Stage B]    Candidate (cf_combo): params=771, val-loss=5.6282e-06
[Stage B]    Reject (cf_combo): simpler-over-budget(thr=5.370e-10) | loss 2.650e-10->5.628e-06 (Δ+5.63e-06) | params 1152->771 | cx (0, 0, 0)->(0, 0, 0)
[Stage B]  Trying 1D compound macro tier-3 linear combo on NN leaf vars [1, 2], terms=['sqrt1p *(arg0)', '1/arg0'], screen_r2=1.000, ok_frac=1.000 [coord=1/z]
[info] dataloader for provider ASTCompositeAdaptor yields 3 batches (equivalent to a single batch up to floating-point roundoff; minor Python-loop overhead per batch).
[Stage B]    Candidate (cf_combo[z_inv]): params=771, val-loss=4.7288e-06
[Stage B]    Reject (cf_combo[z_inv]): simpler-over-budget(thr=5.370e-10) | loss 2.650e-10->4.729e-06 (Δ+4.73e-06) | params 1152->771 | cx (0, 0, 0)->(0, 0, 0)
[Stage B]  Skipping cf_combo[z_inv] (previously rejected on same target)
[Stage B]  Skipping cf_combo[z_inv] (previously rejected on same target)
[Stage B]  Skipping cf_combo[z_inv] (previously rejected on same target)
[Stage B]  Skipping cf_combo[z_inv] (previously rejected on same target)
[Stage B]  Skipping cf_combo[z_inv] (previously rejected on same target)
[Stage B]  Skipping cf_combo[z_inv] (previously rejected on same target)
[Stage B]  Skipping cf_combo[z_inv] (previously rejected on same target)
[Stage B]  Skipping cf_combo[z_inv] (previously rejected on same target)
[Stage B]  Skipping cf_combo[z_inv] (previously rejected on same target)
[Stage B]  Skipping cf_combo (previously rejected on same target)
[Stage B]  Skipping cf_combo (previously rejected on same target)
[Stage B]  Skipping cf_combo (previously rejected on same target)
[Stage B]  Skipping cf_combo (previously rejected on same target)
[Stage B]  Skipping cf_combo (previously rejected on same target)
[Stage B]  Skipping cf_combo (previously rejected on same target)
[Stage B]  Skipping cf_combo (previously rejected on same target)
[Stage B]  Skipping cf_combo (previously rejected on same target)
[Stage B]  Skipping cf_combo (previously rejected on same target)
[Stage B]  Precheck reject (duplicate-signature) rule=univariate_nn cand=sqrt_ratpoly_1d target=nn#leaf1 vars=(1, 2) sig=(960898949, 3, 1, 1, 1, -1, 1, 1) attempted=29
[Stage B]  Precheck reject (duplicate-signature) rule=univariate_nn cand=sqrt_ratpoly_1d[1] target=nn#leaf1 vars=(1, 2) sig=(960898949, 2, 1, 1, -1, 3, 1, 1, 1) attempted=29
[Stage B]  Precheck reject (duplicate-signature) rule=univariate_nn cand=sqrt_ratpoly_1d[2] target=nn#leaf1 vars=(1, 2) sig=(960898949, 2, 1, 1, -1, 4, 1, 1, 0, 1) attempted=29
[Stage B]  Precheck reject (duplicate-signature) rule=univariate_nn cand=sqrt_ratpoly_1d[3] target=nn#leaf1 vars=(1, 2) sig=(960898949, 3, 1, 1, 1, -1, 3, 1, 0, 1) attempted=29
[Stage B]  Precheck reject (duplicate-signature) rule=univariate_nn cand=sqrt_ratpoly_1d[4] target=nn#leaf1 vars=(1, 2) sig=(960898949, 4, 0, 1, 1, 1, -1, 2, 1, 1) attempted=29
[Stage B]  Precheck reject (duplicate-signature) rule=univariate_nn cand=sqrt_ratpoly_1d[5] target=nn#leaf1 vars=(1, 2) sig=(960898949, 4, 1, 0, 1, 1, -1, 2, 1, 1) attempted=29
[Stage B]  Precheck reject (duplicate-signature) rule=univariate_nn cand=sqrt_ratpoly_1d[6] target=nn#leaf1 vars=(1, 2) sig=(960898949, 5, 1, 1, 0, 1, 1, -1, 1, 1) attempted=29
[Stage B]  Precheck reject (duplicate-signature) rule=univariate_nn cand=sqrt_ratpoly_1d[7] target=nn#leaf1 vars=(1, 2) sig=(960898949, 4, 1, 0, 0, 1, -1, 3, 1, 1, 1) attempted=29
[Stage B]  Precheck reject (duplicate-signature) rule=univariate_nn cand=sqrt_ratpoly_1d[8] target=nn#leaf1 vars=(1, 2) sig=(960898949, 1, 1, -1, 5, 1, 1, 1, 1, 1) attempted=29
[Stage B]  Precheck reject (duplicate-signature) rule=univariate_nn cand=sqrt_ratpoly_1d[9] target=nn#leaf1 vars=(1, 2) sig=(960898949, 1, 1, -1, 3, 1, 1, 1) attempted=29
[Stage B]  Precheck reject (duplicate-signature) rule=univariate_nn cand=sqrt_ratpoly_1d[10] target=nn#leaf1 vars=(1, 2) sig=(960898949, 1, 1, -1, 4, 1, 1, 1, 1) attempted=29
[Stage B]  Precheck reject (duplicate-signature) rule=univariate_nn cand=sqrt_ratpoly_1d[11] target=nn#leaf1 vars=(1, 2) sig=(960898949, 2, 1, 1, -1, 3, 1, 1, 1) attempted=29
[Stage B]  Precheck reject (duplicate-signature) rule=univariate_nn cand=sqrt_ratpoly_1d[12] target=nn#leaf1 vars=(1, 2) sig=(960898949, 3, 1, 1, 1, -1, 2, 1, 1) attempted=29
[Stage B]  Precheck reject (duplicate-signature) rule=univariate_nn cand=sqrt_ratpoly_1d[13] target=nn#leaf1 vars=(1, 2) sig=(960898949, 3, 1, 1, 1, -1, 3, 1, 0, 1) attempted=29
[Stage B]  Precheck reject (duplicate-signature) rule=univariate_nn cand=sqrt_ratpoly_1d[14] target=nn#leaf1 vars=(1, 2) sig=(960898949, 3, 1, 1, 1, -1, 4, 1, 0, 0, 1) attempted=29
[Stage B]  Precheck reject (duplicate-signature) rule=univariate_nn cand=sqrt_ratpoly_1d[15] target=nn#leaf1 vars=(1, 2) sig=(960898949, 4, 1, 1, 0, 1, -1, 4, 1, 0, 0, 1) attempted=29
[Stage B]  Precheck reject (duplicate-signature) rule=univariate_nn cand=sqrt_ratpoly_1d[16] target=nn#leaf1 vars=(1, 2) sig=(960898949, 4, 1, 1, 0, 1, -1, 5, 1, 0, 0, 0, 1) attempted=29
[Stage B]  Precheck reject (duplicate-signature) rule=univariate_nn cand=sqrt_ratpoly_1d[17] target=nn#leaf1 vars=(1, 2) sig=(960898949, 1, 1, -1, 5, 1, 1, 1, 1, 1) attempted=29
[Stage B]  Precheck reject (duplicate-signature) rule=univariate_nn cand=sqrt_ratpoly_1d[18] target=nn#leaf1 vars=(1, 2) sig=(960898949, 4, 1, 1, 1, 1, -1, 2, 1, 1) attempted=29
[Stage B]  Precheck reject (duplicate-signature) rule=univariate_nn cand=sqrt_ratpoly_1d[19] target=nn#leaf1 vars=(1, 2) sig=(960898949, 5, 1, 1, 1, 1, 1, -1, 1, 1) attempted=29
[Stage B]  Precheck reject (duplicate-signature) rule=univariate_nn cand=sqrt_ratpoly_1d[20] target=nn#leaf1 vars=(1, 2) sig=(960898949, 2, 1, 1, -1, 5, 1, 1, 1, 1, 1) attempted=29
[Stage B]  Precheck reject (duplicate-signature) rule=univariate_nn cand=ratpoly_1d target=nn#leaf1 vars=(1, 2) sig=(960898949, 1, 1, -1, 3, 1, 1, 1) attempted=29
[Stage B]  Precheck reject (duplicate-signature) rule=univariate_nn cand=ratpoly_1d[1] target=nn#leaf1 vars=(1, 2) sig=(960898949, 2, 1, 1, -1, 2, 1, 1) attempted=29
[Stage B]  Precheck reject (duplicate-signature) rule=univariate_nn cand=ratpoly_1d[2] target=nn#leaf1 vars=(1, 2) sig=(960898949, 3, 0, 1, 1, -1, 2, 1, 1) attempted=29
[Stage B]  Precheck reject (duplicate-signature) rule=univariate_nn cand=ratpoly_1d[3] target=nn#leaf1 vars=(1, 2) sig=(960898949, 3, 1, 0, 1, -1, 2, 1, 1) attempted=29
[Stage B]  Precheck reject (duplicate-signature) rule=univariate_nn cand=ratpoly_1d[4] target=nn#leaf1 vars=(1, 2) sig=(960898949, 1, 1, -1, 4, 1, 1, 1, 1) attempted=29
[Stage B]  Precheck reject (duplicate-signature) rule=univariate_nn cand=ratpoly_1d[5] target=nn#leaf1 vars=(1, 2) sig=(960898949, 2, 1, 1, -1, 3, 1, 1, 1) attempted=29
[Stage B]  Precheck reject (duplicate-signature) rule=univariate_nn cand=ratpoly_1d[6] target=nn#leaf1 vars=(1, 2) sig=(960898949, 4, 1, 1, 1, 1, -1, 1, 1) attempted=29
[Stage B]  Precheck reject (duplicate-signature) rule=univariate_nn cand=ratpoly_1d[7] target=nn#leaf1 vars=(1, 2) sig=(960898949, 1, 1, -1, 5, 1, 0, 1, 1, 1) attempted=29
[Stage B]  Precheck reject (duplicate-signature) rule=univariate_nn cand=ratpoly_1d[8] target=nn#leaf1 vars=(1, 2) sig=(960898949, 4, 1, 1, 0, 1, -1, 2, 1, 1) attempted=29
[Stage B]  Precheck reject (duplicate-signature) rule=univariate_nn cand=ratpoly_1d[9] target=nn#leaf1 vars=(1, 2) sig=(960898949, 4, 1, 0, 0, 1, -1, 3, 1, 1, 1) attempted=29
[Stage B]  Trying exp-poly rewrite on NN leaf vars (1, 2), degree=2
[Stage B] Initialising ExpPolyLeaf for vars (1, 2), tag=leaf1
[info] dataloader for provider ASTCompositeAdaptor yields 3 batches (equivalent to a single batch up to floating-point roundoff; minor Python-loop overhead per batch).
Stopping at epoch 1001/2000, lm_opt.state['halt']=True, loss=1.2511e-07, loss_val=2.1701e-07
[Stage B]    Candidate (exp): params=771, val-loss=2.1664e-07
[Stage B]    Reject (exp): simpler-over-budget(thr=5.370e-10) | loss 2.650e-10->2.166e-07 (Δ+2.16e-07) | params 1152->771 | cx (0, 0, 0)->(0, 0, 0)
[Stage B]  Trying exp-poly rewrite on NN leaf vars (1, 2), degree=2 [coord=1/z]
[Stage B] Initialising ExpPolyLeaf for vars (1, 2), tag=leaf1
[info] dataloader for provider ASTCompositeAdaptor yields 3 batches (equivalent to a single batch up to floating-point roundoff; minor Python-loop overhead per batch).
Stopping at epoch 1601/2000, lm_opt.state['halt']=True, loss=4.9447e-09, loss_val=8.8380e-09
[Stage B]    Candidate (exp[z_inv]): params=771, val-loss=8.8380e-09
[Stage B]    Reject (exp[z_inv]): simpler-over-budget(thr=5.370e-10) | loss 2.650e-10->8.838e-09 (Δ+8.57e-09) | params 1152->771 | cx (0, 0, 0)->(0, 0, 0)
[Stage B]  Trying exp-ratpoly rewrite on NN leaf vars (1, 2), degs=2/2
[Stage B] Initialising ExpRationalPolyLeaf for vars (1, 2), tag=leaf1
[info] dataloader for provider ASTCompositeAdaptor yields 3 batches (equivalent to a single batch up to floating-point roundoff; minor Python-loop overhead per batch).
[LM][bucket] solving P=774 (trivially separable union)
Stopping at epoch 601/2000, lm_opt.state['halt']=True, loss=1.6005e-11, loss_val=1.4916e-11
[Stage B]    Candidate (exp_rat): params=774, val-loss=1.4916e-11
[Stage B]    [32mAccepted[0m rewrite (exp_rat, loss-below-floor-simpler)
[Stage B]    NN metrics: total=2, multivar=0, max_arity=1
[Stage B]    Current: [35mnn0(x0) * exp_ratpoly0(z=(x1 * x2^-1)) * nn1(x1)[0m
[Stage B] === Phase 1: Searching for separabilities (additive, multiplicative) ===
[Stage B] Rule nonsense_units_zero_prune found 0 targets
[Stage B] Rule monomial_peel_priority found 2 targets
[Stage B]   target order (arity-asc): [vars=(0,)(arity=1), vars=(1,)(arity=1)]
[Stage B] monomial_peel_priority shortlist: monomial_deg1[z_inv]@nn#leaf2 vars=(1,) (k=0.541, rel=0.355); monomial_deg2[z_inv]@nn#leaf2 vars=(1,) (k=0.541, rel=0.355); monomial_deg3[z_inv]@nn#leaf2 vars=(1,) (k=0.541, rel=0.355); monomial_deg1[z_inv]@nn#leaf0 vars=(0,) (k=-0.136, rel=0.615); monomial_deg2[z_inv]@nn#leaf0 vars=(0,) (k=-0.136, rel=0.615); monomial_deg3[z_inv]@nn#leaf0 vars=(0,) (k=-0.136, rel=0.615)
[Stage B] Rule monomial_peel_priority trying 6 globally ranked candidates
[Stage B]  Greedy order (1 cands): monomial_deg1[z_inv](1005p)
[Stage B]  Precheck reject (units: nn-output-unreachable leaf0 inputs=(x0) target=L*T^-1 basis=['L^3*T^-2']) rule=monomial_peel_priority cand=monomial_deg1[z_inv] target=nn#leaf2 vars=(1,) attempted=0
[Stage B]  Greedy order (1 cands): monomial_deg2[z_inv](1005p)
[Stage B]  Precheck reject (units: nn-output-unreachable leaf0 inputs=(x0) target=L*T^-2 basis=['L^3*T^-2']) rule=monomial_peel_priority cand=monomial_deg2[z_inv] target=nn#leaf2 vars=(1,) attempted=0
[Stage B]  Greedy order (1 cands): monomial_deg3[z_inv](1005p)
[Stage B]  Precheck reject (units: nn-output-unreachable leaf0 inputs=(x0) target=L*T^-3 basis=['L^3*T^-2']) rule=monomial_peel_priority cand=monomial_deg3[z_inv] target=nn#leaf2 vars=(1,) attempted=0
[Stage B]  Greedy order (1 cands): monomial_deg1[z_inv](1005p)
[Stage B]  Precheck reject (units: nn-output-unreachable leaf2 inputs=(x1) target=L^4*T^-2 basis=['T^-1']) rule=monomial_peel_priority cand=monomial_deg1[z_inv] target=nn#leaf0 vars=(0,) attempted=0
[Stage B]  Greedy order (1 cands): monomial_deg2[z_inv](1005p)
[Stage B]  Precheck reject (units: nn-output-unreachable leaf2 inputs=(x1) target=L^7*T^-4 basis=['T^-1']) rule=monomial_peel_priority cand=monomial_deg2[z_inv] target=nn#leaf0 vars=(0,) attempted=0
[Stage B]  Greedy order (1 cands): monomial_deg3[z_inv](1005p)
[Stage B]  Precheck reject (units: nn-output-unreachable leaf2 inputs=(x1) target=L^10*T^-6 basis=['T^-1']) rule=monomial_peel_priority cand=monomial_deg3[z_inv] target=nn#leaf0 vars=(0,) attempted=0
[Stage B] Rule subtree_separability found 0 targets
[Stage B] Rule last_hard_trig_square found 0 targets
[Stage B] Rule univariate_nn found 2 targets
[Stage B]   target order (arity-asc): [vars=(0,)(arity=1), vars=(1,)(arity=1)]
[Stage B]  one_minus_cos_over_z2 skip NN vars (0,): no trig hint
[Stage B] ratpoly_1d degree probe: no valid pairs, falling back to unconstrained grid, vars=(0,)
[Stage B] ratpoly_1d rejected: best rel_rms=0.0146 > 0.001, deg=(4,2), vars=(0,)
[Stage B] ratpoly_1d degree probe: no valid pairs, falling back to unconstrained grid, vars=(0,)
[Stage B] ratpoly_1d rejected: best rel_rms=0.0193 > 0.001, deg=(4,4), vars=(0,)
[Stage B]  one_minus_cos_over_z2 skip NN vars (0,): no trig hint
[Stage B] ratpoly_1d degree probe: no valid pairs, falling back to unconstrained grid, vars=(0,)
[Stage B] ratpoly_1d rejected: best rel_rms=0.2736 > 0.001, deg=(3,3), vars=(0,)
[Stage B] ratpoly_1d degree probe: no valid pairs, falling back to unconstrained grid, vars=(0,)
[Stage B] ratpoly_1d rejected: best rel_rms=0.1404 > 0.001, deg=(3,2), vars=(0,)
[Stage B] RuleUniNN proposing 13 candidates for NN vars=(0,): ['monomial_deg1', 'monomial_deg2', 'monomial_deg3', 'cf_combo', 'cf_combo', 'cf_combo', 'cf_combo', 'cf_combo', 'cf_combo', 'cf_combo', 'cf_combo', 'cf_combo', 'cf_combo']
[Stage B] RuleUniNN proposing 14 candidates for NN vars=(0,): ['scale', 'monomial_deg1[z_inv]', 'monomial_deg2[z_inv]', 'monomial_deg3[z_inv]', 'cf_combo[z_inv]', 'cf_combo[z_inv]', 'cf_combo[z_inv]', 'cf_combo[z_inv]', 'cf_combo[z_inv]', 'cf_combo[z_inv]', 'cf_combo[z_inv]', 'cf_combo[z_inv]', 'cf_combo[z_inv]', 'cf_combo[z_inv]']
[Stage B]  Greedy order (14 cands): scale(1007p), monomial_deg1[z_inv](1006p), monomial_deg2[z_inv](1006p), monomial_deg3[z_inv](1006p), cf_combo[z_inv](1008p), cf_combo[z_inv](1007p), cf_combo[z_inv](1008p), cf_combo[z_inv](1007p), cf_combo[z_inv](1008p), cf_combo[z_inv](1007p), cf_combo[z_inv](1008p), cf_combo[z_inv](1007p), cf_combo[z_inv](1008p), cf_combo[z_inv](1007p)
[Stage B]  Trying scaling rewrite on NN leaf vars (0,), k≈0.333
[Stage B] Initialising PowerLeaf for vars (0,), tag=leaf0
[info] dataloader for provider ASTCompositeAdaptor yields 3 batches (equivalent to a single batch up to floating-point roundoff; minor Python-loop overhead per batch).
[LM][bucket] solving P=392 (trivially separable union)
Stopping at epoch 201/2000, lm_opt.state['halt']=True, loss=1.7486e-12, loss_val=1.7505e-12
[Stage B]    Candidate (scale): params=392, val-loss=1.7505e-12
[Stage B]    [32mAccepted[0m rewrite (scale, loss-below-floor-simpler)
[Stage B]    NN metrics: total=1, multivar=0, max_arity=1
[Stage B]    Current: [35mpower0(x0) * exp_ratpoly0(z=(x1 * x2^-1)) * nn0(x1)[0m
[Stage B polish] Running subtree:root.left candidate generation in guarded worker (max_seconds=300.0, mem_fraction=0.2).
[Stage B polish] subtree shadow skip root.left: (power(x0) * exp_ratpoly((x1 * (x2)**-1))) (no-local-simpler-polish)
[Stage B] === Phase 1: Searching for separabilities (additive, multiplicative) ===
[Stage B] Rule nonsense_units_zero_prune found 0 targets
[Stage B] Rule monomial_peel_priority found 1 targets
[Stage B]   target order (arity-asc): [vars=(1,)(arity=1)]
[Stage B] monomial_peel_priority shortlist: monomial_deg1[z_inv]@nn#leaf2 vars=(1,) (k=0.541, rel=0.355); monomial_deg2[z_inv]@nn#leaf2 vars=(1,) (k=0.541, rel=0.355); monomial_deg3[z_inv]@nn#leaf2 vars=(1,) (k=0.541, rel=0.355)
[Stage B] Rule monomial_peel_priority trying 3 globally ranked candidates
[Stage B]  Greedy order (1 cands): monomial_deg1[z_inv](8p)
[Stage B]  Precheck reject (units: fixed-units-mismatch) rule=monomial_peel_priority cand=monomial_deg1[z_inv] target=nn#leaf2 vars=(1,) attempted=0
[Stage B]  Greedy order (1 cands): monomial_deg2[z_inv](8p)
[Stage B]  Precheck reject (units: fixed-units-mismatch) rule=monomial_peel_priority cand=monomial_deg2[z_inv] target=nn#leaf2 vars=(1,) attempted=0
[Stage B]  Greedy order (1 cands): monomial_deg3[z_inv](8p)
[Stage B]  Precheck reject (units: fixed-units-mismatch) rule=monomial_peel_priority cand=monomial_deg3[z_inv] target=nn#leaf2 vars=(1,) attempted=0
[Stage B] Rule subtree_separability found 0 targets
[Stage B] Rule last_hard_trig_square found 0 targets
[Stage B] Rule univariate_nn found 1 targets
[Stage B]   target order (arity-asc): [vars=(1,)(arity=1)]
[Stage B]  one_minus_cos_over_z2 skip NN vars (1,): phase is not dimensionless for z=x1, dim=(Fraction(0, 1), Fraction(-1, 1), Fraction(0, 1))
[Stage B] ratpoly_1d degree probe: no valid pairs, falling back to unconstrained grid, vars=(1,)
[Stage B] ratpoly_1d rejected: best rel_rms=0.0030 > 0.001, deg=(4,1), vars=(1,)
[Stage B] ratpoly_1d degree probe: no valid pairs, falling back to unconstrained grid, vars=(1,)
[Stage B] ratpoly_1d probe: 1 sub-threshold trial(s) for vars=(1,): deg=(2,4)->(2,4) nnz=(3,5) rms=0.0005
[Stage B]  one_minus_cos_over_z2 skip NN vars (1,): phase is not dimensionless for z=(x1)**-1, dim=(Fraction(0, 1), Fraction(1, 1), Fraction(0, 1))
[Stage B] ratpoly_1d degree probe: no valid pairs, falling back to unconstrained grid, vars=(1,)
[Stage B] ratpoly_1d rejected: best rel_rms=0.1132 > 0.001, deg=(2,4), vars=(1,)
[Stage B] ratpoly_1d degree probe: no valid pairs, falling back to unconstrained grid, vars=(1,)
[Stage B] ratpoly_1d probe: 1 sub-threshold trial(s) for vars=(1,): deg=(4,4)->(4,4) nnz=(5,5) rms=0.0003
[Stage B] RuleUniNN proposing 14 candidates for NN vars=(1,): ['monomial_deg1', 'monomial_deg2', 'monomial_deg3', 'cf_sharedpref_resid', 'cf_sharedpref_resid', 'cf_sharedpref_resid', 'cf_combo', 'cf_combo', 'cf_combo', 'cf_combo', 'cf_combo', 'cf_combo', 'cf_combo', 'sqrt_ratpoly_1d']
[Stage B]  Skipping reciprocal-coordinate alias sqrt_ratpoly_1d: closed-under-reciprocal:sqrt_ratpoly_1d
[Stage B] RuleUniNN proposing 14 candidates for NN vars=(1,): ['sqrt_ratpoly_1d', 'monomial_deg1[z_inv]', 'monomial_deg2[z_inv]', 'monomial_deg3[z_inv]', 'cf_sharedpref_resid[z_inv]', 'cf_sharedpref_resid[z_inv]', 'cf_sharedpref_resid[z_inv]', 'cf_combo[z_inv]', 'cf_combo[z_inv]', 'cf_combo[z_inv]', 'cf_combo[z_inv]', 'cf_combo[z_inv]', 'cf_combo[z_inv]', 'cf_combo[z_inv]']
[Stage B]  Exhaustive order (14 cands): monomial_deg1[z_inv](9p), monomial_deg2[z_inv](9p), monomial_deg3[z_inv](9p), cf_combo[z_inv](10p), cf_combo[z_inv](10p), cf_combo[z_inv](10p), cf_sharedpref_resid[z_inv](11p), cf_sharedpref_resid[z_inv](11p), cf_sharedpref_resid[z_inv](11p), cf_combo[z_inv](11p), cf_combo[z_inv](11p), cf_combo[z_inv](11p), cf_combo[z_inv](11p), sqrt_ratpoly_1d(16p)
[Stage B]  Precheck reject (units: fixed-units-mismatch) rule=univariate_nn cand=monomial_deg1[z_inv] target=nn#leaf2 vars=(1,) attempted=29
[Stage B]  Precheck reject (units: fixed-units-mismatch) rule=univariate_nn cand=monomial_deg2[z_inv] target=nn#leaf2 vars=(1,) attempted=29
[Stage B]  Precheck reject (units: fixed-units-mismatch) rule=univariate_nn cand=monomial_deg3[z_inv] target=nn#leaf2 vars=(1,) attempted=29
[Stage B]  Precheck reject (units: fixed-units-mismatch) rule=univariate_nn cand=cf_combo[z_inv] target=nn#leaf2 vars=(1,) attempted=29
[Stage B]  Precheck reject (units: fixed-units-mismatch) rule=univariate_nn cand=cf_combo[z_inv] target=nn#leaf2 vars=(1,) attempted=29
[Stage B]  Precheck reject (units: fixed-units-mismatch) rule=univariate_nn cand=cf_combo[z_inv] target=nn#leaf2 vars=(1,) attempted=29
[Stage B]  Precheck reject (units: fixed-units-mismatch) rule=univariate_nn cand=cf_sharedpref_resid[z_inv] target=nn#leaf2 vars=(1,) attempted=29
[Stage B]  Precheck reject (units: fixed-units-mismatch) rule=univariate_nn cand=cf_sharedpref_resid[z_inv] target=nn#leaf2 vars=(1,) attempted=29
[Stage B]  Precheck reject (units: fixed-units-mismatch) rule=univariate_nn cand=cf_sharedpref_resid[z_inv] target=nn#leaf2 vars=(1,) attempted=29
[Stage B]  Precheck reject (units: fixed-units-mismatch) rule=univariate_nn cand=cf_combo[z_inv] target=nn#leaf2 vars=(1,) attempted=29
[Stage B]  Precheck reject (units: fixed-units-mismatch) rule=univariate_nn cand=cf_combo[z_inv] target=nn#leaf2 vars=(1,) attempted=29
[Stage B]  Precheck reject (units: fixed-units-mismatch) rule=univariate_nn cand=cf_combo[z_inv] target=nn#leaf2 vars=(1,) attempted=29
[Stage B]  Precheck reject (units: fixed-units-mismatch) rule=univariate_nn cand=cf_combo[z_inv] target=nn#leaf2 vars=(1,) attempted=29
[Stage B]  Trying 1D sqrt-ratpoly (inv_sqrt) deg=(2,4)->(2,4) nnz=(3,5) on NN leaf vars (1,)
[Stage B custom_init ratpoly_1d] Init on vars (1,): deg=(2,4)->(2,4), nnz=(3,5), rel_rms≈5.49e-04
[Stage B] Post-custom-init validation (attempt 0), batch 0, finite: 2000/2000, min: 6.741e+02, max: 1.049e+05, mean: 9.574e+03
[Stage B] Post-custom-init validation (attempt 0), batch 1, finite: 2000/2000, min: 6.685e+02, max: 1.085e+05, mean: 1.013e+04
[Stage B] Post-custom-init validation (attempt 0), batch 2, finite: 2000/2000, min: 7.043e+02, max: 1.038e+05, mean: 9.715e+03
[Stage B] Prediction scale check (attempt 0): pred_median=5.189e+03, true_median=9.826e-02, ratio=5.281e+04
[Stage B] Warning: init scale_ratio extreme; rejecting candidate.
[Stage B]    Candidate (sqrt_ratpoly_1d) rejected at init (non-finite loss); trying next.
[Stage B] Rule log_ratio found 0 targets
[Stage B] Rule power_product found 0 targets
[Stage B] Rule joint_product_monomial_closure found 0 targets
[Stage B] Rule overlap_prefactor_peel found 0 targets
[Stage B] Rule overlap_counterterm_peel found 0 targets
[Stage B] Rule common_prefactor found 0 targets
[Stage B] Rule additive_gauge_transfer found 0 targets
[Stage B] Rule multiplicative_homogeneity_transfer found 0 targets
[Stage B] Rule univariate_mono found 1 targets
[Stage B]   target order (arity-asc): [vars=(1,)(arity=1)]
[Stage B]  Exhaustive order (3 cands): monomial_deg1[z_inv](8p), monomial_deg2[z_inv](8p), monomial_deg3[z_inv](8p)
[Stage B]  Precheck reject (units: fixed-units-mismatch) rule=univariate_mono cand=monomial_deg1[z_inv] target=nn#leaf2 vars=(1,) attempted=0
[Stage B]  Precheck reject (units: fixed-units-mismatch) rule=univariate_mono cand=monomial_deg2[z_inv] target=nn#leaf2 vars=(1,) attempted=0
[Stage B]  Precheck reject (units: fixed-units-mismatch) rule=univariate_mono cand=monomial_deg3[z_inv] target=nn#leaf2 vars=(1,) attempted=0
[Stage B] Rule nn_leaf_separability found 0 targets
[Stage B] Rule counterterm_mul_split found 0 targets
[Stage B] Rule counterfactor_add_split found 0 targets
[Stage B] === Phase 1 made only non-structural accepts; running Phase 2 closed-form/specialized rules ===
[Stage B] === Phase 2: Trying specialized patterns (after exhausting separability) ===
[Stage B]   target order (arity-asc): [vars=(1,)(arity=1)]
[Stage B]  Greedy order (10 cands): cf_sharedpref_resid(11p), cf_sharedpref_resid(11p), cf_combo(11p), cf_combo(10p), cf_combo(11p), cf_combo(10p), cf_combo(11p), cf_combo(10p), cf_combo(11p), cf_combo(10p)
[Stage B]  Precheck reject (units: fixed-units-mismatch) rule=compound_fn_macros cand=cf_sharedpref_resid target=nn#leaf2 vars=(1,) attempted=0
[Stage B]  Precheck reject (units: fixed-units-mismatch) rule=compound_fn_macros cand=cf_sharedpref_resid target=nn#leaf2 vars=(1,) attempted=0
[Stage B]  Precheck reject (units: fixed-units-mismatch) rule=compound_fn_macros cand=cf_combo target=nn#leaf2 vars=(1,) attempted=0
[Stage B]  Precheck reject (units: fixed-units-mismatch) rule=compound_fn_macros cand=cf_combo target=nn#leaf2 vars=(1,) attempted=0
[Stage B]  Precheck reject (units: fixed-units-mismatch) rule=compound_fn_macros cand=cf_combo target=nn#leaf2 vars=(1,) attempted=0
[Stage B]  Precheck reject (units: fixed-units-mismatch) rule=compound_fn_macros cand=cf_combo target=nn#leaf2 vars=(1,) attempted=0
[Stage B]  Precheck reject (units: fixed-units-mismatch) rule=compound_fn_macros cand=cf_combo target=nn#leaf2 vars=(1,) attempted=0
[Stage B]  Precheck reject (units: fixed-units-mismatch) rule=compound_fn_macros cand=cf_combo target=nn#leaf2 vars=(1,) attempted=0
[Stage B]  Precheck reject (units: fixed-units-mismatch) rule=compound_fn_macros cand=cf_combo target=nn#leaf2 vars=(1,) attempted=0
[Stage B]  Precheck reject (units: fixed-units-mismatch) rule=compound_fn_macros cand=cf_combo target=nn#leaf2 vars=(1,) attempted=0
[Stage B] === Phase 1: Searching for separabilities (additive, multiplicative) ===
[Stage B] Rule nonsense_units_zero_prune found 0 targets
[Stage B] Rule monomial_peel_priority found 1 targets
[Stage B]   target order (arity-asc): [vars=(1,)(arity=1)]
[Stage B] monomial_peel_priority shortlist: monomial_deg1[z_inv]@nn#leaf2 vars=(1,) (k=0.541, rel=0.355); monomial_deg2[z_inv]@nn#leaf2 vars=(1,) (k=0.541, rel=0.355); monomial_deg3[z_inv]@nn#leaf2 vars=(1,) (k=0.541, rel=0.355)
[Stage B] Rule monomial_peel_priority trying 3 globally ranked candidates
[Stage B]  Greedy order (1 cands): monomial_deg1[z_inv](8p)
[Stage B]  Precheck reject (units: fixed-units-mismatch) rule=monomial_peel_priority cand=monomial_deg1[z_inv] target=nn#leaf2 vars=(1,) attempted=0
[Stage B]  Greedy order (1 cands): monomial_deg2[z_inv](8p)
[Stage B]  Precheck reject (units: fixed-units-mismatch) rule=monomial_peel_priority cand=monomial_deg2[z_inv] target=nn#leaf2 vars=(1,) attempted=0
[Stage B]  Greedy order (1 cands): monomial_deg3[z_inv](8p)
[Stage B]  Precheck reject (units: fixed-units-mismatch) rule=monomial_peel_priority cand=monomial_deg3[z_inv] target=nn#leaf2 vars=(1,) attempted=0
[Stage B] Rule subtree_separability found 0 targets
[Stage B] Rule last_hard_trig_square found 0 targets
[Stage B] Rule univariate_nn found 1 targets
[Stage B]   target order (arity-asc): [vars=(1,)(arity=1)]
[Stage B]  one_minus_cos_over_z2 skip NN vars (1,): phase is not dimensionless for z=x1, dim=(Fraction(0, 1), Fraction(-1, 1), Fraction(0, 1))
[Stage B] ratpoly_1d degree probe: no valid pairs, falling back to unconstrained grid, vars=(1,)
[Stage B] ratpoly_1d rejected: best rel_rms=0.0030 > 0.001, deg=(4,1), vars=(1,)
[Stage B] ratpoly_1d degree probe: no valid pairs, falling back to unconstrained grid, vars=(1,)
[Stage B] ratpoly_1d probe: 1 sub-threshold trial(s) for vars=(1,): deg=(2,4)->(2,4) nnz=(3,5) rms=0.0005
[Stage B]  one_minus_cos_over_z2 skip NN vars (1,): phase is not dimensionless for z=(x1)**-1, dim=(Fraction(0, 1), Fraction(1, 1), Fraction(0, 1))
[Stage B] ratpoly_1d degree probe: no valid pairs, falling back to unconstrained grid, vars=(1,)
[Stage B] ratpoly_1d rejected: best rel_rms=0.1132 > 0.001, deg=(2,4), vars=(1,)
[Stage B] ratpoly_1d degree probe: no valid pairs, falling back to unconstrained grid, vars=(1,)
[Stage B] ratpoly_1d probe: 1 sub-threshold trial(s) for vars=(1,): deg=(4,4)->(4,4) nnz=(5,5) rms=0.0003
[Stage B] RuleUniNN proposing 14 candidates for NN vars=(1,): ['monomial_deg1', 'monomial_deg2', 'monomial_deg3', 'cf_sharedpref_resid', 'cf_sharedpref_resid', 'cf_sharedpref_resid', 'cf_combo', 'cf_combo', 'cf_combo', 'cf_combo', 'cf_combo', 'cf_combo', 'cf_combo', 'sqrt_ratpoly_1d']
[Stage B]  Skipping reciprocal-coordinate alias sqrt_ratpoly_1d: closed-under-reciprocal:sqrt_ratpoly_1d
[Stage B] RuleUniNN proposing 14 candidates for NN vars=(1,): ['sqrt_ratpoly_1d', 'monomial_deg1[z_inv]', 'monomial_deg2[z_inv]', 'monomial_deg3[z_inv]', 'cf_sharedpref_resid[z_inv]', 'cf_sharedpref_resid[z_inv]', 'cf_sharedpref_resid[z_inv]', 'cf_combo[z_inv]', 'cf_combo[z_inv]', 'cf_combo[z_inv]', 'cf_combo[z_inv]', 'cf_combo[z_inv]', 'cf_combo[z_inv]', 'cf_combo[z_inv]']
[Stage B]  Exhaustive order (14 cands): monomial_deg1[z_inv](9p), monomial_deg2[z_inv](9p), monomial_deg3[z_inv](9p), cf_combo[z_inv](10p), cf_combo[z_inv](10p), cf_combo[z_inv](10p), cf_sharedpref_resid[z_inv](11p), cf_sharedpref_resid[z_inv](11p), cf_sharedpref_resid[z_inv](11p), cf_combo[z_inv](11p), cf_combo[z_inv](11p), cf_combo[z_inv](11p), cf_combo[z_inv](11p), sqrt_ratpoly_1d(16p)
[Stage B]  Precheck reject (units: fixed-units-mismatch) rule=univariate_nn cand=monomial_deg1[z_inv] target=nn#leaf2 vars=(1,) attempted=30
[Stage B]  Precheck reject (units: fixed-units-mismatch) rule=univariate_nn cand=monomial_deg2[z_inv] target=nn#leaf2 vars=(1,) attempted=30
[Stage B]  Precheck reject (units: fixed-units-mismatch) rule=univariate_nn cand=monomial_deg3[z_inv] target=nn#leaf2 vars=(1,) attempted=30
[Stage B]  Precheck reject (units: fixed-units-mismatch) rule=univariate_nn cand=cf_combo[z_inv] target=nn#leaf2 vars=(1,) attempted=30
[Stage B]  Precheck reject (units: fixed-units-mismatch) rule=univariate_nn cand=cf_combo[z_inv] target=nn#leaf2 vars=(1,) attempted=30
[Stage B]  Precheck reject (units: fixed-units-mismatch) rule=univariate_nn cand=cf_combo[z_inv] target=nn#leaf2 vars=(1,) attempted=30
[Stage B]  Precheck reject (units: fixed-units-mismatch) rule=univariate_nn cand=cf_sharedpref_resid[z_inv] target=nn#leaf2 vars=(1,) attempted=30
[Stage B]  Precheck reject (units: fixed-units-mismatch) rule=univariate_nn cand=cf_sharedpref_resid[z_inv] target=nn#leaf2 vars=(1,) attempted=30
[Stage B]  Precheck reject (units: fixed-units-mismatch) rule=univariate_nn cand=cf_sharedpref_resid[z_inv] target=nn#leaf2 vars=(1,) attempted=30
[Stage B]  Precheck reject (units: fixed-units-mismatch) rule=univariate_nn cand=cf_combo[z_inv] target=nn#leaf2 vars=(1,) attempted=30
[Stage B]  Precheck reject (units: fixed-units-mismatch) rule=univariate_nn cand=cf_combo[z_inv] target=nn#leaf2 vars=(1,) attempted=30
[Stage B]  Precheck reject (units: fixed-units-mismatch) rule=univariate_nn cand=cf_combo[z_inv] target=nn#leaf2 vars=(1,) attempted=30
[Stage B]  Precheck reject (units: fixed-units-mismatch) rule=univariate_nn cand=cf_combo[z_inv] target=nn#leaf2 vars=(1,) attempted=30
[Stage B]  Precheck reject (duplicate-signature) rule=univariate_nn cand=sqrt_ratpoly_1d target=nn#leaf2 vars=(1,) sig=(214114786, 3, 1, 1, 1, -1, 5, 1, 1, 1, 1, 1) attempted=30
[Stage B] Rule log_ratio found 0 targets
[Stage B] Rule power_product found 0 targets
[Stage B] Rule joint_product_monomial_closure found 0 targets
[Stage B] Rule overlap_prefactor_peel found 0 targets
[Stage B] Rule overlap_counterterm_peel found 0 targets
[Stage B] Rule common_prefactor found 0 targets
[Stage B] Rule additive_gauge_transfer found 0 targets
[Stage B] Rule multiplicative_homogeneity_transfer found 0 targets
[Stage B] Rule univariate_mono found 1 targets
[Stage B]   target order (arity-asc): [vars=(1,)(arity=1)]
[Stage B]  Exhaustive order (3 cands): monomial_deg1[z_inv](8p), monomial_deg2[z_inv](8p), monomial_deg3[z_inv](8p)
[Stage B]  Precheck reject (units: fixed-units-mismatch) rule=univariate_mono cand=monomial_deg1[z_inv] target=nn#leaf2 vars=(1,) attempted=0
[Stage B]  Precheck reject (units: fixed-units-mismatch) rule=univariate_mono cand=monomial_deg2[z_inv] target=nn#leaf2 vars=(1,) attempted=0
[Stage B]  Precheck reject (units: fixed-units-mismatch) rule=univariate_mono cand=monomial_deg3[z_inv] target=nn#leaf2 vars=(1,) attempted=0
[Stage B] Rule nn_leaf_separability found 0 targets
[Stage B] Rule counterterm_mul_split found 0 targets
[Stage B] Rule counterfactor_add_split found 0 targets
[Stage B] === Phase 1 complete: No more separabilities found ===
[Stage B] === Phase 2: Trying specialized patterns (after exhausting separability) ===
[Stage B]   target order (arity-asc): [vars=(1,)(arity=1)]
[Stage B]  Greedy order (10 cands): cf_sharedpref_resid(11p), cf_sharedpref_resid(11p), cf_combo(11p), cf_combo(10p), cf_combo(11p), cf_combo(10p), cf_combo(11p), cf_combo(10p), cf_combo(11p), cf_combo(10p)
[Stage B]  Precheck reject (units: fixed-units-mismatch) rule=compound_fn_macros cand=cf_sharedpref_resid target=nn#leaf2 vars=(1,) attempted=0
[Stage B]  Precheck reject (units: fixed-units-mismatch) rule=compound_fn_macros cand=cf_sharedpref_resid target=nn#leaf2 vars=(1,) attempted=0
[Stage B]  Precheck reject (units: fixed-units-mismatch) rule=compound_fn_macros cand=cf_combo target=nn#leaf2 vars=(1,) attempted=0
[Stage B]  Precheck reject (units: fixed-units-mismatch) rule=compound_fn_macros cand=cf_combo target=nn#leaf2 vars=(1,) attempted=0
[Stage B]  Precheck reject (units: fixed-units-mismatch) rule=compound_fn_macros cand=cf_combo target=nn#leaf2 vars=(1,) attempted=0
[Stage B]  Precheck reject (units: fixed-units-mismatch) rule=compound_fn_macros cand=cf_combo target=nn#leaf2 vars=(1,) attempted=0
[Stage B]  Precheck reject (units: fixed-units-mismatch) rule=compound_fn_macros cand=cf_combo target=nn#leaf2 vars=(1,) attempted=0
[Stage B]  Precheck reject (units: fixed-units-mismatch) rule=compound_fn_macros cand=cf_combo target=nn#leaf2 vars=(1,) attempted=0
[Stage B]  Precheck reject (units: fixed-units-mismatch) rule=compound_fn_macros cand=cf_combo target=nn#leaf2 vars=(1,) attempted=0
[Stage B]  Precheck reject (units: fixed-units-mismatch) rule=compound_fn_macros cand=cf_combo target=nn#leaf2 vars=(1,) attempted=0
[Stage B]   target order (arity-asc): [vars=(1,)(arity=1)]
[Stage B]   target order (arity-asc): [vars=(1,)(arity=1)]
[Stage B]   target order (arity-asc): [vars=(1,)(arity=1)]
[Stage B]   target order (arity-asc): [vars=(1,)(arity=1)]
[Stage B] RuleUnivariateMulPeel: detected [k=1] on NN vars=(1,)
[Stage B]  Greedy order (1 cands): mono_peel_nn_resid(1009p)
[Stage B]  Trying mono-peel + NN residual (k=1) on NN leaf vars (1,)
[Stage B] Post-custom-init validation (attempt 0), batch 0, finite: 2000/2000, min: 5.977e+02, max: 2.754e+07, mean: 1.037e+06
[Stage B] Post-custom-init validation (attempt 0), batch 1, finite: 2000/2000, min: 5.577e+02, max: 2.567e+07, mean: 1.162e+06
[Stage B] Post-custom-init validation (attempt 0), batch 2, finite: 2000/2000, min: 1.084e+03, max: 2.457e+07, mean: 8.674e+05
[Stage B] Prediction scale check (attempt 0): pred_median=1.421e+05, true_median=9.826e-02, ratio=1.446e+06
[Stage B] Warning: init scale_ratio extreme; rejecting candidate.
[Stage B]    Candidate (mono_peel_nn_resid) rejected at init (non-finite loss); trying next.
[Stage B]   target order (arity-asc): [vars=(1,)(arity=1)]
[Stage B]  Greedy order (2 cands): precond_fallback_div(1009p), precond_fallback_add(1010p)
[Stage B]  Precheck reject (units: poly leaf with unitful inputs requires homogeneous basis (min_total=degree=1), but got min_total=0) rule=preconditioner_fallback_nn cand=precond_fallback_div target=nn#leaf2 vars=(1,) attempted=0
[Stage B]  Precheck reject (units: Atom kind 'exp_poly' expects dimensionless inputs; x1 has units T^-1) rule=preconditioner_fallback_nn cand=precond_fallback_add target=nn#leaf2 vars=(1,) attempted=0
[Stage B]   target order (arity-asc): [vars=(1,)(arity=1)]
[Stage B] ratpoly_1d degree probe: no valid pairs, falling back to unconstrained grid, vars=(1,)
[Stage B] ratpoly_1d probe: 3 sub-threshold trial(s) for vars=(1,): deg=(2,1)->(2,1) nnz=(3,2) rms=0.0122, deg=(2,2)->(2,2) nnz=(3,3) rms=0.0148, deg=(3,1)->(3,1) nnz=(4,2) rms=0.0148
[Stage B] RuleLastHardAtomRescue proposing 3 capped candidate(s) for final NN vars=(1,): ['last_ratpoly_1d', 'last_ratpoly_1d[1]', 'last_ratpoly_1d[2]']
[Stage B]  Exhaustive order (3 cands): last_ratpoly_1d(13p), last_ratpoly_1d[1](14p), last_ratpoly_1d[2](14p)
[Stage B]  Trying 1D ratpoly deg=(2,1)->(2,1) nnz=(3,2) (scale*P_red(x)/Q(x)) rewrite on NN leaf vars (1,)
[Stage B custom_init ratpoly_1d] Init on vars (1,): deg=(2,1)->(2,1), nnz=(3,2), rel_rms≈1.22e-02
[Stage B] Post-custom-init validation (attempt 0), batch 0, finite: 2000/2000, min: -1.050e+05, max: -6.445e+02, mean: -9.579e+03
[Stage B] Post-custom-init validation (attempt 0), batch 1, finite: 2000/2000, min: -1.085e+05, max: -6.451e+02, mean: -1.014e+04
[Stage B] Post-custom-init validation (attempt 0), batch 2, finite: 2000/2000, min: -1.038e+05, max: -6.744e+02, mean: -9.741e+03
[Stage B] Prediction scale check (attempt 0): pred_median=5.180e+03, true_median=9.826e-02, ratio=5.272e+04
[Stage B] Warning: init scale_ratio extreme; rejecting candidate.
[Stage B]    Candidate (last_ratpoly_1d) rejected at init (non-finite loss); trying next.
[Stage B]  Trying 1D ratpoly deg=(2,2)->(2,2) nnz=(3,3) (scale*P_red(x)/Q(x)) rewrite on NN leaf vars (1,)
[Stage B custom_init ratpoly_1d] Init on vars (1,): deg=(2,2)->(2,2), nnz=(3,3), rel_rms≈1.48e-02
[Stage B] Post-custom-init validation (attempt 0), batch 0, finite: 2000/2000, min: -1.050e+05, max: -6.342e+02, mean: -9.583e+03
[Stage B] Post-custom-init validation (attempt 0), batch 1, finite: 2000/2000, min: -1.085e+05, max: -6.374e+02, mean: -1.014e+04
[Stage B] Post-custom-init validation (attempt 0), batch 2, finite: 2000/2000, min: -1.038e+05, max: -6.691e+02, mean: -9.756e+03
[Stage B] Prediction scale check (attempt 0): pred_median=5.204e+03, true_median=9.826e-02, ratio=5.296e+04
[Stage B] Warning: init scale_ratio extreme; rejecting candidate.
[Stage B]    Candidate (last_ratpoly_1d[1]) rejected at init (non-finite loss); trying next.
[Stage B]  Trying 1D ratpoly deg=(3,1)->(3,1) nnz=(4,2) (scale*P_red(x)/Q(x)) rewrite on NN leaf vars (1,)
[Stage B custom_init ratpoly_1d] Init on vars (1,): deg=(3,1)->(3,1), nnz=(4,2), rel_rms≈1.48e-02
[Stage B] Post-custom-init validation (attempt 0), batch 0, finite: 2000/2000, min: -1.050e+05, max: -6.339e+02, mean: -9.583e+03
[Stage B] Post-custom-init validation (attempt 0), batch 1, finite: 2000/2000, min: -1.085e+05, max: -6.371e+02, mean: -1.014e+04
[Stage B] Post-custom-init validation (attempt 0), batch 2, finite: 2000/2000, min: -1.038e+05, max: -6.688e+02, mean: -9.756e+03
[Stage B] Prediction scale check (attempt 0): pred_median=5.203e+03, true_median=9.826e-02, ratio=5.296e+04
[Stage B] Warning: init scale_ratio extreme; rejecting candidate.
[Stage B]    Candidate (last_ratpoly_1d[2]) rejected at init (non-finite loss); trying next.
[Stage B]   Backtrack: reverted accept (exp_rat), restored to loss=2.650e-10 (budget=1 remaining)
[Stage B] === Phase 1: Searching for separabilities (additive, multiplicative) ===
[Stage B] Rule nonsense_units_zero_prune found 0 targets
[Stage B] Rule monomial_peel_priority found 3 targets
[Stage B]   target order (arity-asc): [vars=(0,)(arity=1), vars=(1, 2)(arity=1), vars=(1,)(arity=1)]
[Stage B] monomial_peel_priority shortlist: monomial_deg1[z_inv]@nn#leaf1 vars=(1, 2) (k=-0.0327, rel=0.0637); monomial_deg1@nn#leaf1 vars=(1, 2) (k=-0.0327, rel=0.0637); monomial_deg2[z_inv]@nn#leaf1 vars=(1, 2) (k=-0.0327, rel=0.0637); monomial_deg2@nn#leaf1 vars=(1, 2) (k=-0.0327, rel=0.0637); monomial_deg3[z_inv]@nn#leaf1 vars=(1, 2) (k=-0.0327, rel=0.0637); monomial_deg3@nn#leaf1 vars=(1, 2) (k=-0.0327, rel=0.0637); monomial_deg1[z_inv]@nn#leaf2 vars=(1,) (k=0.541, rel=0.355); monomial_deg2[z_inv]@nn#leaf2 vars=(1,) (k=0.541, rel=0.355)
[Stage B] Rule monomial_peel_priority trying 12 globally ranked candidates
[Stage B]  Greedy order (1 cands): monomial_deg1[z_inv](1998p)
[Stage B]  Priority trying 1D monomial (c·x^1) rewrite on NN leaf vars (1, 2) [coord=1/z]
[Stage B] Initialising RPolyLeaf for vars (1, 2), tag=leaf1
[info] dataloader for provider ASTCompositeAdaptor yields 3 batches (equivalent to a single batch up to floating-point roundoff; minor Python-loop overhead per batch).
[LM][bucket] solving P=768 (trivially separable union)
Validation patience exceeded at epoch 601/2000, nval_worse=500
[Stage B]    Candidate (monomial_deg1[z_inv]): params=768, val-loss=5.0743e-04
[Stage B]    Reject (monomial_deg1[z_inv]): simpler-over-budget(thr=6.032e-10) | loss 2.650e-10->5.074e-04 (Δ+5.07e-04) | params 1152->768 | cx (0, 0, 0)->(0, 0, 0)
[Stage B]  Greedy order (1 cands): monomial_deg1(1998p)
[Stage B]  Priority trying 1D monomial (c·x^1) rewrite on NN leaf vars (1, 2)
[Stage B] Initialising RPolyLeaf for vars (1, 2), tag=leaf1
[info] dataloader for provider ASTCompositeAdaptor yields 3 batches (equivalent to a single batch up to floating-point roundoff; minor Python-loop overhead per batch).
[Stage B]    Candidate (monomial_deg1): params=768, val-loss=2.2013e-03
[Stage B]    Reject (monomial_deg1): simpler-over-budget(thr=6.032e-10) | loss 2.650e-10->2.201e-03 (Δ+2.20e-03) | params 1152->768 | cx (0, 0, 0)->(0, 0, 0)
[Stage B]  Greedy order (1 cands): monomial_deg2[z_inv](1998p)
[Stage B]  Priority trying 1D monomial (c·x^2) rewrite on NN leaf vars (1, 2) [coord=1/z]
[Stage B] Initialising RPolyLeaf for vars (1, 2), tag=leaf1
[info] dataloader for provider ASTCompositeAdaptor yields 3 batches (equivalent to a single batch up to floating-point roundoff; minor Python-loop overhead per batch).
Validation patience exceeded at epoch 601/2000, nval_worse=500
[Stage B]    Candidate (monomial_deg2[z_inv]): params=768, val-loss=2.4892e-03
[Stage B]    Reject (monomial_deg2[z_inv]): simpler-over-budget(thr=6.032e-10) | loss 2.650e-10->2.489e-03 (Δ+2.49e-03) | params 1152->768 | cx (0, 0, 0)->(0, 0, 0)
[Stage B]  Greedy order (1 cands): monomial_deg2(1998p)
[Stage B]  Priority trying 1D monomial (c·x^2) rewrite on NN leaf vars (1, 2)
[Stage B] Initialising RPolyLeaf for vars (1, 2), tag=leaf1
[info] dataloader for provider ASTCompositeAdaptor yields 3 batches (equivalent to a single batch up to floating-point roundoff; minor Python-loop overhead per batch).
Validation patience exceeded at epoch 1901/2000, nval_worse=500
[Stage B]    Candidate (monomial_deg2): params=768, val-loss=7.0550e-03
[Stage B]    Reject (monomial_deg2): simpler-over-budget(thr=6.032e-10) | loss 2.650e-10->7.055e-03 (Δ+7.06e-03) | params 1152->768 | cx (0, 0, 0)->(0, 0, 0)
[Stage B]  Greedy order (1 cands): monomial_deg3[z_inv](1998p)
[Stage B]  Priority trying 1D monomial (c·x^3) rewrite on NN leaf vars (1, 2) [coord=1/z]
[Stage B] Initialising RPolyLeaf for vars (1, 2), tag=leaf1
[info] dataloader for provider ASTCompositeAdaptor yields 3 batches (equivalent to a single batch up to floating-point roundoff; minor Python-loop overhead per batch).
Validation patience exceeded at epoch 701/2000, nval_worse=500
[Stage B]    Candidate (monomial_deg3[z_inv]): params=768, val-loss=5.1058e-03
[Stage B]    Reject (monomial_deg3[z_inv]): simpler-over-budget(thr=6.032e-10) | loss 2.650e-10->5.106e-03 (Δ+5.11e-03) | params 1152->768 | cx (0, 0, 0)->(0, 0, 0)
[Stage B]  Greedy order (1 cands): monomial_deg3(1998p)
[Stage B]  Priority trying 1D monomial (c·x^3) rewrite on NN leaf vars (1, 2)
[Stage B] Initialising RPolyLeaf for vars (1, 2), tag=leaf1
[info] dataloader for provider ASTCompositeAdaptor yields 3 batches (equivalent to a single batch up to floating-point roundoff; minor Python-loop overhead per batch).
Validation patience exceeded at epoch 1101/2000, nval_worse=500
[Stage B]    Candidate (monomial_deg3): params=768, val-loss=1.4191e-02
[Stage B]    Reject (monomial_deg3): simpler-over-budget(thr=6.032e-10) | loss 2.650e-10->1.419e-02 (Δ+1.42e-02) | params 1152->768 | cx (0, 0, 0)->(0, 0, 0)
[Stage B]  Greedy order (1 cands): monomial_deg1[z_inv](1998p)
[Stage B]  Priority trying 1D monomial (c·x^1) rewrite on NN leaf vars (1,) [coord=1/z]
[Stage B] Initialising RPolyLeaf for vars (1,), tag=leaf2
[info] dataloader for provider ASTCompositeAdaptor yields 3 batches (equivalent to a single batch up to floating-point roundoff; minor Python-loop overhead per batch).
Validation patience exceeded at epoch 601/2000, nval_worse=500
[Stage B]    Candidate (monomial_deg1[z_inv]): params=768, val-loss=2.5791e-03
[Stage B]    Reject (monomial_deg1[z_inv]): simpler-over-budget(thr=6.032e-10) | loss 2.650e-10->2.579e-03 (Δ+2.58e-03) | params 1152->768 | cx (0, 0, 0)->(0, 0, 0)
[Stage B]  Greedy order (1 cands): monomial_deg2[z_inv](1998p)
[Stage B]  Priority trying 1D monomial (c·x^2) rewrite on NN leaf vars (1,) [coord=1/z]
[Stage B] Initialising RPolyLeaf for vars (1,), tag=leaf2
[info] dataloader for provider ASTCompositeAdaptor yields 3 batches (equivalent to a single batch up to floating-point roundoff; minor Python-loop overhead per batch).
Validation patience exceeded at epoch 601/2000, nval_worse=500
[Stage B]    Candidate (monomial_deg2[z_inv]): params=768, val-loss=1.7033e-02
[Stage B]    Reject (monomial_deg2[z_inv]): simpler-over-budget(thr=6.032e-10) | loss 2.650e-10->1.703e-02 (Δ+1.70e-02) | params 1152->768 | cx (0, 0, 0)->(0, 0, 0)
[Stage B]  Greedy order (1 cands): monomial_deg3[z_inv](1998p)
[Stage B]  Priority trying 1D monomial (c·x^3) rewrite on NN leaf vars (1,) [coord=1/z]
[Stage B] Initialising RPolyLeaf for vars (1,), tag=leaf2
[info] dataloader for provider ASTCompositeAdaptor yields 3 batches (equivalent to a single batch up to floating-point roundoff; minor Python-loop overhead per batch).
Validation patience exceeded at epoch 1401/2000, nval_worse=500
[Stage B]    Candidate (monomial_deg3[z_inv]): params=768, val-loss=2.8656e-02
[Stage B]    Reject (monomial_deg3[z_inv]): simpler-over-budget(thr=6.032e-10) | loss 2.650e-10->2.866e-02 (Δ+2.87e-02) | params 1152->768 | cx (0, 0, 0)->(0, 0, 0)
[Stage B]  Greedy order (1 cands): monomial_deg1[z_inv](1998p)
[Stage B]  Priority trying 1D monomial (c·x^1) rewrite on NN leaf vars (0,) [coord=1/z]
[Stage B] Initialising RPolyLeaf for vars (0,), tag=leaf0
[info] dataloader for provider ASTCompositeAdaptor yields 3 batches (equivalent to a single batch up to floating-point roundoff; minor Python-loop overhead per batch).
Validation patience exceeded at epoch 601/2000, nval_worse=500
[Stage B]    Candidate (monomial_deg1[z_inv]): params=768, val-loss=7.1870e-02
[Stage B]    Reject (monomial_deg1[z_inv]): simpler-over-budget(thr=6.032e-10) | loss 2.650e-10->7.187e-02 (Δ+7.19e-02) | params 1152->768 | cx (0, 0, 0)->(0, 0, 0)
[Stage B]  Greedy order (1 cands): monomial_deg2[z_inv](1998p)
[Stage B]  Priority trying 1D monomial (c·x^2) rewrite on NN leaf vars (0,) [coord=1/z]
[Stage B] Initialising RPolyLeaf for vars (0,), tag=leaf0
[info] dataloader for provider ASTCompositeAdaptor yields 3 batches (equivalent to a single batch up to floating-point roundoff; minor Python-loop overhead per batch).
Validation patience exceeded at epoch 601/2000, nval_worse=500
[Stage B]    Candidate (monomial_deg2[z_inv]): params=768, val-loss=7.2406e-02
[Stage B]    Reject (monomial_deg2[z_inv]): simpler-over-budget(thr=6.032e-10) | loss 2.650e-10->7.241e-02 (Δ+7.24e-02) | params 1152->768 | cx (0, 0, 0)->(0, 0, 0)
[Stage B]  Greedy order (1 cands): monomial_deg3[z_inv](1998p)
[Stage B]  Priority trying 1D monomial (c·x^3) rewrite on NN leaf vars (0,) [coord=1/z]
[Stage B] Initialising RPolyLeaf for vars (0,), tag=leaf0
[info] dataloader for provider ASTCompositeAdaptor yields 3 batches (equivalent to a single batch up to floating-point roundoff; minor Python-loop overhead per batch).
Validation patience exceeded at epoch 601/2000, nval_worse=500
[Stage B]    Candidate (monomial_deg3[z_inv]): params=768, val-loss=7.2517e-02
[Stage B]    Reject (monomial_deg3[z_inv]): simpler-over-budget(thr=6.032e-10) | loss 2.650e-10->7.252e-02 (Δ+7.25e-02) | params 1152->768 | cx (0, 0, 0)->(0, 0, 0)
[Stage B] Rule subtree_separability found 0 targets
[Stage B] Rule last_hard_trig_square found 0 targets
[Stage B] Rule univariate_nn found 3 targets
[Stage B]   target order (arity-asc): [vars=(0,)(arity=1), vars=(1, 2)(arity=1), vars=(1,)(arity=1)]
[Stage B]  one_minus_cos_over_z2 skip NN vars (0,): no trig hint
[Stage B] ratpoly_1d degree probe: no valid pairs, falling back to unconstrained grid, vars=(0,)
[Stage B] ratpoly_1d rejected: best rel_rms=0.0146 > 0.001, deg=(4,2), vars=(0,)
[Stage B] ratpoly_1d degree probe: no valid pairs, falling back to unconstrained grid, vars=(0,)
[Stage B] ratpoly_1d rejected: best rel_rms=0.0193 > 0.001, deg=(4,4), vars=(0,)
[Stage B]  one_minus_cos_over_z2 skip NN vars (0,): no trig hint
[Stage B] ratpoly_1d degree probe: no valid pairs, falling back to unconstrained grid, vars=(0,)
[Stage B] ratpoly_1d rejected: best rel_rms=0.2736 > 0.001, deg=(3,3), vars=(0,)
[Stage B] ratpoly_1d degree probe: no valid pairs, falling back to unconstrained grid, vars=(0,)
[Stage B] ratpoly_1d rejected: best rel_rms=0.1404 > 0.001, deg=(3,2), vars=(0,)
[Stage B] RuleUniNN proposing 13 candidates for NN vars=(0,): ['monomial_deg1', 'monomial_deg2', 'monomial_deg3', 'cf_combo', 'cf_combo', 'cf_combo', 'cf_combo', 'cf_combo', 'cf_combo', 'cf_combo', 'cf_combo', 'cf_combo', 'cf_combo']
[Stage B] RuleUniNN proposing 14 candidates for NN vars=(0,): ['scale', 'monomial_deg1[z_inv]', 'monomial_deg2[z_inv]', 'monomial_deg3[z_inv]', 'cf_combo[z_inv]', 'cf_combo[z_inv]', 'cf_combo[z_inv]', 'cf_combo[z_inv]', 'cf_combo[z_inv]', 'cf_combo[z_inv]', 'cf_combo[z_inv]', 'cf_combo[z_inv]', 'cf_combo[z_inv]', 'cf_combo[z_inv]']
[Stage B]  Greedy order (14 cands): scale(2000p), monomial_deg1[z_inv](1999p), monomial_deg2[z_inv](1999p), monomial_deg3[z_inv](1999p), cf_combo[z_inv](2001p), cf_combo[z_inv](2000p), cf_combo[z_inv](2001p), cf_combo[z_inv](2000p), cf_combo[z_inv](2001p), cf_combo[z_inv](2000p), cf_combo[z_inv](2001p), cf_combo[z_inv](2000p), cf_combo[z_inv](2001p), cf_combo[z_inv](2000p)
[Stage B]  Trying scaling rewrite on NN leaf vars (0,), k≈0.333
[Stage B] Initialising PowerLeaf for vars (0,), tag=leaf0
[info] dataloader for provider ASTCompositeAdaptor yields 3 batches (equivalent to a single batch up to floating-point roundoff; minor Python-loop overhead per batch).
[LM][bucket] solving P=770 (trivially separable union)
Stopping at epoch 701/2000, lm_opt.state['halt']=True, loss=2.7439e-10, loss_val=4.9718e-10
[Stage B]    Candidate (scale): params=770, val-loss=4.9718e-10
[Stage B]    [32mAccepted[0m rewrite (scale, simpler-within-budget(dec=0.052, thr=5.372e-10))
[Stage B]    NN metrics: total=2, multivar=0, max_arity=1
[Stage B]    Current: [35mpower0(x0) * nn0(z=(x1 * x2^-1)) * nn1(x1)[0m
[Stage B] === Phase 1: Searching for separabilities (additive, multiplicative) ===
[Stage B] Rule nonsense_units_zero_prune found 0 targets
[Stage B] Rule monomial_peel_priority found 2 targets
[Stage B]   target order (arity-asc): [vars=(1, 2)(arity=1), vars=(1,)(arity=1)]
[Stage B] monomial_peel_priority shortlist: monomial_deg1[z_inv]@nn#leaf2 vars=(1,) (k=-0.667, rel=4e-05); monomial_deg2[z_inv]@nn#leaf2 vars=(1,) (k=-0.667, rel=4e-05); monomial_deg3[z_inv]@nn#leaf2 vars=(1,) (k=-0.667, rel=4e-05); monomial_deg1[z_inv]@nn#leaf1 vars=(1, 2) (k=-0.272, rel=0.17); monomial_deg1@nn#leaf1 vars=(1, 2) (k=-0.272, rel=0.17); monomial_deg2[z_inv]@nn#leaf1 vars=(1, 2) (k=-0.272, rel=0.17); monomial_deg2@nn#leaf1 vars=(1, 2) (k=-0.272, rel=0.17); monomial_deg3[z_inv]@nn#leaf1 vars=(1, 2) (k=-0.272, rel=0.17)
[Stage B] Rule monomial_peel_priority trying 9 globally ranked candidates
[Stage B]  Greedy order (1 cands): monomial_deg1[z_inv](1001p)
[Stage B]  Precheck reject (units: nn-output-unreachable leaf1 inputs=((x1 * (x2)**-1)) target=T^-1/3 basis=['dimless-only']) rule=monomial_peel_priority cand=monomial_deg1[z_inv] target=nn#leaf2 vars=(1,) attempted=0
[Stage B]  Greedy order (1 cands): monomial_deg2[z_inv](1001p)
[Stage B]  Precheck reject (units: nn-output-unreachable leaf1 inputs=((x1 * (x2)**-1)) target=T^-4/3 basis=['dimless-only']) rule=monomial_peel_priority cand=monomial_deg2[z_inv] target=nn#leaf2 vars=(1,) attempted=0
[Stage B]  Greedy order (1 cands): monomial_deg3[z_inv](1001p)
[Stage B]  Precheck reject (units: nn-output-unreachable leaf1 inputs=((x1 * (x2)**-1)) target=T^-7/3 basis=['dimless-only']) rule=monomial_peel_priority cand=monomial_deg3[z_inv] target=nn#leaf2 vars=(1,) attempted=0
[Stage B]  Greedy order (1 cands): monomial_deg1[z_inv](1001p)
[Stage B]  Priority trying 1D monomial (c·x^1) rewrite on NN leaf vars (1, 2) [coord=1/z]
[Stage B] Initialising RPolyLeaf for vars (1, 2), tag=leaf1
[info] dataloader for provider ASTCompositeAdaptor yields 3 batches (equivalent to a single batch up to floating-point roundoff; minor Python-loop overhead per batch).
[LM][bucket] solving P=386 (trivially separable union)
Validation patience exceeded at epoch 2001/2000, nval_worse=500
[Stage B]    Candidate (monomial_deg1[z_inv]): params=386, val-loss=4.9992e-04
[Stage B]    Reject (monomial_deg1[z_inv]): simpler-over-budget(thr=6.571e-10) | loss 4.972e-10->4.999e-04 (Δ+5.00e-04) | params 770->386 | cx (0, 0, 0)->(0, 0, 0)
[Stage B]  Greedy order (1 cands): monomial_deg1(1001p)
[Stage B]  Priority trying 1D monomial (c·x^1) rewrite on NN leaf vars (1, 2)
[Stage B] Initialising RPolyLeaf for vars (1, 2), tag=leaf1
[info] dataloader for provider ASTCompositeAdaptor yields 3 batches (equivalent to a single batch up to floating-point roundoff; minor Python-loop overhead per batch).
Validation patience exceeded at epoch 1201/2000, nval_worse=500
[Stage B]    Candidate (monomial_deg1): params=386, val-loss=2.2490e-03
[Stage B]    Reject (monomial_deg1): simpler-over-budget(thr=6.571e-10) | loss 4.972e-10->2.249e-03 (Δ+2.25e-03) | params 770->386 | cx (0, 0, 0)->(0, 0, 0)
[Stage B]  Greedy order (1 cands): monomial_deg2[z_inv](1001p)
[Stage B]  Priority trying 1D monomial (c·x^2) rewrite on NN leaf vars (1, 2) [coord=1/z]
[Stage B] Initialising RPolyLeaf for vars (1, 2), tag=leaf1
[info] dataloader for provider ASTCompositeAdaptor yields 3 batches (equivalent to a single batch up to floating-point roundoff; minor Python-loop overhead per batch).
Validation patience exceeded at epoch 701/2000, nval_worse=500
[Stage B]    Candidate (monomial_deg2[z_inv]): params=386, val-loss=2.4785e-03
[Stage B]    Reject (monomial_deg2[z_inv]): simpler-over-budget(thr=6.571e-10) | loss 4.972e-10->2.479e-03 (Δ+2.48e-03) | params 770->386 | cx (0, 0, 0)->(0, 0, 0)
[Stage B]  Greedy order (1 cands): monomial_deg2(1001p)
[Stage B]  Priority trying 1D monomial (c·x^2) rewrite on NN leaf vars (1, 2)
[Stage B] Initialising RPolyLeaf for vars (1, 2), tag=leaf1
[info] dataloader for provider ASTCompositeAdaptor yields 3 batches (equivalent to a single batch up to floating-point roundoff; minor Python-loop overhead per batch).
Validation patience exceeded at epoch 601/2000, nval_worse=500
[Stage B]    Candidate (monomial_deg2): params=386, val-loss=7.1135e-03
[Stage B]    Reject (monomial_deg2): simpler-over-budget(thr=6.571e-10) | loss 4.972e-10->7.113e-03 (Δ+7.11e-03) | params 770->386 | cx (0, 0, 0)->(0, 0, 0)
[Stage B]  Greedy order (1 cands): monomial_deg3[z_inv](1001p)
[Stage B]  Priority trying 1D monomial (c·x^3) rewrite on NN leaf vars (1, 2) [coord=1/z]
[Stage B] Initialising RPolyLeaf for vars (1, 2), tag=leaf1
[info] dataloader for provider ASTCompositeAdaptor yields 3 batches (equivalent to a single batch up to floating-point roundoff; minor Python-loop overhead per batch).
Validation patience exceeded at epoch 601/2000, nval_worse=500
[Stage B]    Candidate (monomial_deg3[z_inv]): params=386, val-loss=4.8923e-03
[Stage B]    Reject (monomial_deg3[z_inv]): simpler-over-budget(thr=6.571e-10) | loss 4.972e-10->4.892e-03 (Δ+4.89e-03) | params 770->386 | cx (0, 0, 0)->(0, 0, 0)
[Stage B]  Greedy order (1 cands): monomial_deg3(1001p)
[Stage B]  Priority trying 1D monomial (c·x^3) rewrite on NN leaf vars (1, 2)
[Stage B] Initialising RPolyLeaf for vars (1, 2), tag=leaf1
[info] dataloader for provider ASTCompositeAdaptor yields 3 batches (equivalent to a single batch up to floating-point roundoff; minor Python-loop overhead per batch).
[Stage B]    Candidate (monomial_deg3): params=386, val-loss=1.4320e-02
[Stage B]    Reject (monomial_deg3): simpler-over-budget(thr=6.571e-10) | loss 4.972e-10->1.432e-02 (Δ+1.43e-02) | params 770->386 | cx (0, 0, 0)->(0, 0, 0)
[Stage B] Rule subtree_separability found 0 targets
[Stage B] Rule last_hard_trig_square found 0 targets
[Stage B] Rule univariate_nn found 2 targets
[Stage B]   target order (arity-asc): [vars=(1, 2)(arity=1), vars=(1,)(arity=1)]
[Stage B] symexp_denom_1d rejected: rel_rms=0.2967 > 0.05, compound vars=(1, 2)
[Stage B] symexp_denom_1d_recip (poly) accepted: rel_rms=0.0041, scale≈-0.000315, linear≈-1.35, compound vars=(1, 2)
[Stage B] inv_poly: using degree-probe monomials, 3 valid terms, vars=(1, 2)
[Stage B] inv_poly rejected: best rel_rms=0.0010 > 0.001, degree=2, vars=(1, 2)
[Stage B] sqrt_poly: degree-probe active, sqrt=3 terms (probed=True), inv=3 terms (probed=True), vars=(1, 2)
[Stage B]  one_minus_cos_over_z2 skip NN vars (1, 2): screen failed for z=(x1 * (x2)**-1); exact best rel=4.99e-01 at omega≈1; affine best rel=9.57e-02, offset_rel=1.47e-02 at omega≈0.5; thresholds rel<=2.00e-02, offset_rel<=1.50e-01
[Stage B]  sparse_factor_1d skip NN vars (1, 2): screen failed for z=(x1 * (x2)**-1); best rel=2.68e-01, threshold=2.00e-02
[Stage B] ratpoly_1d degree probe: 1 valid pair(s), min_deg=(0,0), vars=(1, 2)
[Stage B] ratpoly_1d probe: 4 sub-threshold trial(s) for vars=(1, 2): deg=(4,1)->(4,1) nnz=(5,2) rms=0.0001, deg=(4,2)->(4,2) nnz=(5,3) rms=0.0000, deg=(4,3)->(4,3) nnz=(5,4) rms=0.0002, deg=(4,4)->(4,4) nnz=(5,5) rms=0.0000
[Stage B] ratpoly_1d degree probe: 1 valid pair(s), min_deg=(0,0), vars=(1, 2)
[Stage B] ratpoly_1d probe: 4 sub-threshold trial(s) for vars=(1, 2): deg=(0,4)->(0,4) nnz=(1,5) rms=0.0007, deg=(1,4)->(1,4) nnz=(2,5) rms=0.0007, deg=(3,4)->(3,4) nnz=(4,5) rms=0.0007, deg=(4,4)->(4,4) nnz=(5,5) rms=0.0007
[Stage B] ratpoly_1d degree probe: 1 valid pair(s), min_deg=(0,0), vars=(1, 2)
[Stage B] ratpoly_1d probe: 4 sub-threshold trial(s) for vars=(1, 2): deg=(3,1)->(3,0) nnz=(4,1) rms=0.0092, deg=(4,1)->(4,0) nnz=(5,1) rms=0.0001, deg=(2,4)->(2,4) nnz=(3,3) rms=0.0089, deg=(3,4)->(3,4) nnz=(4,5) rms=0.0000
[Stage B] symexp_denom_1d accepted: rel_rms=0.0041, scale≈-0.000315, linear≈-0.5, compound vars=(1, 2)
[Stage B] symexp_denom_1d_recip rejected: rel_rms=0.2967 > 0.05, compound vars=(1, 2)
[Stage B] inv_poly: using degree-probe monomials, 3 valid terms, vars=(1, 2)
[Stage B] inv_poly probe: 1 sub-threshold trial(s) for vars=(1, 2): deg=2 rms=0.0001 n=3
[Stage B] sqrt_poly: degree-probe active, sqrt=3 terms (probed=True), inv=3 terms (probed=True), vars=(1, 2)
[Stage B]  one_minus_cos_over_z2 skip NN vars (1, 2): screen failed for z=(x2 / x1); exact best rel=3.59e-01 at omega≈1; affine best rel=1.84e-01, offset_rel=1.04e-02 at omega≈0.5; thresholds rel<=2.00e-02, offset_rel<=1.50e-01
[Stage B]  sparse_factor_1d skip NN vars (1, 2): screen failed for z=(x2 / x1); best rel=2.34e-01, threshold=2.00e-02
[Stage B] ratpoly_1d degree probe: 1 valid pair(s), min_deg=(0,0), vars=(1, 2)
[Stage B] ratpoly_1d probe: 1 sub-threshold trial(s) for vars=(1, 2): deg=(4,2)->(4,2) nnz=(5,3) rms=0.0001
[Stage B] ratpoly_1d degree probe: 1 valid pair(s), min_deg=(0,0), vars=(1, 2)
[Stage B] ratpoly_1d rejected: best rel_rms=0.0016 > 0.001, deg=(0,4), vars=(1, 2)
[Stage B] ratpoly_1d degree probe: 1 valid pair(s), min_deg=(0,0), vars=(1, 2)
[Stage B] ratpoly_1d probe: 14 sub-threshold trial(s) for vars=(1, 2): deg=(0,2)->(0,2) nnz=(1,3) rms=0.0050, deg=(1,1)->(1,1) nnz=(2,2) rms=0.0032, deg=(1,3)->(0,3) nnz=(1,3) rms=0.0024, deg=(2,2)->(2,2) nnz=(2,2) rms=0.0020, deg=(0,3)->(0,3) nnz=(1,4) rms=0.0017, deg=(1,2)->(1,2) nnz=(2,3) rms=0.0019, deg=(2,1)->(2,1) nnz=(3,2) rms=0.0018, deg=(3,1)->(3,0) nnz=(4,1) rms=0.0015, deg=(0,4)->(0,4) nnz=(1,4) rms=0.0018, deg=(4,1)->(4,0) nnz=(4,1) rms=0.0015, deg=(1,4)->(1,4) nnz=(2,3) rms=0.0017, deg=(2,3)->(2,3) nnz=(3,2) rms=0.0018, deg=(2,4)->(2,4) nnz=(3,5) rms=0.0007, deg=(4,2)->(4,2) nnz=(5,3) rms=0.0001
[Stage B] RuleUniNN proposing 48 candidates for NN vars=(1, 2): ['monomial_deg1', 'monomial_deg2', 'monomial_deg3', 'poly', 'expm1', 'symexp_denom_1d', 'polylog', 'logshifted', 'inv_poly', 'sqrt_poly', 'cf_sharedpref_resid', 'cf_combo', 'cf_combo', 'cf_combo', 'cf_combo', 'cf_combo', 'cf_combo', 'cf_combo', 'cf_combo', 'cf_combo', 'sqrt_ratpoly_1d', 'ratpoly_1d', 'ratpoly_1d[1]', 'ratpoly_1d[2]', 'ratpoly_1d[3]', 'ratpoly_1d[4]', 'ratpoly_1d[5]', 'ratpoly_1d[6]', 'ratpoly_1d[7]', 'ratpoly_1d[8]', 'ratpoly_1d[9]', 'ratpoly_1d[10]', 'ratpoly_1d[11]', 'ratpoly_1d[12]', 'ratpoly_1d[13]', 'exp', 'exp_rat', 'log_ratpoly', 'tanh', 'trig', 'trig', 'trig', 'trig', 'sinc_p2', 'affine_trig', 'leaftr_square_poly3', 'leaftr_recip_poly3', 'leaftr_recip_affine_trig']
[Stage B]  Skipping reciprocal-coordinate alias polylog: closed-under-reciprocal:polylog
[Stage B]  Skipping reciprocal-coordinate alias sqrt_ratpoly_1d: closed-under-reciprocal:sqrt_ratpoly_1d
[Stage B]  Skipping reciprocal-coordinate alias ratpoly_1d: closed-under-reciprocal:ratpoly_1d
[Stage B]  Skipping reciprocal-coordinate alias ratpoly_1d[1]: closed-under-reciprocal:ratpoly_1d
[Stage B]  Skipping reciprocal-coordinate alias ratpoly_1d[2]: closed-under-reciprocal:ratpoly_1d
[Stage B]  Skipping reciprocal-coordinate alias ratpoly_1d[3]: closed-under-reciprocal:ratpoly_1d
[Stage B]  Skipping reciprocal-coordinate alias ratpoly_1d[4]: closed-under-reciprocal:ratpoly_1d
[Stage B]  Skipping reciprocal-coordinate alias ratpoly_1d[5]: closed-under-reciprocal:ratpoly_1d
[Stage B]  Skipping reciprocal-coordinate alias ratpoly_1d[6]: closed-under-reciprocal:ratpoly_1d
[Stage B]  Skipping reciprocal-coordinate alias ratpoly_1d[7]: closed-under-reciprocal:ratpoly_1d
[Stage B]  Skipping reciprocal-coordinate alias ratpoly_1d[8]: closed-under-reciprocal:ratpoly_1d
[Stage B]  Skipping reciprocal-coordinate alias ratpoly_1d[9]: closed-under-reciprocal:ratpoly_1d
[Stage B]  Skipping reciprocal-coordinate alias ratpoly_1d[10]: closed-under-reciprocal:ratpoly_1d
[Stage B]  Skipping reciprocal-coordinate alias ratpoly_1d[11]: closed-under-reciprocal:ratpoly_1d
[Stage B]  Skipping reciprocal-coordinate alias ratpoly_1d[12]: closed-under-reciprocal:ratpoly_1d
[Stage B]  Skipping reciprocal-coordinate alias ratpoly_1d[13]: closed-under-reciprocal:ratpoly_1d
[Stage B]  Skipping reciprocal-coordinate alias exp_rat: closed-under-reciprocal:exp_rat
[Stage B]  Skipping reciprocal-coordinate alias log_ratpoly: closed-under-reciprocal:log_ratpoly
[Stage B] RuleUniNN proposing 73 candidates for NN vars=(1, 2): ['monomial_deg1', 'monomial_deg1[z_inv]', 'monomial_deg2', 'monomial_deg2[z_inv]', 'monomial_deg3', 'monomial_deg3[z_inv]', 'poly', 'poly[z_inv]', 'symexp_denom_1d_recip', 'polylog', 'logshifted', 'logshifted[z_inv]', 'sqrt_poly', 'sqrt_poly[z_inv]', 'cf_combo', 'cf_combo[z_inv]', 'cf_combo[z_inv]', 'cf_combo[z_inv]', 'cf_combo[z_inv]', 'cf_combo[z_inv]', 'cf_combo[z_inv]', 'cf_combo[z_inv]', 'cf_combo[z_inv]', 'cf_combo[z_inv]', 'cf_combo', 'cf_combo', 'cf_combo', 'cf_combo', 'cf_combo', 'cf_combo', 'cf_combo', 'cf_combo', 'cf_combo', 'sqrt_ratpoly_1d', 'sqrt_ratpoly_1d[1]', 'sqrt_ratpoly_1d[2]', 'sqrt_ratpoly_1d[3]', 'sqrt_ratpoly_1d[4]', 'sqrt_ratpoly_1d[5]', 'sqrt_ratpoly_1d[6]', 'sqrt_ratpoly_1d[7]', 'ratpoly_1d', 'ratpoly_1d[1]', 'ratpoly_1d[2]', 'ratpoly_1d[3]', 'exp', 'exp[z_inv]', 'exp_rat', 'log_ratpoly', 'tanh', 'tanh[z_inv]', 'trig', 'trig[z_inv]', 'trig[z_inv]', 'trig[z_inv]', 'trig[z_inv]', 'trig', 'trig', 'trig', 'sinc_p2', 'sinc_p2[z_inv]', 'affine_trig', 'affine_trig[z_inv]', 'leaftr_recip_poly3', 'leaftr_recip_poly3[z_inv]', 'leaftr_square_poly3', 'leaftr_square_poly3[z_inv]', 'leaftr_recip_affine_trig', 'leaftr_recip_affine_trig[z_inv]', 'expm1[z_inv]', 'symexp_denom_1d[z_inv]', 'inv_poly[z_inv]', 'cf_sharedpref_resid[z_inv]']
[Stage B]  Greedy order (73 cands): monomial_deg1(1002p), monomial_deg1[z_inv](1002p), monomial_deg2(1002p), monomial_deg2[z_inv](1002p), monomial_deg3(1002p), monomial_deg3[z_inv](1002p), poly(1003p), poly[z_inv](1003p), symexp_denom_1d_recip(1007p), polylog(1003p), logshifted(1004p), logshifted[z_inv](1004p), sqrt_poly(1004p), sqrt_poly[z_inv](1004p), cf_combo(1004p), cf_combo[z_inv](1004p), cf_combo[z_inv](1003p), cf_combo[z_inv](1004p), cf_combo[z_inv](1003p), cf_combo[z_inv](1004p), cf_combo[z_inv](1003p), cf_combo[z_inv](1004p), cf_combo[z_inv](1003p), cf_combo[z_inv](1004p), cf_combo(1003p), cf_combo(1004p), cf_combo(1003p), cf_combo(1004p), cf_combo(1003p), cf_combo(1004p), cf_combo(1003p), cf_combo(1004p), cf_combo(1003p), sqrt_ratpoly_1d(1008p), sqrt_ratpoly_1d[1](1009p), sqrt_ratpoly_1d[2](1010p), sqrt_ratpoly_1d[3](1011p), sqrt_ratpoly_1d[4](1007p), sqrt_ratpoly_1d[5](1008p), sqrt_ratpoly_1d[6](1010p), sqrt_ratpoly_1d[7](1011p), ratpoly_1d(1006p), ratpoly_1d[1](1007p), ratpoly_1d[2](1007p), ratpoly_1d[3](1010p), exp(1004p), exp[z_inv](1004p), exp_rat(1007p), log_ratpoly(1004p), tanh(1004p), tanh[z_inv](1004p), trig(1004p), trig[z_inv](1004p), trig[z_inv](1004p), trig[z_inv](1004p), trig[z_inv](1004p), trig(1004p), trig(1004p), trig(1004p), sinc_p2(1004p), sinc_p2[z_inv](1004p), affine_trig(1005p), affine_trig[z_inv](1005p), leaftr_recip_poly3(1005p), leaftr_recip_poly3[z_inv](1005p), leaftr_square_poly3(1005p), leaftr_square_poly3[z_inv](1005p), leaftr_recip_affine_trig(1005p), leaftr_recip_affine_trig[z_inv](1005p), expm1[z_inv](1004p), symexp_denom_1d[z_inv](1007p), inv_poly[z_inv](1004p), cf_sharedpref_resid[z_inv](1004p)
[Stage B]  Trying 1D monomial (c·x^1) rewrite on NN leaf vars (1, 2)
[Stage B] Initialising PolyLeaf for vars (1, 2), tag=leaf1
[info] dataloader for provider ASTCompositeAdaptor yields 3 batches (equivalent to a single batch up to floating-point roundoff; minor Python-loop overhead per batch).
[LM][bucket] solving P=387 (trivially separable union)
Validation patience exceeded at epoch 1001/2000, nval_worse=500
[Stage B]    Candidate (monomial_deg1): params=387, val-loss=2.2560e-03
[Stage B]    Reject (monomial_deg1): simpler-over-budget(thr=5.852e-10) | loss 4.972e-10->2.256e-03 (Δ+2.26e-03) | params 770->387 | cx (0, 0, 0)->(0, 0, 0)
[Stage B]  Trying 1D monomial (c·x^1) rewrite on NN leaf vars (1, 2) [coord=1/z]
[Stage B] Initialising PolyLeaf for vars (1, 2), tag=leaf1
[info] dataloader for provider ASTCompositeAdaptor yields 3 batches (equivalent to a single batch up to floating-point roundoff; minor Python-loop overhead per batch).
Validation patience exceeded at epoch 1201/2000, nval_worse=500
[Stage B]    Candidate (monomial_deg1[z_inv]): params=387, val-loss=5.0020e-04
[Stage B]    Reject (monomial_deg1[z_inv]): simpler-over-budget(thr=5.852e-10) | loss 4.972e-10->5.002e-04 (Δ+5.00e-04) | params 770->387 | cx (0, 0, 0)->(0, 0, 0)
[Stage B]  Trying 1D monomial (c·x^2) rewrite on NN leaf vars (1, 2)
[Stage B] Initialising PolyLeaf for vars (1, 2), tag=leaf1
[info] dataloader for provider ASTCompositeAdaptor yields 3 batches (equivalent to a single batch up to floating-point roundoff; minor Python-loop overhead per batch).
Validation patience exceeded at epoch 601/2000, nval_worse=500
[Stage B]    Candidate (monomial_deg2): params=387, val-loss=7.2148e-03
[Stage B]    Reject (monomial_deg2): simpler-over-budget(thr=5.852e-10) | loss 4.972e-10->7.215e-03 (Δ+7.21e-03) | params 770->387 | cx (0, 0, 0)->(0, 0, 0)
[Stage B]  Trying 1D monomial (c·x^2) rewrite on NN leaf vars (1, 2) [coord=1/z]
[Stage B] Initialising PolyLeaf for vars (1, 2), tag=leaf1
[info] dataloader for provider ASTCompositeAdaptor yields 3 batches (equivalent to a single batch up to floating-point roundoff; minor Python-loop overhead per batch).
Validation patience exceeded at epoch 701/2000, nval_worse=500
[Stage B]    Candidate (monomial_deg2[z_inv]): params=387, val-loss=2.4811e-03
[Stage B]    Reject (monomial_deg2[z_inv]): simpler-over-budget(thr=5.852e-10) | loss 4.972e-10->2.481e-03 (Δ+2.48e-03) | params 770->387 | cx (0, 0, 0)->(0, 0, 0)
[Stage B]  Trying 1D monomial (c·x^3) rewrite on NN leaf vars (1, 2)
[Stage B] Initialising PolyLeaf for vars (1, 2), tag=leaf1
[info] dataloader for provider ASTCompositeAdaptor yields 3 batches (equivalent to a single batch up to floating-point roundoff; minor Python-loop overhead per batch).
Validation patience exceeded at epoch 601/2000, nval_worse=500
[Stage B]    Candidate (monomial_deg3): params=387, val-loss=1.4423e-02
[Stage B]    Reject (monomial_deg3): simpler-over-budget(thr=5.852e-10) | loss 4.972e-10->1.442e-02 (Δ+1.44e-02) | params 770->387 | cx (0, 0, 0)->(0, 0, 0)
[Stage B]  Trying 1D monomial (c·x^3) rewrite on NN leaf vars (1, 2) [coord=1/z]
[Stage B] Initialising PolyLeaf for vars (1, 2), tag=leaf1
[info] dataloader for provider ASTCompositeAdaptor yields 3 batches (equivalent to a single batch up to floating-point roundoff; minor Python-loop overhead per batch).
Validation patience exceeded at epoch 601/2000, nval_worse=500
[Stage B]    Candidate (monomial_deg3[z_inv]): params=387, val-loss=4.8990e-03
[Stage B]    Reject (monomial_deg3[z_inv]): simpler-over-budget(thr=5.852e-10) | loss 4.972e-10->4.899e-03 (Δ+4.90e-03) | params 770->387 | cx (0, 0, 0)->(0, 0, 0)
[Stage B]  Trying 1D poly rewrite on NN leaf vars (1, 2), degree=1
[Stage B] Initialising PolyLeaf for vars (1, 2), tag=leaf1
[info] dataloader for provider ASTCompositeAdaptor yields 3 batches (equivalent to a single batch up to floating-point roundoff; minor Python-loop overhead per batch).
[LM][bucket] solving P=388 (trivially separable union)
Validation patience exceeded at epoch 601/2000, nval_worse=500
[Stage B]    Candidate (poly): params=388, val-loss=6.0715e-06
[Stage B]    Reject (poly): simpler-over-budget(thr=5.847e-10) | loss 4.972e-10->6.072e-06 (Δ+6.07e-06) | params 770->388 | cx (0, 0, 0)->(0, 0, 0)
[Stage B]  Trying 1D poly rewrite on NN leaf vars (1, 2), degree=1 [coord=1/z]
[Stage B] Initialising PolyLeaf for vars (1, 2), tag=leaf1
[info] dataloader for provider ASTCompositeAdaptor yields 3 batches (equivalent to a single batch up to floating-point roundoff; minor Python-loop overhead per batch).
Validation patience exceeded at epoch 701/2000, nval_worse=500
[Stage B]    Candidate (poly[z_inv]): params=388, val-loss=1.5488e-06
[Stage B]    Reject (poly[z_inv]): simpler-over-budget(thr=5.847e-10) | loss 4.972e-10->1.549e-06 (Δ+1.55e-06) | params 770->388 | cx (0, 0, 0)->(0, 0, 0)
[Stage B]  Trying 1D symexp_denom_1d_recip rewrite (scale/(exp(r)+exp(-r))) on NN leaf vars (1, 2)
[Stage B custom_init symexp_denom_1d_recip] compound vars=(1, 2), scale≈-0.000315, r±(z)≈-1.35*z
[Stage B] Post-custom-init validation (attempt 0), batch 0, finite: 2000/2000, min: 2.710e-03, max: 1.029e+00, mean: 1.036e-01
[Stage B] Post-custom-init validation (attempt 0), batch 1, finite: 2000/2000, min: 2.705e-03, max: 9.482e-01, mean: 1.096e-01
[Stage B] Post-custom-init validation (attempt 0), batch 2, finite: 2000/2000, min: 4.308e-03, max: 8.902e-01, mean: 1.110e-01
[Stage B] Prediction scale check (attempt 0): pred_median=5.795e-02, true_median=9.826e-02, ratio=5.898e-01
[info] dataloader for provider ASTCompositeAdaptor yields 3 batches (equivalent to a single batch up to floating-point roundoff; minor Python-loop overhead per batch).
[LM][bucket] solving P=391 (trivially separable union)
Validation patience exceeded at epoch 601/2000, nval_worse=500
[Stage B]    Candidate (symexp_denom_1d_recip): params=391, val-loss=4.8891e-06
[Stage B]    Reject (symexp_denom_1d_recip): simpler-over-budget(thr=5.834e-10) | loss 4.972e-10->4.889e-06 (Δ+4.89e-06) | params 770->391 | cx (0, 0, 0)->(0, 0, 0)
[Stage B]  Trying 1D polylog rewrite on NN leaf vars (1, 2), degree=1
[info] dataloader for provider ASTCompositeAdaptor yields 3 batches (equivalent to a single batch up to floating-point roundoff; minor Python-loop overhead per batch).
[LM][bucket] solving P=388 (trivially separable union)
Validation patience exceeded at epoch 601/2000, nval_worse=500
[Stage B]    Candidate (polylog): params=388, val-loss=3.4014e-06
[Stage B]    Reject (polylog): simpler-over-budget(thr=5.847e-10) | loss 4.972e-10->3.401e-06 (Δ+3.40e-06) | params 770->388 | cx (0, 0, 0)->(0, 0, 0)
[Stage B]  Trying 1D shifted-log rewrite on NN leaf vars (1, 2)
[info] dataloader for provider ASTCompositeAdaptor yields 3 batches (equivalent to a single batch up to floating-point roundoff; minor Python-loop overhead per batch).
[LM][bucket] solving P=389 (trivially separable union)
Stopping at epoch 201/2000, lm_opt.state['halt']=True, loss=3.0767e-08, loss_val=4.3374e-08
[Stage B]    Candidate (logshifted): params=389, val-loss=4.3374e-08
[Stage B]    Reject (logshifted): simpler-over-budget(thr=5.843e-10) | loss 4.972e-10->4.337e-08 (Δ+4.29e-08) | params 770->389 | cx (0, 0, 0)->(0, 0, 0)
[Stage B]  Trying 1D shifted-log rewrite on NN leaf vars (1, 2) [coord=1/z]
[info] dataloader for provider ASTCompositeAdaptor yields 3 batches (equivalent to a single batch up to floating-point roundoff; minor Python-loop overhead per batch).
Validation patience exceeded at epoch 1701/2000, nval_worse=500
[Stage B]    Candidate (logshifted[z_inv]): params=389, val-loss=1.5761e-06
[Stage B]    Reject (logshifted[z_inv]): simpler-over-budget(thr=5.843e-10) | loss 4.972e-10->1.576e-06 (Δ+1.58e-06) | params 770->389 | cx (0, 0, 0)->(0, 0, 0)
[Stage B]  Trying sqrt/invsqrt(poly) rewrite on NN leaf vars (1, 2), degree=2
[Stage B] Post-custom-init validation (attempt 0), batch 0, finite: 2000/2000, min: -2.031e+00, max: -5.396e-03, mean: -1.874e-01
[Stage B] Post-custom-init validation (attempt 0), batch 1, finite: 2000/2000, min: -1.738e+00, max: -5.274e-03, mean: -1.980e-01
[Stage B] Post-custom-init validation (attempt 0), batch 2, finite: 2000/2000, min: -1.376e+00, max: -7.473e-03, mean: -1.732e-01
[Stage B] Prediction scale check (attempt 0): pred_median=9.819e-02, true_median=9.826e-02, ratio=9.993e-01
[Stage B] Lifted prefit enabled: link=inv_square, base_link=identity, prefit_epochs=200
[info] dataloader for provider ASTCompositeAdaptor yields 3 batches (equivalent to a single batch up to floating-point roundoff; minor Python-loop overhead per batch).
epochs_min=50 does not align with iter_check=100; the validation-based check will run at the next fresh validation epoch (100).
Validation patience exceeded at epoch 101/200, nval_worse=100
[info] dataloader for provider ASTCompositeAdaptor yields 3 batches (equivalent to a single batch up to floating-point roundoff; minor Python-loop overhead per batch).
epochs_min=50 does not align with iter_check=100; the validation-based check will run at the next fresh validation epoch (100).
[Stage B]    Candidate (sqrt_poly): params=389, val-loss=1.1782e-07
[Stage B]    Reject (sqrt_poly): simpler-over-budget(thr=5.843e-10) | loss 4.972e-10->1.178e-07 (Δ+1.17e-07) | params 770->389 | cx (0, 0, 0)->(0, 0, 0)
[Stage B]  Trying sqrt/invsqrt(poly) rewrite on NN leaf vars (1, 2), degree=2 [coord=1/z]
[Stage B] Post-custom-init validation (attempt 0), batch 0, finite: 2000/2000, min: -2.031e+00, max: -5.395e-03, mean: -1.874e-01
[Stage B] Post-custom-init validation (attempt 0), batch 1, finite: 2000/2000, min: -1.736e+00, max: -5.278e-03, mean: -1.980e-01
[Stage B] Post-custom-init validation (attempt 0), batch 2, finite: 2000/2000, min: -1.375e+00, max: -7.464e-03, mean: -1.732e-01
[Stage B] Prediction scale check (attempt 0): pred_median=9.826e-02, true_median=9.826e-02, ratio=1.000e+00
[Stage B] Lifted prefit enabled: link=inv_square, base_link=identity, prefit_epochs=200
[info] dataloader for provider ASTCompositeAdaptor yields 3 batches (equivalent to a single batch up to floating-point roundoff; minor Python-loop overhead per batch).
epochs_min=50 does not align with iter_check=100; the validation-based check will run at the next fresh validation epoch (100).
Validation patience exceeded at epoch 201/200, nval_worse=100
[info] dataloader for provider ASTCompositeAdaptor yields 3 batches (equivalent to a single batch up to floating-point roundoff; minor Python-loop overhead per batch).
epochs_min=50 does not align with iter_check=100; the validation-based check will run at the next fresh validation epoch (100).
Stopping at epoch 201/200, lm_opt.state['halt']=True, loss=4.5849e-10, loss_val=9.2015e-10
[Stage B]    Candidate (sqrt_poly[z_inv]): params=389, val-loss=9.2015e-10
[Stage B]    Reject (sqrt_poly[z_inv]): simpler-over-budget(thr=5.843e-10) | loss 4.972e-10->9.202e-10 (Δ+4.23e-10) | params 770->389 | cx (0, 0, 0)->(0, 0, 0)
[Stage B]  Trying 1D compound macro tier-3 linear combo on NN leaf vars [1, 2], terms=['sqrt1p /((arg0*arg0^2))', 'one_minus_cos /(arg0)'], screen_r2=1.000, ok_frac=1.000
[info] dataloader for provider ASTCompositeAdaptor yields 3 batches (equivalent to a single batch up to floating-point roundoff; minor Python-loop overhead per batch).
Stopping at epoch 201/2000, lm_opt.state['halt']=True, loss=6.1250e-10, loss_val=9.8715e-10
[Stage B]    Candidate (cf_combo): params=389, val-loss=9.8464e-10
[Stage B]    Reject (cf_combo): simpler-over-budget(thr=5.843e-10) | loss 4.972e-10->9.846e-10 (Δ+4.87e-10) | params 770->389 | cx (0, 0, 0)->(0, 0, 0)
[Stage B]  Trying 1D compound macro tier-3 linear combo on NN leaf vars [1, 2], terms=['inv_sin_half4 *(arg0)', 'cos_half_sq *(inv_sin_half4(arg0))'], screen_r2=1.000, ok_frac=1.000 [coord=1/z]
[info] dataloader for provider ASTCompositeAdaptor yields 3 batches (equivalent to a single batch up to floating-point roundoff; minor Python-loop overhead per batch).
Validation patience exceeded at epoch 901/2000, nval_worse=500
[Stage B]    Candidate (cf_combo[z_inv]): params=389, val-loss=1.9817e-07
[Stage B]    Reject (cf_combo[z_inv]): simpler-over-budget(thr=5.843e-10) | loss 4.972e-10->1.982e-07 (Δ+1.98e-07) | params 770->389 | cx (0, 0, 0)->(0, 0, 0)
[Stage B]  Skipping cf_combo[z_inv] (previously rejected on same target)
[Stage B]  Skipping cf_combo[z_inv] (previously rejected on same target)
[Stage B]  Skipping cf_combo[z_inv] (previously rejected on same target)
[Stage B]  Skipping cf_combo[z_inv] (previously rejected on same target)
[Stage B]  Skipping cf_combo[z_inv] (previously rejected on same target)
[Stage B]  Skipping cf_combo[z_inv] (previously rejected on same target)
[Stage B]  Skipping cf_combo[z_inv] (previously rejected on same target)
[Stage B]  Skipping cf_combo[z_inv] (previously rejected on same target)
[Stage B]  Skipping cf_combo (previously rejected on same target)
[Stage B]  Skipping cf_combo (previously rejected on same target)
[Stage B]  Skipping cf_combo (previously rejected on same target)
[Stage B]  Skipping cf_combo (previously rejected on same target)
[Stage B]  Skipping cf_combo (previously rejected on same target)
[Stage B]  Skipping cf_combo (previously rejected on same target)
[Stage B]  Skipping cf_combo (previously rejected on same target)
[Stage B]  Skipping cf_combo (previously rejected on same target)
[Stage B]  Skipping cf_combo (previously rejected on same target)
[Stage B]  Trying 1D sqrt-ratpoly (sqrt) deg=(4,1)->(4,1) nnz=(5,2) on NN leaf vars (1, 2)
[Stage B custom_init ratpoly_1d] Init on vars (1, 2): deg=(4,1)->(4,1), nnz=(5,2), rel_rms≈5.11e-05
[Stage B] Post-custom-init validation (attempt 0), batch 0, finite: 2000/2000, min: -2.031e+00, max: -5.394e-03, mean: -1.874e-01
[Stage B] Post-custom-init validation (attempt 0), batch 1, finite: 2000/2000, min: -1.736e+00, max: -5.278e-03, mean: -1.980e-01
[Stage B] Post-custom-init validation (attempt 0), batch 2, finite: 2000/2000, min: -1.375e+00, max: -7.463e-03, mean: -1.732e-01
[Stage B] Prediction scale check (attempt 0): pred_median=9.826e-02, true_median=9.826e-02, ratio=1.000e+00
[Stage B] Lifted prefit enabled: link=square, base_link=identity, prefit_epochs=200
[info] dataloader for provider ASTCompositeAdaptor yields 3 batches (equivalent to a single batch up to floating-point roundoff; minor Python-loop overhead per batch).
epochs_min=50 does not align with iter_check=100; the validation-based check will run at the next fresh validation epoch (100).
[LM][bucket] solving P=393 (trivially separable union)
Stopping at epoch 101/200, lm_opt.state['halt']=True, loss=6.3855e-10, loss_val=1.0164e-09
[info] dataloader for provider ASTCompositeAdaptor yields 3 batches (equivalent to a single batch up to floating-point roundoff; minor Python-loop overhead per batch).
epochs_min=50 does not align with iter_check=100; the validation-based check will run at the next fresh validation epoch (100).
[Stage B]    Candidate (sqrt_ratpoly_1d): params=393, val-loss=7.4410e-10
[Stage B]    Reject (sqrt_ratpoly_1d): simpler-over-budget(thr=5.825e-10) | loss 4.972e-10->7.441e-10 (Δ+2.47e-10) | params 770->393 | cx (0, 0, 0)->(0, 0, 0)
[Stage B]  Trying 1D sqrt-ratpoly (sqrt) deg=(4,2)->(4,2) nnz=(5,3) on NN leaf vars (1, 2)
[Stage B custom_init ratpoly_1d] Init on vars (1, 2): deg=(4,2)->(4,2), nnz=(5,3), rel_rms≈7.94e-06
[Stage B] Post-custom-init validation (attempt 0), batch 0, finite: 2000/2000, min: -2.031e+00, max: -5.394e-03, mean: -1.874e-01
[Stage B] Post-custom-init validation (attempt 0), batch 1, finite: 2000/2000, min: -1.736e+00, max: -5.278e-03, mean: -1.980e-01
[Stage B] Post-custom-init validation (attempt 0), batch 2, finite: 2000/2000, min: -1.375e+00, max: -7.463e-03, mean: -1.732e-01
[Stage B] Prediction scale check (attempt 0): pred_median=9.826e-02, true_median=9.826e-02, ratio=1.000e+00
[Stage B] Lifted prefit enabled: link=square, base_link=identity, prefit_epochs=200
[info] dataloader for provider ASTCompositeAdaptor yields 3 batches (equivalent to a single batch up to floating-point roundoff; minor Python-loop overhead per batch).
epochs_min=50 does not align with iter_check=100; the validation-based check will run at the next fresh validation epoch (100).
[LM][bucket] solving P=394 (trivially separable union)
Stopping at epoch 201/200, lm_opt.state['halt']=True, loss=4.6528e-10, loss_val=8.3508e-10
[info] dataloader for provider ASTCompositeAdaptor yields 3 batches (equivalent to a single batch up to floating-point roundoff; minor Python-loop overhead per batch).
epochs_min=50 does not align with iter_check=100; the validation-based check will run at the next fresh validation epoch (100).
[Stage B]    Candidate (sqrt_ratpoly_1d[1]): params=394, val-loss=3.4580e-09
[Stage B]    Reject (sqrt_ratpoly_1d[1]): simpler-over-budget(thr=5.820e-10) | loss 4.972e-10->3.458e-09 (Δ+2.96e-09) | params 770->394 | cx (0, 0, 0)->(0, 0, 0)
[Stage B]  Trying 1D sqrt-ratpoly (sqrt) deg=(4,3)->(4,3) nnz=(5,4) on NN leaf vars (1, 2)
[Stage B custom_init ratpoly_1d] Init on vars (1, 2): deg=(4,3)->(4,3), nnz=(5,4), rel_rms≈1.74e-04
[Stage B] Post-custom-init validation (attempt 0), batch 0, finite: 2000/2000, min: -2.031e+00, max: -5.394e-03, mean: -1.874e-01
[Stage B] Post-custom-init validation (attempt 0), batch 1, finite: 2000/2000, min: -1.736e+00, max: -5.278e-03, mean: -1.980e-01
[Stage B] Post-custom-init validation (attempt 0), batch 2, finite: 2000/2000, min: -1.375e+00, max: -7.463e-03, mean: -1.732e-01
[Stage B] Prediction scale check (attempt 0): pred_median=9.826e-02, true_median=9.826e-02, ratio=1.000e+00
[Stage B] Lifted prefit enabled: link=square, base_link=identity, prefit_epochs=200
[info] dataloader for provider ASTCompositeAdaptor yields 3 batches (equivalent to a single batch up to floating-point roundoff; minor Python-loop overhead per batch).
epochs_min=50 does not align with iter_check=100; the validation-based check will run at the next fresh validation epoch (100).
[LM][bucket] solving P=395 (trivially separable union)
[info] dataloader for provider ASTCompositeAdaptor yields 3 batches (equivalent to a single batch up to floating-point roundoff; minor Python-loop overhead per batch).
epochs_min=50 does not align with iter_check=100; the validation-based check will run at the next fresh validation epoch (100).
[Stage B]    Candidate (sqrt_ratpoly_1d[2]): params=395, val-loss=4.0219e-09
[Stage B]    Reject (sqrt_ratpoly_1d[2]): simpler-over-budget(thr=5.816e-10) | loss 4.972e-10->4.022e-09 (Δ+3.52e-09) | params 770->395 | cx (0, 0, 0)->(0, 0, 0)
[Stage B]  Trying 1D sqrt-ratpoly (sqrt) deg=(4,4)->(4,4) nnz=(5,5) on NN leaf vars (1, 2)
[Stage B custom_init ratpoly_1d] Init on vars (1, 2): deg=(4,4)->(4,4), nnz=(5,5), rel_rms≈1.06e-05
[Stage B] Post-custom-init validation (attempt 0), batch 0, finite: 2000/2000, min: -2.031e+00, max: -5.394e-03, mean: -1.874e-01
[Stage B] Post-custom-init validation (attempt 0), batch 1, finite: 2000/2000, min: -1.736e+00, max: -5.278e-03, mean: -1.980e-01
[Stage B] Post-custom-init validation (attempt 0), batch 2, finite: 2000/2000, min: -1.375e+00, max: -7.463e-03, mean: -1.732e-01
[Stage B] Prediction scale check (attempt 0): pred_median=9.826e-02, true_median=9.826e-02, ratio=1.000e+00
[Stage B] Lifted prefit enabled: link=square, base_link=identity, prefit_epochs=200
[info] dataloader for provider ASTCompositeAdaptor yields 3 batches (equivalent to a single batch up to floating-point roundoff; minor Python-loop overhead per batch).
epochs_min=50 does not align with iter_check=100; the validation-based check will run at the next fresh validation epoch (100).
[LM][bucket] solving P=396 (trivially separable union)
[info] dataloader for provider ASTCompositeAdaptor yields 3 batches (equivalent to a single batch up to floating-point roundoff; minor Python-loop overhead per batch).
epochs_min=50 does not align with iter_check=100; the validation-based check will run at the next fresh validation epoch (100).
[Stage B]    Candidate (sqrt_ratpoly_1d[3]): params=396, val-loss=1.1820e-09
[Stage B]    Reject (sqrt_ratpoly_1d[3]): simpler-over-budget(thr=5.811e-10) | loss 4.972e-10->1.182e-09 (Δ+6.85e-10) | params 770->396 | cx (0, 0, 0)->(0, 0, 0)
[Stage B]  Precheck reject (duplicate-signature) rule=univariate_nn cand=sqrt_ratpoly_1d[4] target=nn#leaf1 vars=(1, 2) sig=(960898949, 1, 1, -1, 5, 1, 1, 1, 1, 1) attempted=34
[Stage B]  Precheck reject (duplicate-signature) rule=univariate_nn cand=sqrt_ratpoly_1d[5] target=nn#leaf1 vars=(1, 2) sig=(960898949, 2, 1, 1, -1, 5, 1, 1, 1, 1, 1) attempted=34
[Stage B]  Trying 1D sqrt-ratpoly (inv_sqrt) deg=(3,4)->(3,4) nnz=(4,5) on NN leaf vars (1, 2)
[Stage B custom_init ratpoly_1d] Init on vars (1, 2): deg=(3,4)->(3,4), nnz=(4,5), rel_rms≈6.51e-04
[Stage B] Post-custom-init validation (attempt 0), batch 0, finite: 2000/2000, min: -2.031e+00, max: -5.394e-03, mean: -1.874e-01
[Stage B] Post-custom-init validation (attempt 0), batch 1, finite: 2000/2000, min: -1.736e+00, max: -5.278e-03, mean: -1.980e-01
[Stage B] Post-custom-init validation (attempt 0), batch 2, finite: 2000/2000, min: -1.375e+00, max: -7.464e-03, mean: -1.732e-01
[Stage B] Prediction scale check (attempt 0): pred_median=9.826e-02, true_median=9.826e-02, ratio=1.000e+00
[Stage B] Lifted prefit enabled: link=inv_square, base_link=identity, prefit_epochs=200
[info] dataloader for provider ASTCompositeAdaptor yields 3 batches (equivalent to a single batch up to floating-point roundoff; minor Python-loop overhead per batch).
epochs_min=50 does not align with iter_check=100; the validation-based check will run at the next fresh validation epoch (100).
[LM][bucket] solving P=395 (trivially separable union)
Validation patience exceeded at epoch 101/200, nval_worse=100
[info] dataloader for provider ASTCompositeAdaptor yields 3 batches (equivalent to a single batch up to floating-point roundoff; minor Python-loop overhead per batch).
epochs_min=50 does not align with iter_check=100; the validation-based check will run at the next fresh validation epoch (100).
[Stage B]    Candidate (sqrt_ratpoly_1d[6]): params=395, val-loss=9.9582e-10
[Stage B]    Reject (sqrt_ratpoly_1d[6]): simpler-over-budget(thr=5.847e-10) | loss 4.972e-10->9.958e-10 (Δ+4.99e-10) | params 770->395 | cx (0, 0, 0)->(0, 0, 0)
[Stage B]  Precheck reject (duplicate-signature) rule=univariate_nn cand=sqrt_ratpoly_1d[7] target=nn#leaf1 vars=(1, 2) sig=(960898949, 5, 1, 1, 1, 1, 1, -1, 5, 1, 1, 1, 1, 1) attempted=35
[Stage B]  Precheck reject (duplicate-signature) rule=univariate_nn cand=ratpoly_1d target=nn#leaf1 vars=(1, 2) sig=(960898949, 4, 1, 1, 1, 1, -1, 1, 1) attempted=35
[Stage B]  Precheck reject (duplicate-signature) rule=univariate_nn cand=ratpoly_1d[1] target=nn#leaf1 vars=(1, 2) sig=(960898949, 5, 1, 1, 1, 1, 1, -1, 1, 1) attempted=35
[Stage B]  Trying 1D ratpoly deg=(2,4)->(2,4) nnz=(3,3) (scale*P_red(x)/Q(x)) rewrite on NN leaf vars (1, 2)
[Stage B custom_init ratpoly_1d] Init on vars (1, 2): deg=(2,4)->(2,4), nnz=(3,3), rel_rms≈8.87e-03
[Stage B] Post-custom-init validation (attempt 0), batch 0, finite: 2000/2000, min: 5.395e-03, max: 2.031e+00, mean: 1.873e-01
[Stage B] Post-custom-init validation (attempt 0), batch 1, finite: 2000/2000, min: 5.278e-03, max: 1.735e+00, mean: 1.980e-01
[Stage B] Post-custom-init validation (attempt 0), batch 2, finite: 2000/2000, min: 7.467e-03, max: 1.376e+00, mean: 1.732e-01
[Stage B] Prediction scale check (attempt 0): pred_median=9.827e-02, true_median=9.826e-02, ratio=1.000e+00
[info] dataloader for provider ASTCompositeAdaptor yields 3 batches (equivalent to a single batch up to floating-point roundoff; minor Python-loop overhead per batch).
[LM][bucket] solving P=392 (trivially separable union)
Stopping at epoch 801/2000, lm_opt.state['halt']=True, loss=6.6179e-12, loss_val=1.5499e-11
[Stage B]    Candidate (ratpoly_1d[2]): params=392, val-loss=1.5499e-11
[Stage B] Post-custom-init validation (attempt 0), batch 0, finite: 2000/2000, min: 2.954e-03, max: 1.348e+00, mean: 1.070e-01
[Stage B] Post-custom-init validation (attempt 0), batch 1, finite: 2000/2000, min: 2.933e-03, max: 1.198e+00, mean: 1.129e-01
[Stage B] Post-custom-init validation (attempt 0), batch 2, finite: 2000/2000, min: 1.457e-03, max: 9.310e-01, mean: 5.269e-02
[Stage B] Prediction scale check (attempt 0): pred_median=4.443e-02, true_median=9.826e-02, ratio=4.522e-01
[info] dataloader for provider ASTCompositeAdaptor yields 3 batches (equivalent to a single batch up to floating-point roundoff; minor Python-loop overhead per batch).
[LM][bucket] solving P=391 (trivially separable union)
Stopping at epoch 201/2000, lm_opt.state['halt']=True, loss=6.2254e-10, loss_val=7.1273e-10
[Stage B] Post-custom-init validation (attempt 0), batch 0, finite: 2000/2000, min: 1.171e-02, max: 4.436e+00, mean: 4.410e-01
[Stage B] Post-custom-init validation (attempt 0), batch 1, finite: 2000/2000, min: 1.169e-02, max: 4.000e+00, mean: 4.662e-01
[Stage B] Post-custom-init validation (attempt 0), batch 2, finite: 2000/2000, min: 1.877e-02, max: 3.892e+00, mean: 4.860e-01
[Stage B] Prediction scale check (attempt 0): pred_median=2.495e-01, true_median=9.826e-02, ratio=2.539e+00
[info] dataloader for provider ASTCompositeAdaptor yields 3 batches (equivalent to a single batch up to floating-point roundoff; minor Python-loop overhead per batch).
Stopping at epoch 401/2000, lm_opt.state['halt']=True, loss=7.1156e-09, loss_val=7.1355e-09
[Stage B] Post-custom-init validation (attempt 0), batch 0, finite: 2000/2000, min: 4.492e+05, max: 2.494e+08, mean: 1.744e+07
[Stage B] Post-custom-init validation (attempt 0), batch 1, finite: 2000/2000, min: 4.446e+05, max: 2.215e+08, mean: 1.835e+07
[Stage B] Post-custom-init validation (attempt 0), batch 2, finite: 2000/2000, min: 3.397e+05, max: 1.714e+08, mean: 9.352e+06
[Stage B] Prediction scale check (attempt 0): pred_median=7.395e+06, true_median=9.826e-02, ratio=7.526e+07
[Stage B] Warning: init scale_ratio extreme; rejecting candidate.
[Stage B]    [32mAccepted[0m rewrite (ratpoly_1d[2], better-loss)
[Stage B]    NN metrics: total=1, multivar=0, max_arity=1
[Stage B]    Current: [35mscale0() * power0(x0) * rratpoly0(z=(x1 * x2^-1)) * nn0(x1)[0m
[Stage B polish] Running subtree:root.left candidate generation in guarded worker (max_seconds=300.0, mem_fraction=0.2).
[Stage B polish] subtree shadow skip root.left: ((scale() * power(x0)) * rratpoly((x1 * (x2)**-1))) (no-local-simpler-polish)
[Stage B] === Phase 1: Searching for separabilities (additive, multiplicative) ===
[Stage B] Rule nonsense_units_zero_prune found 0 targets
[Stage B] Rule monomial_peel_priority found 1 targets
[Stage B]   target order (arity-asc): [vars=(1,)(arity=1)]
[Stage B] monomial_peel_priority shortlist: monomial_deg1[z_inv]@nn#leaf2 vars=(1,) (k=1.08, rel=0.459); monomial_deg2[z_inv]@nn#leaf2 vars=(1,) (k=1.08, rel=0.459); monomial_deg3[z_inv]@nn#leaf2 vars=(1,) (k=1.08, rel=0.459)
[Stage B] Rule monomial_peel_priority trying 3 globally ranked candidates
[Stage B]  Greedy order (1 cands): monomial_deg1[z_inv](8p)
[Stage B]  Precheck reject (units: fixed-units-mismatch) rule=monomial_peel_priority cand=monomial_deg1[z_inv] target=nn#leaf2 vars=(1,) attempted=0
[Stage B]  Greedy order (1 cands): monomial_deg2[z_inv](8p)
[Stage B]  Precheck reject (units: fixed-units-mismatch) rule=monomial_peel_priority cand=monomial_deg2[z_inv] target=nn#leaf2 vars=(1,) attempted=0
[Stage B]  Greedy order (1 cands): monomial_deg3[z_inv](8p)
[Stage B]  Precheck reject (units: fixed-units-mismatch) rule=monomial_peel_priority cand=monomial_deg3[z_inv] target=nn#leaf2 vars=(1,) attempted=0
[Stage B] Rule subtree_separability found 0 targets
[Stage B] Rule last_hard_trig_square found 0 targets
[Stage B] Rule univariate_nn found 1 targets
[Stage B]   target order (arity-asc): [vars=(1,)(arity=1)]
[Stage B]  one_minus_cos_over_z2 skip NN vars (1,): phase is not dimensionless for z=x1, dim=(Fraction(0, 1), Fraction(-1, 1), Fraction(0, 1))
[Stage B] ratpoly_1d degree probe: no valid pairs, falling back to unconstrained grid, vars=(1,)
[Stage B] ratpoly_1d rejected: best rel_rms=0.0013 > 0.001, deg=(4,3), vars=(1,)
[Stage B] ratpoly_1d degree probe: no valid pairs, falling back to unconstrained grid, vars=(1,)
[Stage B] ratpoly_1d rejected: best rel_rms=0.0105 > 0.001, deg=(1,2), vars=(1,)
[Stage B]  one_minus_cos_over_z2 skip NN vars (1,): phase is not dimensionless for z=(x1)**-1, dim=(Fraction(0, 1), Fraction(1, 1), Fraction(0, 1))
[Stage B] ratpoly_1d degree probe: no valid pairs, falling back to unconstrained grid, vars=(1,)
[Stage B] ratpoly_1d rejected: best rel_rms=0.0117 > 0.001, deg=(3,2), vars=(1,)
[Stage B] ratpoly_1d degree probe: no valid pairs, falling back to unconstrained grid, vars=(1,)
[Stage B] ratpoly_1d rejected: best rel_rms=0.0038 > 0.001, deg=(2,4), vars=(1,)
[Stage B] RuleUniNN proposing 13 candidates for NN vars=(1,): ['monomial_deg1', 'monomial_deg2', 'monomial_deg3', 'cf_sharedpref_resid', 'cf_sharedpref_resid', 'cf_sharedpref_resid', 'cf_sharedpref_resid', 'cf_sharedpref_resid', 'cf_sharedpref_resid', 'cf_combo', 'cf_combo', 'cf_combo', 'cf_combo']
[Stage B] RuleUniNN proposing 13 candidates for NN vars=(1,): ['monomial_deg1[z_inv]', 'monomial_deg2[z_inv]', 'monomial_deg3[z_inv]', 'cf_sharedpref_resid[z_inv]', 'cf_sharedpref_resid[z_inv]', 'cf_sharedpref_resid[z_inv]', 'cf_sharedpref_resid[z_inv]', 'cf_sharedpref_resid[z_inv]', 'cf_sharedpref_resid[z_inv]', 'cf_combo[z_inv]', 'cf_combo[z_inv]', 'cf_combo[z_inv]', 'cf_combo[z_inv]']
[Stage B]  Exhaustive order (13 cands): monomial_deg1[z_inv](9p), monomial_deg2[z_inv](9p), monomial_deg3[z_inv](9p), cf_combo[z_inv](10p), cf_combo[z_inv](10p), cf_sharedpref_resid[z_inv](11p), cf_sharedpref_resid[z_inv](11p), cf_sharedpref_resid[z_inv](11p), cf_sharedpref_resid[z_inv](11p), cf_sharedpref_resid[z_inv](11p), cf_sharedpref_resid[z_inv](11p), cf_combo[z_inv](11p), cf_combo[z_inv](11p)
[Stage B]  Precheck reject (units: fixed-units-mismatch) rule=univariate_nn cand=monomial_deg1[z_inv] target=nn#leaf2 vars=(1,) attempted=36
[Stage B]  Precheck reject (units: fixed-units-mismatch) rule=univariate_nn cand=monomial_deg2[z_inv] target=nn#leaf2 vars=(1,) attempted=36
[Stage B]  Precheck reject (units: fixed-units-mismatch) rule=univariate_nn cand=monomial_deg3[z_inv] target=nn#leaf2 vars=(1,) attempted=36
[Stage B]  Precheck reject (units: fixed-units-mismatch) rule=univariate_nn cand=cf_combo[z_inv] target=nn#leaf2 vars=(1,) attempted=36
[Stage B]  Precheck reject (units: fixed-units-mismatch) rule=univariate_nn cand=cf_combo[z_inv] target=nn#leaf2 vars=(1,) attempted=36
[Stage B]  Precheck reject (units: fixed-units-mismatch) rule=univariate_nn cand=cf_sharedpref_resid[z_inv] target=nn#leaf2 vars=(1,) attempted=36
[Stage B]  Precheck reject (units: fixed-units-mismatch) rule=univariate_nn cand=cf_sharedpref_resid[z_inv] target=nn#leaf2 vars=(1,) attempted=36
[Stage B]  Precheck reject (units: fixed-units-mismatch) rule=univariate_nn cand=cf_sharedpref_resid[z_inv] target=nn#leaf2 vars=(1,) attempted=36
[Stage B]  Precheck reject (units: fixed-units-mismatch) rule=univariate_nn cand=cf_sharedpref_resid[z_inv] target=nn#leaf2 vars=(1,) attempted=36
[Stage B]  Precheck reject (units: fixed-units-mismatch) rule=univariate_nn cand=cf_sharedpref_resid[z_inv] target=nn#leaf2 vars=(1,) attempted=36
[Stage B]  Precheck reject (units: fixed-units-mismatch) rule=univariate_nn cand=cf_sharedpref_resid[z_inv] target=nn#leaf2 vars=(1,) attempted=36
[Stage B]  Precheck reject (units: fixed-units-mismatch) rule=univariate_nn cand=cf_combo[z_inv] target=nn#leaf2 vars=(1,) attempted=36
[Stage B]  Precheck reject (units: fixed-units-mismatch) rule=univariate_nn cand=cf_combo[z_inv] target=nn#leaf2 vars=(1,) attempted=36
[Stage B] Rule log_ratio found 0 targets
[Stage B] Rule power_product found 0 targets
[Stage B] Rule joint_product_monomial_closure found 0 targets
[Stage B] Rule overlap_prefactor_peel found 0 targets
[Stage B] Rule overlap_counterterm_peel found 0 targets
[Stage B] Rule common_prefactor found 0 targets
[Stage B] Rule additive_gauge_transfer found 0 targets
[Stage B] Rule multiplicative_homogeneity_transfer found 0 targets
[Stage B] Rule univariate_mono found 1 targets
[Stage B]   target order (arity-asc): [vars=(1,)(arity=1)]
[Stage B]  Exhaustive order (3 cands): monomial_deg1[z_inv](8p), monomial_deg2[z_inv](8p), monomial_deg3[z_inv](8p)
[Stage B]  Precheck reject (units: fixed-units-mismatch) rule=univariate_mono cand=monomial_deg1[z_inv] target=nn#leaf2 vars=(1,) attempted=0
[Stage B]  Precheck reject (units: fixed-units-mismatch) rule=univariate_mono cand=monomial_deg2[z_inv] target=nn#leaf2 vars=(1,) attempted=0
[Stage B]  Precheck reject (units: fixed-units-mismatch) rule=univariate_mono cand=monomial_deg3[z_inv] target=nn#leaf2 vars=(1,) attempted=0
[Stage B] Rule nn_leaf_separability found 0 targets
[Stage B] Rule counterterm_mul_split found 0 targets
[Stage B] Rule counterfactor_add_split found 0 targets
[Stage B] === Phase 1 made only non-structural accepts; running Phase 2 closed-form/specialized rules ===
[Stage B] === Phase 2: Trying specialized patterns (after exhausting separability) ===
[Stage B]   target order (arity-asc): [vars=(1,)(arity=1)]
[Stage B]  Greedy order (10 cands): cf_sharedpref_resid(11p), cf_sharedpref_resid(11p), cf_sharedpref_resid(11p), cf_sharedpref_resid(11p), cf_sharedpref_resid(11p), cf_sharedpref_resid(11p), cf_combo(11p), cf_combo(10p), cf_combo(11p), cf_combo(10p)
[Stage B]  Precheck reject (units: fixed-units-mismatch) rule=compound_fn_macros cand=cf_sharedpref_resid target=nn#leaf2 vars=(1,) attempted=0
[Stage B]  Precheck reject (units: fixed-units-mismatch) rule=compound_fn_macros cand=cf_sharedpref_resid target=nn#leaf2 vars=(1,) attempted=0
[Stage B]  Precheck reject (units: fixed-units-mismatch) rule=compound_fn_macros cand=cf_sharedpref_resid target=nn#leaf2 vars=(1,) attempted=0
[Stage B]  Precheck reject (units: fixed-units-mismatch) rule=compound_fn_macros cand=cf_sharedpref_resid target=nn#leaf2 vars=(1,) attempted=0
[Stage B]  Precheck reject (units: fixed-units-mismatch) rule=compound_fn_macros cand=cf_sharedpref_resid target=nn#leaf2 vars=(1,) attempted=0
[Stage B]  Precheck reject (units: fixed-units-mismatch) rule=compound_fn_macros cand=cf_sharedpref_resid target=nn#leaf2 vars=(1,) attempted=0
[Stage B]  Precheck reject (units: fixed-units-mismatch) rule=compound_fn_macros cand=cf_combo target=nn#leaf2 vars=(1,) attempted=0
[Stage B]  Precheck reject (units: fixed-units-mismatch) rule=compound_fn_macros cand=cf_combo target=nn#leaf2 vars=(1,) attempted=0
[Stage B]  Precheck reject (units: fixed-units-mismatch) rule=compound_fn_macros cand=cf_combo target=nn#leaf2 vars=(1,) attempted=0
[Stage B]  Precheck reject (units: fixed-units-mismatch) rule=compound_fn_macros cand=cf_combo target=nn#leaf2 vars=(1,) attempted=0
[Stage B] === Phase 1: Searching for separabilities (additive, multiplicative) ===
[Stage B] Rule nonsense_units_zero_prune found 0 targets
[Stage B] Rule monomial_peel_priority found 1 targets
[Stage B]   target order (arity-asc): [vars=(1,)(arity=1)]
[Stage B] monomial_peel_priority shortlist: monomial_deg1[z_inv]@nn#leaf2 vars=(1,) (k=1.08, rel=0.459); monomial_deg2[z_inv]@nn#leaf2 vars=(1,) (k=1.08, rel=0.459); monomial_deg3[z_inv]@nn#leaf2 vars=(1,) (k=1.08, rel=0.459)
[Stage B] Rule monomial_peel_priority trying 3 globally ranked candidates
[Stage B]  Greedy order (1 cands): monomial_deg1[z_inv](8p)
[Stage B]  Precheck reject (units: fixed-units-mismatch) rule=monomial_peel_priority cand=monomial_deg1[z_inv] target=nn#leaf2 vars=(1,) attempted=0
[Stage B]  Greedy order (1 cands): monomial_deg2[z_inv](8p)
[Stage B]  Precheck reject (units: fixed-units-mismatch) rule=monomial_peel_priority cand=monomial_deg2[z_inv] target=nn#leaf2 vars=(1,) attempted=0
[Stage B]  Greedy order (1 cands): monomial_deg3[z_inv](8p)
[Stage B]  Precheck reject (units: fixed-units-mismatch) rule=monomial_peel_priority cand=monomial_deg3[z_inv] target=nn#leaf2 vars=(1,) attempted=0
[Stage B] Rule subtree_separability found 0 targets
[Stage B] Rule last_hard_trig_square found 0 targets
[Stage B] Rule univariate_nn found 1 targets
[Stage B]   target order (arity-asc): [vars=(1,)(arity=1)]
[Stage B]  one_minus_cos_over_z2 skip NN vars (1,): phase is not dimensionless for z=x1, dim=(Fraction(0, 1), Fraction(-1, 1), Fraction(0, 1))
[Stage B] ratpoly_1d degree probe: no valid pairs, falling back to unconstrained grid, vars=(1,)
[Stage B] ratpoly_1d rejected: best rel_rms=0.0013 > 0.001, deg=(4,3), vars=(1,)
[Stage B] ratpoly_1d degree probe: no valid pairs, falling back to unconstrained grid, vars=(1,)
[Stage B] ratpoly_1d rejected: best rel_rms=0.0105 > 0.001, deg=(1,2), vars=(1,)
[Stage B]  one_minus_cos_over_z2 skip NN vars (1,): phase is not dimensionless for z=(x1)**-1, dim=(Fraction(0, 1), Fraction(1, 1), Fraction(0, 1))
[Stage B] ratpoly_1d degree probe: no valid pairs, falling back to unconstrained grid, vars=(1,)
[Stage B] ratpoly_1d rejected: best rel_rms=0.0117 > 0.001, deg=(3,2), vars=(1,)
[Stage B] ratpoly_1d degree probe: no valid pairs, falling back to unconstrained grid, vars=(1,)
[Stage B] ratpoly_1d rejected: best rel_rms=0.0038 > 0.001, deg=(2,4), vars=(1,)
[Stage B] RuleUniNN proposing 13 candidates for NN vars=(1,): ['monomial_deg1', 'monomial_deg2', 'monomial_deg3', 'cf_sharedpref_resid', 'cf_sharedpref_resid', 'cf_sharedpref_resid', 'cf_sharedpref_resid', 'cf_sharedpref_resid', 'cf_sharedpref_resid', 'cf_combo', 'cf_combo', 'cf_combo', 'cf_combo']
[Stage B] RuleUniNN proposing 13 candidates for NN vars=(1,): ['monomial_deg1[z_inv]', 'monomial_deg2[z_inv]', 'monomial_deg3[z_inv]', 'cf_sharedpref_resid[z_inv]', 'cf_sharedpref_resid[z_inv]', 'cf_sharedpref_resid[z_inv]', 'cf_sharedpref_resid[z_inv]', 'cf_sharedpref_resid[z_inv]', 'cf_sharedpref_resid[z_inv]', 'cf_combo[z_inv]', 'cf_combo[z_inv]', 'cf_combo[z_inv]', 'cf_combo[z_inv]']
[Stage B]  Exhaustive order (13 cands): monomial_deg1[z_inv](9p), monomial_deg2[z_inv](9p), monomial_deg3[z_inv](9p), cf_combo[z_inv](10p), cf_combo[z_inv](10p), cf_sharedpref_resid[z_inv](11p), cf_sharedpref_resid[z_inv](11p), cf_sharedpref_resid[z_inv](11p), cf_sharedpref_resid[z_inv](11p), cf_sharedpref_resid[z_inv](11p), cf_sharedpref_resid[z_inv](11p), cf_combo[z_inv](11p), cf_combo[z_inv](11p)
[Stage B]  Precheck reject (units: fixed-units-mismatch) rule=univariate_nn cand=monomial_deg1[z_inv] target=nn#leaf2 vars=(1,) attempted=36
[Stage B]  Precheck reject (units: fixed-units-mismatch) rule=univariate_nn cand=monomial_deg2[z_inv] target=nn#leaf2 vars=(1,) attempted=36
[Stage B]  Precheck reject (units: fixed-units-mismatch) rule=univariate_nn cand=monomial_deg3[z_inv] target=nn#leaf2 vars=(1,) attempted=36
[Stage B]  Precheck reject (units: fixed-units-mismatch) rule=univariate_nn cand=cf_combo[z_inv] target=nn#leaf2 vars=(1,) attempted=36
[Stage B]  Precheck reject (units: fixed-units-mismatch) rule=univariate_nn cand=cf_combo[z_inv] target=nn#leaf2 vars=(1,) attempted=36
[Stage B]  Precheck reject (units: fixed-units-mismatch) rule=univariate_nn cand=cf_sharedpref_resid[z_inv] target=nn#leaf2 vars=(1,) attempted=36
[Stage B]  Precheck reject (units: fixed-units-mismatch) rule=univariate_nn cand=cf_sharedpref_resid[z_inv] target=nn#leaf2 vars=(1,) attempted=36
[Stage B]  Precheck reject (units: fixed-units-mismatch) rule=univariate_nn cand=cf_sharedpref_resid[z_inv] target=nn#leaf2 vars=(1,) attempted=36
[Stage B]  Precheck reject (units: fixed-units-mismatch) rule=univariate_nn cand=cf_sharedpref_resid[z_inv] target=nn#leaf2 vars=(1,) attempted=36
[Stage B]  Precheck reject (units: fixed-units-mismatch) rule=univariate_nn cand=cf_sharedpref_resid[z_inv] target=nn#leaf2 vars=(1,) attempted=36
[Stage B]  Precheck reject (units: fixed-units-mismatch) rule=univariate_nn cand=cf_sharedpref_resid[z_inv] target=nn#leaf2 vars=(1,) attempted=36
[Stage B]  Precheck reject (units: fixed-units-mismatch) rule=univariate_nn cand=cf_combo[z_inv] target=nn#leaf2 vars=(1,) attempted=36
[Stage B]  Precheck reject (units: fixed-units-mismatch) rule=univariate_nn cand=cf_combo[z_inv] target=nn#leaf2 vars=(1,) attempted=36
[Stage B] Rule log_ratio found 0 targets
[Stage B] Rule power_product found 0 targets
[Stage B] Rule joint_product_monomial_closure found 0 targets
[Stage B] Rule overlap_prefactor_peel found 0 targets
[Stage B] Rule overlap_counterterm_peel found 0 targets
[Stage B] Rule common_prefactor found 0 targets
[Stage B] Rule additive_gauge_transfer found 0 targets
[Stage B] Rule multiplicative_homogeneity_transfer found 0 targets
[Stage B] Rule univariate_mono found 1 targets
[Stage B]   target order (arity-asc): [vars=(1,)(arity=1)]
[Stage B]  Exhaustive order (3 cands): monomial_deg1[z_inv](8p), monomial_deg2[z_inv](8p), monomial_deg3[z_inv](8p)
[Stage B]  Precheck reject (units: fixed-units-mismatch) rule=univariate_mono cand=monomial_deg1[z_inv] target=nn#leaf2 vars=(1,) attempted=0
[Stage B]  Precheck reject (units: fixed-units-mismatch) rule=univariate_mono cand=monomial_deg2[z_inv] target=nn#leaf2 vars=(1,) attempted=0
[Stage B]  Precheck reject (units: fixed-units-mismatch) rule=univariate_mono cand=monomial_deg3[z_inv] target=nn#leaf2 vars=(1,) attempted=0
[Stage B] Rule nn_leaf_separability found 0 targets
[Stage B] Rule counterterm_mul_split found 0 targets
[Stage B] Rule counterfactor_add_split found 0 targets
[Stage B] === Phase 1 complete: No more separabilities found ===
[Stage B] === Phase 2: Trying specialized patterns (after exhausting separability) ===
[Stage B]   target order (arity-asc): [vars=(1,)(arity=1)]
[Stage B]  Greedy order (10 cands): cf_sharedpref_resid(11p), cf_sharedpref_resid(11p), cf_sharedpref_resid(11p), cf_sharedpref_resid(11p), cf_sharedpref_resid(11p), cf_sharedpref_resid(11p), cf_combo(11p), cf_combo(10p), cf_combo(11p), cf_combo(10p)
[Stage B]  Precheck reject (units: fixed-units-mismatch) rule=compound_fn_macros cand=cf_sharedpref_resid target=nn#leaf2 vars=(1,) attempted=0
[Stage B]  Precheck reject (units: fixed-units-mismatch) rule=compound_fn_macros cand=cf_sharedpref_resid target=nn#leaf2 vars=(1,) attempted=0
[Stage B]  Precheck reject (units: fixed-units-mismatch) rule=compound_fn_macros cand=cf_sharedpref_resid target=nn#leaf2 vars=(1,) attempted=0
[Stage B]  Precheck reject (units: fixed-units-mismatch) rule=compound_fn_macros cand=cf_sharedpref_resid target=nn#leaf2 vars=(1,) attempted=0
[Stage B]  Precheck reject (units: fixed-units-mismatch) rule=compound_fn_macros cand=cf_sharedpref_resid target=nn#leaf2 vars=(1,) attempted=0
[Stage B]  Precheck reject (units: fixed-units-mismatch) rule=compound_fn_macros cand=cf_sharedpref_resid target=nn#leaf2 vars=(1,) attempted=0
[Stage B]  Precheck reject (units: fixed-units-mismatch) rule=compound_fn_macros cand=cf_combo target=nn#leaf2 vars=(1,) attempted=0
[Stage B]  Precheck reject (units: fixed-units-mismatch) rule=compound_fn_macros cand=cf_combo target=nn#leaf2 vars=(1,) attempted=0
[Stage B]  Precheck reject (units: fixed-units-mismatch) rule=compound_fn_macros cand=cf_combo target=nn#leaf2 vars=(1,) attempted=0
[Stage B]  Precheck reject (units: fixed-units-mismatch) rule=compound_fn_macros cand=cf_combo target=nn#leaf2 vars=(1,) attempted=0
[Stage B]   target order (arity-asc): [vars=(1,)(arity=1)]
[Stage B]   target order (arity-asc): [vars=(1,)(arity=1)]
[Stage B]   target order (arity-asc): [vars=(1,)(arity=1)]
[Stage B]   target order (arity-asc): [vars=(1,)(arity=1)]
[Stage B] RuleUnivariateMulPeel: detected [k=1] on NN vars=(1,)
[Stage B]  Greedy order (1 cands): mono_peel_nn_resid(1009p)
[Stage B]  Trying mono-peel + NN residual (k=1) on NN leaf vars (1,)
[Stage B] Post-custom-init validation (attempt 0), batch 0, finite: 2000/2000, min: 2.977e-02, max: 1.651e+02, mean: 6.433e+00
[Stage B] Post-custom-init validation (attempt 0), batch 1, finite: 2000/2000, min: 2.797e-02, max: 1.540e+02, mean: 7.200e+00
[Stage B] Post-custom-init validation (attempt 0), batch 2, finite: 2000/2000, min: 4.809e-02, max: 1.477e+02, mean: 5.461e+00
[Stage B] Prediction scale check (attempt 0): pred_median=1.252e+00, true_median=9.826e-02, ratio=1.274e+01
[info] dataloader for provider ASTCompositeAdaptor yields 3 batches (equivalent to a single batch up to floating-point roundoff; minor Python-loop overhead per batch).
[LM][bucket] solving P=394 (trivially separable union)
Stopping at epoch 201/2000, lm_opt.state['halt']=True, loss=5.0519e-12, loss_val=7.6333e-12
[Stage B]    Candidate (mono_peel_nn_resid): params=394, val-loss=7.6333e-12
[Stage B]    Reject (mono_peel_nn_resid): loss-below-floor-not-simpler | loss 1.550e-11->7.633e-12 (Δ-7.87e-12) | params 392->394 | cx (0, 0, 0)->(0, 0, 0)
[Stage B]   target order (arity-asc): [vars=(1,)(arity=1)]
[Stage B]  Greedy order (1 cands): precond_fallback_div(1009p)
[Stage B]  Precheck reject (units: poly leaf with unitful inputs requires homogeneous basis (min_total=degree=1), but got min_total=0) rule=preconditioner_fallback_nn cand=precond_fallback_div target=nn#leaf2 vars=(1,) attempted=0
[Stage B]   target order (arity-asc): [vars=(1,)(arity=1)]
[Stage B] ratpoly_1d degree probe: no valid pairs, falling back to unconstrained grid, vars=(1,)
[Stage B] ratpoly_1d probe: 6 sub-threshold trial(s) for vars=(1,): deg=(1,3)->(1,2) nnz=(2,3) rms=0.0184, deg=(2,1)->(2,1) nnz=(3,2) rms=0.0082, deg=(2,2)->(2,2) nnz=(3,3) rms=0.0047, deg=(4,1)->(3,1) nnz=(4,2) rms=0.0047, deg=(3,2)->(3,2) nnz=(4,3) rms=0.0066, deg=(4,2)->(4,2) nnz=(5,3) rms=0.0052
[Stage B] RuleLastHardAtomRescue proposing 6 capped candidate(s) for final NN vars=(1,): ['last_ratpoly_1d', 'last_ratpoly_1d[1]', 'last_ratpoly_1d[2]', 'last_ratpoly_1d[3]', 'last_ratpoly_1d[4]', 'last_ratpoly_1d[5]']
[Stage B]  Exhaustive order (6 cands): last_ratpoly_1d(13p), last_ratpoly_1d[1](13p), last_ratpoly_1d[2](14p), last_ratpoly_1d[3](14p), last_ratpoly_1d[4](15p), last_ratpoly_1d[5](16p)
[Stage B]  Trying 1D ratpoly deg=(1,3)->(1,2) nnz=(2,3) (scale*P_red(x)/Q(x)) rewrite on NN leaf vars (1,)
[Stage B custom_init ratpoly_1d] Init on vars (1,): deg=(1,3)->(1,2), nnz=(2,3), rel_rms≈1.84e-02
[Stage B] Post-custom-init validation (attempt 0), batch 0, finite: 2000/2000, min: -2.146e-01, max: 5.434e-03, mean: -1.611e-02
[Stage B] Post-custom-init validation (attempt 0), batch 1, finite: 2000/2000, min: -2.223e-01, max: 4.834e-03, mean: -1.704e-02
[Stage B] Post-custom-init validation (attempt 0), batch 2, finite: 2000/2000, min: -2.133e-01, max: 3.695e-03, mean: -1.633e-02
[Stage B] Prediction scale check (attempt 0): pred_median=5.466e-03, true_median=9.826e-02, ratio=5.562e-02
[info] dataloader for provider ASTCompositeAdaptor yields 3 batches (equivalent to a single batch up to floating-point roundoff; minor Python-loop overhead per batch).
[LM][bucket] solving P=12 (trivially separable union)
Stopping at epoch 601/2000, lm_opt.state['halt']=True, loss=4.2614e-06, loss_val=3.9048e-06
[Stage B]    Candidate (last_ratpoly_1d): params=12, val-loss=3.8629e-06
[Stage B]    ratpoly trim skipped: no live ratpoly leaf found for ratpoly1d_scale_leaf2_v1_sn1_sd3_n1_d2_mn0_md0
[Stage B]    Reject (last_ratpoly_1d): simpler-over-budget(thr=1.355e-09) | loss 1.550e-11->3.863e-06 (Δ+3.86e-06) | params 392->12 | cx (0, 0, 0)->(0, 0, 0)
[Stage B]  Precheck reject (duplicate-signature) rule=last_hard_atom_rescue cand=last_ratpoly_1d[1] target=nn#leaf2 vars=(1,) sig=(214114786, 3, 1, 1, 1, -1, 2, 1, 1) attempted=5
[Stage B]  Precheck reject (duplicate-signature) rule=last_hard_atom_rescue cand=last_ratpoly_1d[2] target=nn#leaf2 vars=(1,) sig=(214114786, 3, 1, 1, 1, -1, 3, 1, 1, 1) attempted=5
[Stage B]  Precheck reject (duplicate-signature) rule=last_hard_atom_rescue cand=last_ratpoly_1d[3] target=nn#leaf2 vars=(1,) sig=(214114786, 4, 1, 1, 1, 1, -1, 2, 1, 1) attempted=5
[Stage B]  Trying 1D ratpoly deg=(3,2)->(3,2) nnz=(4,3) (scale*P_red(x)/Q(x)) rewrite on NN leaf vars (1,)
[Stage B custom_init ratpoly_1d] Init on vars (1,): deg=(3,2)->(3,2), nnz=(4,3), rel_rms≈6.58e-03
[Stage B] Post-custom-init validation (attempt 0), batch 0, finite: 2000/2000, min: -2.039e+01, max: 8.355e-01, mean: -1.521e+00
[Stage B] Post-custom-init validation (attempt 0), batch 1, finite: 2000/2000, min: -2.109e+01, max: 7.371e-01, mean: -1.610e+00
[Stage B] Post-custom-init validation (attempt 0), batch 2, finite: 2000/2000, min: -2.017e+01, max: 5.662e-01, mean: -1.552e+00
[Stage B] Prediction scale check (attempt 0): pred_median=5.692e-01, true_median=9.826e-02, ratio=5.793e+00
[info] dataloader for provider ASTCompositeAdaptor yields 3 batches (equivalent to a single batch up to floating-point roundoff; minor Python-loop overhead per batch).
[LM][bucket] solving P=14 (trivially separable union)
[Stage B]    Candidate (last_ratpoly_1d[4]): params=14, val-loss=6.7770e-08
[Stage B]    ratpoly trim skipped: no live ratpoly leaf found for ratpoly1d_scale_leaf2_v1_sn3_sd2_n3_d2_mn0_md0
[Stage B]    Reject (last_ratpoly_1d[4]): simpler-over-budget(thr=1.294e-09) | loss 1.550e-11->6.777e-08 (Δ+6.78e-08) | params 392->14 | cx (0, 0, 0)->(0, 0, 0)
[Stage B]  Trying 1D ratpoly deg=(4,2)->(4,2) nnz=(5,3) (scale*P_red(x)/Q(x)) rewrite on NN leaf vars (1,)
[Stage B custom_init ratpoly_1d] Init on vars (1,): deg=(4,2)->(4,2), nnz=(5,3), rel_rms≈5.16e-03
[Stage B] Post-custom-init validation (attempt 0), batch 0, finite: 2000/2000, min: -1.262e+05, max: 3.448e+06, mean: 2.571e+05
[Stage B] Post-custom-init validation (attempt 0), batch 1, finite: 2000/2000, min: -1.152e+05, max: 3.567e+06, mean: 2.721e+05
[Stage B] Post-custom-init validation (attempt 0), batch 2, finite: 2000/2000, min: -9.236e+04, max: 3.412e+06, mean: 2.621e+05
[Stage B] Prediction scale check (attempt 0): pred_median=9.505e+04, true_median=9.826e-02, ratio=9.674e+05
[Stage B] Warning: init scale_ratio extreme; rejecting candidate.
[Stage B]    Candidate (last_ratpoly_1d[5]) rejected at init (non-finite loss); trying next.
[Stage B]   Backtrack: reverted accept (scale), restored to loss=2.650e-10 (budget=0 remaining)
[Stage B] === Phase 1: Searching for separabilities (additive, multiplicative) ===
[Stage B] Rule nonsense_units_zero_prune found 0 targets
[Stage B] Rule monomial_peel_priority found 3 targets
[Stage B]   target order (arity-asc): [vars=(0,)(arity=1), vars=(1, 2)(arity=1), vars=(1,)(arity=1)]
[Stage B] monomial_peel_priority shortlist: monomial_deg1@nn#leaf1 vars=(1, 2) (k=0.027, rel=0.0769); monomial_deg1[z_inv]@nn#leaf1 vars=(1, 2) (k=0.027, rel=0.0769); monomial_deg2@nn#leaf1 vars=(1, 2) (k=0.027, rel=0.0769); monomial_deg2[z_inv]@nn#leaf1 vars=(1, 2) (k=0.027, rel=0.0769); monomial_deg3@nn#leaf1 vars=(1, 2) (k=0.027, rel=0.0769); monomial_deg3[z_inv]@nn#leaf1 vars=(1, 2) (k=0.027, rel=0.0769); monomial_deg1[z_inv]@nn#leaf2 vars=(1,) (k=1.08, rel=0.459); monomial_deg2[z_inv]@nn#leaf2 vars=(1,) (k=1.08, rel=0.459)
[Stage B] Rule monomial_peel_priority trying 12 globally ranked candidates
[Stage B]  Greedy order (1 cands): monomial_deg1(1998p)
[Stage B]  Priority trying 1D monomial (c·x^1) rewrite on NN leaf vars (1, 2)
[Stage B] Initialising RPolyLeaf for vars (1, 2), tag=leaf1
[info] dataloader for provider ASTCompositeAdaptor yields 3 batches (equivalent to a single batch up to floating-point roundoff; minor Python-loop overhead per batch).
[LM][bucket] solving P=768 (trivially separable union)
[Stage B]    Candidate (monomial_deg1): params=768, val-loss=2.2406e-03
[Stage B]    Reject (monomial_deg1): simpler-over-budget(thr=6.032e-10) | loss 2.650e-10->2.241e-03 (Δ+2.24e-03) | params 1152->768 | cx (0, 0, 0)->(0, 0, 0)
[Stage B]  Greedy order (1 cands): monomial_deg1[z_inv](1998p)
[Stage B]  Priority trying 1D monomial (c·x^1) rewrite on NN leaf vars (1, 2) [coord=1/z]
[Stage B] Initialising RPolyLeaf for vars (1, 2), tag=leaf1
[info] dataloader for provider ASTCompositeAdaptor yields 3 batches (equivalent to a single batch up to floating-point roundoff; minor Python-loop overhead per batch).
Validation patience exceeded at epoch 601/2000, nval_worse=500
[Stage B]    Candidate (monomial_deg1[z_inv]): params=768, val-loss=5.0356e-04
[Stage B]    Reject (monomial_deg1[z_inv]): simpler-over-budget(thr=6.032e-10) | loss 2.650e-10->5.036e-04 (Δ+5.04e-04) | params 1152->768 | cx (0, 0, 0)->(0, 0, 0)
[Stage B]  Greedy order (1 cands): monomial_deg2(1998p)
[Stage B]  Priority trying 1D monomial (c·x^2) rewrite on NN leaf vars (1, 2)
[Stage B] Initialising RPolyLeaf for vars (1, 2), tag=leaf1
[info] dataloader for provider ASTCompositeAdaptor yields 3 batches (equivalent to a single batch up to floating-point roundoff; minor Python-loop overhead per batch).
Validation patience exceeded at epoch 601/2000, nval_worse=500
[Stage B]    Candidate (monomial_deg2): params=768, val-loss=7.1507e-03
[Stage B]    Reject (monomial_deg2): simpler-over-budget(thr=6.032e-10) | loss 2.650e-10->7.151e-03 (Δ+7.15e-03) | params 1152->768 | cx (0, 0, 0)->(0, 0, 0)
[Stage B]  Greedy order (1 cands): monomial_deg2[z_inv](1998p)
[Stage B]  Priority trying 1D monomial (c·x^2) rewrite on NN leaf vars (1, 2) [coord=1/z]
[Stage B] Initialising RPolyLeaf for vars (1, 2), tag=leaf1
[info] dataloader for provider ASTCompositeAdaptor yields 3 batches (equivalent to a single batch up to floating-point roundoff; minor Python-loop overhead per batch).
Validation patience exceeded at epoch 1001/2000, nval_worse=500
[Stage B]    Candidate (monomial_deg2[z_inv]): params=768, val-loss=2.4771e-03
[Stage B]    Reject (monomial_deg2[z_inv]): simpler-over-budget(thr=6.032e-10) | loss 2.650e-10->2.477e-03 (Δ+2.48e-03) | params 1152->768 | cx (0, 0, 0)->(0, 0, 0)
[Stage B]  Greedy order (1 cands): monomial_deg3(1998p)
[Stage B]  Priority trying 1D monomial (c·x^3) rewrite on NN leaf vars (1, 2)
[Stage B] Initialising RPolyLeaf for vars (1, 2), tag=leaf1
[info] dataloader for provider ASTCompositeAdaptor yields 3 batches (equivalent to a single batch up to floating-point roundoff; minor Python-loop overhead per batch).
Validation patience exceeded at epoch 1301/2000, nval_worse=500
[Stage B]    Candidate (monomial_deg3): params=768, val-loss=1.4391e-02
[Stage B]    Reject (monomial_deg3): simpler-over-budget(thr=6.032e-10) | loss 2.650e-10->1.439e-02 (Δ+1.44e-02) | params 1152->768 | cx (0, 0, 0)->(0, 0, 0)
[Stage B]  Greedy order (1 cands): monomial_deg3[z_inv](1998p)
[Stage B]  Priority trying 1D monomial (c·x^3) rewrite on NN leaf vars (1, 2) [coord=1/z]
[Stage B] Initialising RPolyLeaf for vars (1, 2), tag=leaf1
[info] dataloader for provider ASTCompositeAdaptor yields 3 batches (equivalent to a single batch up to floating-point roundoff; minor Python-loop overhead per batch).
Validation patience exceeded at epoch 701/2000, nval_worse=500
[Stage B]    Candidate (monomial_deg3[z_inv]): params=768, val-loss=5.0636e-03
[Stage B]    Reject (monomial_deg3[z_inv]): simpler-over-budget(thr=6.032e-10) | loss 2.650e-10->5.064e-03 (Δ+5.06e-03) | params 1152->768 | cx (0, 0, 0)->(0, 0, 0)
[Stage B]  Greedy order (1 cands): monomial_deg1[z_inv](1998p)
[Stage B]  Priority trying 1D monomial (c·x^1) rewrite on NN leaf vars (1,) [coord=1/z]
[Stage B] Initialising RPolyLeaf for vars (1,), tag=leaf2
[info] dataloader for provider ASTCompositeAdaptor yields 3 batches (equivalent to a single batch up to floating-point roundoff; minor Python-loop overhead per batch).
Validation patience exceeded at epoch 601/2000, nval_worse=500
[Stage B]    Candidate (monomial_deg1[z_inv]): params=768, val-loss=2.5773e-03
[Stage B]    Reject (monomial_deg1[z_inv]): simpler-over-budget(thr=6.032e-10) | loss 2.650e-10->2.577e-03 (Δ+2.58e-03) | params 1152->768 | cx (0, 0, 0)->(0, 0, 0)
[Stage B]  Greedy order (1 cands): monomial_deg2[z_inv](1998p)
[Stage B]  Priority trying 1D monomial (c·x^2) rewrite on NN leaf vars (1,) [coord=1/z]
[Stage B] Initialising RPolyLeaf for vars (1,), tag=leaf2
[info] dataloader for provider ASTCompositeAdaptor yields 3 batches (equivalent to a single batch up to floating-point roundoff; minor Python-loop overhead per batch).
Validation patience exceeded at epoch 601/2000, nval_worse=500
[Stage B]    Candidate (monomial_deg2[z_inv]): params=768, val-loss=1.7007e-02
[Stage B]    Reject (monomial_deg2[z_inv]): simpler-over-budget(thr=6.032e-10) | loss 2.650e-10->1.701e-02 (Δ+1.70e-02) | params 1152->768 | cx (0, 0, 0)->(0, 0, 0)
[Stage B]  Greedy order (1 cands): monomial_deg3[z_inv](1998p)
[Stage B]  Priority trying 1D monomial (c·x^3) rewrite on NN leaf vars (1,) [coord=1/z]
[Stage B] Initialising RPolyLeaf for vars (1,), tag=leaf2
[info] dataloader for provider ASTCompositeAdaptor yields 3 batches (equivalent to a single batch up to floating-point roundoff; minor Python-loop overhead per batch).
Validation patience exceeded at epoch 1201/2000, nval_worse=500
[Stage B]    Candidate (monomial_deg3[z_inv]): params=768, val-loss=2.8699e-02
[Stage B]    Reject (monomial_deg3[z_inv]): simpler-over-budget(thr=6.032e-10) | loss 2.650e-10->2.870e-02 (Δ+2.87e-02) | params 1152->768 | cx (0, 0, 0)->(0, 0, 0)
[Stage B]  Greedy order (1 cands): monomial_deg1[z_inv](1998p)
[Stage B]  Priority trying 1D monomial (c·x^1) rewrite on NN leaf vars (0,) [coord=1/z]
[Stage B] Initialising RPolyLeaf for vars (0,), tag=leaf0
[info] dataloader for provider ASTCompositeAdaptor yields 3 batches (equivalent to a single batch up to floating-point roundoff; minor Python-loop overhead per batch).
Validation patience exceeded at epoch 701/2000, nval_worse=500
[Stage B]    Candidate (monomial_deg1[z_inv]): params=768, val-loss=7.1888e-02
[Stage B]    Reject (monomial_deg1[z_inv]): simpler-over-budget(thr=6.032e-10) | loss 2.650e-10->7.189e-02 (Δ+7.19e-02) | params 1152->768 | cx (0, 0, 0)->(0, 0, 0)
[Stage B]  Greedy order (1 cands): monomial_deg2[z_inv](1998p)
[Stage B]  Priority trying 1D monomial (c·x^2) rewrite on NN leaf vars (0,) [coord=1/z]
[Stage B] Initialising RPolyLeaf for vars (0,), tag=leaf0
[info] dataloader for provider ASTCompositeAdaptor yields 3 batches (equivalent to a single batch up to floating-point roundoff; minor Python-loop overhead per batch).
Validation patience exceeded at epoch 901/2000, nval_worse=500
[Stage B]    Candidate (monomial_deg2[z_inv]): params=768, val-loss=7.2400e-02
[Stage B]    Reject (monomial_deg2[z_inv]): simpler-over-budget(thr=6.032e-10) | loss 2.650e-10->7.240e-02 (Δ+7.24e-02) | params 1152->768 | cx (0, 0, 0)->(0, 0, 0)
[Stage B]  Greedy order (1 cands): monomial_deg3[z_inv](1998p)
[Stage B]  Priority trying 1D monomial (c·x^3) rewrite on NN leaf vars (0,) [coord=1/z]
[Stage B] Initialising RPolyLeaf for vars (0,), tag=leaf0
[info] dataloader for provider ASTCompositeAdaptor yields 3 batches (equivalent to a single batch up to floating-point roundoff; minor Python-loop overhead per batch).
Validation patience exceeded at epoch 601/2000, nval_worse=500
[Stage B]    Candidate (monomial_deg3[z_inv]): params=768, val-loss=7.2527e-02
[Stage B]    Reject (monomial_deg3[z_inv]): simpler-over-budget(thr=6.032e-10) | loss 2.650e-10->7.253e-02 (Δ+7.25e-02) | params 1152->768 | cx (0, 0, 0)->(0, 0, 0)
[Stage B] Rule subtree_separability found 0 targets
[Stage B] Rule last_hard_trig_square found 0 targets
[Stage B] Rule univariate_nn found 3 targets
[Stage B]   target order (arity-asc): [vars=(0,)(arity=1), vars=(1, 2)(arity=1), vars=(1,)(arity=1)]
[Stage B]  one_minus_cos_over_z2 skip NN vars (0,): no trig hint
[Stage B] ratpoly_1d degree probe: no valid pairs, falling back to unconstrained grid, vars=(0,)
[Stage B] ratpoly_1d rejected: best rel_rms=0.0019 > 0.001, deg=(3,1), vars=(0,)
[Stage B] ratpoly_1d degree probe: no valid pairs, falling back to unconstrained grid, vars=(0,)
[Stage B] ratpoly_1d probe: 1 sub-threshold trial(s) for vars=(0,): deg=(4,4)->(4,4) nnz=(5,5) rms=0.0008
[Stage B]  one_minus_cos_over_z2 skip NN vars (0,): no trig hint
[Stage B] ratpoly_1d degree probe: no valid pairs, falling back to unconstrained grid, vars=(0,)
[Stage B] ratpoly_1d rejected: best rel_rms=0.3048 > 0.001, deg=(3,4), vars=(0,)
[Stage B] ratpoly_1d degree probe: no valid pairs, falling back to unconstrained grid, vars=(0,)
[Stage B] ratpoly_1d rejected: best rel_rms=0.0161 > 0.001, deg=(2,4), vars=(0,)
[Stage B] RuleUniNN proposing 13 candidates for NN vars=(0,): ['monomial_deg1', 'monomial_deg2', 'monomial_deg3', 'cf_combo', 'cf_combo', 'cf_combo', 'cf_combo', 'cf_combo', 'cf_combo', 'cf_combo', 'cf_combo', 'cf_combo', 'cf_combo']
[Stage B] RuleUniNN proposing 15 candidates for NN vars=(0,): ['sqrt_ratpoly_1d', 'scale', 'monomial_deg1[z_inv]', 'monomial_deg2[z_inv]', 'monomial_deg3[z_inv]', 'cf_combo[z_inv]', 'cf_combo[z_inv]', 'cf_combo[z_inv]', 'cf_combo[z_inv]', 'cf_combo[z_inv]', 'cf_combo[z_inv]', 'cf_combo[z_inv]', 'cf_combo[z_inv]', 'cf_combo[z_inv]', 'cf_combo[z_inv]']
[Stage B]  Greedy order (15 cands): sqrt_ratpoly_1d(2008p), scale(2000p), monomial_deg1[z_inv](1999p), monomial_deg2[z_inv](1999p), monomial_deg3[z_inv](1999p), cf_combo[z_inv](2001p), cf_combo[z_inv](2000p), cf_combo[z_inv](2001p), cf_combo[z_inv](2000p), cf_combo[z_inv](2001p), cf_combo[z_inv](2000p), cf_combo[z_inv](2001p), cf_combo[z_inv](2000p), cf_combo[z_inv](2001p), cf_combo[z_inv](2000p)
[Stage B]  Trying 1D sqrt-ratpoly (inv_sqrt) deg=(4,4)->(4,4) nnz=(5,5) on NN leaf vars (0,)
[Stage B custom_init ratpoly_1d] Init on vars (0,): deg=(4,4)->(4,4), nnz=(5,5), rel_rms≈8.08e-04
[Stage B] Post-custom-init validation (attempt 0), batch 0, finite: 2000/2000, min: -1.967e+09, max: 7.648e+07, mean: -9.434e+07
[Stage B] Post-custom-init validation (attempt 0), batch 1, finite: 2000/2000, min: -2.196e+09, max: 6.605e+07, mean: -9.940e+07
[Stage B] Post-custom-init validation (attempt 0), batch 2, finite: 2000/2000, min: -1.809e+09, max: 4.586e+07, mean: -9.132e+07
[Stage B] Prediction scale check (attempt 0): pred_median=3.736e+07, true_median=9.826e-02, ratio=3.802e+08
[Stage B] Warning: init scale_ratio extreme; rejecting candidate.
[Stage B]    Candidate (sqrt_ratpoly_1d) rejected at init (non-finite loss); trying next.
[Stage B]  [31mSkipped[0m (scale): amber_skip
[Stage B]  Trying 1D monomial (c·x^1) rewrite on NN leaf vars (0,) [coord=1/z]
[Stage B] Initialising PolyLeaf for vars (0,), tag=leaf0
[info] dataloader for provider ASTCompositeAdaptor yields 3 batches (equivalent to a single batch up to floating-point roundoff; minor Python-loop overhead per batch).
[LM][bucket] solving P=769 (trivially separable union)
Validation patience exceeded at epoch 801/2000, nval_worse=500
[Stage B]    Candidate (monomial_deg1[z_inv]): params=769, val-loss=7.1889e-02
[Stage B]    Reject (monomial_deg1[z_inv]): simpler-over-budget(thr=5.374e-10) | loss 2.650e-10->7.189e-02 (Δ+7.19e-02) | params 1152->769 | cx (0, 0, 0)->(0, 0, 0)
[Stage B]  Trying 1D monomial (c·x^2) rewrite on NN leaf vars (0,) [coord=1/z]
[Stage B] Initialising PolyLeaf for vars (0,), tag=leaf0
[info] dataloader for provider ASTCompositeAdaptor yields 3 batches (equivalent to a single batch up to floating-point roundoff; minor Python-loop overhead per batch).
Validation patience exceeded at epoch 601/2000, nval_worse=500
[Stage B]    Candidate (monomial_deg2[z_inv]): params=769, val-loss=7.2407e-02
[Stage B]    Reject (monomial_deg2[z_inv]): simpler-over-budget(thr=5.374e-10) | loss 2.650e-10->7.241e-02 (Δ+7.24e-02) | params 1152->769 | cx (0, 0, 0)->(0, 0, 0)
[Stage B]  Trying 1D monomial (c·x^3) rewrite on NN leaf vars (0,) [coord=1/z]
[Stage B] Initialising PolyLeaf for vars (0,), tag=leaf0
[info] dataloader for provider ASTCompositeAdaptor yields 3 batches (equivalent to a single batch up to floating-point roundoff; minor Python-loop overhead per batch).
Validation patience exceeded at epoch 1401/2000, nval_worse=500
[Stage B]    Candidate (monomial_deg3[z_inv]): params=769, val-loss=7.2515e-02
[Stage B]    Reject (monomial_deg3[z_inv]): simpler-over-budget(thr=5.374e-10) | loss 2.650e-10->7.252e-02 (Δ+7.25e-02) | params 1152->769 | cx (0, 0, 0)->(0, 0, 0)
[Stage B]  Precheck reject (units: units-inconsistent (L)) rule=univariate_nn cand=cf_combo[z_inv] target=nn#leaf0 vars=(0,) attempted=37
[Stage B]  Precheck reject (units: units-inconsistent (L)) rule=univariate_nn cand=cf_combo[z_inv] target=nn#leaf0 vars=(0,) attempted=37
[Stage B]  Precheck reject (units: units-inconsistent (L)) rule=univariate_nn cand=cf_combo[z_inv] target=nn#leaf0 vars=(0,) attempted=37
[Stage B]  Precheck reject (units: units-inconsistent (L)) rule=univariate_nn cand=cf_combo[z_inv] target=nn#leaf0 vars=(0,) attempted=37
[Stage B]  Precheck reject (units: units-inconsistent (L)) rule=univariate_nn cand=cf_combo[z_inv] target=nn#leaf0 vars=(0,) attempted=37
[Stage B]  Precheck reject (units: units-inconsistent (L)) rule=univariate_nn cand=cf_combo[z_inv] target=nn#leaf0 vars=(0,) attempted=37
[Stage B]  Precheck reject (units: units-inconsistent (L)) rule=univariate_nn cand=cf_combo[z_inv] target=nn#leaf0 vars=(0,) attempted=37
[Stage B]  Precheck reject (units: units-inconsistent (L)) rule=univariate_nn cand=cf_combo[z_inv] target=nn#leaf0 vars=(0,) attempted=37
[Stage B]  Precheck reject (units: units-inconsistent (L)) rule=univariate_nn cand=cf_combo[z_inv] target=nn#leaf0 vars=(0,) attempted=37
[Stage B]  Precheck reject (units: units-inconsistent (L)) rule=univariate_nn cand=cf_combo[z_inv] target=nn#leaf0 vars=(0,) attempted=37
[Stage B] symexp_denom_1d accepted: rel_rms=0.0001, scale≈-742, linear≈-0.144, compound vars=(1, 2)
[Stage B] symexp_denom_1d_recip rejected: rel_rms=0.0618 > 0.05, compound vars=(1, 2)
[Stage B] inv_poly: using degree-probe monomials, 3 valid terms, vars=(1, 2)
[Stage B] inv_poly probe: 2 sub-threshold trial(s) for vars=(1, 2): deg=1 rms=0.0000 n=2, deg=2 rms=0.0000 n=3
[Stage B] sqrt_poly: degree-probe active, sqrt=3 terms (probed=True), inv=3 terms (probed=True), vars=(1, 2)
[Stage B]  one_minus_cos_over_z2 skip NN vars (1, 2): screen failed for z=(x1 * (x2)**-1); exact best rel=2.41e+00 at omega≈0.5; affine best rel=5.37e-01, offset_rel=3.35e-03 at omega≈0.5; thresholds rel<=2.00e-02, offset_rel<=1.50e-01
[Stage B]  sparse_factor_1d skip NN vars (1, 2): screen failed for z=(x1 * (x2)**-1); best rel=8.07e-01, threshold=2.00e-02
[Stage B] ratpoly_1d degree probe: 1 valid pair(s), min_deg=(0,0), vars=(1, 2)
[Stage B] ratpoly_1d probe: 11 sub-threshold trial(s) for vars=(1, 2): deg=(0,2)->(0,2) nnz=(1,3) rms=0.0001, deg=(0,3)->(0,3) nnz=(1,4) rms=0.0000, deg=(1,2)->(1,2) nnz=(2,3) rms=0.0001, deg=(3,2)->(3,1) nnz=(3,2) rms=0.0000, deg=(2,3)->(2,3) nnz=(2,3) rms=0.0001, deg=(3,3)->(2,3) nnz=(1,4) rms=0.0001, deg=(3,4)->(3,4) nnz=(1,4) rms=0.0002, deg=(0,4)->(0,4) nnz=(1,5) rms=0.0000, deg=(3,1)->(3,1) nnz=(4,2) rms=0.0004, deg=(1,4)->(1,4) nnz=(2,5) rms=0.0000, deg=(2,4)->(2,4) nnz=(3,5) rms=0.0000
[Stage B] ratpoly_1d degree probe: 1 valid pair(s), min_deg=(0,0), vars=(1, 2)
[Stage B] ratpoly_1d probe: 10 sub-threshold trial(s) for vars=(1, 2): deg=(0,2)->(0,2) nnz=(1,3) rms=0.0001, deg=(1,1)->(1,1) nnz=(2,2) rms=0.0002, deg=(2,1)->(2,0) nnz=(3,1) rms=0.0001, deg=(0,3)->(0,3) nnz=(1,4) rms=0.0000, deg=(1,2)->(1,2) nnz=(2,3) rms=0.0000, deg=(0,4)->(0,4) nnz=(1,5) rms=0.0000, deg=(1,3)->(1,3) nnz=(2,4) rms=0.0000, deg=(1,4)->(1,4) nnz=(2,5) rms=0.0000, deg=(2,4)->(2,4) nnz=(3,5) rms=0.0000, deg=(3,3)->(3,3) nnz=(4,4) rms=0.0000
[Stage B] ratpoly_1d degree probe: 1 valid pair(s), min_deg=(0,0), vars=(1, 2)
[Stage B] ratpoly_1d probe: 10 sub-threshold trial(s) for vars=(1, 2): deg=(0,1)->(0,1) nnz=(1,2) rms=0.0158, deg=(0,2)->(0,2) nnz=(1,3) rms=0.0000, deg=(1,1)->(1,1) nnz=(2,2) rms=0.0002, deg=(1,2)->(1,2) nnz=(2,2) rms=0.0000, deg=(2,1)->(2,1) nnz=(2,2) rms=0.0000, deg=(0,3)->(0,3) nnz=(1,4) rms=0.0000, deg=(3,4)->(2,3) nnz=(2,3) rms=0.0002, deg=(0,4)->(0,4) nnz=(1,5) rms=0.0000, deg=(2,2)->(2,2) nnz=(3,3) rms=0.0000, deg=(4,4)->(4,4) nnz=(5,5) rms=0.0000
[Stage B] symexp_denom_1d rejected: rel_rms=0.0618 > 0.05, compound vars=(1, 2)
[Stage B] symexp_denom_1d_recip (poly) accepted: rel_rms=0.0001, scale≈-742, linear≈-1.81, compound vars=(1, 2)
[Stage B] inv_poly: using degree-probe monomials, 3 valid terms, vars=(1, 2)
[Stage B] inv_poly probe: 2 sub-threshold trial(s) for vars=(1, 2): deg=1 rms=0.0004 n=2, deg=2 rms=0.0000 n=3
[Stage B] sqrt_poly: degree-probe active, sqrt=3 terms (probed=True), inv=3 terms (probed=True), vars=(1, 2)
[Stage B]  one_minus_cos_over_z2 skip NN vars (1, 2): screen failed for z=(x2 / x1); exact best rel=2.52e+00 at omega≈0.5; affine best rel=5.67e-01, offset_rel=5.11e-03 at omega≈0.5; thresholds rel<=2.00e-02, offset_rel<=1.50e-01
[Stage B]  sparse_factor_1d skip NN vars (1, 2): screen failed for z=(x2 / x1); best rel=7.00e-01, threshold=2.00e-02
[Stage B] ratpoly_1d degree probe: 1 valid pair(s), min_deg=(0,0), vars=(1, 2)
[Stage B] ratpoly_1d probe: 2 sub-threshold trial(s) for vars=(1, 2): deg=(4,4)->(3,3) nnz=(2,3) rms=0.0000, deg=(0,4)->(0,4) nnz=(1,5) rms=0.0002
[Stage B] ratpoly_1d degree probe: 1 valid pair(s), min_deg=(0,0), vars=(1, 2)
[Stage B] ratpoly_1d probe: 3 sub-threshold trial(s) for vars=(1, 2): deg=(0,4)->(0,4) nnz=(1,5) rms=0.0002, deg=(2,2)->(2,2) nnz=(3,3) rms=0.0000, deg=(4,4)->(4,0) nnz=(5,1) rms=0.0002
[Stage B] ratpoly_1d degree probe: 1 valid pair(s), min_deg=(0,0), vars=(1, 2)
[Stage B] ratpoly_1d probe: 11 sub-threshold trial(s) for vars=(1, 2): deg=(0,2)->(0,2) nnz=(1,3) rms=0.0145, deg=(0,3)->(0,3) nnz=(1,4) rms=0.0018, deg=(4,4)->(2,3) nnz=(2,3) rms=0.0002, deg=(4,2)->(3,2) nnz=(3,2) rms=0.0002, deg=(3,3)->(3,3) nnz=(2,3) rms=0.0000, deg=(4,3)->(4,3) nnz=(2,3) rms=0.0174, deg=(0,4)->(0,4) nnz=(1,5) rms=0.0002, deg=(2,2)->(2,2) nnz=(3,3) rms=0.0000, deg=(4,1)->(4,1) nnz=(4,2) rms=0.0002, deg=(2,4)->(2,4) nnz=(3,5) rms=0.0002, deg=(3,4)->(3,4) nnz=(4,5) rms=0.0000
[Stage B] RuleUniNN proposing 49 candidates for NN vars=(1, 2): ['monomial_deg1', 'monomial_deg2', 'monomial_deg3', 'poly', 'symexp_denom_1d_recip', 'polylog', 'logshifted', 'inv_poly', 'inv_poly[1]', 'sqrt_poly', 'cf_combo', 'cf_combo', 'cf_combo', 'cf_combo', 'cf_sharedpref_resid', 'cf_sharedpref_resid', 'cf_sharedpref_resid', 'cf_sharedpref_resid', 'cf_combo', 'cf_combo', 'sqrt_ratpoly_1d', 'sqrt_ratpoly_1d[1]', 'sqrt_ratpoly_1d[2]', 'sqrt_ratpoly_1d[3]', 'sqrt_ratpoly_1d[4]', 'ratpoly_1d', 'ratpoly_1d[1]', 'ratpoly_1d[2]', 'ratpoly_1d[3]', 'ratpoly_1d[4]', 'ratpoly_1d[5]', 'ratpoly_1d[6]', 'ratpoly_1d[7]', 'ratpoly_1d[8]', 'ratpoly_1d[9]', 'ratpoly_1d[10]', 'exp', 'exp_rat', 'tanh', 'trig', 'trig', 'trig', 'trig', 'trig', 'sinc_p2', 'affine_trig', 'leaftr_recip_poly3', 'leaftr_square_poly3', 'leaftr_recip_affine_trig']
[Stage B]  Skipping reciprocal-coordinate alias polylog: closed-under-reciprocal:polylog
[Stage B]  Skipping reciprocal-coordinate alias sqrt_ratpoly_1d: closed-under-reciprocal:sqrt_ratpoly_1d
[Stage B]  Skipping reciprocal-coordinate alias sqrt_ratpoly_1d[1]: closed-under-reciprocal:sqrt_ratpoly_1d
[Stage B]  Skipping reciprocal-coordinate alias sqrt_ratpoly_1d[2]: closed-under-reciprocal:sqrt_ratpoly_1d
[Stage B]  Skipping reciprocal-coordinate alias sqrt_ratpoly_1d[3]: closed-under-reciprocal:sqrt_ratpoly_1d
[Stage B]  Skipping reciprocal-coordinate alias sqrt_ratpoly_1d[4]: closed-under-reciprocal:sqrt_ratpoly_1d
[Stage B]  Skipping reciprocal-coordinate alias ratpoly_1d: closed-under-reciprocal:ratpoly_1d
[Stage B]  Skipping reciprocal-coordinate alias ratpoly_1d[1]: closed-under-reciprocal:ratpoly_1d
[Stage B]  Skipping reciprocal-coordinate alias ratpoly_1d[2]: closed-under-reciprocal:ratpoly_1d
[Stage B]  Skipping reciprocal-coordinate alias ratpoly_1d[3]: closed-under-reciprocal:ratpoly_1d
[Stage B]  Skipping reciprocal-coordinate alias ratpoly_1d[4]: closed-under-reciprocal:ratpoly_1d
[Stage B]  Skipping reciprocal-coordinate alias ratpoly_1d[5]: closed-under-reciprocal:ratpoly_1d
[Stage B]  Skipping reciprocal-coordinate alias ratpoly_1d[6]: closed-under-reciprocal:ratpoly_1d
[Stage B]  Skipping reciprocal-coordinate alias ratpoly_1d[7]: closed-under-reciprocal:ratpoly_1d
[Stage B]  Skipping reciprocal-coordinate alias ratpoly_1d[8]: closed-under-reciprocal:ratpoly_1d
[Stage B]  Skipping reciprocal-coordinate alias ratpoly_1d[9]: closed-under-reciprocal:ratpoly_1d
[Stage B]  Skipping reciprocal-coordinate alias ratpoly_1d[10]: closed-under-reciprocal:ratpoly_1d
[Stage B]  Skipping reciprocal-coordinate alias exp_rat: closed-under-reciprocal:exp_rat
[Stage B] RuleUniNN proposing 96 candidates for NN vars=(1, 2): ['monomial_deg1', 'monomial_deg1[z_inv]', 'monomial_deg2', 'monomial_deg2[z_inv]', 'monomial_deg3', 'monomial_deg3[z_inv]', 'poly', 'poly[z_inv]', 'expm1', 'symexp_denom_1d', 'polylog', 'logshifted', 'logshifted[z_inv]', 'inv_poly', 'inv_poly[z_inv]', 'inv_poly[1]', 'inv_poly[1][z_inv]', 'sqrt_poly', 'sqrt_poly[z_inv]', 'cf_combo', 'cf_combo[z_inv]', 'cf_combo[z_inv]', 'cf_combo[z_inv]', 'cf_combo[z_inv]', 'cf_combo[z_inv]', 'cf_combo[z_inv]', 'cf_combo', 'cf_combo', 'cf_combo', 'cf_sharedpref_resid', 'cf_sharedpref_resid[z_inv]', 'cf_sharedpref_resid[z_inv]', 'cf_sharedpref_resid[z_inv]', 'cf_sharedpref_resid[z_inv]', 'cf_sharedpref_resid', 'cf_sharedpref_resid', 'cf_sharedpref_resid', 'cf_combo', 'cf_combo', 'sqrt_ratpoly_1d', 'sqrt_ratpoly_1d[1]', 'sqrt_ratpoly_1d[2]', 'sqrt_ratpoly_1d[3]', 'sqrt_ratpoly_1d[4]', 'sqrt_ratpoly_1d[5]', 'sqrt_ratpoly_1d[6]', 'sqrt_ratpoly_1d[7]', 'sqrt_ratpoly_1d[8]', 'sqrt_ratpoly_1d[9]', 'sqrt_ratpoly_1d[10]', 'sqrt_ratpoly_1d[11]', 'sqrt_ratpoly_1d[12]', 'sqrt_ratpoly_1d[13]', 'sqrt_ratpoly_1d[14]', 'sqrt_ratpoly_1d[15]', 'sqrt_ratpoly_1d[16]', 'sqrt_ratpoly_1d[17]', 'sqrt_ratpoly_1d[18]', 'sqrt_ratpoly_1d[19]', 'sqrt_ratpoly_1d[20]', 'ratpoly_1d', 'ratpoly_1d[1]', 'ratpoly_1d[2]', 'ratpoly_1d[3]', 'ratpoly_1d[4]', 'ratpoly_1d[5]', 'ratpoly_1d[6]', 'ratpoly_1d[7]', 'ratpoly_1d[8]', 'ratpoly_1d[9]', 'exp', 'exp[z_inv]', 'exp_rat', 'tanh', 'tanh[z_inv]', 'trig', 'trig[z_inv]', 'trig[z_inv]', 'trig[z_inv]', 'trig[z_inv]', 'trig[z_inv]', 'trig', 'trig', 'trig', 'trig', 'sinc_p2', 'sinc_p2[z_inv]', 'affine_trig', 'affine_trig[z_inv]', 'leaftr_square_poly3', 'leaftr_square_poly3[z_inv]', 'leaftr_recip_poly3', 'leaftr_recip_poly3[z_inv]', 'leaftr_recip_affine_trig', 'leaftr_recip_affine_trig[z_inv]', 'symexp_denom_1d_recip[z_inv]']
[Stage B]  Greedy order (96 cands): monomial_deg1(1999p), monomial_deg1[z_inv](1999p), monomial_deg2(1999p), monomial_deg2[z_inv](1999p), monomial_deg3(1999p), monomial_deg3[z_inv](1999p), poly(2000p), poly[z_inv](2000p), expm1(2001p), symexp_denom_1d(2004p), polylog(2000p), logshifted(2001p), logshifted[z_inv](2001p), inv_poly(2000p), inv_poly[z_inv](2000p), inv_poly[1](2001p), inv_poly[1][z_inv](2001p), sqrt_poly(2001p), sqrt_poly[z_inv](2001p), cf_combo(2001p), cf_combo[z_inv](2001p), cf_combo[z_inv](2000p), cf_combo[z_inv](2001p), cf_combo[z_inv](2000p), cf_combo[z_inv](2001p), cf_combo[z_inv](2000p), cf_combo(2000p), cf_combo(2001p), cf_combo(2000p), cf_sharedpref_resid(2001p), cf_sharedpref_resid[z_inv](2001p), cf_sharedpref_resid[z_inv](2001p), cf_sharedpref_resid[z_inv](2001p), cf_sharedpref_resid[z_inv](2001p), cf_sharedpref_resid(2001p), cf_sharedpref_resid(2001p), cf_sharedpref_resid(2001p), cf_combo(2001p), cf_combo(2000p), sqrt_ratpoly_1d(2002p), sqrt_ratpoly_1d[1](2003p), sqrt_ratpoly_1d[2](2003p), sqrt_ratpoly_1d[3](2003p), sqrt_ratpoly_1d[4](2003p), sqrt_ratpoly_1d[5](2003p), sqrt_ratpoly_1d[6](2003p), sqrt_ratpoly_1d[7](2004p), sqrt_ratpoly_1d[8](2004p), sqrt_ratpoly_1d[9](2005p), sqrt_ratpoly_1d[10](2006p), sqrt_ratpoly_1d[11](2002p), sqrt_ratpoly_1d[12](2002p), sqrt_ratpoly_1d[13](2002p), sqrt_ratpoly_1d[14](2003p), sqrt_ratpoly_1d[15](2003p), sqrt_ratpoly_1d[16](2004p), sqrt_ratpoly_1d[17](2004p), sqrt_ratpoly_1d[18](2005p), sqrt_ratpoly_1d[19](2006p), sqrt_ratpoly_1d[20](2006p), ratpoly_1d(2001p), ratpoly_1d[1](2002p), ratpoly_1d[2](2002p), ratpoly_1d[3](2002p), ratpoly_1d[4](2002p), ratpoly_1d[5](2003p), ratpoly_1d[6](2003p), ratpoly_1d[7](2004p), ratpoly_1d[8](2004p), ratpoly_1d[9](2008p), exp(2001p), exp[z_inv](2001p), exp_rat(2004p), tanh(2001p), tanh[z_inv](2001p), trig(2001p), trig[z_inv](2001p), trig[z_inv](2001p), trig[z_inv](2001p), trig[z_inv](2001p), trig[z_inv](2001p), trig(2001p), trig(2001p), trig(2001p), trig(2001p), sinc_p2(2001p), sinc_p2[z_inv](2001p), affine_trig(2002p), affine_trig[z_inv](2002p), leaftr_square_poly3(2002p), leaftr_square_poly3[z_inv](2002p), leaftr_recip_poly3(2002p), leaftr_recip_poly3[z_inv](2002p), leaftr_recip_affine_trig(2002p), leaftr_recip_affine_trig[z_inv](2002p), symexp_denom_1d_recip[z_inv](2004p)
[Stage B]  Trying 1D monomial (c·x^1) rewrite on NN leaf vars (1, 2)
[Stage B] Initialising PolyLeaf for vars (1, 2), tag=leaf1
[info] dataloader for provider ASTCompositeAdaptor yields 3 batches (equivalent to a single batch up to floating-point roundoff; minor Python-loop overhead per batch).
Validation patience exceeded at epoch 601/2000, nval_worse=500
[Stage B]    Candidate (monomial_deg1): params=769, val-loss=2.2422e-03
[Stage B]    Reject (monomial_deg1): simpler-over-budget(thr=5.374e-10) | loss 2.650e-10->2.242e-03 (Δ+2.24e-03) | params 1152->769 | cx (0, 0, 0)->(0, 0, 0)
[Stage B]  Trying 1D monomial (c·x^1) rewrite on NN leaf vars (1, 2) [coord=1/z]
[Stage B] Initialising PolyLeaf for vars (1, 2), tag=leaf1
[info] dataloader for provider ASTCompositeAdaptor yields 3 batches (equivalent to a single batch up to floating-point roundoff; minor Python-loop overhead per batch).
Validation patience exceeded at epoch 1101/2000, nval_worse=500
[Stage B]    Candidate (monomial_deg1[z_inv]): params=769, val-loss=4.9419e-04
[Stage B]    Reject (monomial_deg1[z_inv]): simpler-over-budget(thr=5.374e-10) | loss 2.650e-10->4.942e-04 (Δ+4.94e-04) | params 1152->769 | cx (0, 0, 0)->(0, 0, 0)
[Stage B]  Trying 1D monomial (c·x^2) rewrite on NN leaf vars (1, 2)
[Stage B] Initialising PolyLeaf for vars (1, 2), tag=leaf1
[info] dataloader for provider ASTCompositeAdaptor yields 3 batches (equivalent to a single batch up to floating-point roundoff; minor Python-loop overhead per batch).
[Stage B]    Candidate (monomial_deg2): params=769, val-loss=7.0352e-03
[Stage B]    Reject (monomial_deg2): simpler-over-budget(thr=5.374e-10) | loss 2.650e-10->7.035e-03 (Δ+7.04e-03) | params 1152->769 | cx (0, 0, 0)->(0, 0, 0)
[Stage B]  Trying 1D monomial (c·x^2) rewrite on NN leaf vars (1, 2) [coord=1/z]
[Stage B] Initialising PolyLeaf for vars (1, 2), tag=leaf1
[info] dataloader for provider ASTCompositeAdaptor yields 3 batches (equivalent to a single batch up to floating-point roundoff; minor Python-loop overhead per batch).
Validation patience exceeded at epoch 801/2000, nval_worse=500
[Stage B]    Candidate (monomial_deg2[z_inv]): params=769, val-loss=2.4178e-03
[Stage B]    Reject (monomial_deg2[z_inv]): simpler-over-budget(thr=5.374e-10) | loss 2.650e-10->2.418e-03 (Δ+2.42e-03) | params 1152->769 | cx (0, 0, 0)->(0, 0, 0)
[Stage B]  Trying 1D monomial (c·x^3) rewrite on NN leaf vars (1, 2)
[Stage B] Initialising PolyLeaf for vars (1, 2), tag=leaf1
[info] dataloader for provider ASTCompositeAdaptor yields 3 batches (equivalent to a single batch up to floating-point roundoff; minor Python-loop overhead per batch).
Validation patience exceeded at epoch 601/2000, nval_worse=500
[Stage B]    Candidate (monomial_deg3): params=769, val-loss=1.4500e-02
[Stage B]    Reject (monomial_deg3): simpler-over-budget(thr=5.374e-10) | loss 2.650e-10->1.450e-02 (Δ+1.45e-02) | params 1152->769 | cx (0, 0, 0)->(0, 0, 0)
[Stage B]  Trying 1D monomial (c·x^3) rewrite on NN leaf vars (1, 2) [coord=1/z]
[Stage B] Initialising PolyLeaf for vars (1, 2), tag=leaf1
[info] dataloader for provider ASTCompositeAdaptor yields 3 batches (equivalent to a single batch up to floating-point roundoff; minor Python-loop overhead per batch).
Validation patience exceeded at epoch 701/2000, nval_worse=500
[Stage B]    Candidate (monomial_deg3[z_inv]): params=769, val-loss=4.9310e-03
[Stage B]    Reject (monomial_deg3[z_inv]): simpler-over-budget(thr=5.374e-10) | loss 2.650e-10->4.931e-03 (Δ+4.93e-03) | params 1152->769 | cx (0, 0, 0)->(0, 0, 0)
[Stage B]  Trying 1D poly rewrite on NN leaf vars (1, 2), degree=1
[Stage B] Initialising PolyLeaf for vars (1, 2), tag=leaf1
[info] dataloader for provider ASTCompositeAdaptor yields 3 batches (equivalent to a single batch up to floating-point roundoff; minor Python-loop overhead per batch).
[LM][bucket] solving P=770 (trivially separable union)
[Stage B]    Candidate (poly): params=770, val-loss=6.6174e-06
[Stage B]    Reject (poly): simpler-over-budget(thr=5.372e-10) | loss 2.650e-10->6.617e-06 (Δ+6.62e-06) | params 1152->770 | cx (0, 0, 0)->(0, 0, 0)
[Stage B]  Trying 1D poly rewrite on NN leaf vars (1, 2), degree=1 [coord=1/z]
[Stage B] Initialising PolyLeaf for vars (1, 2), tag=leaf1
[info] dataloader for provider ASTCompositeAdaptor yields 3 batches (equivalent to a single batch up to floating-point roundoff; minor Python-loop overhead per batch).
[Stage B]    Candidate (poly[z_inv]): params=770, val-loss=3.3979e-05
[Stage B]    Reject (poly[z_inv]): simpler-over-budget(thr=5.372e-10) | loss 2.650e-10->3.398e-05 (Δ+3.40e-05) | params 1152->770 | cx (0, 0, 0)->(0, 0, 0)
[Stage B]  Trying 1D Expm1 rewrite on NN leaf vars (1, 2)
[Stage B custom_init Expm1] compound vars=(1, 2), a≈0.0294, logA≈5.83
[Stage B] Post-custom-init validation (attempt 0), batch 0, finite: 2000/2000, min: -2.431e+06, max: 5.680e+07, mean: 2.765e+06
[Stage B] Post-custom-init validation (attempt 0), batch 1, finite: 2000/2000, min: -2.181e+06, max: 6.095e+07, mean: 2.924e+06
[Stage B] Post-custom-init validation (attempt 0), batch 2, finite: 2000/2000, min: -1.112e+06, max: 5.707e+07, mean: 2.201e+06
[Stage B] Prediction scale check (attempt 0): pred_median=1.005e+06, true_median=9.826e-02, ratio=1.023e+07
[Stage B] Warning: init scale_ratio extreme; rejecting candidate.
[Stage B]    Candidate (expm1) rejected at init (non-finite loss); trying next.
[Stage B]  Trying 1D symexp_denom_1d rewrite (scale/(exp(r)+exp(-r))) on NN leaf vars (1, 2)
[Stage B custom_init symexp_denom_1d] compound vars=(1, 2), scale≈-742, r±(z)≈-0.144*z
[Stage B] Post-custom-init validation (attempt 0), batch 0, finite: 2000/2000, min: -2.059e+09, max: 7.943e+07, mean: -9.840e+07
[Stage B] Post-custom-init validation (attempt 0), batch 1, finite: 2000/2000, min: -2.300e+09, max: 6.844e+07, mean: -1.037e+08
[Stage B] Post-custom-init validation (attempt 0), batch 2, finite: 2000/2000, min: -1.879e+09, max: 4.827e+07, mean: -9.607e+07
[Stage B] Prediction scale check (attempt 0): pred_median=3.908e+07, true_median=9.826e-02, ratio=3.977e+08
[Stage B] Warning: init scale_ratio extreme; rejecting candidate.
[Stage B]    Candidate (symexp_denom_1d) rejected at init (non-finite loss); trying next.
[Stage B]  Trying 1D polylog rewrite on NN leaf vars (1, 2), degree=1
[info] dataloader for provider ASTCompositeAdaptor yields 3 batches (equivalent to a single batch up to floating-point roundoff; minor Python-loop overhead per batch).
[Stage B]    Candidate (polylog): params=770, val-loss=4.0506e-06
[Stage B]    Reject (polylog): simpler-over-budget(thr=5.372e-10) | loss 2.650e-10->4.051e-06 (Δ+4.05e-06) | params 1152->770 | cx (0, 0, 0)->(0, 0, 0)
[Stage B]  Trying 1D shifted-log rewrite on NN leaf vars (1, 2)
[info] dataloader for provider ASTCompositeAdaptor yields 3 batches (equivalent to a single batch up to floating-point roundoff; minor Python-loop overhead per batch).
[LM][bucket] solving P=771 (trivially separable union)
Validation patience exceeded at epoch 701/2000, nval_worse=500
[Stage B]    Candidate (logshifted): params=771, val-loss=1.1705e-04
[Stage B]    Reject (logshifted): simpler-over-budget(thr=5.370e-10) | loss 2.650e-10->1.171e-04 (Δ+1.17e-04) | params 1152->771 | cx (0, 0, 0)->(0, 0, 0)
[Stage B]  Trying 1D shifted-log rewrite on NN leaf vars (1, 2) [coord=1/z]
[info] dataloader for provider ASTCompositeAdaptor yields 3 batches (equivalent to a single batch up to floating-point roundoff; minor Python-loop overhead per batch).
[Stage B]    Candidate (logshifted[z_inv]): params=771, val-loss=2.5309e-06
[Stage B]    Reject (logshifted[z_inv]): simpler-over-budget(thr=5.370e-10) | loss 2.650e-10->2.531e-06 (Δ+2.53e-06) | params 1152->771 | cx (0, 0, 0)->(0, 0, 0)
[Stage B]  Trying inv_poly degree=1 (1/P(x)) rewrite on NN leaf vars (1, 2)
[Stage B custom_init inv-poly] Init on vars (1, 2): degree=1, rel_rms≈4.45e-05
[Stage B] Post-custom-init validation (attempt 0), batch 0, finite: 2000/2000, min: -1.967e+09, max: 7.648e+07, mean: -9.434e+07
[Stage B] Post-custom-init validation (attempt 0), batch 1, finite: 2000/2000, min: -2.196e+09, max: 6.605e+07, mean: -9.940e+07
[Stage B] Post-custom-init validation (attempt 0), batch 2, finite: 2000/2000, min: -1.809e+09, max: 4.586e+07, mean: -9.132e+07
[Stage B] Prediction scale check (attempt 0): pred_median=3.737e+07, true_median=9.826e-02, ratio=3.803e+08
[Stage B] Warning: init scale_ratio extreme; rejecting candidate.
[Stage B]    Candidate (inv_poly) rejected at init (non-finite loss); trying next.
[Stage B]  Trying inv_poly degree=1 (1/P(x)) rewrite on NN leaf vars (1, 2) [coord=1/z]
[Stage B custom_init inv-poly] Init on vars (1, 2): degree=1, rel_rms≈3.81e-04
[Stage B] Post-custom-init validation (attempt 0), batch 0, finite: 2000/2000, min: -1.968e+09, max: 7.646e+07, mean: -9.434e+07
[Stage B] Post-custom-init validation (attempt 0), batch 1, finite: 2000/2000, min: -2.197e+09, max: 6.600e+07, mean: -9.940e+07
[Stage B] Post-custom-init validation (attempt 0), batch 2, finite: 2000/2000, min: -1.808e+09, max: 4.585e+07, mean: -9.129e+07
[Stage B] Prediction scale check (attempt 0): pred_median=3.736e+07, true_median=9.826e-02, ratio=3.803e+08
[Stage B] Warning: init scale_ratio extreme; rejecting candidate.
[Stage B]    Candidate (inv_poly[z_inv]) rejected at init (non-finite loss); trying next.
[Stage B]  Trying inv_poly degree=2 (1/P(x)) rewrite on NN leaf vars (1, 2)
[Stage B custom_init inv-poly] Init on vars (1, 2): degree=2, rel_rms≈1.07e-07
[Stage B] Post-custom-init validation (attempt 0), batch 0, finite: 2000/2000, min: -1.967e+09, max: 7.649e+07, mean: -9.434e+07
[Stage B] Post-custom-init validation (attempt 0), batch 1, finite: 2000/2000, min: -2.196e+09, max: 6.605e+07, mean: -9.940e+07
[Stage B] Post-custom-init validation (attempt 0), batch 2, finite: 2000/2000, min: -1.809e+09, max: 4.586e+07, mean: -9.132e+07
[Stage B] Prediction scale check (attempt 0): pred_median=3.737e+07, true_median=9.826e-02, ratio=3.803e+08
[Stage B] Warning: init scale_ratio extreme; rejecting candidate.
[Stage B]    Candidate (inv_poly[1]) rejected at init (non-finite loss); trying next.
[Stage B]  Trying inv_poly degree=2 (1/P(x)) rewrite on NN leaf vars (1, 2) [coord=1/z]
[Stage B custom_init inv-poly] Init on vars (1, 2): degree=2, rel_rms≈4.09e-05
[Stage B] Post-custom-init validation (attempt 0), batch 0, finite: 2000/2000, min: -1.967e+09, max: 7.649e+07, mean: -9.434e+07
[Stage B] Post-custom-init validation (attempt 0), batch 1, finite: 2000/2000, min: -2.196e+09, max: 6.605e+07, mean: -9.940e+07
[Stage B] Post-custom-init validation (attempt 0), batch 2, finite: 2000/2000, min: -1.809e+09, max: 4.586e+07, mean: -9.132e+07
[Stage B] Prediction scale check (attempt 0): pred_median=3.737e+07, true_median=9.826e-02, ratio=3.803e+08
[Stage B] Warning: init scale_ratio extreme; rejecting candidate.
[Stage B]    Candidate (inv_poly[1][z_inv]) rejected at init (non-finite loss); trying next.
[Stage B]  Trying sqrt/invsqrt(poly) rewrite on NN leaf vars (1, 2), degree=2
[Stage B] Post-custom-init validation (attempt 0), batch 0, finite: 2000/2000, min: -7.649e+07, max: 1.967e+09, mean: 9.434e+07
[Stage B] Post-custom-init validation (attempt 0), batch 1, finite: 2000/2000, min: -6.605e+07, max: 2.196e+09, mean: 9.940e+07
[Stage B] Post-custom-init validation (attempt 0), batch 2, finite: 2000/2000, min: -4.586e+07, max: 1.809e+09, mean: 9.132e+07
[Stage B] Prediction scale check (attempt 0): pred_median=3.737e+07, true_median=9.826e-02, ratio=3.803e+08
[Stage B] Warning: init scale_ratio extreme; rejecting candidate.
[Stage B]    Candidate (sqrt_poly) rejected at init (non-finite loss); trying next.
[Stage B]  Trying sqrt/invsqrt(poly) rewrite on NN leaf vars (1, 2), degree=2 [coord=1/z]
[Stage B] Post-custom-init validation (attempt 0), batch 0, finite: 2000/2000, min: -7.649e+07, max: 1.967e+09, mean: 9.434e+07
[Stage B] Post-custom-init validation (attempt 0), batch 1, finite: 2000/2000, min: -6.605e+07, max: 2.196e+09, mean: 9.940e+07
[Stage B] Post-custom-init validation (attempt 0), batch 2, finite: 2000/2000, min: -4.586e+07, max: 1.809e+09, mean: 9.132e+07
[Stage B] Prediction scale check (attempt 0): pred_median=3.737e+07, true_median=9.826e-02, ratio=3.803e+08
[Stage B] Warning: init scale_ratio extreme; rejecting candidate.
[Stage B]    Candidate (sqrt_poly[z_inv]) rejected at init (non-finite loss); trying next.
[Stage B]  Trying 1D compound macro tier-3 linear combo on NN leaf vars [1, 2], terms=['sqrt1p *(arg0)', 'inv_sin_half_sq *(inv1p(arg0))'], screen_r2=1.000, ok_frac=1.000
[info] dataloader for provider ASTCompositeAdaptor yields 3 batches (equivalent to a single batch up to floating-point roundoff; minor Python-loop overhead per batch).
[Stage B]    Candidate (cf_combo): params=771, val-loss=7.9195e-06
[Stage B]    Reject (cf_combo): simpler-over-budget(thr=5.370e-10) | loss 2.650e-10->7.919e-06 (Δ+7.92e-06) | params 1152->771 | cx (0, 0, 0)->(0, 0, 0)
[Stage B]  Trying 1D compound macro tier-3 linear combo on NN leaf vars [1, 2], terms=['sqrt1p *(arg0)', 'inv1p *(inv_sin_half_sq(1/arg0))'], screen_r2=1.000, ok_frac=1.000 [coord=1/z]
[info] dataloader for provider ASTCompositeAdaptor yields 3 batches (equivalent to a single batch up to floating-point roundoff; minor Python-loop overhead per batch).
[Stage B]    Candidate (cf_combo[z_inv]): params=771, val-loss=1.7180e-06
[Stage B]    Reject (cf_combo[z_inv]): simpler-over-budget(thr=5.370e-10) | loss 2.650e-10->1.718e-06 (Δ+1.72e-06) | params 1152->771 | cx (0, 0, 0)->(0, 0, 0)
[Stage B]  Skipping cf_combo[z_inv] (previously rejected on same target)
[Stage B]  Skipping cf_combo[z_inv] (previously rejected on same target)
[Stage B]  Skipping cf_combo[z_inv] (previously rejected on same target)
[Stage B]  Skipping cf_combo[z_inv] (previously rejected on same target)
[Stage B]  Skipping cf_combo[z_inv] (previously rejected on same target)
[Stage B]  Skipping cf_combo (previously rejected on same target)
[Stage B]  Skipping cf_combo (previously rejected on same target)
[Stage B]  Skipping cf_combo (previously rejected on same target)
[Stage B]  Trying 1D compound macro shared-prefactor+residual macro on NN leaf vars [1, 2], pref=arg0^2, macro=inv1p(arg0^2), screen_r2=1.000, ok_frac=1.000
[info] dataloader for provider ASTCompositeAdaptor yields 3 batches (equivalent to a single batch up to floating-point roundoff; minor Python-loop overhead per batch).
[Stage B]    Candidate (cf_sharedpref_resid): params=771, val-loss=7.6106e-06
[Stage B]    Reject (cf_sharedpref_resid): simpler-over-budget(thr=5.370e-10) | loss 2.650e-10->7.611e-06 (Δ+7.61e-06) | params 1152->771 | cx (0, 0, 0)->(0, 0, 0)
[Stage B]  Trying 1D compound macro shared-prefactor+residual macro on NN leaf vars [1, 2], pref=arg0, macro=hypot(arg0,1/arg0), screen_r2=1.000, ok_frac=1.000 [coord=1/z]
[info] dataloader for provider ASTCompositeAdaptor yields 3 batches (equivalent to a single batch up to floating-point roundoff; minor Python-loop overhead per batch).
[Stage B]    Candidate (cf_sharedpref_resid[z_inv]): params=771, val-loss=6.0186e-07
[Stage B]    Reject (cf_sharedpref_resid[z_inv]): simpler-over-budget(thr=5.370e-10) | loss 2.650e-10->6.019e-07 (Δ+6.02e-07) | params 1152->771 | cx (0, 0, 0)->(0, 0, 0)
[Stage B]  Skipping cf_sharedpref_resid[z_inv] (previously rejected on same target)
[Stage B]  Skipping cf_sharedpref_resid[z_inv] (previously rejected on same target)
[Stage B]  Skipping cf_sharedpref_resid[z_inv] (previously rejected on same target)
[Stage B]  Skipping cf_sharedpref_resid (previously rejected on same target)
[Stage B]  Skipping cf_sharedpref_resid (previously rejected on same target)
[Stage B]  Skipping cf_sharedpref_resid (previously rejected on same target)
[Stage B]  Skipping cf_combo (previously rejected on same target)
[Stage B]  Skipping cf_combo (previously rejected on same target)
[Stage B]  Precheck reject (duplicate-signature) rule=univariate_nn cand=sqrt_ratpoly_1d target=nn#leaf1 vars=(1, 2) sig=(960898949, 1, 1, -1, 3, 1, 1, 1) attempted=37
[Stage B]  Precheck reject (duplicate-signature) rule=univariate_nn cand=sqrt_ratpoly_1d[1] target=nn#leaf1 vars=(1, 2) sig=(960898949, 1, 1, -1, 4, 1, 1, 1, 1) attempted=37
[Stage B]  Precheck reject (duplicate-signature) rule=univariate_nn cand=sqrt_ratpoly_1d[2] target=nn#leaf1 vars=(1, 2) sig=(960898949, 2, 1, 1, -1, 3, 1, 1, 1) attempted=37
[Stage B]  Precheck reject (duplicate-signature) rule=univariate_nn cand=sqrt_ratpoly_1d[3] target=nn#leaf1 vars=(1, 2) sig=(960898949, 4, 0, 1, 1, 1, -1, 2, 1, 1) attempted=37
[Stage B]  Trying 1D sqrt-ratpoly (sqrt) deg=(2,3)->(2,3) nnz=(2,3) on NN leaf vars (1, 2)
[Stage B custom_init ratpoly_1d] Init on vars (1, 2): deg=(2,3)->(2,3), nnz=(2,3), rel_rms≈1.45e-04
[Stage B] Post-custom-init validation (attempt 0), batch 0, finite: 2000/2000, min: -7.649e+07, max: 1.967e+09, mean: 9.434e+07
[Stage B] Post-custom-init validation (attempt 0), batch 1, finite: 2000/2000, min: -6.605e+07, max: 2.196e+09, mean: 9.940e+07
[Stage B] Post-custom-init validation (attempt 0), batch 2, finite: 2000/2000, min: -4.586e+07, max: 1.809e+09, mean: 9.132e+07
[Stage B] Prediction scale check (attempt 0): pred_median=3.737e+07, true_median=9.826e-02, ratio=3.803e+08
[Stage B] Warning: init scale_ratio extreme; rejecting candidate.
[Stage B]    Candidate (sqrt_ratpoly_1d[4]) rejected at init (non-finite loss); trying next.
[Stage B]  Trying 1D sqrt-ratpoly (sqrt) deg=(3,3)->(2,3) nnz=(1,4) on NN leaf vars (1, 2)
[Stage B custom_init ratpoly_1d] Init on vars (1, 2): deg=(3,3)->(2,3), nnz=(1,4), rel_rms≈1.49e-04
[Stage B] Post-custom-init validation (attempt 0), batch 0, finite: 2000/2000, min: -7.649e+07, max: 1.967e+09, mean: 9.434e+07
[Stage B] Post-custom-init validation (attempt 0), batch 1, finite: 2000/2000, min: -6.605e+07, max: 2.196e+09, mean: 9.940e+07
[Stage B] Post-custom-init validation (attempt 0), batch 2, finite: 2000/2000, min: -4.586e+07, max: 1.809e+09, mean: 9.132e+07
[Stage B] Prediction scale check (attempt 0): pred_median=3.737e+07, true_median=9.826e-02, ratio=3.803e+08
[Stage B] Warning: init scale_ratio extreme; rejecting candidate.
[Stage B]    Candidate (sqrt_ratpoly_1d[5]) rejected at init (non-finite loss); trying next.
[Stage B]  Trying 1D sqrt-ratpoly (sqrt) deg=(3,4)->(3,4) nnz=(1,4) on NN leaf vars (1, 2)
[Stage B custom_init ratpoly_1d] Init on vars (1, 2): deg=(3,4)->(3,4), nnz=(1,4), rel_rms≈2.14e-04
[Stage B] Post-custom-init validation (attempt 0), batch 0, finite: 2000/2000, min: -7.649e+07, max: 1.967e+09, mean: 9.434e+07
[Stage B] Post-custom-init validation (attempt 0), batch 1, finite: 2000/2000, min: -6.605e+07, max: 2.196e+09, mean: 9.940e+07
[Stage B] Post-custom-init validation (attempt 0), batch 2, finite: 2000/2000, min: -4.586e+07, max: 1.809e+09, mean: 9.132e+07
[Stage B] Prediction scale check (attempt 0): pred_median=3.737e+07, true_median=9.826e-02, ratio=3.803e+08
[Stage B] Warning: init scale_ratio extreme; rejecting candidate.
[Stage B]    Candidate (sqrt_ratpoly_1d[6]) rejected at init (non-finite loss); trying next.
[Stage B]  Precheck reject (duplicate-signature) rule=univariate_nn cand=sqrt_ratpoly_1d[7] target=nn#leaf1 vars=(1, 2) sig=(960898949, 1, 1, -1, 5, 1, 1, 1, 1, 1) attempted=40
[Stage B]  Precheck reject (duplicate-signature) rule=univariate_nn cand=sqrt_ratpoly_1d[8] target=nn#leaf1 vars=(1, 2) sig=(960898949, 4, 1, 1, 1, 1, -1, 2, 1, 1) attempted=40
[Stage B]  Precheck reject (duplicate-signature) rule=univariate_nn cand=sqrt_ratpoly_1d[9] target=nn#leaf1 vars=(1, 2) sig=(960898949, 2, 1, 1, -1, 5, 1, 1, 1, 1, 1) attempted=40
[Stage B]  Trying 1D sqrt-ratpoly (sqrt) deg=(2,4)->(2,4) nnz=(3,5) on NN leaf vars (1, 2)
[Stage B custom_init ratpoly_1d] Init on vars (1, 2): deg=(2,4)->(2,4), nnz=(3,5), rel_rms≈8.29e-08
[Stage B] Post-custom-init validation (attempt 0), batch 0, finite: 2000/2000, min: -7.649e+07, max: 1.967e+09, mean: 9.434e+07
[Stage B] Post-custom-init validation (attempt 0), batch 1, finite: 2000/2000, min: -6.605e+07, max: 2.196e+09, mean: 9.940e+07
[Stage B] Post-custom-init validation (attempt 0), batch 2, finite: 2000/2000, min: -4.586e+07, max: 1.809e+09, mean: 9.132e+07
[Stage B] Prediction scale check (attempt 0): pred_median=3.737e+07, true_median=9.826e-02, ratio=3.803e+08
[Stage B] Warning: init scale_ratio extreme; rejecting candidate.
[Stage B]    Candidate (sqrt_ratpoly_1d[10]) rejected at init (non-finite loss); trying next.
[Stage B]  Precheck reject (duplicate-signature) rule=univariate_nn cand=sqrt_ratpoly_1d[11] target=nn#leaf1 vars=(1, 2) sig=(960898949, 1, 1, -1, 3, 1, 1, 1) attempted=41
[Stage B]  Precheck reject (duplicate-signature) rule=univariate_nn cand=sqrt_ratpoly_1d[12] target=nn#leaf1 vars=(1, 2) sig=(960898949, 2, 1, 1, -1, 2, 1, 1) attempted=41
[Stage B]  Precheck reject (duplicate-signature) rule=univariate_nn cand=sqrt_ratpoly_1d[13] target=nn#leaf1 vars=(1, 2) sig=(960898949, 3, 1, 1, 1, -1, 1, 1) attempted=41
[Stage B]  Precheck reject (duplicate-signature) rule=univariate_nn cand=sqrt_ratpoly_1d[14] target=nn#leaf1 vars=(1, 2) sig=(960898949, 1, 1, -1, 4, 1, 1, 1, 1) attempted=41
[Stage B]  Precheck reject (duplicate-signature) rule=univariate_nn cand=sqrt_ratpoly_1d[15] target=nn#leaf1 vars=(1, 2) sig=(960898949, 2, 1, 1, -1, 3, 1, 1, 1) attempted=41
[Stage B]  Precheck reject (duplicate-signature) rule=univariate_nn cand=sqrt_ratpoly_1d[16] target=nn#leaf1 vars=(1, 2) sig=(960898949, 1, 1, -1, 5, 1, 1, 1, 1, 1) attempted=41
[Stage B]  Trying 1D sqrt-ratpoly (inv_sqrt) deg=(1,3)->(1,3) nnz=(2,4) on NN leaf vars (1, 2)
[Stage B custom_init ratpoly_1d] Init on vars (1, 2): deg=(1,3)->(1,3), nnz=(2,4), rel_rms≈3.69e-06
[Stage B] Post-custom-init validation (attempt 0), batch 0, finite: 2000/2000, min: -7.649e+07, max: 1.967e+09, mean: 9.434e+07
[Stage B] Post-custom-init validation (attempt 0), batch 1, finite: 2000/2000, min: -6.605e+07, max: 2.196e+09, mean: 9.940e+07
[Stage B] Post-custom-init validation (attempt 0), batch 2, finite: 2000/2000, min: -4.586e+07, max: 1.809e+09, mean: 9.132e+07
[Stage B] Prediction scale check (attempt 0): pred_median=3.737e+07, true_median=9.826e-02, ratio=3.803e+08
[Stage B] Warning: init scale_ratio extreme; rejecting candidate.
[Stage B]    Candidate (sqrt_ratpoly_1d[17]) rejected at init (non-finite loss); trying next.
[Stage B]  Precheck reject (duplicate-signature) rule=univariate_nn cand=sqrt_ratpoly_1d[18] target=nn#leaf1 vars=(1, 2) sig=(960898949, 2, 1, 1, -1, 5, 1, 1, 1, 1, 1) attempted=42
[Stage B]  Precheck reject (duplicate-signature) rule=univariate_nn cand=sqrt_ratpoly_1d[19] target=nn#leaf1 vars=(1, 2) sig=(960898949, 3, 1, 1, 1, -1, 5, 1, 1, 1, 1, 1) attempted=42
[Stage B]  Trying 1D sqrt-ratpoly (inv_sqrt) deg=(3,3)->(3,3) nnz=(4,4) on NN leaf vars (1, 2)
[Stage B custom_init ratpoly_1d] Init on vars (1, 2): deg=(3,3)->(3,3), nnz=(4,4), rel_rms≈2.09e-08
[Stage B] Post-custom-init validation (attempt 0), batch 0, finite: 2000/2000, min: -7.649e+07, max: 1.967e+09, mean: 9.434e+07
[Stage B] Post-custom-init validation (attempt 0), batch 1, finite: 2000/2000, min: -6.605e+07, max: 2.196e+09, mean: 9.940e+07
[Stage B] Post-custom-init validation (attempt 0), batch 2, finite: 2000/2000, min: -4.586e+07, max: 1.809e+09, mean: 9.132e+07
[Stage B] Prediction scale check (attempt 0): pred_median=3.737e+07, true_median=9.826e-02, ratio=3.803e+08
[Stage B] Warning: init scale_ratio extreme; rejecting candidate.
[Stage B]    Candidate (sqrt_ratpoly_1d[20]) rejected at init (non-finite loss); trying next.
[Stage B]  Trying 1D ratpoly deg=(0,1)->(0,1) nnz=(1,2) (scale*P_red(x)/Q(x)) rewrite on NN leaf vars (1, 2)
[Stage B custom_init ratpoly_1d] Init on vars (1, 2): deg=(0,1)->(0,1), nnz=(1,2), rel_rms≈1.58e-02
[Stage B] Post-custom-init validation (attempt 0), batch 0, finite: 2000/2000, min: -1.967e+09, max: 7.648e+07, mean: -9.434e+07
[Stage B] Post-custom-init validation (attempt 0), batch 1, finite: 2000/2000, min: -2.196e+09, max: 6.605e+07, mean: -9.940e+07
[Stage B] Post-custom-init validation (attempt 0), batch 2, finite: 2000/2000, min: -1.809e+09, max: 4.586e+07, mean: -9.132e+07
[Stage B] Prediction scale check (attempt 0): pred_median=3.737e+07, true_median=9.826e-02, ratio=3.803e+08
[Stage B] Warning: init scale_ratio extreme; rejecting candidate.
[Stage B]    Candidate (ratpoly_1d) rejected at init (non-finite loss); trying next.
[Stage B]  Precheck reject (duplicate-signature) rule=univariate_nn cand=ratpoly_1d[1] target=nn#leaf1 vars=(1, 2) sig=(960898949, 1, 1, -1, 3, 1, 1, 1) attempted=44
[Stage B]  Precheck reject (duplicate-signature) rule=univariate_nn cand=ratpoly_1d[2] target=nn#leaf1 vars=(1, 2) sig=(960898949, 2, 1, 1, -1, 2, 1, 1) attempted=44
[Stage B]  Trying 1D ratpoly deg=(1,2)->(1,2) nnz=(2,2) (scale*P_red(x)/Q(x)) rewrite on NN leaf vars (1, 2)
[Stage B custom_init ratpoly_1d] Init on vars (1, 2): deg=(1,2)->(1,2), nnz=(2,2), rel_rms≈9.14e-06
[Stage B] Post-custom-init validation (attempt 0), batch 0, finite: 2000/2000, min: -1.967e+09, max: 7.649e+07, mean: -9.434e+07
[Stage B] Post-custom-init validation (attempt 0), batch 1, finite: 2000/2000, min: -2.196e+09, max: 6.605e+07, mean: -9.940e+07
[Stage B] Post-custom-init validation (attempt 0), batch 2, finite: 2000/2000, min: -1.809e+09, max: 4.586e+07, mean: -9.132e+07
[Stage B] Prediction scale check (attempt 0): pred_median=3.737e+07, true_median=9.826e-02, ratio=3.803e+08
[Stage B] Warning: init scale_ratio extreme; rejecting candidate.
[Stage B]    Candidate (ratpoly_1d[3]) rejected at init (non-finite loss); trying next.
[Stage B]  Precheck reject (duplicate-signature) rule=univariate_nn cand=ratpoly_1d[4] target=nn#leaf1 vars=(1, 2) sig=(960898949, 3, 1, 0, 1, -1, 2, 1, 1) attempted=45
[Stage B]  Precheck reject (duplicate-signature) rule=univariate_nn cand=ratpoly_1d[5] target=nn#leaf1 vars=(1, 2) sig=(960898949, 1, 1, -1, 4, 1, 1, 1, 1) attempted=45
[Stage B]  Precheck reject (duplicate-signature) rule=univariate_nn cand=ratpoly_1d[6] target=nn#leaf1 vars=(1, 2) sig=(960898949, 3, 0, 1, 1, -1, 4, 1, 0, 1, 1) attempted=45
[Stage B]  Precheck reject (duplicate-signature) rule=univariate_nn cand=ratpoly_1d[7] target=nn#leaf1 vars=(1, 2) sig=(960898949, 1, 1, -1, 5, 1, 1, 1, 1, 1) attempted=45
[Stage B]  Trying 1D ratpoly deg=(2,2)->(2,2) nnz=(3,3) (scale*P_red(x)/Q(x)) rewrite on NN leaf vars (1, 2)
[Stage B custom_init ratpoly_1d] Init on vars (1, 2): deg=(2,2)->(2,2), nnz=(3,3), rel_rms≈2.49e-05
[Stage B] Post-custom-init validation (attempt 0), batch 0, finite: 2000/2000, min: -1.967e+09, max: 7.649e+07, mean: -9.434e+07
[Stage B] Post-custom-init validation (attempt 0), batch 1, finite: 2000/2000, min: -2.196e+09, max: 6.605e+07, mean: -9.940e+07
[Stage B] Post-custom-init validation (attempt 0), batch 2, finite: 2000/2000, min: -1.809e+09, max: 4.586e+07, mean: -9.132e+07
[Stage B] Prediction scale check (attempt 0): pred_median=3.737e+07, true_median=9.826e-02, ratio=3.803e+08
[Stage B] Warning: init scale_ratio extreme; rejecting candidate.
[Stage B]    Candidate (ratpoly_1d[8]) rejected at init (non-finite loss); trying next.
[Stage B]  Precheck reject (duplicate-signature) rule=univariate_nn cand=ratpoly_1d[9] target=nn#leaf1 vars=(1, 2) sig=(960898949, 5, 1, 1, 1, 1, 1, -1, 5, 1, 1, 1, 1, 1) attempted=46
[Stage B]  Trying exp-poly rewrite on NN leaf vars (1, 2), degree=2
[Stage B] Initialising ExpPolyLeaf for vars (1, 2), tag=leaf1
[info] dataloader for provider ASTCompositeAdaptor yields 3 batches (equivalent to a single batch up to floating-point roundoff; minor Python-loop overhead per batch).
[Stage B]    Candidate (exp): params=771, val-loss=6.3044e-07
[Stage B]    Reject (exp): simpler-over-budget(thr=5.370e-10) | loss 2.650e-10->6.304e-07 (Δ+6.30e-07) | params 1152->771 | cx (0, 0, 0)->(0, 0, 0)
[Stage B]  Trying exp-poly rewrite on NN leaf vars (1, 2), degree=2 [coord=1/z]
[Stage B] Initialising ExpPolyLeaf for vars (1, 2), tag=leaf1
[info] dataloader for provider ASTCompositeAdaptor yields 3 batches (equivalent to a single batch up to floating-point roundoff; minor Python-loop overhead per batch).
[Stage B]    Candidate (exp[z_inv]): params=771, val-loss=4.3996e-07
[Stage B]    Reject (exp[z_inv]): simpler-over-budget(thr=5.370e-10) | loss 2.650e-10->4.400e-07 (Δ+4.40e-07) | params 1152->771 | cx (0, 0, 0)->(0, 0, 0)
[Stage B]  Trying exp-ratpoly rewrite on NN leaf vars (1, 2), degs=2/2
[Stage B] Initialising ExpRationalPolyLeaf for vars (1, 2), tag=leaf1
[info] dataloader for provider ASTCompositeAdaptor yields 3 batches (equivalent to a single batch up to floating-point roundoff; minor Python-loop overhead per batch).
[LM][bucket] solving P=774 (trivially separable union)
[Stage B]    Candidate (exp_rat): params=774, val-loss=4.5226e-07
[Stage B]    Reject (exp_rat): simpler-over-budget(thr=5.364e-10) | loss 2.650e-10->4.523e-07 (Δ+4.52e-07) | params 1152->774 | cx (0, 0, 0)->(0, 0, 0)
[Stage B]  Trying tanh rewrite on NN leaf vars (1, 2)
[Stage B] Initialising TanhLinearLeaf for vars (1, 2), tag=leaf1
[info] dataloader for provider ASTCompositeAdaptor yields 3 batches (equivalent to a single batch up to floating-point roundoff; minor Python-loop overhead per batch).
[LM][bucket] solving P=771 (trivially separable union)
[Stage B]    Candidate (tanh): params=771, val-loss=1.1543e-04
[Stage B]    Reject (tanh): simpler-over-budget(thr=5.370e-10) | loss 2.650e-10->1.154e-04 (Δ+1.15e-04) | params 1152->771 | cx (0, 0, 0)->(0, 0, 0)
[Stage B]  Trying tanh rewrite on NN leaf vars (1, 2) [coord=1/z]
[Stage B] Initialising TanhLinearLeaf for vars (1, 2), tag=leaf1
[info] dataloader for provider ASTCompositeAdaptor yields 3 batches (equivalent to a single batch up to floating-point roundoff; minor Python-loop overhead per batch).
Validation patience exceeded at epoch 1601/2000, nval_worse=500
[Stage B]    Candidate (tanh[z_inv]): params=771, val-loss=1.1740e-04
[Stage B]    Reject (tanh[z_inv]): simpler-over-budget(thr=5.370e-10) | loss 2.650e-10->1.174e-04 (Δ+1.17e-04) | params 1152->771 | cx (0, 0, 0)->(0, 0, 0)
[Stage B]  Trying trig on NN vars (1, 2), omega≈25.209, amp≈0.813
[Stage B] Initialising SinLinearLeaf for vars (1, 2), tag=leaf1
[Stage B] Post-custom-init validation (attempt 0), batch 0, finite: 2000/2000, min: -3.074e+06, max: 2.245e+06, mean: -5.536e+03
[Stage B] Post-custom-init validation (attempt 0), batch 1, finite: 2000/2000, min: -4.215e+06, max: 3.909e+06, mean: -1.708e+04
[Stage B] Post-custom-init validation (attempt 0), batch 2, finite: 2000/2000, min: -2.665e+06, max: 3.530e+06, mean: 2.745e+04
[Stage B] Prediction scale check (attempt 0): pred_median=4.086e+04, true_median=9.826e-02, ratio=4.158e+05
[Stage B] Warning: init scale_ratio extreme; rejecting candidate.
[Stage B]    Candidate (trig) rejected at init (non-finite loss); trying next.
[Stage B]  Trying trig on NN vars (1, 2), omega≈25.966, amp≈0.807 [coord=1/z]
[Stage B] Initialising SinLinearLeaf for vars (1, 2), tag=leaf1
[Stage B] Post-custom-init validation (attempt 0), batch 0, finite: 2000/2000, min: -3.746e+06, max: 4.121e+06, mean: -4.526e+03
[Stage B] Post-custom-init validation (attempt 0), batch 1, finite: 2000/2000, min: -4.989e+06, max: 4.045e+06, mean: 9.882e+03
[Stage B] Post-custom-init validation (attempt 0), batch 2, finite: 2000/2000, min: -2.354e+06, max: 3.042e+06, mean: 3.710e+04
[Stage B] Prediction scale check (attempt 0): pred_median=4.091e+04, true_median=9.826e-02, ratio=4.163e+05
[Stage B] Warning: init scale_ratio extreme; rejecting candidate.
[Stage B]    Candidate (trig[z_inv]) rejected at init (non-finite loss); trying next.
[Stage B]  Trying trig on NN vars (1, 2), omega≈4.000, amp≈0.807 [coord=1/z]
[Stage B] Initialising SinLinearLeaf for vars (1, 2), tag=leaf1
[Stage B] Post-custom-init validation (attempt 0), batch 0, finite: 2000/2000, min: -3.136e+06, max: 1.444e+05, mean: -1.241e+05
[Stage B] Post-custom-init validation (attempt 0), batch 1, finite: 2000/2000, min: -3.450e+06, max: 1.351e+05, mean: -1.339e+05
[Stage B] Post-custom-init validation (attempt 0), batch 2, finite: 2000/2000, min: -3.353e+06, max: 1.764e+06, mean: 4.688e+04
[Stage B] Prediction scale check (attempt 0): pred_median=3.043e+04, true_median=9.826e-02, ratio=3.097e+05
[Stage B] Warning: init scale_ratio extreme; rejecting candidate.
[Stage B]    Candidate (trig[z_inv]) rejected at init (non-finite loss); trying next.
[Stage B]  Trying trig on NN vars (1, 2), omega≈1.000, amp≈0.807 [coord=1/z]
[Stage B] Initialising SinLinearLeaf for vars (1, 2), tag=leaf1
[Stage B] Post-custom-init validation (attempt 0), batch 0, finite: 2000/2000, min: -9.327e+04, max: 2.137e+06, mean: 9.953e+04
[Stage B] Post-custom-init validation (attempt 0), batch 1, finite: 2000/2000, min: -8.481e+04, max: 2.174e+06, mean: 1.057e+05
[Stage B] Post-custom-init validation (attempt 0), batch 2, finite: 2000/2000, min: -3.342e+04, max: 2.183e+06, mean: 5.440e+04
[Stage B] Prediction scale check (attempt 0): pred_median=3.087e+04, true_median=9.826e-02, ratio=3.142e+05
[Stage B] Warning: init scale_ratio extreme; rejecting candidate.
[Stage B]    Candidate (trig[z_inv]) rejected at init (non-finite loss); trying next.
[Stage B]  Trying trig on NN vars (1, 2), omega≈12.983, amp≈0.807 [coord=1/z]
[Stage B] Initialising SinLinearLeaf for vars (1, 2), tag=leaf1
[Stage B] Post-custom-init validation (attempt 0), batch 0, finite: 2000/2000, min: -5.841e+05, max: 4.215e+06, mean: 1.245e+05
[Stage B] Post-custom-init validation (attempt 0), batch 1, finite: 2000/2000, min: -7.082e+05, max: 4.040e+06, mean: 1.390e+05
[Stage B] Post-custom-init validation (attempt 0), batch 2, finite: 2000/2000, min: -3.158e+06, max: 3.506e+06, mean: -1.391e+05
[Stage B] Prediction scale check (attempt 0): pred_median=4.371e+04, true_median=9.826e-02, ratio=4.448e+05
[Stage B] Warning: init scale_ratio extreme; rejecting candidate.
[Stage B]    Candidate (trig[z_inv]) rejected at init (non-finite loss); trying next.
[Stage B]  Trying trig on NN vars (1, 2), omega≈51.933, amp≈0.807 [coord=1/z]
[Stage B] Initialising SinLinearLeaf for vars (1, 2), tag=leaf1
[Stage B] Post-custom-init validation (attempt 0), batch 0, finite: 2000/2000, min: -2.192e+06, max: 3.628e+06, mean: -3.961e+03
[Stage B] Post-custom-init validation (attempt 0), batch 1, finite: 2000/2000, min: -4.942e+06, max: 4.660e+06, mean: -9.557e+03
[Stage B] Post-custom-init validation (attempt 0), batch 2, finite: 2000/2000, min: -3.376e+06, max: 3.046e+06, mean: -3.848e+04
[Stage B] Prediction scale check (attempt 0): pred_median=4.236e+04, true_median=9.826e-02, ratio=4.311e+05
[Stage B] Warning: init scale_ratio extreme; rejecting candidate.
[Stage B]    Candidate (trig[z_inv]) rejected at init (non-finite loss); trying next.
[Stage B]  Trying trig on NN vars (1, 2), omega≈4.000, amp≈0.813
[Stage B] Initialising SinLinearLeaf for vars (1, 2), tag=leaf1
[Stage B] Post-custom-init validation (attempt 0), batch 0, finite: 2000/2000, min: -9.596e+04, max: 3.714e+06, mean: 1.307e+05
[Stage B] Post-custom-init validation (attempt 0), batch 1, finite: 2000/2000, min: -1.080e+05, max: 4.317e+06, mean: 1.353e+05
[Stage B] Post-custom-init validation (attempt 0), batch 2, finite: 2000/2000, min: -1.057e+05, max: 3.486e+06, mean: 2.035e+05
[Stage B] Prediction scale check (attempt 0): pred_median=5.796e+04, true_median=9.826e-02, ratio=5.899e+05
[Stage B] Warning: init scale_ratio extreme; rejecting candidate.
[Stage B]    Candidate (trig) rejected at init (non-finite loss); trying next.
[Stage B]  Trying trig on NN vars (1, 2), omega≈1.000, amp≈0.813
[Stage B] Initialising SinLinearLeaf for vars (1, 2), tag=leaf1
[Stage B] Post-custom-init validation (attempt 0), batch 0, finite: 2000/2000, min: -2.706e+06, max: 8.281e+04, mean: -1.167e+05
[Stage B] Post-custom-init validation (attempt 0), batch 1, finite: 2000/2000, min: -3.084e+06, max: 7.697e+04, mean: -1.222e+05
[Stage B] Post-custom-init validation (attempt 0), batch 2, finite: 2000/2000, min: -2.459e+06, max: 7.334e+04, mean: -1.440e+05
[Stage B] Prediction scale check (attempt 0): pred_median=5.014e+04, true_median=9.826e-02, ratio=5.103e+05
[Stage B] Warning: init scale_ratio extreme; rejecting candidate.
[Stage B]    Candidate (trig) rejected at init (non-finite loss); trying next.
[Stage B]  Trying trig on NN vars (1, 2), omega≈12.605, amp≈0.813
[Stage B] Initialising SinLinearLeaf for vars (1, 2), tag=leaf1
[Stage B] Post-custom-init validation (attempt 0), batch 0, finite: 2000/2000, min: -3.475e+06, max: 7.456e+05, mean: -1.380e+05
[Stage B] Post-custom-init validation (attempt 0), batch 1, finite: 2000/2000, min: -4.784e+06, max: 1.040e+06, mean: -1.478e+05
[Stage B] Post-custom-init validation (attempt 0), batch 2, finite: 2000/2000, min: -1.640e+06, max: 3.229e+06, mean: 1.060e+05
[Stage B] Prediction scale check (attempt 0): pred_median=4.311e+04, true_median=9.826e-02, ratio=4.388e+05
[Stage B] Warning: init scale_ratio extreme; rejecting candidate.
[Stage B]    Candidate (trig) rejected at init (non-finite loss); trying next.
[Stage B]  Trying trig on NN vars (1, 2), omega≈50.419, amp≈0.813
[Stage B] Initialising SinLinearLeaf for vars (1, 2), tag=leaf1
[Stage B] Post-custom-init validation (attempt 0), batch 0, finite: 2000/2000, min: -2.876e+06, max: 4.306e+06, mean: 1.841e+04
[Stage B] Post-custom-init validation (attempt 0), batch 1, finite: 2000/2000, min: -3.786e+06, max: 4.637e+06, mean: -6.847e+02
[Stage B] Post-custom-init validation (attempt 0), batch 2, finite: 2000/2000, min: -3.190e+06, max: 2.835e+06, mean: -6.971e+03
[Stage B] Prediction scale check (attempt 0): pred_median=4.155e+04, true_median=9.826e-02, ratio=4.229e+05
[Stage B] Warning: init scale_ratio extreme; rejecting candidate.
[Stage B]    Candidate (trig) rejected at init (non-finite loss); trying next.
[Stage B]  Trying sinc_p2 on compound nn vars=(1, 2) (poly: 1D degree=1, seed: k0*z)
[Stage B] Post-custom-init validation (attempt 0), batch 0, finite: 2000/2000, min: -1.973e+09, max: 7.617e+07, mean: -9.432e+07
[Stage B] Post-custom-init validation (attempt 0), batch 1, finite: 2000/2000, min: -2.204e+09, max: 6.564e+07, mean: -9.936e+07
[Stage B] Post-custom-init validation (attempt 0), batch 2, finite: 2000/2000, min: -1.802e+09, max: 4.624e+07, mean: -9.204e+07
[Stage B] Prediction scale check (attempt 0): pred_median=3.744e+07, true_median=9.826e-02, ratio=3.810e+08
[Stage B] Warning: init scale_ratio extreme; rejecting candidate.
[Stage B]    Candidate (sinc_p2) rejected at init (non-finite loss); trying next.
[Stage B]  Precheck reject (duplicate-signature) rule=univariate_nn cand=sinc_p2[z_inv] target=nn#leaf1 vars=(1, 2) sig=(2, 2, 1, -1, -1, 0) attempted=47
[Stage B]  Trying affine trig (c + A*sin) on NN leaf vars (1, 2), omega≈25.209, amp≈0.813, offset≈-352.174
[Stage B] Initialising SinLinearLeaf for vars (1, 2), tag=leaf1
[Stage B] Post-custom-init validation (attempt 0), batch 0, finite: 2000/2000, min: -1.972e+09, max: 7.617e+07, mean: -9.437e+07
[Stage B] Post-custom-init validation (attempt 0), batch 1, finite: 2000/2000, min: -2.201e+09, max: 6.569e+07, mean: -9.943e+07
[Stage B] Post-custom-init validation (attempt 0), batch 2, finite: 2000/2000, min: -1.802e+09, max: 4.610e+07, mean: -9.179e+07
[Stage B] Prediction scale check (attempt 0): pred_median=3.742e+07, true_median=9.826e-02, ratio=3.808e+08
[Stage B] Warning: init scale_ratio extreme; rejecting candidate.
[Stage B]    Candidate (affine_trig) rejected at init (non-finite loss); trying next.
[Stage B]  Trying affine trig (c + A*sin) on NN leaf vars (1, 2), omega≈25.966, amp≈0.807, offset≈-352.071 [coord=1/z]
[Stage B] Initialising SinLinearLeaf for vars (1, 2), tag=leaf1
[Stage B] Post-custom-init validation (attempt 0), batch 0, finite: 2000/2000, min: -1.975e+09, max: 7.627e+07, mean: -9.435e+07
[Stage B] Post-custom-init validation (attempt 0), batch 1, finite: 2000/2000, min: -2.207e+09, max: 6.590e+07, mean: -9.938e+07
[Stage B] Post-custom-init validation (attempt 0), batch 2, finite: 2000/2000, min: -1.803e+09, max: 4.602e+07, mean: -9.176e+07
[Stage B] Prediction scale check (attempt 0): pred_median=3.743e+07, true_median=9.826e-02, ratio=3.810e+08
[Stage B] Warning: init scale_ratio extreme; rejecting candidate.
[Stage B]    Candidate (affine_trig[z_inv]) rejected at init (non-finite loss); trying next.
[Stage B]  Leaf-transform 'square' poly(deg=3): rms≈0.000
[Stage B] Post-custom-init validation (attempt 0), batch 0, finite: 2000/2000, min: -1.967e+09, max: 7.649e+07, mean: -9.434e+07
[Stage B] Post-custom-init validation (attempt 0), batch 1, finite: 2000/2000, min: -2.196e+09, max: 6.605e+07, mean: -9.940e+07
[Stage B] Post-custom-init validation (attempt 0), batch 2, finite: 2000/2000, min: -1.809e+09, max: 4.586e+07, mean: -9.132e+07
[Stage B] Prediction scale check (attempt 0): pred_median=3.737e+07, true_median=9.826e-02, ratio=3.803e+08
[Stage B] Warning: init scale_ratio extreme; rejecting candidate.
[Stage B]    Candidate (leaftr_square_poly3) rejected at init (non-finite loss); trying next.
[Stage B]  Leaf-transform 'square' poly(deg=3): rms≈0.000 [coord=1/z]
[Stage B] Post-custom-init validation (attempt 0), batch 0, finite: 2000/2000, min: -1.967e+09, max: 7.649e+07, mean: -9.434e+07
[Stage B] Post-custom-init validation (attempt 0), batch 1, finite: 2000/2000, min: -2.196e+09, max: 6.605e+07, mean: -9.940e+07
[Stage B] Post-custom-init validation (attempt 0), batch 2, finite: 2000/2000, min: -1.809e+09, max: 4.586e+07, mean: -9.132e+07
[Stage B] Prediction scale check (attempt 0): pred_median=3.737e+07, true_median=9.826e-02, ratio=3.803e+08
[Stage B] Warning: init scale_ratio extreme; rejecting candidate.
[Stage B]    Candidate (leaftr_square_poly3[z_inv]) rejected at init (non-finite loss); trying next.
[Stage B]  Leaf-transform 'recip' poly(deg=3): rms≈0.000
[Stage B] Post-custom-init validation (attempt 0), batch 0, finite: 2000/2000, min: -1.967e+09, max: 7.649e+07, mean: -9.434e+07
[Stage B] Post-custom-init validation (attempt 0), batch 1, finite: 2000/2000, min: -2.196e+09, max: 6.605e+07, mean: -9.940e+07
[Stage B] Post-custom-init validation (attempt 0), batch 2, finite: 2000/2000, min: -1.809e+09, max: 4.586e+07, mean: -9.132e+07
[Stage B] Prediction scale check (attempt 0): pred_median=3.737e+07, true_median=9.826e-02, ratio=3.803e+08
[Stage B] Warning: init scale_ratio extreme; rejecting candidate.
[Stage B]    Candidate (leaftr_recip_poly3) rejected at init (non-finite loss); trying next.
[Stage B]  Leaf-transform 'recip' poly(deg=3): rms≈0.000 [coord=1/z]
[Stage B] Post-custom-init validation (attempt 0), batch 0, finite: 2000/2000, min: -1.967e+09, max: 7.649e+07, mean: -9.434e+07
[Stage B] Post-custom-init validation (attempt 0), batch 1, finite: 2000/2000, min: -2.196e+09, max: 6.605e+07, mean: -9.940e+07
[Stage B] Post-custom-init validation (attempt 0), batch 2, finite: 2000/2000, min: -1.809e+09, max: 4.586e+07, mean: -9.132e+07
[Stage B] Prediction scale check (attempt 0): pred_median=3.737e+07, true_median=9.826e-02, ratio=3.803e+08
[Stage B] Warning: init scale_ratio extreme; rejecting candidate.
[Stage B]    Candidate (leaftr_recip_poly3[z_inv]) rejected at init (non-finite loss); trying next.
[Stage B]  Leaf-transform 'recip' trig: rms≈0.000, omega≈1.000, amp≈0.000, offset≈-0.003
[Stage B] Initialising SinLinearLeaf for vars (1, 2), tag=leaf1
[Stage B] Post-custom-init validation (attempt 0), batch 0, finite: 2000/2000, min: -1.967e+09, max: 7.649e+07, mean: -9.434e+07
[Stage B] Post-custom-init validation (attempt 0), batch 1, finite: 2000/2000, min: -2.196e+09, max: 6.605e+07, mean: -9.940e+07
[Stage B] Post-custom-init validation (attempt 0), batch 2, finite: 2000/2000, min: -1.809e+09, max: 4.586e+07, mean: -9.132e+07
[Stage B] Prediction scale check (attempt 0): pred_median=3.737e+07, true_median=9.826e-02, ratio=3.803e+08
[Stage B] Warning: init scale_ratio extreme; rejecting candidate.
[Stage B]    Candidate (leaftr_recip_affine_trig) rejected at init (non-finite loss); trying next.
[Stage B]  Leaf-transform 'recip' trig: rms≈0.000, omega≈1.000, amp≈0.000, offset≈-0.003 [coord=1/z]
[Stage B] Initialising SinLinearLeaf for vars (1, 2), tag=leaf1
[Stage B] Post-custom-init validation (attempt 0), batch 0, finite: 2000/2000, min: -1.967e+09, max: 7.649e+07, mean: -9.434e+07
[Stage B] Post-custom-init validation (attempt 0), batch 1, finite: 2000/2000, min: -2.196e+09, max: 6.605e+07, mean: -9.940e+07
[Stage B] Post-custom-init validation (attempt 0), batch 2, finite: 2000/2000, min: -1.809e+09, max: 4.586e+07, mean: -9.132e+07
[Stage B] Prediction scale check (attempt 0): pred_median=3.737e+07, true_median=9.826e-02, ratio=3.803e+08
[Stage B] Warning: init scale_ratio extreme; rejecting candidate.
[Stage B]    Candidate (leaftr_recip_affine_trig[z_inv]) rejected at init (non-finite loss); trying next.
[Stage B]  Trying 1D symexp_denom_1d_recip rewrite (scale/(exp(r)+exp(-r))) on NN leaf vars (1, 2) [coord=1/z]
[Stage B custom_init symexp_denom_1d_recip] compound vars=(1, 2), scale≈-742, r±(z)≈-1.81*z
[Stage B] Post-custom-init validation (attempt 0), batch 0, finite: 2000/2000, min: -6.834e+08, max: 2.986e+07, mean: -3.227e+07
[Stage B] Post-custom-init validation (attempt 0), batch 1, finite: 2000/2000, min: -6.983e+08, max: 2.729e+07, mean: -3.422e+07
[Stage B] Post-custom-init validation (attempt 0), batch 2, finite: 2000/2000, min: -6.985e+08, max: 1.152e+07, mean: -2.157e+07
[Stage B] Prediction scale check (attempt 0): pred_median=1.087e+07, true_median=9.826e-02, ratio=1.107e+08
[Stage B] Warning: init scale_ratio extreme; rejecting candidate.
[Stage B]    Candidate (symexp_denom_1d_recip[z_inv]) rejected at init (non-finite loss); trying next.
[Stage B]  one_minus_cos_over_z2 skip NN vars (1,): phase is not dimensionless for z=x1, dim=(Fraction(0, 1), Fraction(-1, 1), Fraction(0, 1))
[Stage B] ratpoly_1d degree probe: no valid pairs, falling back to unconstrained grid, vars=(1,)
[Stage B] ratpoly_1d rejected: best rel_rms=0.0013 > 0.001, deg=(4,3), vars=(1,)
[Stage B] ratpoly_1d degree probe: no valid pairs, falling back to unconstrained grid, vars=(1,)
[Stage B] ratpoly_1d rejected: best rel_rms=0.0105 > 0.001, deg=(1,2), vars=(1,)
[Stage B]  one_minus_cos_over_z2 skip NN vars (1,): phase is not dimensionless for z=(x1)**-1, dim=(Fraction(0, 1), Fraction(1, 1), Fraction(0, 1))
[Stage B] ratpoly_1d degree probe: no valid pairs, falling back to unconstrained grid, vars=(1,)
[Stage B] ratpoly_1d rejected: best rel_rms=0.0117 > 0.001, deg=(3,2), vars=(1,)
[Stage B] ratpoly_1d degree probe: no valid pairs, falling back to unconstrained grid, vars=(1,)
[Stage B] ratpoly_1d rejected: best rel_rms=0.0038 > 0.001, deg=(2,4), vars=(1,)
[Stage B] RuleUniNN proposing 13 candidates for NN vars=(1,): ['monomial_deg1', 'monomial_deg2', 'monomial_deg3', 'cf_sharedpref_resid', 'cf_sharedpref_resid', 'cf_sharedpref_resid', 'cf_sharedpref_resid', 'cf_sharedpref_resid', 'cf_sharedpref_resid', 'cf_combo', 'cf_combo', 'cf_combo', 'cf_combo']
[Stage B] RuleUniNN proposing 13 candidates for NN vars=(1,): ['monomial_deg1[z_inv]', 'monomial_deg2[z_inv]', 'monomial_deg3[z_inv]', 'cf_sharedpref_resid[z_inv]', 'cf_sharedpref_resid[z_inv]', 'cf_sharedpref_resid[z_inv]', 'cf_sharedpref_resid[z_inv]', 'cf_sharedpref_resid[z_inv]', 'cf_sharedpref_resid[z_inv]', 'cf_combo[z_inv]', 'cf_combo[z_inv]', 'cf_combo[z_inv]', 'cf_combo[z_inv]']
[Stage B]  Greedy order (13 cands): monomial_deg1[z_inv](1999p), monomial_deg2[z_inv](1999p), monomial_deg3[z_inv](1999p), cf_sharedpref_resid[z_inv](2001p), cf_sharedpref_resid[z_inv](2001p), cf_sharedpref_resid[z_inv](2001p), cf_sharedpref_resid[z_inv](2001p), cf_sharedpref_resid[z_inv](2001p), cf_sharedpref_resid[z_inv](2001p), cf_combo[z_inv](2001p), cf_combo[z_inv](2000p), cf_combo[z_inv](2001p), cf_combo[z_inv](2000p)
[Stage B]  Trying 1D monomial (c·x^1) rewrite on NN leaf vars (1,) [coord=1/z]
[Stage B] Initialising PolyLeaf for vars (1,), tag=leaf2
[info] dataloader for provider ASTCompositeAdaptor yields 3 batches (equivalent to a single batch up to floating-point roundoff; minor Python-loop overhead per batch).
[LM][bucket] solving P=769 (trivially separable union)
Validation patience exceeded at epoch 601/2000, nval_worse=500
[Stage B]    Candidate (monomial_deg1[z_inv]): params=769, val-loss=2.5955e-03
[Stage B]    Reject (monomial_deg1[z_inv]): simpler-over-budget(thr=5.374e-10) | loss 2.650e-10->2.596e-03 (Δ+2.60e-03) | params 1152->769 | cx (0, 0, 0)->(0, 0, 0)
[Stage B]  Trying 1D monomial (c·x^2) rewrite on NN leaf vars (1,) [coord=1/z]
[Stage B] Initialising PolyLeaf for vars (1,), tag=leaf2
[info] dataloader for provider ASTCompositeAdaptor yields 3 batches (equivalent to a single batch up to floating-point roundoff; minor Python-loop overhead per batch).
Validation patience exceeded at epoch 701/2000, nval_worse=500
[Stage B]    Candidate (monomial_deg2[z_inv]): params=769, val-loss=1.6957e-02
[Stage B]    Reject (monomial_deg2[z_inv]): simpler-over-budget(thr=5.374e-10) | loss 2.650e-10->1.696e-02 (Δ+1.70e-02) | params 1152->769 | cx (0, 0, 0)->(0, 0, 0)
[Stage B]  Trying 1D monomial (c·x^3) rewrite on NN leaf vars (1,) [coord=1/z]
[Stage B] Initialising PolyLeaf for vars (1,), tag=leaf2
[info] dataloader for provider ASTCompositeAdaptor yields 3 batches (equivalent to a single batch up to floating-point roundoff; minor Python-loop overhead per batch).
[Stage B]    Candidate (monomial_deg3[z_inv]): params=769, val-loss=2.7807e-02
[Stage B]    Reject (monomial_deg3[z_inv]): simpler-over-budget(thr=5.374e-10) | loss 2.650e-10->2.781e-02 (Δ+2.78e-02) | params 1152->769 | cx (0, 0, 0)->(0, 0, 0)
[Stage B]  Precheck reject (units: units-inconsistent (T)) rule=univariate_nn cand=cf_sharedpref_resid[z_inv] target=nn#leaf2 vars=(1,) attempted=47
[Stage B]  Precheck reject (units: units-inconsistent (T)) rule=univariate_nn cand=cf_sharedpref_resid[z_inv] target=nn#leaf2 vars=(1,) attempted=47
[Stage B]  Precheck reject (units: units-inconsistent (T)) rule=univariate_nn cand=cf_sharedpref_resid[z_inv] target=nn#leaf2 vars=(1,) attempted=47
[Stage B]  Precheck reject (units: units-inconsistent (T)) rule=univariate_nn cand=cf_sharedpref_resid[z_inv] target=nn#leaf2 vars=(1,) attempted=47
[Stage B]  Precheck reject (units: units-inconsistent (T)) rule=univariate_nn cand=cf_sharedpref_resid[z_inv] target=nn#leaf2 vars=(1,) attempted=47
[Stage B]  Precheck reject (units: units-inconsistent (T)) rule=univariate_nn cand=cf_sharedpref_resid[z_inv] target=nn#leaf2 vars=(1,) attempted=47
[Stage B]  Precheck reject (units: units-inconsistent (T)) rule=univariate_nn cand=cf_combo[z_inv] target=nn#leaf2 vars=(1,) attempted=47
[Stage B]  Precheck reject (units: units-inconsistent (T)) rule=univariate_nn cand=cf_combo[z_inv] target=nn#leaf2 vars=(1,) attempted=47
[Stage B]  Precheck reject (units: units-inconsistent (T)) rule=univariate_nn cand=cf_combo[z_inv] target=nn#leaf2 vars=(1,) attempted=47
[Stage B]  Precheck reject (units: units-inconsistent (T)) rule=univariate_nn cand=cf_combo[z_inv] target=nn#leaf2 vars=(1,) attempted=47
[Stage B] Rule log_ratio found 0 targets
[Stage B] Rule power_product found 0 targets
[Stage B] Rule joint_product_monomial_closure found 2 targets
[Stage B]   target order (arity-asc): [vars=?(arity=0), vars=?(arity=0)]
[Stage B]  joint_product_monomial_closure target: tags=('leaf0', 'leaf1', 'leaf2'), supports=((0,), (1, 2), (1,)), compound=(False, True, False), fit_support=(0, 1, 2)
[Stage B]  joint_product_monomial_closure: no clean integer monomial for 3 NN factor(s), support=(0, 1, 2); reason=integer-snap-failed, n=5000, raw=[0.181, 1.86, -0.767], snap=[0, 2, -1], snap_err=0.233
[Stage B]  joint_product_monomial_closure target: tags=('leaf0', 'leaf1'), supports=((0,), (1, 2)), compound=(False, True), fit_support=(0, 1, 2)
[Stage B]  joint_product_monomial_closure: no clean integer monomial for 2 NN factor(s), support=(0, 1, 2); reason=integer-snap-failed, n=5000, raw=[0.177, 0.0188, -0.015], snap=[0, 0, 0], snap_err=0.177
[Stage B] Rule overlap_prefactor_peel found 0 targets
[Stage B] Rule overlap_counterterm_peel found 0 targets
[Stage B] Rule common_prefactor found 0 targets
[Stage B] Rule additive_gauge_transfer found 0 targets
[Stage B] Rule multiplicative_homogeneity_transfer found 0 targets
[Stage B] Rule univariate_mono found 3 targets
[Stage B]   target order (arity-asc): [vars=(0,)(arity=1), vars=(1, 2)(arity=1), vars=(1,)(arity=1)]
[Stage B]  Greedy order (3 cands): monomial_deg1[z_inv](1998p), monomial_deg2[z_inv](1998p), monomial_deg3[z_inv](1998p)
[Stage B]  Trying 1D monomial (c·x^1) rewrite on NN leaf vars (0,) [coord=1/z]
[Stage B] Initialising RPolyLeaf for vars (0,), tag=leaf0
[info] dataloader for provider ASTCompositeAdaptor yields 3 batches (equivalent to a single batch up to floating-point roundoff; minor Python-loop overhead per batch).
[LM][bucket] solving P=768 (trivially separable union)
Validation patience exceeded at epoch 701/2000, nval_worse=500
[Stage B]    Candidate (monomial_deg1[z_inv]): params=768, val-loss=7.1888e-02
[Stage B]    Reject (monomial_deg1[z_inv]): simpler-over-budget(thr=5.376e-10) | loss 2.650e-10->7.189e-02 (Δ+7.19e-02) | params 1152->768 | cx (0, 0, 0)->(0, 0, 0)
[Stage B]  Trying 1D monomial (c·x^2) rewrite on NN leaf vars (0,) [coord=1/z]
[Stage B] Initialising RPolyLeaf for vars (0,), tag=leaf0
[info] dataloader for provider ASTCompositeAdaptor yields 3 batches (equivalent to a single batch up to floating-point roundoff; minor Python-loop overhead per batch).
Validation patience exceeded at epoch 901/2000, nval_worse=500
[Stage B]    Candidate (monomial_deg2[z_inv]): params=768, val-loss=7.2400e-02
[Stage B]    Reject (monomial_deg2[z_inv]): simpler-over-budget(thr=5.376e-10) | loss 2.650e-10->7.240e-02 (Δ+7.24e-02) | params 1152->768 | cx (0, 0, 0)->(0, 0, 0)
[Stage B]  Trying 1D monomial (c·x^3) rewrite on NN leaf vars (0,) [coord=1/z]
[Stage B] Initialising RPolyLeaf for vars (0,), tag=leaf0
[info] dataloader for provider ASTCompositeAdaptor yields 3 batches (equivalent to a single batch up to floating-point roundoff; minor Python-loop overhead per batch).
Validation patience exceeded at epoch 601/2000, nval_worse=500
[Stage B]    Candidate (monomial_deg3[z_inv]): params=768, val-loss=7.2527e-02
[Stage B]    Reject (monomial_deg3[z_inv]): simpler-over-budget(thr=5.376e-10) | loss 2.650e-10->7.253e-02 (Δ+7.25e-02) | params 1152->768 | cx (0, 0, 0)->(0, 0, 0)
[Stage B]  Greedy order (6 cands): monomial_deg1(1998p), monomial_deg1[z_inv](1998p), monomial_deg2(1998p), monomial_deg2[z_inv](1998p), monomial_deg3(1998p), monomial_deg3[z_inv](1998p)
[Stage B]  Trying 1D monomial (c·x^1) rewrite on NN leaf vars (1, 2)
[Stage B] Initialising RPolyLeaf for vars (1, 2), tag=leaf1
[info] dataloader for provider ASTCompositeAdaptor yields 3 batches (equivalent to a single batch up to floating-point roundoff; minor Python-loop overhead per batch).
[Stage B]    Candidate (monomial_deg1): params=768, val-loss=2.2406e-03
[Stage B]    Reject (monomial_deg1): simpler-over-budget(thr=5.376e-10) | loss 2.650e-10->2.241e-03 (Δ+2.24e-03) | params 1152->768 | cx (0, 0, 0)->(0, 0, 0)
[Stage B]  Trying 1D monomial (c·x^1) rewrite on NN leaf vars (1, 2) [coord=1/z]
[Stage B] Initialising RPolyLeaf for vars (1, 2), tag=leaf1
[info] dataloader for provider ASTCompositeAdaptor yields 3 batches (equivalent to a single batch up to floating-point roundoff; minor Python-loop overhead per batch).
Validation patience exceeded at epoch 601/2000, nval_worse=500
[Stage B]    Candidate (monomial_deg1[z_inv]): params=768, val-loss=5.0356e-04
[Stage B]    Reject (monomial_deg1[z_inv]): simpler-over-budget(thr=5.376e-10) | loss 2.650e-10->5.036e-04 (Δ+5.04e-04) | params 1152->768 | cx (0, 0, 0)->(0, 0, 0)
[Stage B]  Trying 1D monomial (c·x^2) rewrite on NN leaf vars (1, 2)
[Stage B] Initialising RPolyLeaf for vars (1, 2), tag=leaf1
[info] dataloader for provider ASTCompositeAdaptor yields 3 batches (equivalent to a single batch up to floating-point roundoff; minor Python-loop overhead per batch).
Validation patience exceeded at epoch 601/2000, nval_worse=500
[Stage B]    Candidate (monomial_deg2): params=768, val-loss=7.1507e-03
[Stage B]    Reject (monomial_deg2): simpler-over-budget(thr=5.376e-10) | loss 2.650e-10->7.151e-03 (Δ+7.15e-03) | params 1152->768 | cx (0, 0, 0)->(0, 0, 0)
[Stage B]  Trying 1D monomial (c·x^2) rewrite on NN leaf vars (1, 2) [coord=1/z]
[Stage B] Initialising RPolyLeaf for vars (1, 2), tag=leaf1
[info] dataloader for provider ASTCompositeAdaptor yields 3 batches (equivalent to a single batch up to floating-point roundoff; minor Python-loop overhead per batch).
Validation patience exceeded at epoch 1001/2000, nval_worse=500
[Stage B]    Candidate (monomial_deg2[z_inv]): params=768, val-loss=2.4771e-03
[Stage B]    Reject (monomial_deg2[z_inv]): simpler-over-budget(thr=5.376e-10) | loss 2.650e-10->2.477e-03 (Δ+2.48e-03) | params 1152->768 | cx (0, 0, 0)->(0, 0, 0)
[Stage B]  Trying 1D monomial (c·x^3) rewrite on NN leaf vars (1, 2)
[Stage B] Initialising RPolyLeaf for vars (1, 2), tag=leaf1
[info] dataloader for provider ASTCompositeAdaptor yields 3 batches (equivalent to a single batch up to floating-point roundoff; minor Python-loop overhead per batch).
Validation patience exceeded at epoch 1301/2000, nval_worse=500
[Stage B]    Candidate (monomial_deg3): params=768, val-loss=1.4391e-02
[Stage B]    Reject (monomial_deg3): simpler-over-budget(thr=5.376e-10) | loss 2.650e-10->1.439e-02 (Δ+1.44e-02) | params 1152->768 | cx (0, 0, 0)->(0, 0, 0)
[Stage B]  Trying 1D monomial (c·x^3) rewrite on NN leaf vars (1, 2) [coord=1/z]
[Stage B] Initialising RPolyLeaf for vars (1, 2), tag=leaf1
[info] dataloader for provider ASTCompositeAdaptor yields 3 batches (equivalent to a single batch up to floating-point roundoff; minor Python-loop overhead per batch).
Validation patience exceeded at epoch 701/2000, nval_worse=500
[Stage B]    Candidate (monomial_deg3[z_inv]): params=768, val-loss=5.0636e-03
[Stage B]    Reject (monomial_deg3[z_inv]): simpler-over-budget(thr=5.376e-10) | loss 2.650e-10->5.064e-03 (Δ+5.06e-03) | params 1152->768 | cx (0, 0, 0)->(0, 0, 0)
[Stage B]  Greedy order (3 cands): monomial_deg1[z_inv](1998p), monomial_deg2[z_inv](1998p), monomial_deg3[z_inv](1998p)
[Stage B]  Trying 1D monomial (c·x^1) rewrite on NN leaf vars (1,) [coord=1/z]
[Stage B] Initialising RPolyLeaf for vars (1,), tag=leaf2
[info] dataloader for provider ASTCompositeAdaptor yields 3 batches (equivalent to a single batch up to floating-point roundoff; minor Python-loop overhead per batch).
Validation patience exceeded at epoch 601/2000, nval_worse=500
[Stage B]    Candidate (monomial_deg1[z_inv]): params=768, val-loss=2.5773e-03
[Stage B]    Reject (monomial_deg1[z_inv]): simpler-over-budget(thr=5.376e-10) | loss 2.650e-10->2.577e-03 (Δ+2.58e-03) | params 1152->768 | cx (0, 0, 0)->(0, 0, 0)
[Stage B]  Trying 1D monomial (c·x^2) rewrite on NN leaf vars (1,) [coord=1/z]
[Stage B] Initialising RPolyLeaf for vars (1,), tag=leaf2
[info] dataloader for provider ASTCompositeAdaptor yields 3 batches (equivalent to a single batch up to floating-point roundoff; minor Python-loop overhead per batch).
Validation patience exceeded at epoch 601/2000, nval_worse=500
[Stage B]    Candidate (monomial_deg2[z_inv]): params=768, val-loss=1.7007e-02
[Stage B]    Reject (monomial_deg2[z_inv]): simpler-over-budget(thr=5.376e-10) | loss 2.650e-10->1.701e-02 (Δ+1.70e-02) | params 1152->768 | cx (0, 0, 0)->(0, 0, 0)
[Stage B]  Trying 1D monomial (c·x^3) rewrite on NN leaf vars (1,) [coord=1/z]
[Stage B] Initialising RPolyLeaf for vars (1,), tag=leaf2
[info] dataloader for provider ASTCompositeAdaptor yields 3 batches (equivalent to a single batch up to floating-point roundoff; minor Python-loop overhead per batch).
Validation patience exceeded at epoch 1201/2000, nval_worse=500
[Stage B]    Candidate (monomial_deg3[z_inv]): params=768, val-loss=2.8699e-02
[Stage B]    Reject (monomial_deg3[z_inv]): simpler-over-budget(thr=5.376e-10) | loss 2.650e-10->2.870e-02 (Δ+2.87e-02) | params 1152->768 | cx (0, 0, 0)->(0, 0, 0)
[Stage B] Rule nn_leaf_separability found 0 targets
[Stage B] Rule counterterm_mul_split found 0 targets
[Stage B] Rule counterfactor_add_split found 0 targets
[Stage B] === Phase 1 complete: No more separabilities found ===
[Stage B] === Phase 2: Trying specialized patterns (after exhausting separability) ===
[Stage B]   target order (arity-asc): [vars=(0,)(arity=1), vars=(1, 2)(arity=1), vars=(1,)(arity=1)]
[Stage B]  Greedy order (10 cands): cf_sharedpref_resid(2001p), cf_sharedpref_resid(2001p), cf_sharedpref_resid(2001p), cf_sharedpref_resid(2001p), cf_sharedpref_resid(2001p), cf_sharedpref_resid(2001p), cf_combo(2001p), cf_combo(2000p), cf_combo(2001p), cf_combo(2000p)
[Stage B]  Precheck reject (units: units-inconsistent (L)) rule=compound_fn_macros cand=cf_sharedpref_resid target=nn#leaf0 vars=(0,) attempted=0
[Stage B]  Precheck reject (units: units-inconsistent (L)) rule=compound_fn_macros cand=cf_sharedpref_resid target=nn#leaf0 vars=(0,) attempted=0
[Stage B]  Precheck reject (units: units-inconsistent (L)) rule=compound_fn_macros cand=cf_sharedpref_resid target=nn#leaf0 vars=(0,) attempted=0
[Stage B]  Precheck reject (units: units-inconsistent (L)) rule=compound_fn_macros cand=cf_sharedpref_resid target=nn#leaf0 vars=(0,) attempted=0
[Stage B]  Precheck reject (units: units-inconsistent (L)) rule=compound_fn_macros cand=cf_sharedpref_resid target=nn#leaf0 vars=(0,) attempted=0
[Stage B]  Precheck reject (units: units-inconsistent (L)) rule=compound_fn_macros cand=cf_sharedpref_resid target=nn#leaf0 vars=(0,) attempted=0
[Stage B]  Precheck reject (units: units-inconsistent (L)) rule=compound_fn_macros cand=cf_combo target=nn#leaf0 vars=(0,) attempted=0
[Stage B]  Precheck reject (units: units-inconsistent (L)) rule=compound_fn_macros cand=cf_combo target=nn#leaf0 vars=(0,) attempted=0
[Stage B]  Precheck reject (units: units-inconsistent (L)) rule=compound_fn_macros cand=cf_combo target=nn#leaf0 vars=(0,) attempted=0
[Stage B]  Precheck reject (units: units-inconsistent (L)) rule=compound_fn_macros cand=cf_combo target=nn#leaf0 vars=(0,) attempted=0
[Stage B]  Greedy order (10 cands): cf_combo(2001p), cf_combo(2000p), cf_combo(2001p), cf_combo(2000p), cf_sharedpref_resid(2001p), cf_sharedpref_resid(2001p), cf_sharedpref_resid(2001p), cf_sharedpref_resid(2001p), cf_combo(2001p), cf_combo(2000p)
[Stage B]  Trying tier-3 linear combo on NN leaf vars [1, 2], terms=['sqrt1p *(arg0)', 'inv_sin_half_sq *(inv1p(arg0))'], screen_r2=1.000, ok_frac=1.000
[info] dataloader for provider ASTCompositeAdaptor yields 3 batches (equivalent to a single batch up to floating-point roundoff; minor Python-loop overhead per batch).
[LM][bucket] solving P=771 (trivially separable union)
[Stage B]    Candidate (cf_combo): params=771, val-loss=7.9195e-06
[Stage B]    Reject (cf_combo): simpler-over-budget(thr=5.370e-10) | loss 2.650e-10->7.919e-06 (Δ+7.92e-06) | params 1152->771 | cx (0, 0, 0)->(0, 0, 0)
[Stage B]  Skipping cf_combo (previously rejected on same target)
[Stage B]  Skipping cf_combo (previously rejected on same target)
[Stage B]  Skipping cf_combo (previously rejected on same target)
[Stage B]  Trying shared-prefactor+residual macro on NN leaf vars [1, 2], pref=arg0^2, macro=inv1p(arg0^2), screen_r2=1.000, ok_frac=1.000
[info] dataloader for provider ASTCompositeAdaptor yields 3 batches (equivalent to a single batch up to floating-point roundoff; minor Python-loop overhead per batch).
[Stage B]    Candidate (cf_sharedpref_resid): params=771, val-loss=7.6106e-06
[Stage B]    Reject (cf_sharedpref_resid): simpler-over-budget(thr=5.370e-10) | loss 2.650e-10->7.611e-06 (Δ+7.61e-06) | params 1152->771 | cx (0, 0, 0)->(0, 0, 0)
[Stage B]  Skipping cf_sharedpref_resid (previously rejected on same target)
[Stage B]  Skipping cf_sharedpref_resid (previously rejected on same target)
[Stage B]  Skipping cf_sharedpref_resid (previously rejected on same target)
[Stage B]  Skipping cf_combo (previously rejected on same target)
[Stage B]  Skipping cf_combo (previously rejected on same target)
[Stage B]  Greedy order (10 cands): cf_sharedpref_resid(2001p), cf_sharedpref_resid(2001p), cf_sharedpref_resid(2001p), cf_sharedpref_resid(2001p), cf_sharedpref_resid(2001p), cf_sharedpref_resid(2001p), cf_combo(2001p), cf_combo(2000p), cf_combo(2001p), cf_combo(2000p)
[Stage B]  Precheck reject (units: units-inconsistent (T)) rule=compound_fn_macros cand=cf_sharedpref_resid target=nn#leaf2 vars=(1,) attempted=0
[Stage B]  Precheck reject (units: units-inconsistent (T)) rule=compound_fn_macros cand=cf_sharedpref_resid target=nn#leaf2 vars=(1,) attempted=0
[Stage B]  Precheck reject (units: units-inconsistent (T)) rule=compound_fn_macros cand=cf_sharedpref_resid target=nn#leaf2 vars=(1,) attempted=0
[Stage B]  Precheck reject (units: units-inconsistent (T)) rule=compound_fn_macros cand=cf_sharedpref_resid target=nn#leaf2 vars=(1,) attempted=0
[Stage B]  Precheck reject (units: units-inconsistent (T)) rule=compound_fn_macros cand=cf_sharedpref_resid target=nn#leaf2 vars=(1,) attempted=0
[Stage B]  Precheck reject (units: units-inconsistent (T)) rule=compound_fn_macros cand=cf_sharedpref_resid target=nn#leaf2 vars=(1,) attempted=0
[Stage B]  Precheck reject (units: units-inconsistent (T)) rule=compound_fn_macros cand=cf_combo target=nn#leaf2 vars=(1,) attempted=0
[Stage B]  Precheck reject (units: units-inconsistent (T)) rule=compound_fn_macros cand=cf_combo target=nn#leaf2 vars=(1,) attempted=0
[Stage B]  Precheck reject (units: units-inconsistent (T)) rule=compound_fn_macros cand=cf_combo target=nn#leaf2 vars=(1,) attempted=0
[Stage B]  Precheck reject (units: units-inconsistent (T)) rule=compound_fn_macros cand=cf_combo target=nn#leaf2 vars=(1,) attempted=0
[Stage B]   target order (arity-asc): [vars=(0,)(arity=1), vars=(1, 2)(arity=1), vars=(1,)(arity=1)]
[Stage B]  Greedy order (1 cands): logistic_ode(2001p)
[Stage B]  Precheck reject (units: free_const 'leaf0_uinv_y0' is not declared in UnitsSpec.free_const_dims) rule=univariate_oracle_invariants cand=logistic_ode target=nn#leaf0 vars=(0,) attempted=0
[Stage B]  Greedy order (2 cands): chirp_cos_prod(2004p), trig_harmonics_1_3(2004p)
[Stage B]  Precheck reject (units: free_const 'leaf1_uinv_amp' is not declared in UnitsSpec.free_const_dims) rule=univariate_oracle_invariants cand=chirp_cos_prod target=nn#leaf1 vars=(1, 2) attempted=0
[Stage B]  Trying trig harmonics (1&3) on NN vars=(1, 2): omega≈0.1, rel=6.70e-09
[Stage B] Post-custom-init validation (attempt 0), batch 0, finite: 2000/2000, min: -1.967e+09, max: 7.649e+07, mean: -9.434e+07
[Stage B] Post-custom-init validation (attempt 0), batch 1, finite: 2000/2000, min: -2.196e+09, max: 6.605e+07, mean: -9.940e+07
[Stage B] Post-custom-init validation (attempt 0), batch 2, finite: 2000/2000, min: -1.809e+09, max: 4.586e+07, mean: -9.132e+07
[Stage B] Prediction scale check (attempt 0): pred_median=3.737e+07, true_median=9.826e-02, ratio=3.803e+08
[Stage B] Warning: init scale_ratio extreme; rejecting candidate.
[Stage B]    Candidate (trig_harmonics_1_3) rejected at init (non-finite loss); trying next.
[Stage B]   target order (arity-asc): [vars=(0,)(arity=1), vars=(1, 2)(arity=1), vars=(1,)(arity=1)]
[Stage B]  Greedy order (2 cands): logexp_dimless_input_log(1999p), logexp_dimless_input_exp(1999p)
[Stage B]  Trying log/exp compound closure dimless_input:log on NN vars=(1, 2): log((x1 * (x2)**-1))
[Stage B] Post-custom-init validation (attempt 0), batch 0, finite: 2000/2000, min: -3.384e+05, max: 4.190e+05, mean: 2.329e+03
[Stage B] Post-custom-init validation (attempt 0), batch 1, finite: 2000/2000, min: -4.780e+05, max: 6.387e+05, mean: 3.565e+03
[Stage B] Post-custom-init validation (attempt 0), batch 2, finite: 2000/2000, min: -1.072e+06, max: 4.420e+05, mean: -4.935e+04
[Stage B] Prediction scale check (attempt 0): pred_median=7.345e+03, true_median=9.826e-02, ratio=7.475e+04
[Stage B] Warning: init scale_ratio extreme; rejecting candidate.
[Stage B]    Candidate (logexp_dimless_input_log) rejected at init (non-finite loss); trying next.
[Stage B]  Trying log/exp compound closure dimless_input:exp on NN vars=(1, 2): exp((x1 * (x2)**-1))
[Stage B] Post-custom-init validation (attempt 0), batch 0, finite: 2000/2000, min: -6.497e+05, max: 1.515e+07, mean: 7.385e+05
[Stage B] Post-custom-init validation (attempt 0), batch 1, finite: 2000/2000, min: -5.852e+05, max: 1.625e+07, mean: 7.809e+05
[Stage B] Post-custom-init validation (attempt 0), batch 2, finite: 2000/2000, min: -2.996e+05, max: 1.525e+07, mean: 5.987e+05
[Stage B] Prediction scale check (attempt 0): pred_median=2.699e+05, true_median=9.826e-02, ratio=2.747e+06
[Stage B] Warning: init scale_ratio extreme; rejecting candidate.
[Stage B]    Candidate (logexp_dimless_input_exp) rejected at init (non-finite loss); trying next.
[Stage B]   target order (arity-asc): [vars=(0,)(arity=1), vars=(1, 2)(arity=1), vars=(1,)(arity=1)]
[Stage B]  Greedy order (8 cands): r1_reciprocal(2000p), r1_affine(2000p), r1_inv_square_invsqrt(2000p), r1_power_affine_p2(2000p), r1_square_sqrt(2000p), r1_power_affine_p1_2(2000p), r1_power_affine_p3(2000p), r1_reciprocal_zinv(2000p)
[Stage B R1Cert] Trying r1_reciprocal: reciprocal(y)≈8.11898e-05*psi(z)+-0.00292252, inverse=reciprocal, rel=4.46e-05, dom=1.000, branch=1.000
[Stage B] Post-custom-init validation (attempt 0), batch 0, finite: 2000/2000, min: -1.967e+09, max: 7.648e+07, mean: -9.434e+07
[Stage B] Post-custom-init validation (attempt 0), batch 1, finite: 2000/2000, min: -2.196e+09, max: 6.605e+07, mean: -9.940e+07
[Stage B] Post-custom-init validation (attempt 0), batch 2, finite: 2000/2000, min: -1.809e+09, max: 4.586e+07, mean: -9.132e+07
[Stage B] Prediction scale check (attempt 0): pred_median=3.737e+07, true_median=9.826e-02, ratio=3.803e+08
[Stage B] Warning: init scale_ratio extreme; rejecting candidate.
[Stage B]    Candidate (r1_reciprocal) rejected at init (non-finite loss); trying next.
[Stage B R1Cert] Trying r1_affine: identity(y)≈-10.0346*psi(z)+-341.915, inverse=identity, rel=5.35e-05, dom=1.000, branch=1.000
[Stage B] Post-custom-init validation (attempt 0), batch 0, finite: 2000/2000, min: -1.967e+09, max: 7.648e+07, mean: -9.434e+07
[Stage B] Post-custom-init validation (attempt 0), batch 1, finite: 2000/2000, min: -2.196e+09, max: 6.604e+07, mean: -9.940e+07
[Stage B] Post-custom-init validation (attempt 0), batch 2, finite: 2000/2000, min: -1.809e+09, max: 4.586e+07, mean: -9.131e+07
[Stage B] Prediction scale check (attempt 0): pred_median=3.737e+07, true_median=9.826e-02, ratio=3.803e+08
[Stage B] Warning: init scale_ratio extreme; rejecting candidate.
[Stage B]    Candidate (r1_affine) rejected at init (non-finite loss); trying next.
[Stage B R1Cert] Trying r1_inv_square_invsqrt: inv_square(y)≈-4.61887e-07*psi(z)+8.53511e-06, inverse=invsqrt, rel=8.02e-05, dom=1.000, branch=1.000
[Stage B] Post-custom-init validation (attempt 0), batch 0, finite: 2000/2000, min: -1.967e+09, max: 7.648e+07, mean: -9.434e+07
[Stage B] Post-custom-init validation (attempt 0), batch 1, finite: 2000/2000, min: -2.196e+09, max: 6.605e+07, mean: -9.940e+07
[Stage B] Post-custom-init validation (attempt 0), batch 2, finite: 2000/2000, min: -1.809e+09, max: 4.586e+07, mean: -9.132e+07
[Stage B] Prediction scale check (attempt 0): pred_median=3.737e+07, true_median=9.826e-02, ratio=3.803e+08
[Stage B] Warning: init scale_ratio extreme; rejecting candidate.
[Stage B]    Candidate (r1_inv_square_invsqrt) rejected at init (non-finite loss); trying next.
[Stage B R1Cert] Trying r1_power_affine_p2: identity(y)≈-5.21793*psi(z)+-346.688, inverse=identity, rel=1.11e-04, dom=1.000, branch=1.000
[Stage B] Post-custom-init validation (attempt 0), batch 0, finite: 2000/2000, min: -1.967e+09, max: 7.649e+07, mean: -9.434e+07
[Stage B] Post-custom-init validation (attempt 0), batch 1, finite: 2000/2000, min: -2.196e+09, max: 6.607e+07, mean: -9.939e+07
[Stage B] Post-custom-init validation (attempt 0), batch 2, finite: 2000/2000, min: -1.809e+09, max: 4.586e+07, mean: -9.133e+07
[Stage B] Prediction scale check (attempt 0): pred_median=3.737e+07, true_median=9.826e-02, ratio=3.803e+08
[Stage B] Warning: init scale_ratio extreme; rejecting candidate.
[Stage B]    Candidate (r1_power_affine_p2) rejected at init (non-finite loss); trying next.
[Stage B R1Cert] Trying r1_square_sqrt: square(y)≈7055.61*psi(z)+116814, inverse=sqrt, rel=1.16e-04, dom=1.000, branch=1.000
[Stage B] Post-custom-init validation (attempt 0), batch 0, finite: 2000/2000, min: -1.967e+09, max: 7.648e+07, mean: -9.434e+07
[Stage B] Post-custom-init validation (attempt 0), batch 1, finite: 2000/2000, min: -2.196e+09, max: 6.604e+07, mean: -9.940e+07
[Stage B] Post-custom-init validation (attempt 0), batch 2, finite: 2000/2000, min: -1.809e+09, max: 4.586e+07, mean: -9.131e+07
[Stage B] Prediction scale check (attempt 0): pred_median=3.737e+07, true_median=9.826e-02, ratio=3.803e+08
[Stage B] Warning: init scale_ratio extreme; rejecting candidate.
[Stage B]    Candidate (r1_square_sqrt) rejected at init (non-finite loss); trying next.
[Stage B R1Cert] Trying r1_power_affine_p1_2: identity(y)≈-19.5674*psi(z)+-332.403, inverse=identity, rel=1.37e-04, dom=1.000, branch=1.000
[Stage B] Post-custom-init validation (attempt 0), batch 0, finite: 2000/2000, min: -1.967e+09, max: 7.648e+07, mean: -9.434e+07
[Stage B] Post-custom-init validation (attempt 0), batch 1, finite: 2000/2000, min: -2.196e+09, max: 6.603e+07, mean: -9.940e+07
[Stage B] Post-custom-init validation (attempt 0), batch 2, finite: 2000/2000, min: -1.808e+09, max: 4.585e+07, mean: -9.131e+07
[Stage B] Prediction scale check (attempt 0): pred_median=3.738e+07, true_median=9.826e-02, ratio=3.804e+08
[Stage B] Warning: init scale_ratio extreme; rejecting candidate.
[Stage B]    Candidate (r1_power_affine_p1_2) rejected at init (non-finite loss); trying next.
[Stage B R1Cert] Trying r1_power_affine_p3: identity(y)≈-3.56539*psi(z)+-348.294, inverse=identity, rel=2.70e-04, dom=1.000, branch=1.000
[Stage B] Post-custom-init validation (attempt 0), batch 0, finite: 2000/2000, min: -1.966e+09, max: 7.650e+07, mean: -9.433e+07
[Stage B] Post-custom-init validation (attempt 0), batch 1, finite: 2000/2000, min: -2.196e+09, max: 6.609e+07, mean: -9.939e+07
[Stage B] Post-custom-init validation (attempt 0), batch 2, finite: 2000/2000, min: -1.809e+09, max: 4.587e+07, mean: -9.135e+07
[Stage B] Prediction scale check (attempt 0): pred_median=3.736e+07, true_median=9.826e-02, ratio=3.802e+08
[Stage B] Warning: init scale_ratio extreme; rejecting candidate.
[Stage B]    Candidate (r1_power_affine_p3) rejected at init (non-finite loss); trying next.
[Stage B R1Cert] Trying r1_reciprocal_zinv: reciprocal(y)≈-7.16781e-05*psi(z)+-0.00276905, inverse=reciprocal, rel=3.81e-04, dom=1.000, branch=1.000
[Stage B] Post-custom-init validation (attempt 0), batch 0, finite: 2000/2000, min: -1.968e+09, max: 7.646e+07, mean: -9.434e+07
[Stage B] Post-custom-init validation (attempt 0), batch 1, finite: 2000/2000, min: -2.197e+09, max: 6.600e+07, mean: -9.940e+07
[Stage B] Post-custom-init validation (attempt 0), batch 2, finite: 2000/2000, min: -1.808e+09, max: 4.585e+07, mean: -9.129e+07
[Stage B] Prediction scale check (attempt 0): pred_median=3.736e+07, true_median=9.826e-02, ratio=3.803e+08
[Stage B] Warning: init scale_ratio extreme; rejecting candidate.
[Stage B]    Candidate (r1_reciprocal_zinv) rejected at init (non-finite loss); trying next.
[Stage B]   target order (arity-asc): [vars=(0,)(arity=1), vars=(1, 2)(arity=1), vars=(1,)(arity=1)]
[Stage B] RuleUnivariateMulPeel: detected [k=0.5+mu=0.02049] on NN vars=(0,)
[Stage B]  Greedy order (3 cands): mono_exp_peel(2002p), mono_peel_nn_resid(2999p), exp_peel_nn_resid(2999p)
[Stage B]  Precheck reject (units: Atom kind 'exp_poly' expects dimensionless inputs; x0 has units L^3*T^-2) rule=univariate_mul_peel cand=mono_exp_peel target=nn#leaf0 vars=(0,) attempted=0
[Stage B]  Trying mono-peel + NN residual (k=0.5) on NN leaf vars (0,)
[Stage B] Post-custom-init validation (attempt 0), batch 0, finite: 2000/2000, min: -1.214e+09, max: 2.954e+10, mean: 8.419e+08
[Stage B] Post-custom-init validation (attempt 0), batch 1, finite: 2000/2000, min: -1.041e+09, max: 3.470e+10, mean: 8.939e+08
[Stage B] Post-custom-init validation (attempt 0), batch 2, finite: 2000/2000, min: -7.247e+08, max: 2.515e+10, mean: 8.510e+08
[Stage B] Prediction scale check (attempt 0): pred_median=1.720e+08, true_median=9.826e-02, ratio=1.750e+09
[Stage B] Warning: init scale_ratio extreme; rejecting candidate.
[Stage B]    Candidate (mono_peel_nn_resid) rejected at init (non-finite loss); trying next.
[Stage B]  Precheck reject (units: Atom kind 'exp_poly' expects dimensionless inputs; x0 has units L^3*T^-2) rule=univariate_mul_peel cand=exp_peel_nn_resid target=nn#leaf0 vars=(0,) attempted=0
[Stage B] RuleUnivariateMulPeel: detected [mu=0.02848] on NN vars=(1, 2)
[Stage B]  Greedy order (1 cands): exp_peel_nn_resid(2999p)
[Stage B]  Trying exp-peel + NN residual (mu=0.02848) on NN leaf vars (1, 2)
[Stage B] Post-custom-init validation (attempt 0), batch 0, finite: 2000/2000, min: -5.475e+08, max: 2.094e+07, mean: -2.607e+07
[Stage B] Post-custom-init validation (attempt 0), batch 1, finite: 2000/2000, min: -6.123e+08, max: 1.800e+07, mean: -2.745e+07
[Stage B] Post-custom-init validation (attempt 0), batch 2, finite: 2000/2000, min: -4.957e+08, max: 1.293e+07, mean: -2.572e+07
[Stage B] Prediction scale check (attempt 0): pred_median=1.038e+07, true_median=9.826e-02, ratio=1.056e+08
[Stage B] Warning: init scale_ratio extreme; rejecting candidate.
[Stage B]    Candidate (exp_peel_nn_resid) rejected at init (non-finite loss); trying next.
[Stage B] RuleUnivariateMulPeel: detected [k=1] on NN vars=(1,)
[Stage B]  Greedy order (1 cands): mono_peel_nn_resid(2999p)
[Stage B]  Trying mono-peel + NN residual (k=1) on NN leaf vars (1,)
[Stage B] Post-custom-init validation (attempt 0), batch 0, finite: 2000/2000, min: -4.691e+10, max: -2.503e+07, mean: -1.318e+09
[Stage B] Post-custom-init validation (attempt 0), batch 1, finite: 2000/2000, min: -5.262e+10, max: -2.397e+07, mean: -1.504e+09
[Stage B] Post-custom-init validation (attempt 0), batch 2, finite: 2000/2000, min: -4.664e+10, max: -3.949e+07, mean: -1.042e+09
[Stage B] Prediction scale check (attempt 0): pred_median=2.473e+08, true_median=9.826e-02, ratio=2.516e+09
[Stage B] Warning: init scale_ratio extreme; rejecting candidate.
[Stage B]    Candidate (mono_peel_nn_resid) rejected at init (non-finite loss); trying next.
[Stage B]   target order (arity-asc): [vars=(0,)(arity=1), vars=(1,)(arity=1)]
[Stage B]  Greedy order (1 cands): precond_fallback_div(2999p)
[Stage B]  Precheck reject (units: poly leaf with unitful inputs requires homogeneous basis (min_total=degree=1), but got min_total=0) rule=preconditioner_fallback_nn cand=precond_fallback_div target=nn#leaf0 vars=(0,) attempted=0
[Stage B]  Greedy order (1 cands): precond_fallback_div(2999p)
[Stage B]  Precheck reject (units: poly leaf with unitful inputs requires homogeneous basis (min_total=degree=1), but got min_total=0) rule=preconditioner_fallback_nn cand=precond_fallback_div target=nn#leaf2 vars=(1,) attempted=0
[Stage B] No improving rewrites found; stopping.
[Stage B]   Restoring best-seen state (both<=floor_cmp(4.760e-10); best complexity (1000022.35, 392) < current (3000005.5, 1152))
[Stage B] Pareto(loss,complexity): front=7 trackable=163 outcomes=['accept', 'reject']
[Stage B]   Pareto step=103 accept exp_rat: loss=1.238e-12 cx=1000029.500 (ast=1000029.500, map=0.000:-/none) params=392
[Stage B]   Pareto step=474 reject mono_peel_nn_resid: loss=7.633e-12 cx=1000025.350 (ast=1000025.350, map=0.000:-/none) params=394
[Stage B]   Pareto step=414 accept ratpoly_1d[2]: loss=1.550e-11 cx=1000022.350 (ast=1000022.350, map=0.000:-/none) params=392
[Stage B]   Pareto step=384 reject sqrt_poly[z_inv]: loss=9.202e-10 cx=1000015.700 (ast=1000015.700, map=0.000:-/none) params=389
[Stage B]   Pareto step=381 reject logshifted: loss=4.337e-08 cx=1000013.500 (ast=1000013.500, map=0.000:-/none) params=389
[Stage B]   Pareto step=480 reject last_ratpoly_1d[4]: loss=6.777e-08 cx=35.300 (ast=35.300, map=0.000:-/none) params=14
[Stage B]   Pareto step=476 reject last_ratpoly_1d: loss=3.863e-06 cx=32.600 (ast=32.600, map=0.000:-/none) params=12
[Stage B] WARNING: stored val_loss=1.54988e-11 but recomputed MSE=6.41511
[PruneParam] Skipping: 1 NN atoms remain
[Prune] Skipping: 1 NN atoms remain
[PruneNested] Skipping: 1 NN atoms remain
[Stage B] Shuffle diagnostic skipped: input has only 3 columns, axes=(2, 3) not available.
[Stage B] Phi diagnostic (phi_true=y^2): max|Δ|=14.6, rmse=2.48
[Stage B] y_true stats: min=0.00693, max=1.32, median=0.0968
[Stage B] y_pred stats: min=-14.6, max=0.373, median=-0.461
[31m[Stage B] Final AST still contains 1 trainable NN leaf/leaves; Stage C expression will be marked unresolved and skipped by truth-eval/final-polish.[0m
[Stage C] pretty_print_state FULL expr: -0.0008651380238590069*(x0^0.3333331685451854 * ((0.2231881592784817 - 0.7055629757172697*(x1*(x2)^-1) + (x1*(x2)^-1)^2)/(-0.00909538114860553 + 1.178204660733672*(x1*(x2)^-1)^3 - 0.2749982392387227*(x1*(x2)^-1)^4)) * leaf2(x1))
[Stage B] Final model: params=392, val-loss=6.4151e+00
[Stage B] recomputed final MSE: 6.41511 RMS: 1.47613
[Stage B] stored val_loss: 6.4151e+00
[Stage B] [32mAccepted[0m patterns: scale, ratpoly_1d[2]
[Stage B] After pruning/simplification: -0.0008651380238590069*(x0^0.3333331685451854 * ((0.2231881592784817 - 0.7055629757172697*(x1*(x2)^-1) + (x1*(x2)^-1)^2)/(-0.00909538114860553 + 1.178204660733672*(x1*(x2)^-1)^3 - 0.2749982392387227*(x1*(x2)^-1)^4)) * leaf2(x1))
[36m[Stage B] Final AST:[0m (((scale()#ratpoly1d_scale_leaf1_v1_2_sn2_sd4_n2_d4_mn0_md0 * power(x0)#leaf0) * rratpoly(x1*(x2)^-1)#leaf1) * nn(x1)#leaf2)
[36m[Stage B] Final expression (in φ(y)-space):[0m -0.0008651380238590069*(x0^0.3333331685451854 * ((0.2231881592784817 - 0.7055629757172697*(x1*(x2)^-1) + (x1*(x2)^-1)^2)/(-0.00909538114860553 + 1.178204660733672*(x1*(x2)^-1)^3 - 0.2749982392387227*(x1*(x2)^-1)^4)) * leaf2(x1))
[36m[Stage B] Final expression (in original y-space):[0m -0.0008651380238590069*(x0^0.3333331685451854 * ((0.2231881592784817 - 0.7055629757172697*(x1*(x2)^-1) + (x1*(x2)^-1)^2)/(-0.00909538114860553 + 1.178204660733672*(x1*(x2)^-1)^3 - 0.2749982392387227*(x1*(x2)^-1)^4)) * leaf2(x1))
[A<->B] Saved after-stageB checkpoint to <WORKSPACE>/NestyNet_SR/results/jacobi_v1_full.state.pkl
[A<->B] No multivariate NN atoms remain; converged.

Elapsed time: 9.967019629178361 hours
[GS] Wrote GS report to <WORKSPACE>/NestyNet_SR/results/jacobi_v1_full.gs_report.json
[Stage A provisional] 1/1 confirmed (confirmed_stageB_burden_reduction)

Wrote JSON report to <WORKSPACE>/NestyNet_SR/examples/jacobi_tidal/results/v1_clean_report.json

=== Pre-Polish Noiseless Ground Truth Check ===
status: skipped (unresolved_symbolic_leaves)
Wrote simplification path to <WORKSPACE>/NestyNet_SR/results/jacobi_v1_full.path

=== Simplification Path ===

Step 0 [Stage A] pure NN surrogate (y_op=identity)
  NN[x0, x1, x2]
  mse_raw=1.2173e-09 params=960

Step 1 [Stage A] separability/compound detection (y_op=identity)
  (NN[x0] * (NN[(x1 * (x2)**-1)] * NN[x1]))
  mse_raw=2.7925e-10 params=1152
  base_loss=1.2173e-09

Step 2 [Stage B] rewrite scale (rule=univariate_nn, target=nn#leaf0 vars=(0,))
  ((power(x0) * NN[(x1 * (x2)**-1)]) * NN[x1])
  mse_raw=4.9718e-10 complexity_total=2e+06 params=770 ast_cost=2000007.5
  base_loss=2.6502e-10 threshold=5.3720e-10

Step 3 [Stage B] rewrite ratpoly_1d[2] (rule=univariate_nn, target=nn#leaf1 vars=(1, 2))
  (((scale() * power(x0)) * rratpoly((x1 * (x2)**-1))) * NN[x1])
  mse_raw=1.5499e-11 complexity_total=1e+06 params=392 ast_cost=1000022.3
  base_loss=4.9718e-10

=== Final: (((scale() * power(x0)) * rratpoly((x1 * (x2)**-1))) * NN[x1]) ===

--- Accuracy Progression ---
  Stage A      mse_raw=  1.2173e-09  params=  960
  Stage A      mse_raw=  2.7925e-10  params= 1152  (4.4e+00x better)
  Stage B      mse_raw=  4.9718e-10  params=  770  thr=5.3720e-10  (1.8e+00x worse)
  Stage B      mse_raw=  1.5499e-11  params=  392  (3.2e+01x better)
[FinalPolish] Updated JSON report with final_polish: <WORKSPACE>/NestyNet_SR/examples/jacobi_tidal/results/v1_clean_report.json

=== Final Pareto Polish ===
status: skipped
reason: final expression contains unresolved NN atoms or leaf functions

=== Final Selected Result ===
source: stageB
expr: -0.0008651380238590069*(x0^0.3333331685451854 * ((0.2231881592784817 - 0.7055629757172697*(x1*(x2)^-1) + (x1*(x2)^-1)^2)/(-0.00909538114860553 + 1.178204660733672*(x1*(x2)^-1)^3 - 0.2749982392387227*(x1*(x2)^-1)^4)) * leaf2(x1))

=== Final Selected Ground Truth Check ===
status: skipped (unresolved_symbolic_leaves)
