Running on fragarach-2-1.home with device cpu
enforce_units=True, factorized symbolic search=OFF, continuous skeleton refinement=ON, outer-peel-autorun(deprecated)=ON
[GS] Stage-A symmetry layer enabled (mode=propose, policy=augment, known=True, affine=True, unit_torus=False)
[Data] Overrides: batch_size=2000, ndata_train=6000, ndata_val=2000, data_slice=0
Median of y values: 0.11048863000693729
Median absolute deviation of y values: 0.06888620195283074
Number of x variables: 3
MAD^2 of y values: 0.004745308819486181
RMS of y values: 0.25269601114923845
Log-space dynamic range of |y|: 2.59 decades
[Units] Loaded basis=('L', 'T', 'M'); y_units=[1, 0, 0]; x_units=[[3, -2, 0], [0, -1, 0], [0, -1, 0]]
[PhaseScan] Found 6 phase-coordinate hint(s) from the identity training split.
[PhaseScan]   (x1 * (x2)**-1): omega_obs=6.28319, score=9.7e-05, R2_phase=0.00515, R2_trend=0.0045, cycles=0.389, unit=dimensionless, split_R2=0.00221, null_R2=0.00377
[PhaseScan]   (sqrt(x1) * 1/sqrt(x2)): omega_obs=12.5664, score=8.71e-05, R2_phase=0.0051, R2_trend=0.00449, cycles=0.401, unit=dimensionless, split_R2=0.00235, null_R2=0.00377
[PhaseScan]   (1/sqrt(x1) * sqrt(x2)): omega_obs=12.5664, score=3.99e-05, R2_phase=0.00477, R2_trend=0.00451, cycles=0.43, unit=dimensionless, split_R2=0.00258, null_R2=0.00367
[PhaseScan]   ((x1)**2 * (x2)**-2): omega_obs=3.14159, score=2.89e-05, R2_phase=0.00476, R2_trend=0.00453, cycles=0.371, unit=dimensionless, split_R2=0.00208, null_R2=0.00361
[PhaseScan]   ((x1)**-1 * x2): omega_obs=6.28319, score=2e-05, R2_phase=0.00465, R2_trend=0.00453, cycles=0.447, unit=dimensionless, split_R2=0.00263, null_R2=0.00363
[PhaseScan]   ((x1)**-2 * (x2)**2): omega_obs=3.14159, score=1.86e-05, R2_phase=0.0047, R2_trend=0.00459, cycles=0.49, unit=dimensionless, split_R2=0.00256, null_R2=0.00368
[PhaseScan Context] No contextual phase hints found.
[OuterLinkScan] No inverse-link hints found.

Criteria (base, in units of MAD(φ(y))^2): loss acceptable: 1.000000e-03, loss target: 1.000000e-07, chisq_tol: 1.000000e-10, precision derivs d2y: 1.000000e-03

[Units] Skipping y-transforms incompatible with y units (L): log, logneg, sqrt1p, exp, expneg, arctan, arcsin, arccos, sin, cos, tan
[Stage A] Running standard separability search on pure NN expression


Size of datasets: training: 6000, val: 2000
Using MAD-normalised LM thresholds for y_op None: MAD(φ(y))≈0.069, scale=0.00476
Initial model (AST): NN[x0, x1, x2]
Setting number of segments: 16, dual_layer: True

[34mSeparability Pass:1 (full), number of leaves: 1, y-transformation: None(y), trial 1/1, dual_layer: True[0m
Current model: Identity() (NN[x0, x1, x2]), parameters: 960
[info] dataloader for provider ASTCompositeAdaptor yields 3 batches (equivalent to a single batch up to floating-point roundoff; minor Python-loop overhead per batch).
[LM][bucket] solving P=960 (trivially separable union)
Stopping at epoch 801/2500, lm_opt.state['halt']=True, loss=9.4499e-10, loss_val=1.2173e-09
acceptable losses (raw) target=4.7604e-10, acceptable=4.7604e-06 (base units: target=1.0000e-07, acceptable=1.0000e-03)
[32mADOPTING[0m best val-loss 1.2173e-09 (trial 1/1, dual_layer=True)
Saving initial model which converged with loss 0.000000
Discovering approximate invariance features from gradients...
Discovered 1 candidate features:
  feat_0_0_1       kind=integer_linear  coeffs=[+0.00, +0.00, +1.00]
Discovering approximate scaling / homogeneity features...
Discovered 3 scaling candidates:
  S=[0]  k≈  0.333  rel_std= 0.018  n=6000
  S=[1,2]  k≈ -0.667  rel_std= 0.005  n=6000
  S=[0,1,2]  k≈ -0.334  rel_std= 0.020  n=6000
    [x1] reciprocal probe (negative-k singularity detected)
    [x1] reciprocal: rel_std=0.1297>0.08, no gradient fallback available
[Oracle Probe] No scaling verified by direct evaluation.
  [Trig Scaling] Sampled 5000 points, probing 3 trivial + 0 compound target(s)
  [Trig Scaling] |F| filter: 4750/5000 points pass (5th-pct=1.273e-02)
  [Trig Scaling] x0: no viable ω candidates (span=43)
  [Trig Scaling] x1: no viable ω candidates (span=204)
  [Trig Scaling] x2: no viable ω candidates (span=181)
  [Trig Scaling] No monomial-in-trig detected.
[Early Compound] Checked 1 single-var scaling specs, 0 qualify (need ≥2 for compound)
[Early PureDiff] No valid power-difference proposals found.
Checking for low-degree polynomial fit in x (degree 2)...
Poly-in-x (deg 2) fit: rms_abs=1.377e-01, rms_rel=5.778e-01, n_terms=10, n=6000
Checking for low-degree polynomial fit in f(x)^2 (degree 2)...
Poly-in-f^2 (deg 2) fit: rms_abs=2.040e-01, rms_rel=7.557e-01, n_terms=10, n=6000
Checking for rational poly/poly fit f(x) ≈ P(x)/Q(x)...
Rational fit rat_degN2_degD2: deg_num=2, deg_den=2, rms_abs=7.621e-02, rms_rel=3.198e-01, n_terms_num=3, n_terms_den=4, n=6000, sigma_min=7.071e-02, sigma_ratio=6.146e-03
Checking for trig-like behaviour along coordinate axes...
  [FFT hint] axis 0: omega~0.22, strength=104, span=[0.0202,28.6]
  [FFT hint] axis 1: omega~0.0491, strength=74.5, span=[2.03,130]
  [FFT hint] axis 2: omega~0.233, strength=55.2, span=[2.03,137]
No oracle-derived trig axis.
Discovering K-based preferred directions...
Found 3 preferred directions from K:
  dir 0: u=[+1.000, +0.000, +0.000]
  dir 1: u=[+0.000, +1.000, +0.000]
  dir 2: u=[+0.000, +0.000, +1.000]
  dir 0: omega≈0.219, trig_strength≈102.5
  dir 1: omega≈0.135, trig_strength≈35.0
  dir 2: omega≈0.228, trig_strength≈56.5
Checking for approximate even/odd parity along coordinate axes...
Detected parity candidates on 3 axes:
  axis= 0  origin≈   0.767  kind=none  rms_rel_even=1.96e+04  rms_rel_odd=1.96e+04  n=6000
  axis= 1  origin≈    17.4  kind=none  rms_rel_even=7.95e+02  rms_rel_odd=7.95e+02  n=6000
  axis= 2  origin≈    18.6  kind=none  rms_rel_even=7.03e+02  rms_rel_odd=7.03e+02  n=6000
Checking for approximately radial dependence over small variable groups...
No clear radial structure detected.
Checking for preferred origins / translation structure along axes...
No strong translation structure detected.
Checking for saturating / sigmoidal behaviour along coordinate axes...
No clear saturating behaviour detected along single axes.
Checking for near-constant directions (parameter-like variables)...
No strongly parameter-like directions detected.
Initial separability check with precision 0.1
symb: [0, 1, 2], index: 0, var_x: torch.Size([6000, 3]), y_vals: torch.Size([6000, 1]), dydx_vals: torch.Size([6000, 1, 3]), d2ydx2_vals: torch.Size([6000, 1, 3, 3])
Trying transformation identity
Median of model: 0.09825851499042343, median absolute deviation: 0.06899551268957099, precision: 0.1, 0.1
All additive for x[0, 1], complement x[2] (in NN[0, 1, 2])
  overlapping candidate: x[0, 1] + x[0, 2], shared=1, max-metric=4.88e-03
  overlapping candidate: x[0, 1] + x[1, 2], shared=1, max-metric=8.81e-03
  overlapping candidate: x[0, 2] + x[1, 2], shared=1, max-metric=3.31e-02
Found separability candidate separability for op identity, 0

Trying transformation square
Median of model: 0.009654735768123266, median absolute deviation: 0.009210593836802823, precision: 0.1, 0.1
All additive for x[0, 1], complement x[2] (in NN[0, 1, 2])
  overlapping candidate: x[0, 1] + x[0, 2], shared=1, max-metric=9.27e-03
  overlapping candidate: x[0, 1] + x[1, 2], shared=1, max-metric=2.60e-02
  overlapping candidate: x[0, 2] + x[1, 2], shared=1, max-metric=9.35e-02
Found separability candidate separability for op square, 1

Trying transformation reciprocal
Median of model: 10.176489441913086, median absolute deviation: 7.057029953795574, precision: 0.1, 0.1
All additive for x[0, 1], complement x[2] (in NN[0, 1, 2])
  overlapping candidate: x[0, 1] + x[0, 2], shared=1, max-metric=2.25e-03
  overlapping candidate: x[0, 1] + x[1, 2], shared=1, max-metric=9.53e-03
  overlapping candidate: x[0, 2] + x[1, 2], shared=1, max-metric=3.53e-02
Found separability candidate separability for op reciprocal, 2

Trying transformation sqrt
Median of model: 0.313462142834543, median absolute deviation: 0.1258906871073719, precision: 0.1, 0.1
All additive for x[0, 1], complement x[2] (in NN[0, 1, 2])
  overlapping candidate: x[0, 1] + x[0, 2], shared=1, max-metric=3.58e-03
  overlapping candidate: x[0, 1] + x[1, 2], shared=1, max-metric=4.01e-03
  overlapping candidate: x[0, 2] + x[1, 2], shared=1, max-metric=1.60e-02
Found separability candidate separability for op sqrt, 3

Recap:
Transformation identity is a candidate for separability: True
Transformation square is a candidate for separability: True
Transformation reciprocal is a candidate for separability: True
Transformation sqrt is a candidate for separability: True

Initial fit suggests separability candidates for y_op None.

======================================================================
  [Stage A] SEPARABILITY SEARCH
======================================================================
All multiplicative for x[0], complement x[1, 2] (in NN[0, 1, 2])
All additive for x[0, 1], complement x[2] (in NN[0, 1, 2])
  overlapping candidate: x[0, 1] + x[0, 2], shared=1, max-metric=4.55e-03
  overlapping candidate: x[0, 1] + x[1, 2], shared=1, max-metric=8.67e-03
[Variable Extension] Detecting compound structure for NN[0, 1, 2]...
[NestyNet][param_refresh] discovered 1 base model(s):
  #0: base=G_Model, params=720, output_major=False, id=5450080960, primary=base_model
[nestynet.optimizer] [LM] num_params: 720
[LM][bucket] solving P=720 (trivially separable union)
[nestynet.optimizer] [LM] Iter 0, chisq: 1589.466517635925, improvement: 16537.216022121676, val-set chisq: 1585.9155959223679, nacc: 1, nacc_lin: 0, skipped_Quad: 0, acc_frac: 1.0, lambda: 33.333333333333336, lbfgs: 0
[nestynet.optimizer] [LM] Iter 100, chisq: 1.3132031739754213e-06, improvement: 1589.4665163227216, val-set chisq: 1.3109612213460414e-06, nacc: 68, nacc_lin: 63, skipped_Quad: 0, acc_frac: 0.67, lambda: 4.1856684267214265e-08, lbfgs: 0
[nestynet.optimizer] [LM] Iter 200, chisq: 1.1017179498171773e-06, improvement: 2.1148522415824395e-07, val-set chisq: 1.1020625708562173e-06, nacc: 128, nacc_lin: 63, skipped_Quad: 27, acc_frac: 0.6, lambda: 8.980276577408404e-09, lbfgs: 0
[nestynet.optimizer] [LM] Iter 300, chisq: 9.748575295053947e-07, improvement: 1.2686042031178266e-07, val-set chisq: 9.883242787110978e-07, nacc: 187, nacc_lin: 63, skipped_Quad: 57, acc_frac: 0.59, lambda: 2.890053362513416e-08, lbfgs: 0
[nestynet.optimizer] [LM] Iter 400, chisq: 8.883806184418791e-07, improvement: 8.647691106351554e-08, val-set chisq: 9.182119372363573e-07, nacc: 247, nacc_lin: 63, skipped_Quad: 81, acc_frac: 0.6, lambda: 6.200557682293201e-09, lbfgs: 0
[nestynet.optimizer] [LM] Iter 500, chisq: 7.943426738644571e-07, improvement: 9.403794457742201e-08, val-set chisq: 8.470791025435606e-07, nacc: 306, nacc_lin: 63, skipped_Quad: 93, acc_frac: 0.59, lambda: 1.9954778034621887e-08, lbfgs: 0
[nestynet.optimizer] [LM] Iter 600, chisq: 7.232320186378994e-07, improvement: 7.111065522655776e-08, val-set chisq: 7.893348133131557e-07, nacc: 366, nacc_lin: 72, skipped_Quad: 113, acc_frac: 0.6, lambda: 4.2812618564739724e-09, lbfgs: 0
[nestynet.optimizer] [LM] Iter 700, chisq: 6.75669387571909e-07, improvement: 4.756263106599038e-08, val-set chisq: 7.442633378004344e-07, nacc: 425, nacc_lin: 73, skipped_Quad: 144, acc_frac: 0.59, lambda: 1.3778055851007815e-08, lbfgs: 0
[nestynet.optimizer] [LM] Maximum iterations reached (800); halting.
<WORKSPACE>/NestyNet_SR/nestynet_sr/sr_gs/affine_algebra.py:540: RuntimeWarning: divide by zero encountered in matmul
  fields = x @ A_phys.T + b_phys
<WORKSPACE>/NestyNet_SR/nestynet_sr/sr_gs/affine_algebra.py:540: RuntimeWarning: overflow encountered in matmul
  fields = x @ A_phys.T + b_phys
<WORKSPACE>/NestyNet_SR/nestynet_sr/sr_gs/affine_algebra.py:540: RuntimeWarning: invalid value encountered in matmul
  fields = x @ A_phys.T + b_phys
<WORKSPACE>/NestyNet_SR/nestynet_sr/sr_gs/affine_algebra.py:238: RuntimeWarning: divide by zero encountered in matmul
  col_residuals = np.linalg.norm(D_train @ basis, axis=0)
<WORKSPACE>/NestyNet_SR/nestynet_sr/sr_gs/affine_algebra.py:238: RuntimeWarning: overflow encountered in matmul
  col_residuals = np.linalg.norm(D_train @ basis, axis=0)
<WORKSPACE>/NestyNet_SR/nestynet_sr/sr_gs/affine_algebra.py:238: RuntimeWarning: invalid value encountered in matmul
  col_residuals = np.linalg.norm(D_train @ basis, axis=0)
<WORKSPACE>/NestyNet_SR/nestynet_sr/sr_gs/affine_algebra.py:630: RuntimeWarning: divide by zero encountered in matmul
  col_residuals = np.linalg.norm(D[idx] @ basis_b, axis=0)
<WORKSPACE>/NestyNet_SR/nestynet_sr/sr_gs/affine_algebra.py:630: RuntimeWarning: overflow encountered in matmul
  col_residuals = np.linalg.norm(D[idx] @ basis_b, axis=0)
<WORKSPACE>/NestyNet_SR/nestynet_sr/sr_gs/affine_algebra.py:630: RuntimeWarning: invalid value encountered in matmul
  col_residuals = np.linalg.norm(D[idx] @ basis_b, axis=0)
[Stage A GS] audited=28, accepted=4, proposals=0
    [x1] reciprocal probe (negative-k singularity detected)
    [x1] reciprocal: rel_std=0.1297>0.08, no gradient fallback available
  [Trig Scaling] Sampled 5000 points, probing 3 trivial + 0 compound target(s)
  [Trig Scaling] |F| filter: 4750/5000 points pass (5th-pct=1.273e-02)
  [Trig Scaling] x0: no viable ω candidates (span=43)
  [Trig Scaling] x1: no viable ω candidates (span=204)
  [Trig Scaling] x2: no viable ω candidates (span=181)
<WORKSPACE>/NestyNet_SR/nestynet_sr/sr_core/separability_math.py:2778: RuntimeWarning: divide by zero encountered in matmul
  coeff = (V @ a_vec) / den
<WORKSPACE>/NestyNet_SR/nestynet_sr/sr_core/separability_math.py:2778: RuntimeWarning: overflow encountered in matmul
  coeff = (V @ a_vec) / den
<WORKSPACE>/NestyNet_SR/nestynet_sr/sr_core/separability_math.py:2778: RuntimeWarning: invalid value encountered in matmul
  coeff = (V @ a_vec) / den
[Compound RetainAxis] Adding wrapper z=((x0 * (x1)**-3) * x2) with extra x0
[Compound RetainAxis] Adding wrapper z=((x0 * (x1)**-3) * x2) with extra x1
[Compound RetainAxis] Adding wrapper z=((x0 * (x1)**-3) * x2) with extra x2
[Compound RetainAxis] Adding wrapper z=((x0 * (x1)**-4) * x2) with extra x0
[Compound RetainAxis] Adding wrapper z=((x0 * (x1)**-4) * x2) with extra x1
[Compound RetainAxis] Adding wrapper z=((x0 * (x1)**-4) * x2) with extra x2
[Compound DiffProd] Gradient-ratio found x1^1 - x2^1, ratio_conf=0.885, trying multiplier variables...
[Compound DiffProd] Testing (x1^1 - x2^1) * x0: conf=0.3406, threshold=0.90, outer_power=0
[Stage A LogExp] Shadowed dimless_ratio:log z=log((x1 * (x2)**-1)) (conf=0.930); coordinate lift is not committed in Stage A
[Shadow] recorded log((x1 * (x2)**-1)) for parent=('tag', 'A0') source=stageA_logexp conf=0.930 unit=unit_valid
[Stage A LogExp] Shadowed dimless_ratio:exp z=exp((x1 * (x2)**-1)) (conf=0.930); coordinate lift is not committed in Stage A
[Shadow] recorded exp((x1 * (x2)**-1)) for parent=('tag', 'A0') source=stageA_logexp conf=0.930 unit=unit_valid
[Stage A LogExp] Shadowed dimless_ratio:log z=log((x2 * (x1)**-1)) (conf=0.930); coordinate lift is not committed in Stage A
[Shadow] recorded log((x2 * (x1)**-1)) for parent=('tag', 'A0') source=stageA_logexp conf=0.930 unit=unit_valid
[Stage A LogExp] Shadowed dimless_ratio:exp z=exp((x2 * (x1)**-1)) (conf=0.930); coordinate lift is not committed in Stage A
[Shadow] recorded exp((x2 * (x1)**-1)) for parent=('tag', 'A0') source=stageA_logexp conf=0.930 unit=unit_valid
[Compound Exhaustion] High-confidence proposal (conf=0.948), trying...
[Compound] Preserving 6 arity-2 backup proposal(s) beyond primary compound shortlist.
[Compound] Normalized proposal shortlist:
[Compound]   1. kind=monomial, conf=0.923, support=3, z=((x0 * (x1)**-3) * x2)
[Compound]   2. kind=monomial, conf=0.920, support=3, z=((x0 * (x1)**-4) * x2)
[Compound]   3. kind=monomial, conf=0.918, support=3, z=((x0 * (x1)**-3) * x2)
[Compound]   4. kind=monomial, conf=0.918, support=3, z=((x0 * (x1)**-3) * x2)
[Compound]   5. kind=monomial, conf=0.918, support=3, z=((x0 * (x1)**-3) * x2)
[Compound]   6. kind=monomial, conf=0.915, support=3, z=((x0 * (x1)**-4) * x2)
[Compound]   7. kind=monomial, conf=0.948, support=2, z=(x1 * (x2)**-1)
[Compound]   8. kind=monomial, conf=0.909, support=2, z=(x0 * x2)
[Compound]   9. kind=monomial, conf=0.909, support=2, z=(x0 * (x1)**-3)
[Compound]   10. kind=monomial, conf=0.909, support=2, z=((x1)**-3 * x2)
[Compound]   11. kind=monomial, conf=0.906, support=2, z=(x0 * (x1)**-4)
[Compound]   12. kind=monomial, conf=0.906, support=2, z=((x1)**-4 * x2)
[Units/Buckingham] Skipping compound after forced monomial probe: compound destroys dimensionless freedom: 1 -> 0 (need >= 1); forces monomial; no small unit-forced monomial power matches target dimension
[Units/Buckingham] Skipping compound after forced monomial probe: compound destroys dimensionless freedom: 1 -> 0 (need >= 1); forces monomial; no small unit-forced monomial power matches target dimension
[Units/Buckingham] Skipping compound after forced monomial probe: compound destroys dimensionless freedom: 1 -> 0 (need >= 1); forces monomial; no small unit-forced monomial power matches target dimension
[Units/Buckingham] Skipping compound after forced monomial probe: compound destroys dimensionless freedom: 1 -> 0 (need >= 1); forces monomial; no small unit-forced monomial power matches target dimension
[Units/Buckingham] Skipping compound after forced monomial probe: compound destroys dimensionless freedom: 1 -> 0 (need >= 1); forces monomial; no small unit-forced monomial power matches target dimension
[Units/Buckingham] Skipping compound after forced monomial probe: compound destroys dimensionless freedom: 1 -> 0 (need >= 1); forces monomial; no small unit-forced monomial power matches target dimension
[Units/Buckingham] Skipping compound before screening: compound reduces dimensional rank: 2 -> 1; remaining variables cannot span output dimension
[Units/Buckingham] Skipping compound after forced monomial probe: compound destroys dimensionless freedom: 1 -> 0 (need >= 1); forces monomial; no small unit-forced monomial power matches target dimension
[Units/Buckingham] Skipping compound after forced monomial probe: compound destroys dimensionless freedom: 1 -> 0 (need >= 1); forces monomial; no small unit-forced monomial power matches target dimension
[Units/Buckingham] Skipping compound after forced monomial probe: compound destroys dimensionless freedom: 1 -> 0 (need >= 1); forces monomial; no small unit-forced monomial power matches target dimension
[Units/Buckingham] Skipping compound after forced monomial probe: compound destroys dimensionless freedom: 1 -> 0 (need >= 1); forces monomial; no small unit-forced monomial power matches target dimension
[Units/Buckingham] Skipping compound after forced monomial probe: compound destroys dimensionless freedom: 1 -> 0 (need >= 1); forces monomial; no small unit-forced monomial power matches target dimension
Checking separability of None(y) in input space with precision 0.001
All multiplicative for x[0], complement x[1, 2] (in NN[0, 1, 2])
All additive for x[0, 1], complement x[2] (in NN[0, 1, 2])
  overlapping candidate: x[0, 1] + x[0, 2], shared=1, max-metric=4.88e-03
  overlapping candidate: x[0, 1] + x[1, 2], shared=1, max-metric=8.81e-03
Setting number of segments: 16 (variant: no_offset)
[Teacher init] Training left factor on 2000 profile samples...
[Teacher init] Left factor trained, final loss: 3.210e-01
[Teacher init] Training right factor on 2000 profile samples...
[Teacher init] Right factor trained, final loss: 5.031e+02
[Teacher init] Scale check: left_rms=7.935e-01, right_rms=2.245e+01, ratio=28.30
[rescale_leaf] left: leaf type=DualSegmentedAdaptor, factor=5.3194
[rescale_leaf] left: scaled a_fit via base_model
[rescale_leaf] left: scaled a_pieces_fixed[15] via base_model
[rescale_leaf] right: leaf type=DualSegmentedAdaptor, factor=0.1880
[rescale_leaf] right: scaled a_fit via base_model
[rescale_leaf] right: scaled a_pieces_fixed[15] via base_model
[Teacher init] Final gauge norm: left x5.32, right x0.19
***Training candidate separable model (variant: no_offset)***, acceptance threshold (raw) 1.2173e-07 (base 1.0000e-03)
    Proposed: (NN[x0] * NN[x1, x2])
[info] dataloader for provider ASTCompositeAdaptor yields 3 batches (equivalent to a single batch up to floating-point roundoff; minor Python-loop overhead per batch).
[LM][bucket] solving P=1024 (trivially separable union)
[trial] Stopping at epoch 501/2500, lm_opt.state['halt']=True, loss=7.7618e-11, loss_val=1.0003e-10
[32mAccepted[0m separation (variant: no_offset), val-loss 1.0003e-10
[Stage A]   Current: [35mIdentity()(nn0(x0) * nn1(x1, x2))[0m
[Shadow] pruned stale coordinate evidence after separation: parents=1, shadows=4, consumed=0
Setting number of segments: 16, dual_layer: True

[34mSeparability Pass:2 (full), number of leaves: 2, y-transformation: None(y), trial 1/1, dual_layer: True[0m
Current model: Identity() ((NN[x0] * NN[x1, x2])), parameters: 1024
[info] dataloader for provider ASTCompositeAdaptor yields 3 batches (equivalent to a single batch up to floating-point roundoff; minor Python-loop overhead per batch).
Stopping at epoch 1/2500, lm_opt.state['halt']=True, loss=7.7261e-11, loss_val=1.0034e-10
acceptable losses (raw) target=4.7604e-10, acceptable=4.7604e-06 (base units: target=1.0000e-07, acceptable=1.0000e-03)
[32mADOPTING[0m best val-loss 1.0034e-10 (trial 1/1, dual_layer=True)

======================================================================
  [Stage A] SEPARABILITY SEARCH — restart (pass 2)
======================================================================
All additive for x[1], complement x[2] (in NN[1, 2])
[Stage A Monomial] Trying monomial_deg1 on NN[0] as rpoly (k≈0.333, rel=1.93e-05); accept_threshold=4.7604e-08
[info] dataloader for provider ASTCompositeAdaptor yields 3 batches (equivalent to a single batch up to floating-point roundoff; minor Python-loop overhead per batch).
[nestynet.optimizer] [95m[LM] Potential K-colinearity issue in rm[0].providers[0] (_Composite, segments=16, outputs=1, seg_width=1): 439/1920 cross-segment channel pairs exceed |cos|>0.95 (worst seg 1/out 1 ↔ seg 9/out 0 |cos|=1.0000). Grouped segment pairs: 0/120 exceed |cos|>0.95 (worst seg 3 ↔ seg 11 |cos|=0.9304). This can make LM/direct_solve ill-conditioned; consider increasing seg_width, reducing segment count, or using a more diversity-preserving initialization. This model uses low-dimensional K-vectors (Nx*seg_width=2), so channel-level directional crowding can appear before whole segments overlap.[0m
[LM][bucket] solving P=640 (trivially separable union)
[trial] Validation patience exceeded at epoch 601/2500, nval_worse=500
[Variable Extension] Detecting compound structure for NN[1, 2]...
[nestynet.optimizer] [95m[LM] Potential K-colinearity issue in rm[0].providers[0] (G_Model, segments=48, outputs=1, seg_width=2): 21/1128 cross-segment channel pairs exceed |cos|>0.95 (worst seg 5/out 0 ↔ seg 37/out 0 |cos|=0.9930). Grouped segment pairs: 21/1128 exceed |cos|>0.95 (worst seg 5 ↔ seg 37 |cos|=0.9930). This can make LM/direct_solve ill-conditioned; consider increasing seg_width, reducing segment count, or using a more diversity-preserving initialization. This model uses low-dimensional K-vectors (Nx*seg_width=4), so channel-level directional crowding can appear before whole segments overlap.[0m
[NestyNet][param_refresh] discovered 1 base model(s):
  #0: base=G_Model, params=384, output_major=False, id=5450087008, primary=base_model
[nestynet.optimizer] [LM] num_params: 384
[LM][bucket] solving P=384 (trivially separable union)
[nestynet.optimizer] [LM] Iter 0, chisq: 1620.6296960998, improvement: 9620.729046638944, val-set chisq: 1620.7581167728508, nacc: 1, nacc_lin: 0, skipped_Quad: 0, acc_frac: 1.0, lambda: 33.333333333333336, lbfgs: 0
[nestynet.optimizer] [LM] Iter 100, chisq: 5.632459703207826e-06, improvement: 1620.6296904673402, val-set chisq: 3.958103523535597e-06, nacc: 69, nacc_lin: 68, skipped_Quad: 0, acc_frac: 0.68, lambda: 7.092938361732527e-09, lbfgs: 0
[nestynet.optimizer] [LM] Iter 200, chisq: 2.6955621154759685e-06, improvement: 2.9368975877318577e-06, val-set chisq: 2.2547517484826405e-06, nacc: 127, nacc_lin: 68, skipped_Quad: 16, acc_frac: 0.58, lambda: 3.423998724158655e-07, lbfgs: 0
[nestynet.optimizer] [LM] Iter 300, chisq: 1.904398918375957e-06, improvement: 7.911631971000115e-07, val-set chisq: 1.6044979347558867e-06, nacc: 187, nacc_lin: 68, skipped_Quad: 28, acc_frac: 0.6, lambda: 7.346127884220166e-08, lbfgs: 0
[nestynet.optimizer] [LM] Iter 400, chisq: 1.4520860546290175e-06, improvement: 4.5231286374693955e-07, val-set chisq: 1.223572438733493e-06, nacc: 246, nacc_lin: 68, skipped_Quad: 52, acc_frac: 0.59, lambda: 2.3641478533805887e-07, lbfgs: 0
[nestynet.optimizer] [LM] Iter 500, chisq: 1.121632510614955e-06, improvement: 3.3045354401406254e-07, val-set chisq: 9.47600866731482e-07, nacc: 306, nacc_lin: 68, skipped_Quad: 70, acc_frac: 0.6, lambda: 5.072236839809541e-08, lbfgs: 0
[nestynet.optimizer] [LM] Iter 600, chisq: 7.763738917544458e-07, improvement: 3.4525861886050916e-07, val-set chisq: 6.626370827880097e-07, nacc: 366, nacc_lin: 69, skipped_Quad: 98, acc_frac: 0.6, lambda: 1.088239321509955e-08, lbfgs: 0
[nestynet.optimizer] [LM] Iter 700, chisq: 5.608682840415925e-07, improvement: 2.155056077128533e-07, val-set chisq: 4.893416874467218e-07, nacc: 425, nacc_lin: 69, skipped_Quad: 112, acc_frac: 0.59, lambda: 3.502196934848516e-08, lbfgs: 0
[nestynet.optimizer] [LM] Maximum iterations reached (800); halting.
[Stage A GS] audited=13, accepted=2, proposals=0
    [x0] reciprocal probe (negative-k singularity detected)
    [x0] reciprocal: rel_std=0.5659>0.08, no gradient fallback available
  [Trig Scaling] Sampled 5000 points, probing 2 trivial + 0 compound target(s)
  [Trig Scaling] |F| filter: 4750/5000 points pass (5th-pct=4.744e-04)
  [Trig Scaling] x0: no viable ω candidates (span=204)
  [Trig Scaling] x1: no viable ω candidates (span=181)
[Compound LogDeriv] Recovered 1 proposal(s) (sigma_ratio=0.002327660332568803) for vars=(1, 2)
[Compound RetainAxis] Adding wrapper z=(x1 * (x2)**-1) with extra x1
[Compound RetainAxis] Adding wrapper z=(x1 * (x2)**-1) with extra x2
[Stage A LogExp] Shadowed dimless_ratio:log z=log((x1 * (x2)**-1)) (conf=0.930); coordinate lift is not committed in Stage A
[Shadow] recorded log((x1 * (x2)**-1)) for parent=('tag', 'A0_R') source=stageA_logexp conf=0.930 unit=unit_valid
[Stage A LogExp] Shadowed dimless_ratio:exp z=exp((x1 * (x2)**-1)) (conf=0.930); coordinate lift is not committed in Stage A
[Shadow] recorded exp((x1 * (x2)**-1)) for parent=('tag', 'A0_R') source=stageA_logexp conf=0.930 unit=unit_valid
[Stage A LogExp] Shadowed dimless_ratio:log z=log((x2 * (x1)**-1)) (conf=0.930); coordinate lift is not committed in Stage A
[Shadow] recorded log((x2 * (x1)**-1)) for parent=('tag', 'A0_R') source=stageA_logexp conf=0.930 unit=unit_valid
[Stage A LogExp] Shadowed dimless_ratio:exp z=exp((x2 * (x1)**-1)) (conf=0.930); coordinate lift is not committed in Stage A
[Shadow] recorded exp((x2 * (x1)**-1)) for parent=('tag', 'A0_R') source=stageA_logexp conf=0.930 unit=unit_valid
[Compound Exhaustion] High-confidence proposal (conf=0.998), trying...
[Compound] Normalized proposal shortlist:
[Compound]   1. kind=monomial, conf=0.998, support=2, z=(x1 * (x2)**-1)
[Compound]   2. kind=linear, conf=0.939, support=2, z=((-2 * x1) + x2)
[Compound]   3. kind=monomial, conf=0.993, support=2, z=(x1 * (x2)**-1)
[Compound]   4. kind=monomial, conf=0.993, support=2, z=(x1 * (x2)**-1)
[Units/Buckingham] Skipping compound before screening: compound reduces dimensional rank: 1 -> 0; remaining variables cannot span output dimension
[Compound] 1D compound detected (all vars in z), boosting segments to 32
[Compound] Proposal (linear) conf 0.939, screen=0.994; trying sq:(((-2 * x1) + x2))**2
[Distill] epoch 1/2000: loss=9.4318e+10
[Distill] epoch 1000/2000: loss=4.6483e+02
[Distill] epoch 2000/2000: loss=1.7461e+00
[Distill] Final: loss=1.7461e+00 (did not converge below 1.0000e-04)
[Compound] Training candidate (sq); accept_threshold=4.7604e-08
[Compound] Structural arity reduction target enabled: arity signature (1, 2, 1) → (0, 1, 0), target-quality threshold 4.7604e-08
[info] dataloader for provider ASTCompositeAdaptor yields 3 batches (equivalent to a single batch up to floating-point roundoff; minor Python-loop overhead per batch).
[LM][bucket] solving P=1152 (trivially separable union)
[trial] Early abandonment at epoch 1001/2500: best_val_loss=4.1133e-04 > 1.1901e-07 (2.5x accept_threshold 4.7604e-08)
[Compound] Rejected (sq) (linear) z=(((-2 * x1) + x2))**2, val-loss 4.1133e-04
[Compound] Proposal (linear) conf 0.939, screen=0.994; trying abs:sqrt((((-2 * x1) + x2))**2)
[Distill] epoch 1/2000: loss=2.3941e+07
[Distill] epoch 1000/2000: loss=2.4996e+01
[Distill] epoch 2000/2000: loss=6.4569e+00
[Distill] Final: loss=6.4569e+00 (did not converge below 1.0000e-04)
[Compound] Training candidate (abs); accept_threshold=4.7604e-08
[Compound] Structural arity reduction target enabled: arity signature (1, 2, 1) → (0, 1, 0), target-quality threshold 4.7604e-08
[info] dataloader for provider ASTCompositeAdaptor yields 3 batches (equivalent to a single batch up to floating-point roundoff; minor Python-loop overhead per batch).
[trial] Validation patience exceeded at epoch 1001/2500, nval_worse=500
[Compound] Rejected (abs) (linear) z=sqrt((((-2 * x1) + x2))**2), val-loss 4.1519e-04
[Compound] Proposal (linear) conf 0.939, screen=0.994; trying z:((-2 * x1) + x2)
[Distill] epoch 1/2000: loss=4.6229e+07
[Distill] epoch 1000/2000: loss=2.1796e+02
[Distill] epoch 2000/2000: loss=1.3236e+00
[Distill] Final: loss=1.3236e+00 (did not converge below 1.0000e-04)
[Compound] Training candidate (z); accept_threshold=4.7604e-08
[Compound] Structural arity reduction target enabled: arity signature (1, 2, 1) → (0, 1, 0), target-quality threshold 4.7604e-08
[info] dataloader for provider ASTCompositeAdaptor yields 3 batches (equivalent to a single batch up to floating-point roundoff; minor Python-loop overhead per batch).
[trial] Validation patience exceeded at epoch 1001/2500, nval_worse=500
[Compound] Rejected (z) (linear) z=((-2 * x1) + x2), val-loss 4.1544e-04
[Compound] Trying same-arity wrapper: arity 2 → 2; will require confirmed separability payoff
[Compound] Proposal (monomial) conf 0.993; trying z:(x1 * (x2)**-1), extras=[1]
[Distill] epoch 1/2000: loss=1.7644e+08
[Distill] epoch 1000/2000: loss=1.5258e+01
[Distill] epoch 2000/2000: loss=1.1545e+01
[Distill] Final: loss=1.1545e+01 (did not converge below 1.0000e-04)
[Compound] Training candidate (z); accept_threshold=4.7604e-08
[info] dataloader for provider ASTCompositeAdaptor yields 3 batches (equivalent to a single batch up to floating-point roundoff; minor Python-loop overhead per batch).
[LM][bucket] solving P=1024 (trivially separable union)
[trial] Stopping at epoch 301/2500, lm_opt.state['halt']=True, loss=1.4002e-11, loss_val=1.4001e-11
[32m[Compound] LM fit passed[0m (z) (monomial) z=(x1 * (x2)**-1), val-loss 1.4001e-11
All additive for x['z'], complement x[1] (in NN['z', 1])
[Compound] Wrapper z enables separability (z separates from extras)
[Compound] Retained-axis overlap confirmed for x1: retained-axis power-like factor k=-0.6667, rel_std=0.0001732, n=5000
[Compound] Skipping rat_inv (redundant: z already accepted)
[Compound] Skipping rat_z2 (redundant: z already accepted)
[32m[Compound] Selected[0m best variant (z) (monomial) z=(x1 * (x2)**-1) (pattern=(1, -1)), val-loss 1.4001e-11
[Stage A]   Current: [35mIdentity()(nn0(x0) * nn1(z=(x1 * x2^-1), x1))[0m
[Stage A Monomial] Trying monomial_deg1 on NN[0] as rpoly (k≈0.333, rel=6.15e-06); accept_threshold=4.7604e-08
[info] dataloader for provider ASTCompositeAdaptor yields 3 batches (equivalent to a single batch up to floating-point roundoff; minor Python-loop overhead per batch).
[nestynet.optimizer] [95m[LM] Potential K-colinearity issue in rm[0].providers[0] (_Composite, segments=16, outputs=1, seg_width=1): 460/1920 cross-segment channel pairs exceed |cos|>0.95 (worst seg 2/out 3 ↔ seg 15/out 0 |cos|=1.0000). Grouped segment pairs: 1/120 exceed |cos|>0.95 (worst seg 5 ↔ seg 7 |cos|=0.9624). This can make LM/direct_solve ill-conditioned; consider increasing seg_width, reducing segment count, or using a more diversity-preserving initialization. This model uses low-dimensional K-vectors (Nx*seg_width=2), so channel-level directional crowding can appear before whole segments overlap.[0m
[LM][bucket] solving P=640 (trivially separable union)
[trial] Validation patience exceeded at epoch 601/2500, nval_worse=500
All additive for x['z'], complement x[1] (in NN['z', 1])
[Compound] Existing compound separates from extras [1], but checking only extensions that consume the separated coordinate.
[Variable Extension] Checking iterative extension for compound atom NN[1, 2]...
    [x0] reciprocal probe (negative-k singularity detected)
    [x0] reciprocal: ratio test failed (n_valid_k=0<100), no gradient fallback
    [x1] reciprocal probe (negative-k singularity detected)
  [Trig Scaling] Sampled 5000 points, probing 2 trivial + 0 compound target(s)
  [Trig Scaling] |F| filter: 4750/5000 points pass (5th-pct=1.294e-02)
  [Trig Scaling] x0: span=0.389, 15 ω candidates
  [Trig Scaling] x0 ACCEPTED: sin(4·z)^0.791  rel_std=0.0678
  [Trig Scaling] x1: no viable ω candidates (span=204)
[Local Oracle] Fresh path: 1 scaling, 1 trig specs
  [Local Oracle] x[1]: k≈-0.712, rel_std=0.0644
  [Local Oracle] leaf z: sin, ω=4, k=0.79, rel_std=0.0678
[Shadow] recorded sin((4 * (x1 * (x2)**-1))) for parent=('tag', 'A0_R') source=local_oracle_trig conf=0.932 unit=unit_valid
[Stage A LogExp] Shadowed dimless_input:log z=log((x1 * (x2)**-1)) (conf=0.900); coordinate lift is not committed in Stage A
[Shadow] merged log((x1 * (x2)**-1)) for parent=('tag', 'A0_R') source=stageA_logexp conf=0.930 unit=unit_valid
[Stage A LogExp] Shadowed dimless_input:exp z=exp((x1 * (x2)**-1)) (conf=0.900); coordinate lift is not committed in Stage A
[Shadow] merged exp((x1 * (x2)**-1)) for parent=('tag', 'A0_R') source=stageA_logexp conf=0.930 unit=unit_valid
[Compound Exhaustion] High-confidence proposal (conf=0.900), trying...
[Compound] Normalized proposal shortlist:
[Compound]   1. kind=passthrough, conf=0.900, support=1, z=(x1 * (x2)**-1)
[Compound] Skipping proposal: raw extra(s) x1 already appear inside compound (x1 * (x2)**-1); overlap coordinate splits are Stage-A gauge moves, not confirmed simplifications
Checking separability of None(y) in input space with precision 0.001
All multiplicative for x['z'], complement x[1] (in NN['z', 1])
Setting number of segments: 16 (variant: no_offset)
[Teacher init] Training left factor on 2000 profile samples...
[Teacher init] Left factor trained, final loss: 8.313e-03
[Teacher init] Training right factor on 2000 profile samples...
[Teacher init] Right factor trained, final loss: 8.063e+00
[Teacher init] Scale check: left_rms=3.395e-01, right_rms=2.900e+00, ratio=8.54
[rescale_leaf] left: leaf type=DualSegmentedAdaptor, factor=2.9223
[rescale_leaf] left: scaled a_fit via base_model
[rescale_leaf] left: scaled a_pieces_fixed[15] via base_model
[rescale_leaf] right: leaf type=DualSegmentedAdaptor, factor=0.3422
[rescale_leaf] right: scaled a_fit via base_model
[rescale_leaf] right: scaled a_pieces_fixed[15] via base_model
[Teacher init] Final gauge norm: left x2.92, right x0.34
***Training candidate separable model (variant: no_offset)***, acceptance threshold (raw) 4.7604e-08 (base 1.0000e-03)
    Proposed: (NN[x0] * (NN[(x1 * (x2)**-1)] * NN[x1]))
[info] dataloader for provider ASTCompositeAdaptor yields 3 batches (equivalent to a single batch up to floating-point roundoff; minor Python-loop overhead per batch).
[LM][bucket] solving P=1152 (trivially separable union)
[trial] Stopping at epoch 801/2500, lm_opt.state['halt']=True, loss=2.1686e-10, loss_val=3.5458e-10
[32mAccepted[0m separation (variant: no_offset), val-loss 3.5458e-10
[Stage A]   Current: [35mIdentity()(nn0(x0) * nn1(z=(x1 * x2^-1)) * nn2(x1))[0m
[Shadow] pruned stale coordinate evidence after separation: parents=1, shadows=5, consumed=0
Setting number of segments: 16, dual_layer: True

[34mSeparability Pass:3 (full), number of leaves: 3, y-transformation: None(y), trial 1/1, dual_layer: True[0m
Current model: Identity() ((NN[x0] * (NN[(x1 * (x2)**-1)] * NN[x1]))), parameters: 1152
[info] dataloader for provider ASTCompositeAdaptor yields 3 batches (equivalent to a single batch up to floating-point roundoff; minor Python-loop overhead per batch).
Stopping at epoch 1/2500, lm_opt.state['halt']=True, loss=2.1469e-10, loss_val=3.5131e-10
acceptable losses (raw) target=4.7604e-10, acceptable=4.7604e-06 (base units: target=1.0000e-07, acceptable=1.0000e-03)
[32mADOPTING[0m best val-loss 3.5131e-10 (trial 1/1, dual_layer=True)

======================================================================
  [Stage A] SEPARABILITY SEARCH — restart (pass 3)
======================================================================
[Stage A Monomial] Trying monomial_deg1 on NN[0] as rpoly (k≈0.333, rel=9.48e-06); accept_threshold=4.7604e-08
[info] dataloader for provider ASTCompositeAdaptor yields 3 batches (equivalent to a single batch up to floating-point roundoff; minor Python-loop overhead per batch).
[LM][bucket] solving P=768 (trivially separable union)
[trial] Validation patience exceeded at epoch 601/2500, nval_worse=500
[Stage A Monomial] Skipping NN[1, 2]: shared multiplicative NN support; leaving gauge-sensitive peel to Stage B.
[Stage A Monomial] Skipping NN[1]: shared multiplicative NN support; leaving gauge-sensitive peel to Stage B.
[Units] Stage A summary (identity): skipped 13 unit-incompatible proposal(s).
[Units]   - compound_buckingham: 13
[Units]       11× compound destroys dimensionless freedom: 1 -> 0 (need >= 1); forces monomial; no small unit-forced monomial power matches target dimension
[Units]       1× compound reduces dimensional rank: 2 -> 1; remaining variables cannot span output dimension
[Units]       1× compound reduces dimensional rank: 1 -> 0; remaining variables cannot span output dimension
[Reference] Saved pre-separability model to <WORKSPACE>/NestyNet_SR/results_ref/jacobi_v1_full.mod
[Stage A] Using identity separability results

Saved Stage-A checkpoint to <WORKSPACE>/NestyNet_SR/results/jacobi_v1_full.state.pkl
[36mFinal model: Identity() ((NN[x0] * (NN[(x1 * (x2)**-1)] * NN[x1]))), rest: None, None[0m
[Stage B] y-transform adjudication shortlist:
  - identity     source=baseline
[Units] Enforcing units in Stage B (policy=free_const_only, y_transform=identity).

======================================================================
  [Stage B] ANALYTICAL REWRITING — identity(y)-space
======================================================================


Size of datasets: training: 6000, val: 2000
[Stage B] Using MAD-normalised thresholds: MAD(y)≈0.069, scale=0.00476
[info] dataloader for provider ASTCompositeAdaptor yields 3 batches (equivalent to a single batch up to floating-point roundoff; minor Python-loop overhead per batch).
[LM][bucket] solving P=1152 (trivially separable union)
Stopping at epoch 1/2000, lm_opt.state['halt']=True, loss=2.1444e-10, loss_val=3.5120e-10

[Stage B] Initial model: params=1152, val-loss=3.5120e-10
[Stage B] Initial NN metrics: total=3, multivar=0, max_arity=1
[Stage B] Found 3 scaling candidates:
  axis 0: k≈0.333, rel_std=0.000, n=6000
  joint [1,2]: k≈-0.667, rel_std=0.000, n=6000
  joint [0,1,2]: k≈-0.333, rel_std=0.001, n=6000
[Stage B] FFT trig-axis candidates (informational):
[Stage B]   axis 0: omega≈0.220, strength=104.5, span=[0.0202,28.6]
[Stage B] Found 1 nontrivial target(s) for trig probing:
[Stage B]   x1*x2**-1 (kind=ratio, indices=(1, 2))
    [x1] reciprocal probe (negative-k singularity detected)
    [x1] reciprocal: rel_std=0.2362>0.08, no gradient fallback available
    [x1*x2**-1] reciprocal probe (negative-k singularity detected)
  [Trig Scaling] Sampled 5000 points, probing 2 trivial + 1 compound target(s) (skipping axes [0] as polynomial)
  [Trig Scaling] |F| filter: 4750/5000 points pass (5th-pct=1.273e-02)
  [Trig Scaling] x1: no viable ω candidates (span=204)
  [Trig Scaling] x2: no viable ω candidates (span=181)
  [Trig Scaling] x1*x2**-1: span=0.389, 15 ω candidates
  [Trig Scaling] x1*x2**-1 ACCEPTED: sin(4·z)^0.902  rel_std=0.0698
[Stage B] Oracle trig probe found 1 spec(s):
[Stage B]   x1*x2**-1: sin(ω=4)^0.90, rel_std=0.070
[Stage B] Using 1 oracle trig spec(s)
[Stage B] trig_by_axis: [1]
[Stage B] Trig argument-structure hints:
  axis 1: none
[Stage B]   Separability rules: ['nonsense_units_zero_prune', 'monomial_peel_priority', 'subtree_separability', 'last_hard_trig_square', 'univariate_nn', 'log_ratio', 'power_product', 'joint_product_monomial_closure', 'overlap_prefactor_peel', 'overlap_counterterm_peel', 'common_prefactor', 'additive_gauge_transfer', 'multiplicative_homogeneity_transfer', 'univariate_mono', 'nn_leaf_separability', 'counterterm_mul_split', 'counterfactor_add_split']
[Stage B]   Specialized rules: ['compound_fn_macros', 'inverse_trig_outer_rational_closure', 'monomial_prefactor_compound', 'compound_planck', 'affine_decomp', 'nonlinear_substitution', 'univariate_oracle_invariants', 'homogeneity_peel', 'product_homogeneity', 'ratio_invariance', 'coupled_leaf_ratio', 'metric_distance', 'inverse_trig_outer_closure', 'phase_hint_trig_closure', 'phase_hint_reciprocal_trig_power', 'phase_context_trig_closure', 'barycentric', 'logexp_compound', 'r1_operator_certificate', 'univariate_mul_peel', 'outer_transform_split_nn', 'multid_nn', 'poly_split', 'preconditioner_fallback_nn', 'last_hard_trig_power', 'last_hard_atom_rescue']
[Stage B] === Phase 1: Searching for separabilities (additive, multiplicative) ===
[Stage B] Rule nonsense_units_zero_prune found 0 targets
[Stage B] Rule monomial_peel_priority found 3 targets
[Stage B]   target order (arity-asc): [vars=(0,)(arity=1), vars=(1, 2)(arity=1), vars=(1,)(arity=1)]
[Stage B] monomial_peel_priority shortlist: monomial_pow1_3@nn#leaf0 vars=(0,) (k=0.333, rel=9.51e-06); monomial_deg1[z_inv]@nn#leaf0 vars=(0,) (k=0.333, rel=9.51e-06); monomial_deg2[z_inv]@nn#leaf0 vars=(0,) (k=0.333, rel=9.51e-06); monomial_deg3[z_inv]@nn#leaf0 vars=(0,) (k=0.333, rel=9.51e-06); monomial_pow2_3[z_inv]@nn#leaf2 vars=(1,) (k=-0.667, rel=1.06e-05); monomial_deg1[z_inv]@nn#leaf2 vars=(1,) (k=-0.667, rel=1.06e-05); monomial_deg2[z_inv]@nn#leaf2 vars=(1,) (k=-0.667, rel=1.06e-05); monomial_deg3[z_inv]@nn#leaf2 vars=(1,) (k=-0.667, rel=1.06e-05)
[Stage B] Rule monomial_peel_priority trying 14 globally ranked candidates
[Stage B]  Greedy order (1 cands): monomial_pow1_3(1998p)
[Stage B]  Priority trying fixed third-power monomial (z^0.333, k≈0.333, rel=9.51e-06) on NN leaf vars (0,)
[info] dataloader for provider ASTCompositeAdaptor yields 3 batches (equivalent to a single batch up to floating-point roundoff; minor Python-loop overhead per batch).
[LM][bucket] solving P=768 (trivially separable union)
Stopping at epoch 501/2000, lm_opt.state['halt']=True, loss=2.3841e-11, loss_val=5.1733e-12
[Stage B]    Candidate (monomial_pow1_3): params=768, val-loss=5.1733e-12
[Stage B]    [32mAccepted[0m rewrite (monomial_pow1_3, loss-below-floor-simpler)
[Stage B]    NN metrics: total=2, multivar=0, max_arity=1
[Stage B]    Current: [35mx0^0.33 * nn0(z=(x1 * x2^-1)) * nn1(x1)[0m
[Stage B] === Phase 1: Searching for separabilities (additive, multiplicative) ===
[Stage B] Rule nonsense_units_zero_prune found 0 targets
[Stage B] Rule monomial_peel_priority found 2 targets
[Stage B]   target order (arity-asc): [vars=(1, 2)(arity=1), vars=(1,)(arity=1)]
[Stage B] monomial_peel_priority shortlist: monomial_pow2_3[z_inv]@nn#leaf2 vars=(1,) (k=-0.667, rel=5.46e-06); monomial_deg1[z_inv]@nn#leaf2 vars=(1,) (k=-0.667, rel=5.46e-06); monomial_deg2[z_inv]@nn#leaf2 vars=(1,) (k=-0.667, rel=5.46e-06); monomial_deg3[z_inv]@nn#leaf2 vars=(1,) (k=-0.667, rel=5.46e-06); monomial_deg1[z_inv]@nn#leaf1 vars=(1, 2) (k=-0.272, rel=0.17); monomial_deg1@nn#leaf1 vars=(1, 2) (k=-0.272, rel=0.17); monomial_deg2[z_inv]@nn#leaf1 vars=(1, 2) (k=-0.272, rel=0.17); monomial_deg2@nn#leaf1 vars=(1, 2) (k=-0.272, rel=0.17)
[Stage B] Rule monomial_peel_priority trying 10 globally ranked candidates
[Stage B]  Greedy order (1 cands): monomial_pow2_3[z_inv](999p)
[Stage B]  Priority trying fixed third-power monomial (z^0.667, k≈0.667, rel=5.46e-06) on NN leaf vars (1,) [coord=1/z]
[info] dataloader for provider ASTCompositeAdaptor yields 3 batches (equivalent to a single batch up to floating-point roundoff; minor Python-loop overhead per batch).
[nestynet.optimizer] [95m[LM] Potential K-colinearity issue in rm[0].providers[0] (_Composite, segments=16, outputs=1, seg_width=1): 1080/1080 cross-segment channel pairs exceed |cos|>0.95 (worst seg 3/out 1 ↔ seg 9/out 0 |cos|=1.0000). Grouped segment pairs: 4/120 exceed |cos|>0.95 (worst seg 7 ↔ seg 10 |cos|=0.9972). This can make LM/direct_solve ill-conditioned; consider increasing seg_width, reducing segment count, or using a more diversity-preserving initialization. This model uses low-dimensional K-vectors (Nx*seg_width=1), so channel-level directional crowding can appear before whole segments overlap.[0m
[LM][bucket] solving P=384 (trivially separable union)
Stopping at epoch 201/2000, lm_opt.state['halt']=True, loss=3.6909e-14, loss_val=7.8278e-14
[Stage B]    Candidate (monomial_pow2_3[z_inv]): params=384, val-loss=7.8278e-14
[Stage B]    [32mAccepted[0m rewrite (monomial_pow2_3[z_inv], loss-below-floor-simpler)
[Stage B]    NN metrics: total=1, multivar=0, max_arity=1
[Stage B]    Current: [35mx0^0.33 * nn0(z=(x1 * x2^-1)) * x1^-1^0.67[0m
[Stage B polish] Running subtree:root.right candidate generation in guarded worker (max_seconds=300.0, mem_fraction=0.2).
[info] dataloader for provider ASTCompositeAdaptor yields 3 batches (equivalent to a single batch up to floating-point roundoff; minor Python-loop overhead per batch).
[nestynet.optimizer] [95m[LM] Potential K-colinearity issue in rm[0].providers[0] (_Composite, segments=16, outputs=1, seg_width=1): 1080/1080 cross-segment channel pairs exceed |cos|>0.95 (worst seg 13/out 1 ↔ seg 15/out 2 |cos|=1.0000). Grouped segment pairs: 6/120 exceed |cos|>0.95 (worst seg 5 ↔ seg 10 |cos|=0.9962). This can make LM/direct_solve ill-conditioned; consider increasing seg_width, reducing segment count, or using a more diversity-preserving initialization. This model uses low-dimensional K-vectors (Nx*seg_width=1), so channel-level directional crowding can appear before whole segments overlap.[0m
Stopping at epoch 1/2000, lm_opt.state['halt']=True, loss=3.6909e-14, loss_val=7.8277e-14
[Stage B polish] subtree full-shadow reject root.right: ((x1)**-1)**0.666667 -> (1/x1)**(2/3); val-loss=7.8277e-14 (shadow-full-policy(units-pinned; loss-below-floor-not-simpler))
[Stage B] === Phase 1: Searching for separabilities (additive, multiplicative) ===
[Stage B] Rule nonsense_units_zero_prune found 0 targets
[Stage B] Rule monomial_peel_priority found 1 targets
[Stage B]   target order (arity-asc): [vars=(1, 2)(arity=1)]
[Stage B] monomial_peel_priority shortlist: monomial_deg1[z_inv]@nn#leaf1 vars=(1, 2) (k=-0.272, rel=0.17); monomial_deg1@nn#leaf1 vars=(1, 2) (k=-0.272, rel=0.17); monomial_deg2[z_inv]@nn#leaf1 vars=(1, 2) (k=-0.272, rel=0.17); monomial_deg2@nn#leaf1 vars=(1, 2) (k=-0.272, rel=0.17); monomial_deg3[z_inv]@nn#leaf1 vars=(1, 2) (k=-0.272, rel=0.17); monomial_deg3@nn#leaf1 vars=(1, 2) (k=-0.272, rel=0.17)
[Stage B] Rule monomial_peel_priority trying 6 globally ranked candidates
[Stage B]  Greedy order (1 cands): monomial_deg1[z_inv](0p)
[Stage B]  Priority trying 1D monomial (c·x^1) rewrite on NN leaf vars (1, 2) [coord=1/z]
[Stage B] Initialising RPolyLeaf for vars (1, 2), tag=leaf1
[Stage B]    Candidate (monomial_deg1[z_inv]): params=0, val-loss=3.1545e-02
[Stage B]    Reject (monomial_deg1[z_inv]): simpler-over-budget(thr=5.235e-11) | loss 7.828e-14->3.155e-02 (Δ+3.15e-02) | params 384->0 | cx (0, 0, 0)->(0, 0, 0)
[Stage B]  Greedy order (1 cands): monomial_deg1(0p)
[Stage B]  Priority trying 1D monomial (c·x^1) rewrite on NN leaf vars (1, 2)
[Stage B] Initialising RPolyLeaf for vars (1, 2), tag=leaf1
[Stage B]    Candidate (monomial_deg1): params=0, val-loss=1.3350e-03
[Stage B]    Reject (monomial_deg1): simpler-over-budget(thr=5.235e-11) | loss 7.828e-14->1.335e-03 (Δ+1.34e-03) | params 384->0 | cx (0, 0, 0)->(0, 0, 0)
[Stage B]  Greedy order (1 cands): monomial_deg2[z_inv](0p)
[Stage B]  Priority trying 1D monomial (c·x^2) rewrite on NN leaf vars (1, 2) [coord=1/z]
[Stage B] Initialising RPolyLeaf for vars (1, 2), tag=leaf1
[Stage B]    Candidate (monomial_deg2[z_inv]): params=0, val-loss=7.8299e-02
[Stage B]    Reject (monomial_deg2[z_inv]): simpler-over-budget(thr=5.235e-11) | loss 7.828e-14->7.830e-02 (Δ+7.83e-02) | params 384->0 | cx (0, 0, 0)->(0, 0, 0)
[Stage B]  Greedy order (1 cands): monomial_deg2(0p)
[Stage B]  Priority trying 1D monomial (c·x^2) rewrite on NN leaf vars (1, 2)
[Stage B] Initialising RPolyLeaf for vars (1, 2), tag=leaf1
[Stage B]    Candidate (monomial_deg2): params=0, val-loss=1.2602e-03
[Stage B]    Reject (monomial_deg2): simpler-over-budget(thr=5.235e-11) | loss 7.828e-14->1.260e-03 (Δ+1.26e-03) | params 384->0 | cx (0, 0, 0)->(0, 0, 0)
[Stage B]  Greedy order (1 cands): monomial_deg3[z_inv](0p)
[Stage B]  Priority trying 1D monomial (c·x^3) rewrite on NN leaf vars (1, 2) [coord=1/z]
[Stage B] Initialising RPolyLeaf for vars (1, 2), tag=leaf1
[Stage B]    Candidate (monomial_deg3[z_inv]): params=0, val-loss=1.6662e-01
[Stage B]    Reject (monomial_deg3[z_inv]): simpler-over-budget(thr=5.235e-11) | loss 7.828e-14->1.666e-01 (Δ+1.67e-01) | params 384->0 | cx (0, 0, 0)->(0, 0, 0)
[Stage B]  Greedy order (1 cands): monomial_deg3(0p)
[Stage B]  Priority trying 1D monomial (c·x^3) rewrite on NN leaf vars (1, 2)
[Stage B] Initialising RPolyLeaf for vars (1, 2), tag=leaf1
[Stage B]    Candidate (monomial_deg3): params=0, val-loss=5.3633e-03
[Stage B]    Reject (monomial_deg3): simpler-over-budget(thr=5.235e-11) | loss 7.828e-14->5.363e-03 (Δ+5.36e-03) | params 384->0 | cx (0, 0, 0)->(0, 0, 0)
[Stage B] Rule subtree_separability found 0 targets
[Stage B] Rule last_hard_trig_square found 1 targets
[Stage B]   target order (arity-asc): [vars=(1, 2)(arity=1)]
[Stage B PhaseScan] local atom hint target=NN vars=(1, 2): z=(x0)**2, R2=1, omega≈3.142
[Stage B PhaseScan] local atom hint target=NN vars=(1, 2): z=(x0)**-2, R2=1, omega≈3.142
[Stage B] RuleLastHardTrigSquare1D proposing 1 candidate(s) for final NN vars=(1, 2): ['last_trig_square_sin']
[Stage B] RuleLastHardTrigSquare1D proposing 1 candidate(s) for final NN vars=(1, 2): ['last_trig_square_sin[z_inv]']
[Stage B]  Exhaustive order (1 cands): last_trig_square_sin[z_inv](3p)
[DBG-candfate] tier 3p (1 cands): last_trig_square_sin[z_inv]
[DBG-candfate] evaluate ENTER: last_trig_square_sin[z_inv]
[Stage B]  Trying last-hard trig-square sin(ωz+φ)^2 on NN vars=(1, 2): ω≈0.125, φ≈-0.07183, scale≈13.01, rel=1.11e-02 [coord=1/z]
[Stage B] Post-custom-init validation (attempt 0), batch 0, finite: 2000/2000, min: 1.750e-04, max: 1.026e-01, mean: 9.892e-03
[Stage B] Post-custom-init validation (attempt 0), batch 1, finite: 2000/2000, min: 1.754e-04, max: 1.115e-01, mean: 1.047e-02
[Stage B] Post-custom-init validation (attempt 0), batch 2, finite: 2000/2000, min: 2.565e-04, max: 1.588e-01, mean: 1.954e-02
[Stage B] Prediction scale check (attempt 0): pred_median=6.668e-03, true_median=9.826e-02, ratio=6.786e-02
[info] dataloader for provider ASTCompositeAdaptor yields 3 batches (equivalent to a single batch up to floating-point roundoff; minor Python-loop overhead per batch).
[LM][bucket] solving P=3 (trivially separable union)
Validation patience exceeded at epoch 601/2000, nval_worse=500
[Stage B]    Candidate (last_trig_square_sin[z_inv]): params=3, val-loss=1.5717e-06
[Stage B]    Reject (last_trig_square_sin[z_inv]): simpler-over-budget(thr=3.356e-11) | loss 7.828e-14->1.572e-06 (Δ+1.57e-06) | params 384->3 | cx (0, 0, 0)->(0, 0, 0)
[Stage B] Rule univariate_nn found 1 targets
[Stage B]   target order (arity-asc): [vars=(1, 2)(arity=1)]
[Stage B] symexp_denom_1d rejected: rel_rms=0.2967 > 0.05, compound vars=(1, 2)
[Stage B] symexp_denom_1d_recip (poly) accepted: rel_rms=0.0051, scale≈1.6, linear≈-1.35, compound vars=(1, 2)
[Stage B] inv_poly: using degree-probe monomials, 3 valid terms, vars=(1, 2)
[Stage B] inv_poly rejected: best rel_rms=0.0010 > 0.001, degree=2, vars=(1, 2)
[Stage B] sqrt_poly: degree-probe active, sqrt=3 terms (probed=True), inv=3 terms (probed=True), vars=(1, 2)
[Stage B]  one_minus_cos_over_z2 skip NN vars (1, 2): screen failed for z=(x1 * (x2)**-1); exact best rel=4.99e-01 at omega≈1; affine best rel=9.58e-02, offset_rel=1.47e-02 at omega≈0.5; thresholds rel<=2.00e-02, offset_rel<=1.50e-01
[Stage B]  sparse_factor_1d skip NN vars (1, 2): screen failed for z=(x1 * (x2)**-1); best rel=2.68e-01, threshold=2.00e-02
[Stage B] ratpoly_1d degree probe: 1 valid pair(s), min_deg=(0,0), vars=(1, 2)
[Stage B] ratpoly_1d probe: 7 sub-threshold trial(s) for vars=(1, 2): deg=(3,4)->(3,3) nnz=(2,3) rms=0.0001, deg=(0,4)->(0,4) nnz=(1,5) rms=0.0007, deg=(3,3)->(3,3) nnz=(2,4) rms=0.0000, deg=(2,3)->(2,3) nnz=(3,4) rms=0.0000, deg=(3,2)->(3,2) nnz=(4,3) rms=0.0000, deg=(2,4)->(2,4) nnz=(2,5) rms=0.0001, deg=(4,2)->(4,2) nnz=(4,3) rms=0.0001
[Stage B] ratpoly_1d degree probe: 1 valid pair(s), min_deg=(0,0), vars=(1, 2)
[Stage B] ratpoly_1d probe: 3 sub-threshold trial(s) for vars=(1, 2): deg=(2,2)->(2,2) nnz=(2,3) rms=0.0002, deg=(4,1)->(4,0) nnz=(5,1) rms=0.0007, deg=(1,4)->(1,4) nnz=(2,4) rms=0.0002
[Stage B] ratpoly_1d degree probe: 1 valid pair(s), min_deg=(0,0), vars=(1, 2)
[Stage B] ratpoly_1d probe: 3 sub-threshold trial(s) for vars=(1, 2): deg=(0,4)->(0,4) nnz=(1,5) rms=0.0004, deg=(2,3)->(2,3) nnz=(3,4) rms=0.0001, deg=(3,2)->(3,2) nnz=(4,3) rms=0.0001
[Stage B] ratpoly_1d degree probe: 1 valid pair(s), min_deg=(0,0), vars=(1, 2)
[Stage B] ratpoly_1d probe: 6 sub-threshold trial(s) for vars=(1, 2): deg=(1,3)->(1,3) nnz=(2,3) rms=0.0008, deg=(2,2)->(2,2) nnz=(2,3) rms=0.0001, deg=(3,3)->(2,2) nnz=(3,2) rms=0.0002, deg=(4,1)->(4,0) nnz=(5,1) rms=0.0004, deg=(1,4)->(1,4) nnz=(2,4) rms=0.0001, deg=(4,4)->(4,4) nnz=(5,5) rms=0.0000
[Stage B] ratpoly_1d degree probe: 1 valid pair(s), min_deg=(0,0), vars=(1, 2)
[Stage B] ratpoly_1d probe: 9 sub-threshold trial(s) for vars=(1, 2): deg=(3,1)->(3,0) nnz=(4,1) rms=0.0097, deg=(0,4)->(0,4) nnz=(1,4) rms=0.0104, deg=(3,4)->(3,3) nnz=(2,3) rms=0.0001, deg=(4,1)->(4,0) nnz=(5,1) rms=0.0020, deg=(3,3)->(3,3) nnz=(2,4) rms=0.0000, deg=(2,3)->(2,3) nnz=(3,4) rms=0.0000, deg=(3,2)->(3,2) nnz=(4,3) rms=0.0000, deg=(2,4)->(2,4) nnz=(2,5) rms=0.0001, deg=(4,2)->(4,2) nnz=(4,3) rms=0.0001
[Stage B] symexp_denom_1d accepted: rel_rms=0.0051, scale≈1.6, linear≈-0.5, compound vars=(1, 2)
[Stage B] symexp_denom_1d_recip rejected: rel_rms=0.2967 > 0.05, compound vars=(1, 2)
[Stage B] inv_poly: using degree-probe monomials, 3 valid terms, vars=(1, 2)
[Stage B] inv_poly probe: 1 sub-threshold trial(s) for vars=(1, 2): deg=2 rms=0.0001 n=3
[Stage B] sqrt_poly: degree-probe active, sqrt=3 terms (probed=True), inv=3 terms (probed=True), vars=(1, 2)
[Stage B]  one_minus_cos_over_z2 skip NN vars (1, 2): screen failed for z=(x2 / x1); exact best rel=2.70e-01 at omega≈1; affine best rel=9.65e-02, offset_rel=1.13e-02 at omega≈0.5; thresholds rel<=2.00e-02, offset_rel<=1.50e-01
[Stage B]  sparse_factor_1d skip NN vars (1, 2): screen failed for z=(x2 / x1); best rel=2.22e-01, threshold=2.00e-02
[Stage B] ratpoly_1d degree probe: 1 valid pair(s), min_deg=(0,0), vars=(1, 2)
[Stage B] ratpoly_1d probe: 9 sub-threshold trial(s) for vars=(1, 2): deg=(0,3)->(0,3) nnz=(1,4) rms=0.0002, deg=(1,2)->(1,2) nnz=(2,3) rms=0.0001, deg=(2,1)->(2,1) nnz=(3,2) rms=0.0002, deg=(0,4)->(0,4) nnz=(1,4) rms=0.0001, deg=(2,2)->(2,2) nnz=(3,2) rms=0.0001, deg=(2,3)->(2,3) nnz=(2,3) rms=0.0000, deg=(4,2)->(3,2) nnz=(3,2) rms=0.0000, deg=(3,2)->(3,2) nnz=(3,2) rms=0.0001, deg=(4,4)->(4,4) nnz=(4,5) rms=0.0002
[Stage B] ratpoly_1d degree probe: 1 valid pair(s), min_deg=(0,0), vars=(1, 2)
[Stage B] ratpoly_1d probe: 6 sub-threshold trial(s) for vars=(1, 2): deg=(1,2)->(1,2) nnz=(2,3) rms=0.0002, deg=(3,1)->(2,1) nnz=(3,2) rms=0.0001, deg=(2,2)->(2,2) nnz=(2,3) rms=0.0001, deg=(2,4)->(2,4) nnz=(2,3) rms=0.0000, deg=(4,2)->(4,2) nnz=(3,2) rms=0.0000, deg=(0,4)->(0,4) nnz=(1,5) rms=0.0002
[Stage B] ratpoly_1d degree probe: 1 valid pair(s), min_deg=(0,0), vars=(1, 2)
[Stage B] ratpoly_1d probe: 5 sub-threshold trial(s) for vars=(1, 2): deg=(1,3)->(0,2) nnz=(1,2) rms=0.0000, deg=(2,4)->(2,4) nnz=(2,2) rms=0.0000, deg=(1,2)->(1,2) nnz=(2,3) rms=0.0000, deg=(2,1)->(2,1) nnz=(3,2) rms=0.0001, deg=(0,4)->(0,4) nnz=(1,5) rms=0.0000
[Stage B] ratpoly_1d degree probe: 1 valid pair(s), min_deg=(0,0), vars=(1, 2)
[Stage B] ratpoly_1d probe: 7 sub-threshold trial(s) for vars=(1, 2): deg=(2,2)->(2,0) nnz=(2,1) rms=0.0000, deg=(2,1)->(2,0) nnz=(3,1) rms=0.0002, deg=(4,2)->(4,2) nnz=(2,2) rms=0.0000, deg=(1,2)->(1,2) nnz=(2,3) rms=0.0001, deg=(4,4)->(3,2) nnz=(2,3) rms=0.0001, deg=(3,3)->(3,3) nnz=(2,3) rms=0.0000, deg=(0,4)->(0,4) nnz=(1,5) rms=0.0003
[Stage B] ratpoly_1d degree probe: 1 valid pair(s), min_deg=(0,0), vars=(1, 2)
[Stage B] ratpoly_1d probe: 11 sub-threshold trial(s) for vars=(1, 2): deg=(0,2)->(0,2) nnz=(1,3) rms=0.0049, deg=(1,1)->(1,1) nnz=(2,2) rms=0.0023, deg=(0,3)->(0,3) nnz=(1,4) rms=0.0005, deg=(1,2)->(1,2) nnz=(2,3) rms=0.0002, deg=(2,1)->(2,1) nnz=(3,2) rms=0.0002, deg=(2,2)->(2,2) nnz=(3,2) rms=0.0001, deg=(2,4)->(2,4) nnz=(2,3) rms=0.0000, deg=(4,2)->(4,2) nnz=(3,2) rms=0.0000, deg=(0,4)->(0,4) nnz=(1,5) rms=0.0000, deg=(4,1)->(3,1) nnz=(4,2) rms=0.0000, deg=(4,4)->(4,4) nnz=(3,3) rms=0.0001
[Stage B] RuleUniNN proposing 75 candidates for NN vars=(1, 2): ['monomial_deg1', 'monomial_deg2', 'monomial_deg3', 'poly', 'planck_p1', 'planck_p2', 'expm1', 'symexp_denom_1d', '1d_powexp', 'polylog', 'logshifted', 'inv_poly', 'sqrt_poly', 'cf_combo', 'cf_combo', 'cf_combo', 'cf_combo', 'cf_combo', 'cf_combo', 'cf_combo', 'cf_combo', 'cf_sharedpref_resid', 'cf_combo', 'sqrt_ratpoly_1d', 'sqrt_ratpoly_1d[1]', 'sqrt_ratpoly_1d[2]', 'sqrt_ratpoly_1d[3]', 'sqrt_ratpoly_1d[4]', 'sqrt_ratpoly_1d[5]', 'sqrt_ratpoly_1d[6]', 'sqrt_ratpoly_1d[7]', 'sqrt_ratpoly_1d[8]', 'sqrt_ratpoly_1d[9]', 'sqrt_ratpoly_1d[10]', 'sqrt_ratpoly_1d[11]', 'sqrt_ratpoly_1d[12]', 'sqrt_ratpoly_1d[13]', 'sqrt_ratpoly_1d[14]', 'cbrt_ratpoly_1d', 'cbrt_ratpoly_1d[1]', 'cbrt_ratpoly_1d[2]', 'cbrt_ratpoly_1d[3]', 'cbrt_ratpoly_1d[4]', 'cbrt_ratpoly_1d[5]', 'cbrt_ratpoly_1d[6]', 'cbrt_ratpoly_1d[7]', 'cbrt_ratpoly_1d[8]', 'cbrt_ratpoly_1d[9]', 'cbrt_ratpoly_1d[10]', 'cbrt_ratpoly_1d[11]', 'ratpoly_1d', 'ratpoly_1d[1]', 'ratpoly_1d[2]', 'ratpoly_1d[3]', 'ratpoly_1d[4]', 'ratpoly_1d[5]', 'ratpoly_1d[6]', 'ratpoly_1d[7]', 'ratpoly_1d[8]', 'ratpoly_1d[9]', 'ratpoly_1d[10]', 'exp', 'exp_rat', 'log_ratpoly', 'tanh', 'trig', 'trig', 'trig', 'trig', 'trig', 'sinc_p2', 'affine_trig', 'leaftr_recip_poly3', 'leaftr_log_poly3', 'leaftr_sqrt_poly3']
[Stage B]  Skipping reciprocal-coordinate alias polylog: closed-under-reciprocal:polylog
[Stage B]  Skipping reciprocal-coordinate alias sqrt_ratpoly_1d: closed-under-reciprocal:sqrt_ratpoly_1d
[Stage B]  Skipping reciprocal-coordinate alias sqrt_ratpoly_1d[1]: closed-under-reciprocal:sqrt_ratpoly_1d
[Stage B]  Skipping reciprocal-coordinate alias sqrt_ratpoly_1d[2]: closed-under-reciprocal:sqrt_ratpoly_1d
[Stage B]  Skipping reciprocal-coordinate alias sqrt_ratpoly_1d[3]: closed-under-reciprocal:sqrt_ratpoly_1d
[Stage B]  Skipping reciprocal-coordinate alias sqrt_ratpoly_1d[4]: closed-under-reciprocal:sqrt_ratpoly_1d
[Stage B]  Skipping reciprocal-coordinate alias sqrt_ratpoly_1d[5]: closed-under-reciprocal:sqrt_ratpoly_1d
[Stage B]  Skipping reciprocal-coordinate alias sqrt_ratpoly_1d[6]: closed-under-reciprocal:sqrt_ratpoly_1d
[Stage B]  Skipping reciprocal-coordinate alias sqrt_ratpoly_1d[7]: closed-under-reciprocal:sqrt_ratpoly_1d
[Stage B]  Skipping reciprocal-coordinate alias sqrt_ratpoly_1d[8]: closed-under-reciprocal:sqrt_ratpoly_1d
[Stage B]  Skipping reciprocal-coordinate alias sqrt_ratpoly_1d[9]: closed-under-reciprocal:sqrt_ratpoly_1d
[Stage B]  Skipping reciprocal-coordinate alias sqrt_ratpoly_1d[10]: closed-under-reciprocal:sqrt_ratpoly_1d
[Stage B]  Skipping reciprocal-coordinate alias sqrt_ratpoly_1d[11]: closed-under-reciprocal:sqrt_ratpoly_1d
[Stage B]  Skipping reciprocal-coordinate alias sqrt_ratpoly_1d[12]: closed-under-reciprocal:sqrt_ratpoly_1d
[Stage B]  Skipping reciprocal-coordinate alias sqrt_ratpoly_1d[13]: closed-under-reciprocal:sqrt_ratpoly_1d
[Stage B]  Skipping reciprocal-coordinate alias sqrt_ratpoly_1d[14]: closed-under-reciprocal:sqrt_ratpoly_1d
[Stage B]  Skipping reciprocal-coordinate alias cbrt_ratpoly_1d: closed-under-reciprocal:cbrt_ratpoly_1d
[Stage B]  Skipping reciprocal-coordinate alias cbrt_ratpoly_1d[1]: closed-under-reciprocal:cbrt_ratpoly_1d
[Stage B]  Skipping reciprocal-coordinate alias cbrt_ratpoly_1d[2]: closed-under-reciprocal:cbrt_ratpoly_1d
[Stage B]  Skipping reciprocal-coordinate alias cbrt_ratpoly_1d[3]: closed-under-reciprocal:cbrt_ratpoly_1d
[Stage B]  Skipping reciprocal-coordinate alias cbrt_ratpoly_1d[4]: closed-under-reciprocal:cbrt_ratpoly_1d
[Stage B]  Skipping reciprocal-coordinate alias cbrt_ratpoly_1d[5]: closed-under-reciprocal:cbrt_ratpoly_1d
[Stage B]  Skipping reciprocal-coordinate alias cbrt_ratpoly_1d[6]: closed-under-reciprocal:cbrt_ratpoly_1d
[Stage B]  Skipping reciprocal-coordinate alias cbrt_ratpoly_1d[7]: closed-under-reciprocal:cbrt_ratpoly_1d
[Stage B]  Skipping reciprocal-coordinate alias cbrt_ratpoly_1d[8]: closed-under-reciprocal:cbrt_ratpoly_1d
[Stage B]  Skipping reciprocal-coordinate alias cbrt_ratpoly_1d[9]: closed-under-reciprocal:cbrt_ratpoly_1d
[Stage B]  Skipping reciprocal-coordinate alias cbrt_ratpoly_1d[10]: closed-under-reciprocal:cbrt_ratpoly_1d
[Stage B]  Skipping reciprocal-coordinate alias cbrt_ratpoly_1d[11]: closed-under-reciprocal:cbrt_ratpoly_1d
[Stage B]  Skipping reciprocal-coordinate alias ratpoly_1d: closed-under-reciprocal:ratpoly_1d
[Stage B]  Skipping reciprocal-coordinate alias ratpoly_1d[1]: closed-under-reciprocal:ratpoly_1d
[Stage B]  Skipping reciprocal-coordinate alias ratpoly_1d[2]: closed-under-reciprocal:ratpoly_1d
[Stage B]  Skipping reciprocal-coordinate alias ratpoly_1d[3]: closed-under-reciprocal:ratpoly_1d
[Stage B]  Skipping reciprocal-coordinate alias ratpoly_1d[4]: closed-under-reciprocal:ratpoly_1d
[Stage B]  Skipping reciprocal-coordinate alias ratpoly_1d[5]: closed-under-reciprocal:ratpoly_1d
[Stage B]  Skipping reciprocal-coordinate alias ratpoly_1d[6]: closed-under-reciprocal:ratpoly_1d
[Stage B]  Skipping reciprocal-coordinate alias ratpoly_1d[7]: closed-under-reciprocal:ratpoly_1d
[Stage B]  Skipping reciprocal-coordinate alias ratpoly_1d[8]: closed-under-reciprocal:ratpoly_1d
[Stage B]  Skipping reciprocal-coordinate alias ratpoly_1d[9]: closed-under-reciprocal:ratpoly_1d
[Stage B]  Skipping reciprocal-coordinate alias ratpoly_1d[10]: closed-under-reciprocal:ratpoly_1d
[Stage B]  Skipping reciprocal-coordinate alias exp_rat: closed-under-reciprocal:exp_rat
[Stage B]  Skipping reciprocal-coordinate alias log_ratpoly: closed-under-reciprocal:log_ratpoly
[Stage B] RuleUniNN proposing 98 candidates for NN vars=(1, 2): ['monomial_deg1', 'monomial_deg1[z_inv]', 'monomial_deg2', 'monomial_deg2[z_inv]', 'monomial_deg3', 'monomial_deg3[z_inv]', 'poly', 'poly[z_inv]', 'planck_p0', 'planck_p1', 'planck_p1[z_inv]', 'planck_p2', 'planck_p2[z_inv]', 'symexp_denom_1d_recip', '1d_powexp', '1d_powexp[z_inv]', 'polylog', 'logshifted', 'logshifted[z_inv]', 'sqrt_poly', 'sqrt_poly[z_inv]', 'cf_combo', 'cf_combo[z_inv]', 'cf_combo[z_inv]', 'cf_combo[z_inv]', 'cf_combo[z_inv]', 'cf_combo[z_inv]', 'cf_combo[z_inv]', 'cf_combo[z_inv]', 'cf_combo[z_inv]', 'cf_combo[z_inv]', 'cf_combo', 'cf_combo', 'cf_combo', 'cf_combo', 'cf_combo', 'cf_combo', 'cf_combo', 'cf_combo', 'cf_combo', 'sqrt_ratpoly_1d', 'sqrt_ratpoly_1d[1]', 'sqrt_ratpoly_1d[2]', 'sqrt_ratpoly_1d[3]', 'sqrt_ratpoly_1d[4]', 'sqrt_ratpoly_1d[5]', 'sqrt_ratpoly_1d[6]', 'sqrt_ratpoly_1d[7]', 'sqrt_ratpoly_1d[8]', 'sqrt_ratpoly_1d[9]', 'cbrt_ratpoly_1d', 'cbrt_ratpoly_1d[1]', 'cbrt_ratpoly_1d[2]', 'cbrt_ratpoly_1d[3]', 'cbrt_ratpoly_1d[4]', 'cbrt_ratpoly_1d[5]', 'cbrt_ratpoly_1d[6]', 'cbrt_ratpoly_1d[7]', 'cbrt_ratpoly_1d[8]', 'ratpoly_1d', 'ratpoly_1d[1]', 'ratpoly_1d[2]', 'ratpoly_1d[3]', 'ratpoly_1d[4]', 'ratpoly_1d[5]', 'ratpoly_1d[6]', 'ratpoly_1d[7]', 'ratpoly_1d[8]', 'exp', 'exp[z_inv]', 'exp_rat', 'log_ratpoly', 'tanh', 'tanh[z_inv]', 'trig', 'trig[z_inv]', 'trig[z_inv]', 'trig[z_inv]', 'trig[z_inv]', 'trig[z_inv]', 'trig', 'trig', 'trig', 'trig', 'sinc_p2', 'sinc_p2[z_inv]', 'affine_trig', 'affine_trig[z_inv]', 'leaftr_recip_poly3', 'leaftr_recip_poly3[z_inv]', 'leaftr_log_poly3', 'leaftr_log_poly3[z_inv]', 'leaftr_sqrt_poly3', 'leaftr_sqrt_poly3[z_inv]', 'expm1[z_inv]', 'symexp_denom_1d[z_inv]', 'inv_poly[z_inv]', 'cf_sharedpref_resid[z_inv]']
[Stage B]  Exhaustive order (98 cands): monomial_deg1(1p), monomial_deg1[z_inv](1p), monomial_deg2(1p), monomial_deg2[z_inv](1p), monomial_deg3(1p), monomial_deg3[z_inv](1p), poly(2p), poly[z_inv](2p), planck_p0(2p), planck_p1(2p), planck_p1[z_inv](2p), planck_p2(2p), planck_p2[z_inv](2p), polylog(2p), cf_combo[z_inv](2p), cf_combo[z_inv](2p), cf_combo[z_inv](2p), cf_combo[z_inv](2p), cf_combo(2p), cf_combo(2p), cf_combo(2p), cf_combo(2p), cf_combo(2p), logshifted(3p), logshifted[z_inv](3p), sqrt_poly(3p), sqrt_poly[z_inv](3p), cf_combo(3p), cf_combo[z_inv](3p), cf_combo[z_inv](3p), cf_combo[z_inv](3p), cf_combo[z_inv](3p), cf_combo[z_inv](3p), cf_combo(3p), cf_combo(3p), cf_combo(3p), cf_combo(3p), exp(3p), exp[z_inv](3p), log_ratpoly(3p), tanh(3p), tanh[z_inv](3p), trig(3p), trig[z_inv](3p), trig[z_inv](3p), trig[z_inv](3p), trig[z_inv](3p), trig[z_inv](3p), trig(3p), trig(3p), trig(3p), trig(3p), sinc_p2(3p), sinc_p2[z_inv](3p), expm1[z_inv](3p), inv_poly[z_inv](3p), cf_sharedpref_resid[z_inv](3p), affine_trig(4p), affine_trig[z_inv](4p), leaftr_recip_poly3(4p), leaftr_recip_poly3[z_inv](4p), leaftr_log_poly3(4p), leaftr_log_poly3[z_inv](4p), leaftr_sqrt_poly3(4p), leaftr_sqrt_poly3[z_inv](4p), 1d_powexp(5p), 1d_powexp[z_inv](5p), sqrt_ratpoly_1d(5p), sqrt_ratpoly_1d[7](5p), cbrt_ratpoly_1d[3](5p), cbrt_ratpoly_1d[4](5p), cbrt_ratpoly_1d[5](5p), ratpoly_1d(5p), ratpoly_1d[1](5p), ratpoly_1d[2](5p), symexp_denom_1d_recip(6p), sqrt_ratpoly_1d[1](6p), sqrt_ratpoly_1d[2](6p), sqrt_ratpoly_1d[8](6p), sqrt_ratpoly_1d[9](6p), cbrt_ratpoly_1d(6p), cbrt_ratpoly_1d[6](6p), cbrt_ratpoly_1d[7](6p), ratpoly_1d[3](6p), ratpoly_1d[4](6p), exp_rat(6p), symexp_denom_1d[z_inv](6p), sqrt_ratpoly_1d[3](7p), sqrt_ratpoly_1d[4](7p), sqrt_ratpoly_1d[5](7p), sqrt_ratpoly_1d[6](7p), cbrt_ratpoly_1d[1](7p), cbrt_ratpoly_1d[2](7p), ratpoly_1d[5](7p), ratpoly_1d[6](7p), ratpoly_1d[7](7p), ratpoly_1d[8](7p), cbrt_ratpoly_1d[8](10p)
[DBG-candfate] tier 1p (6 cands): monomial_deg1,monomial_deg1[z_inv],monomial_deg2,monomial_deg2[z_inv],monomial_deg3,monomial_deg3[z_inv]
[DBG-candfate] evaluate ENTER: monomial_deg1
[Stage B]  Trying 1D monomial (c·x^1) rewrite on NN leaf vars (1, 2)
[Stage B] Initialising PolyLeaf for vars (1, 2), tag=leaf1
[info] dataloader for provider ASTCompositeAdaptor yields 3 batches (equivalent to a single batch up to floating-point roundoff; minor Python-loop overhead per batch).
[LM][bucket] solving P=1 (trivially separable union)
[nestynet.optimizer] [LM] **** Too many rejects at lam_max; halting. self.lam_max=1000000000000.0 lam_new=1000000000000.0, iteration 53
Stopping at epoch 54/2000, lm_opt.state['halt']=True, loss=1.6753e-03, loss_val=3.3967e-03
[Stage B]    Candidate (monomial_deg1): params=1, val-loss=3.3967e-03
[Stage B]    Reject (monomial_deg1): simpler-over-budget(thr=4.666e-11) | loss 7.828e-14->3.397e-03 (Δ+3.40e-03) | params 384->1 | cx (0, 0, 0)->(0, 0, 0)
[DBG-candfate] evaluate ENTER: monomial_deg1[z_inv]
[Stage B]  Trying 1D monomial (c·x^1) rewrite on NN leaf vars (1, 2) [coord=1/z]
[Stage B] Initialising PolyLeaf for vars (1, 2), tag=leaf1
[info] dataloader for provider ASTCompositeAdaptor yields 3 batches (equivalent to a single batch up to floating-point roundoff; minor Python-loop overhead per batch).
[nestynet.optimizer] [LM] **** Too many rejects at lam_max; halting. self.lam_max=1000000000000.0 lam_new=1000000000000.0, iteration 53
Stopping at epoch 54/2000, lm_opt.state['halt']=True, loss=6.0531e-04, loss_val=9.6170e-04
[Stage B]    Candidate (monomial_deg1[z_inv]): params=1, val-loss=9.6170e-04
[Stage B]    Reject (monomial_deg1[z_inv]): simpler-over-budget(thr=4.666e-11) | loss 7.828e-14->9.617e-04 (Δ+9.62e-04) | params 384->1 | cx (0, 0, 0)->(0, 0, 0)
[DBG-candfate] evaluate ENTER: monomial_deg2
[Stage B]  Trying 1D monomial (c·x^2) rewrite on NN leaf vars (1, 2)
[Stage B] Initialising PolyLeaf for vars (1, 2), tag=leaf1
[info] dataloader for provider ASTCompositeAdaptor yields 3 batches (equivalent to a single batch up to floating-point roundoff; minor Python-loop overhead per batch).
[nestynet.optimizer] [LM] **** Too many rejects at lam_max; halting. self.lam_max=1000000000000.0 lam_new=1000000000000.0, iteration 53
Stopping at epoch 54/2000, lm_opt.state['halt']=True, loss=4.9281e-03, loss_val=9.9620e-03
[Stage B]    Candidate (monomial_deg2): params=1, val-loss=9.9620e-03
[Stage B]    Reject (monomial_deg2): simpler-over-budget(thr=4.666e-11) | loss 7.828e-14->9.962e-03 (Δ+9.96e-03) | params 384->1 | cx (0, 0, 0)->(0, 0, 0)
[DBG-candfate] evaluate ENTER: monomial_deg2[z_inv]
[Stage B]  Trying 1D monomial (c·x^2) rewrite on NN leaf vars (1, 2) [coord=1/z]
[Stage B] Initialising PolyLeaf for vars (1, 2), tag=leaf1
[info] dataloader for provider ASTCompositeAdaptor yields 3 batches (equivalent to a single batch up to floating-point roundoff; minor Python-loop overhead per batch).
[nestynet.optimizer] [LM] **** Too many rejects at lam_max; halting. self.lam_max=1000000000000.0 lam_new=1000000000000.0, iteration 51
Stopping at epoch 52/2000, lm_opt.state['halt']=True, loss=3.4344e-03, loss_val=5.1259e-03
[Stage B]    Candidate (monomial_deg2[z_inv]): params=1, val-loss=5.1259e-03
[Stage B]    Reject (monomial_deg2[z_inv]): simpler-over-budget(thr=4.666e-11) | loss 7.828e-14->5.126e-03 (Δ+5.13e-03) | params 384->1 | cx (0, 0, 0)->(0, 0, 0)
[DBG-candfate] evaluate ENTER: monomial_deg3
[Stage B]  Trying 1D monomial (c·x^3) rewrite on NN leaf vars (1, 2)
[Stage B] Initialising PolyLeaf for vars (1, 2), tag=leaf1
[info] dataloader for provider ASTCompositeAdaptor yields 3 batches (equivalent to a single batch up to floating-point roundoff; minor Python-loop overhead per batch).
[nestynet.optimizer] [LM] **** Too many rejects at lam_max; halting. self.lam_max=1000000000000.0 lam_new=1000000000000.0, iteration 51
Stopping at epoch 52/2000, lm_opt.state['halt']=True, loss=9.2968e-03, loss_val=1.8548e-02
[Stage B]    Candidate (monomial_deg3): params=1, val-loss=1.8548e-02
[Stage B]    Reject (monomial_deg3): simpler-over-budget(thr=4.666e-11) | loss 7.828e-14->1.855e-02 (Δ+1.85e-02) | params 384->1 | cx (0, 0, 0)->(0, 0, 0)
[DBG-candfate] evaluate ENTER: monomial_deg3[z_inv]
[Stage B]  Trying 1D monomial (c·x^3) rewrite on NN leaf vars (1, 2) [coord=1/z]
[Stage B] Initialising PolyLeaf for vars (1, 2), tag=leaf1
[info] dataloader for provider ASTCompositeAdaptor yields 3 batches (equivalent to a single batch up to floating-point roundoff; minor Python-loop overhead per batch).
[nestynet.optimizer] [LM] **** Too many rejects at lam_max; halting. self.lam_max=1000000000000.0 lam_new=1000000000000.0, iteration 53
Stopping at epoch 54/2000, lm_opt.state['halt']=True, loss=8.3945e-03, loss_val=1.0961e-02
[Stage B]    Candidate (monomial_deg3[z_inv]): params=1, val-loss=1.0961e-02
[Stage B]    Reject (monomial_deg3[z_inv]): simpler-over-budget(thr=4.666e-11) | loss 7.828e-14->1.096e-02 (Δ+1.10e-02) | params 384->1 | cx (0, 0, 0)->(0, 0, 0)
[DBG-candfate] tier 2p (17 cands): poly,poly[z_inv],planck_p0,planck_p1,planck_p1[z_inv],planck_p2,planck_p2[z_inv],polylog,cf_combo[z_inv],cf_combo[z_inv],cf_combo[z_inv],cf_combo[z_inv],cf_combo,cf_combo,cf_combo,cf_combo,cf_combo
[DBG-candfate] evaluate ENTER: poly
[Stage B]  Trying 1D poly rewrite on NN leaf vars (1, 2), degree=1
[Stage B] Initialising PolyLeaf for vars (1, 2), tag=leaf1
[info] dataloader for provider ASTCompositeAdaptor yields 3 batches (equivalent to a single batch up to floating-point roundoff; minor Python-loop overhead per batch).
[LM][bucket] solving P=2 (trivially separable union)
[nestynet.optimizer] [LM] **** Too many rejects at lam_max; halting. self.lam_max=1000000000000.0 lam_new=1000000000000.0, iteration 63
Stopping at epoch 64/2000, lm_opt.state['halt']=True, loss=4.5569e-06, loss_val=7.1552e-06
[Stage B]    Candidate (poly): params=2, val-loss=7.1037e-06
[Stage B]    Reject (poly): simpler-over-budget(thr=3.790e-11) | loss 7.828e-14->7.104e-06 (Δ+7.10e-06) | params 384->2 | cx (0, 0, 0)->(0, 0, 0)
[DBG-candfate] evaluate ENTER: poly[z_inv]
[Stage B]  Trying 1D poly rewrite on NN leaf vars (1, 2), degree=1 [coord=1/z]
[Stage B] Initialising PolyLeaf for vars (1, 2), tag=leaf1
[info] dataloader for provider ASTCompositeAdaptor yields 3 batches (equivalent to a single batch up to floating-point roundoff; minor Python-loop overhead per batch).
[nestynet.optimizer] [LM] **** Too many rejects at lam_max; halting. self.lam_max=1000000000000.0 lam_new=1000000000000.0, iteration 65
Stopping at epoch 66/2000, lm_opt.state['halt']=True, loss=1.2421e-06, loss_val=1.8229e-06
[Stage B]    Candidate (poly[z_inv]): params=2, val-loss=1.7355e-06
[Stage B]    Reject (poly[z_inv]): simpler-over-budget(thr=3.790e-11) | loss 7.828e-14->1.736e-06 (Δ+1.74e-06) | params 384->2 | cx (0, 0, 0)->(0, 0, 0)
[DBG-candfate] evaluate ENTER: planck_p0
[Stage B]  Trying reduced 1D Planck rewrite on NN leaf vars (1, 2) (p=0, tail_rms≈0.0755)
[Stage B custom_init Planck] compound vars=(1, 2), p=0, a≈0.184, logA≈-0.183, tail_rms≈0.0755
[Stage B] Post-custom-init validation (attempt 0), batch 0, finite: 2000/2000, min: 2.932e-02, max: 1.112e+01, mean: 1.108e+00
[Stage B] Post-custom-init validation (attempt 0), batch 1, finite: 2000/2000, min: 2.926e-02, max: 1.008e+01, mean: 1.172e+00
[Stage B] Post-custom-init validation (attempt 0), batch 2, finite: 2000/2000, min: 4.686e-02, max: 9.590e+00, mean: 1.197e+00
[Stage B] Prediction scale check (attempt 0): pred_median=6.222e-01, true_median=9.826e-02, ratio=6.332e+00
[info] dataloader for provider ASTCompositeAdaptor yields 3 batches (equivalent to a single batch up to floating-point roundoff; minor Python-loop overhead per batch).
[nestynet.optimizer] [LM] **** Too many rejects at lam_max; halting. self.lam_max=1000000000000.0 lam_new=1000000000000.0, iteration 96
Stopping at epoch 97/2000, lm_opt.state['halt']=True, loss=3.4769e-06, loss_val=5.1097e-06
[Stage B]    Candidate (planck_p0): params=2, val-loss=5.1097e-06
[Stage B]    Reject (planck_p0): simpler-over-budget(thr=3.790e-11) | loss 7.828e-14->5.110e-06 (Δ+5.11e-06) | params 384->2 | cx (0, 0, 0)->(0, 0, 0)
[DBG-candfate] evaluate ENTER: planck_p1
[Stage B]  Trying reduced 1D Planck rewrite on NN leaf vars (1, 2) (p=1, tail_rms≈0.184)
[Stage B custom_init Planck] compound vars=(1, 2), p=1, a≈1.13, logA≈0.764, tail_rms≈0.184
[Stage B] Post-custom-init validation (attempt 0), batch 0, finite: 2000/2000, min: 7.557e-03, max: 2.858e+00, mean: 2.747e-01
[Stage B] Post-custom-init validation (attempt 0), batch 1, finite: 2000/2000, min: 7.539e-03, max: 2.468e+00, mean: 2.904e-01
[Stage B] Post-custom-init validation (attempt 0), batch 2, finite: 2000/2000, min: 1.164e-02, max: 2.155e+00, mean: 2.700e-01
[Stage B] Prediction scale check (attempt 0): pred_median=1.478e-01, true_median=9.826e-02, ratio=1.504e+00
[info] dataloader for provider ASTCompositeAdaptor yields 3 batches (equivalent to a single batch up to floating-point roundoff; minor Python-loop overhead per batch).
[nestynet.optimizer] [LM] **** Too many rejects at lam_max; halting. self.lam_max=1000000000000.0 lam_new=1000000000000.0, iteration 65
Stopping at epoch 66/2000, lm_opt.state['halt']=True, loss=4.1569e-06, loss_val=6.3733e-06
[Stage B]    Candidate (planck_p1): params=2, val-loss=6.3733e-06
[Stage B]    Reject (planck_p1): simpler-over-budget(thr=3.790e-11) | loss 7.828e-14->6.373e-06 (Δ+6.37e-06) | params 384->2 | cx (0, 0, 0)->(0, 0, 0)
[DBG-candfate] evaluate ENTER: planck_p1[z_inv]
[Stage B]  Trying reduced 1D Planck rewrite on NN leaf vars (1, 2) (p=1, tail_rms≈0.149) [coord=1/z]
[Stage B custom_init Planck] compound vars=(1, 2), p=1, a≈0.568, logA≈0.19, tail_rms≈0.149
[Stage B] Post-custom-init validation (attempt 0), batch 0, finite: 2000/2000, min: 1.293e-02, max: 4.854e+00, mean: 4.288e-01
[Stage B] Post-custom-init validation (attempt 0), batch 1, finite: 2000/2000, min: 1.225e-02, max: 4.220e+00, mean: 4.530e-01
[Stage B] Post-custom-init validation (attempt 0), batch 2, finite: 2000/2000, min: 1.448e-02, max: 3.285e+00, mean: 3.496e-01
[Stage B] Prediction scale check (attempt 0): pred_median=2.155e-01, true_median=9.826e-02, ratio=2.193e+00
[info] dataloader for provider ASTCompositeAdaptor yields 3 batches (equivalent to a single batch up to floating-point roundoff; minor Python-loop overhead per batch).
[nestynet.optimizer] [LM] **** Too many rejects at lam_max; halting. self.lam_max=1000000000000.0 lam_new=1000000000000.0, iteration 94
Stopping at epoch 95/2000, lm_opt.state['halt']=True, loss=3.4769e-06, loss_val=5.1097e-06
[Stage B]    Candidate (planck_p1[z_inv]): params=2, val-loss=5.1097e-06
[Stage B]    Reject (planck_p1[z_inv]): simpler-over-budget(thr=3.790e-11) | loss 7.828e-14->5.110e-06 (Δ+5.11e-06) | params 384->2 | cx (0, 0, 0)->(0, 0, 0)
[DBG-candfate] evaluate ENTER: planck_p2
[Stage B]  Trying reduced 1D Planck rewrite on NN leaf vars (1, 2) (p=2, tail_rms≈0.293)
[Stage B custom_init Planck] compound vars=(1, 2), p=2, a≈2.08, logA≈1.71, tail_rms≈0.293
[Stage B] Post-custom-init validation (attempt 0), batch 0, finite: 2000/2000, min: 5.996e-03, max: 2.264e+00, mean: 2.125e-01
[Stage B] Post-custom-init validation (attempt 0), batch 1, finite: 2000/2000, min: 5.981e-03, max: 1.904e+00, mean: 2.247e-01
[Stage B] Post-custom-init validation (attempt 0), batch 2, finite: 2000/2000, min: 8.278e-03, max: 1.547e+00, mean: 1.944e-01
[Stage B] Prediction scale check (attempt 0): pred_median=1.113e-01, true_median=9.826e-02, ratio=1.133e+00
[info] dataloader for provider ASTCompositeAdaptor yields 3 batches (equivalent to a single batch up to floating-point roundoff; minor Python-loop overhead per batch).
[nestynet.optimizer] [LM] **** Too many rejects at lam_max; halting. self.lam_max=1000000000000.0 lam_new=1000000000000.0, iteration 66
Stopping at epoch 67/2000, lm_opt.state['halt']=True, loss=1.9146e-05, loss_val=2.7673e-05
[Stage B]    Candidate (planck_p2): params=2, val-loss=2.7673e-05
[Stage B]    Reject (planck_p2): simpler-over-budget(thr=3.790e-11) | loss 7.828e-14->2.767e-05 (Δ+2.77e-05) | params 384->2 | cx (0, 0, 0)->(0, 0, 0)
[DBG-candfate] evaluate ENTER: planck_p2[z_inv]
[Stage B]  Trying reduced 1D Planck rewrite on NN leaf vars (1, 2) (p=2, tail_rms≈0.236) [coord=1/z]
[Stage B custom_init Planck] compound vars=(1, 2), p=2, a≈1.43, logA≈1.05, tail_rms≈0.236
[Stage B] Post-custom-init validation (attempt 0), batch 0, finite: 2000/2000, min: 6.976e-03, max: 2.628e+00, mean: 2.409e-01
[Stage B] Post-custom-init validation (attempt 0), batch 1, finite: 2000/2000, min: 6.825e-03, max: 2.240e+00, mean: 2.546e-01
[Stage B] Post-custom-init validation (attempt 0), batch 2, finite: 2000/2000, min: 8.879e-03, max: 1.746e+00, mean: 2.109e-01
[Stage B] Prediction scale check (attempt 0): pred_median=1.242e-01, true_median=9.826e-02, ratio=1.264e+00
[info] dataloader for provider ASTCompositeAdaptor yields 3 batches (equivalent to a single batch up to floating-point roundoff; minor Python-loop overhead per batch).
[nestynet.optimizer] [LM] **** Too many rejects at lam_max; halting. self.lam_max=1000000000000.0 lam_new=1000000000000.0, iteration 65
Stopping at epoch 66/2000, lm_opt.state['halt']=True, loss=9.5465e-06, loss_val=1.1650e-05
[Stage B]    Candidate (planck_p2[z_inv]): params=2, val-loss=1.1650e-05
[Stage B]    Reject (planck_p2[z_inv]): simpler-over-budget(thr=3.790e-11) | loss 7.828e-14->1.165e-05 (Δ+1.17e-05) | params 384->2 | cx (0, 0, 0)->(0, 0, 0)
[DBG-candfate] evaluate ENTER: polylog
[Stage B]  Trying 1D polylog rewrite on NN leaf vars (1, 2), degree=1
[info] dataloader for provider ASTCompositeAdaptor yields 3 batches (equivalent to a single batch up to floating-point roundoff; minor Python-loop overhead per batch).
[nestynet.optimizer] [LM] **** Too many rejects at lam_max; halting. self.lam_max=1000000000000.0 lam_new=1000000000000.0, iteration 58
Stopping at epoch 59/2000, lm_opt.state['halt']=True, loss=2.6575e-06, loss_val=4.0090e-06
[Stage B]    Candidate (polylog): params=2, val-loss=4.0090e-06
[Stage B]    Reject (polylog): simpler-over-budget(thr=3.790e-11) | loss 7.828e-14->4.009e-06 (Δ+4.01e-06) | params 384->2 | cx (0, 0, 0)->(0, 0, 0)
[DBG-candfate] evaluate ENTER: cf_combo[z_inv]
[Stage B]  Trying 1D compound macro tier-3 linear combo on NN leaf vars [1, 2], terms=['inv_sin_half4 *(arg0)', 'cos_half_sq *(inv_sin_half4(arg0))'], screen_r2=1.000, ok_frac=1.000 [coord=1/z]
[info] dataloader for provider ASTCompositeAdaptor yields 3 batches (equivalent to a single batch up to floating-point roundoff; minor Python-loop overhead per batch).
[nestynet.optimizer] [LM] **** Too many rejects at lam_max; halting. self.lam_max=1000000000000.0 lam_new=1000000000000.0, iteration 68
Stopping at epoch 69/2000, lm_opt.state['halt']=True, loss=4.1636e-05, loss_val=8.3966e-05
[Stage B]    Candidate (cf_combo[z_inv]): params=2, val-loss=8.3966e-05
[Stage B]    Reject (cf_combo[z_inv]): simpler-over-budget(thr=3.790e-11) | loss 7.828e-14->8.397e-05 (Δ+8.40e-05) | params 384->2 | cx (0, 0, 0)->(0, 0, 0)
[DBG-candfate] evaluate ENTER: cf_combo[z_inv]
[Stage B]  Skipping cf_combo[z_inv] (previously rejected on same target)
[DBG-candfate] evaluate ENTER: cf_combo[z_inv]
[Stage B]  Skipping cf_combo[z_inv] (previously rejected on same target)
[DBG-candfate] evaluate ENTER: cf_combo[z_inv]
[Stage B]  Skipping cf_combo[z_inv] (previously rejected on same target)
[DBG-candfate] evaluate ENTER: cf_combo
[Stage B]  Trying 1D compound macro tier-3 linear combo on NN leaf vars [1, 2], terms=['inv_sin_half4 *(arg0)', 'cos_half_sq *(inv_sin_half4(arg0))'], screen_r2=1.000, ok_frac=1.000
[info] dataloader for provider ASTCompositeAdaptor yields 3 batches (equivalent to a single batch up to floating-point roundoff; minor Python-loop overhead per batch).
[nestynet.optimizer] [LM] **** Too many rejects at lam_max; halting. self.lam_max=1000000000000.0 lam_new=1000000000000.0, iteration 68
Stopping at epoch 69/2000, lm_opt.state['halt']=True, loss=6.6109e-05, loss_val=1.5088e-04
[Stage B]    Candidate (cf_combo): params=2, val-loss=1.5088e-04
[Stage B]    Reject (cf_combo): simpler-over-budget(thr=3.790e-11) | loss 7.828e-14->1.509e-04 (Δ+1.51e-04) | params 384->2 | cx (0, 0, 0)->(0, 0, 0)
[DBG-candfate] evaluate ENTER: cf_combo
[Stage B]  Skipping cf_combo (previously rejected on same target)
[DBG-candfate] evaluate ENTER: cf_combo
[Stage B]  Skipping cf_combo (previously rejected on same target)
[DBG-candfate] evaluate ENTER: cf_combo
[Stage B]  Skipping cf_combo (previously rejected on same target)
[DBG-candfate] evaluate ENTER: cf_combo
[Stage B]  Skipping cf_combo (previously rejected on same target)
[DBG-candfate] tier 3p (34 cands): logshifted,logshifted[z_inv],sqrt_poly,sqrt_poly[z_inv],cf_combo,cf_combo[z_inv],cf_combo[z_inv],cf_combo[z_inv],cf_combo[z_inv],cf_combo[z_inv],cf_combo,cf_combo,cf_combo,cf_combo,exp,exp[z_inv],log_ratpoly,tanh,tanh[z_inv],trig,trig[z_inv],trig[z_inv],trig[z_inv],trig[z_inv],trig[z_inv],trig,trig,trig,trig,sinc_p2,sinc_p2[z_inv],expm1[z_inv],inv_poly[z_inv],cf_sharedpref_resid[z_inv]
[DBG-candfate] evaluate ENTER: logshifted
[Stage B]  Trying 1D shifted-log rewrite on NN leaf vars (1, 2)
[info] dataloader for provider ASTCompositeAdaptor yields 3 batches (equivalent to a single batch up to floating-point roundoff; minor Python-loop overhead per batch).
[LM][bucket] solving P=3 (trivially separable union)
[nestynet.optimizer] [LM] **** Too many rejects at lam_max; halting. self.lam_max=1000000000000.0 lam_new=1000000000000.0, iteration 104
Stopping at epoch 105/2000, lm_opt.state['halt']=True, loss=3.3552e-08, loss_val=4.8499e-08
[Stage B]    Candidate (logshifted): params=3, val-loss=4.8499e-08
[Stage B]    Reject (logshifted): simpler-over-budget(thr=3.356e-11) | loss 7.828e-14->4.850e-08 (Δ+4.85e-08) | params 384->3 | cx (0, 0, 0)->(0, 0, 0)
[DBG-candfate] evaluate ENTER: logshifted[z_inv]
[Stage B]  Trying 1D shifted-log rewrite on NN leaf vars (1, 2) [coord=1/z]
[info] dataloader for provider ASTCompositeAdaptor yields 3 batches (equivalent to a single batch up to floating-point roundoff; minor Python-loop overhead per batch).
[Stage B]    Candidate (logshifted[z_inv]): params=3, val-loss=1.8374e-06
[Stage B]    Reject (logshifted[z_inv]): simpler-over-budget(thr=3.356e-11) | loss 7.828e-14->1.837e-06 (Δ+1.84e-06) | params 384->3 | cx (0, 0, 0)->(0, 0, 0)
[DBG-candfate] evaluate ENTER: sqrt_poly
[Stage B]  Trying sqrt/invsqrt(poly) rewrite on NN leaf vars (1, 2), degree=2
[Stage B] Post-custom-init validation (attempt 0), batch 0, finite: 2000/2000, min: 5.394e-03, max: 2.031e+00, mean: 1.874e-01
[Stage B] Post-custom-init validation (attempt 0), batch 1, finite: 2000/2000, min: 5.273e-03, max: 1.738e+00, mean: 1.980e-01
[Stage B] Post-custom-init validation (attempt 0), batch 2, finite: 2000/2000, min: 7.473e-03, max: 1.376e+00, mean: 1.732e-01
[Stage B] Prediction scale check (attempt 0): pred_median=9.819e-02, true_median=9.826e-02, ratio=9.993e-01
[Stage B] Lifted prefit enabled: link=inv_square, base_link=identity, prefit_epochs=200
[info] dataloader for provider ASTCompositeAdaptor yields 3 batches (equivalent to a single batch up to floating-point roundoff; minor Python-loop overhead per batch).
epochs_min=50 does not align with iter_check=100; the validation-based check will run at the next fresh validation epoch (100).
[nestynet.optimizer] [LM] **** Too many rejects at lam_max; halting. self.lam_max=1000000000000.0 lam_new=1000000000000.0, iteration 68
Stopping at epoch 69/200, lm_opt.state['halt']=True, loss=2.0569e+01, loss_val=3.3068e+01
[info] dataloader for provider ASTCompositeAdaptor yields 3 batches (equivalent to a single batch up to floating-point roundoff; minor Python-loop overhead per batch).
epochs_min=50 does not align with iter_check=100; the validation-based check will run at the next fresh validation epoch (100).
Stopping at epoch 1/200, lm_opt.state['halt']=True, loss=7.0421e-08, loss_val=1.2256e-07
[Stage B]    Candidate (sqrt_poly): params=3, val-loss=1.2256e-07
[Stage B]    Reject (sqrt_poly): simpler-over-budget(thr=3.356e-11) | loss 7.828e-14->1.226e-07 (Δ+1.23e-07) | params 384->3 | cx (0, 0, 0)->(0, 0, 0)
[DBG-candfate] evaluate ENTER: sqrt_poly[z_inv]
[Stage B]  Trying sqrt/invsqrt(poly) rewrite on NN leaf vars (1, 2), degree=2 [coord=1/z]
[Stage B] Post-custom-init validation (attempt 0), batch 0, finite: 2000/2000, min: 5.393e-03, max: 2.031e+00, mean: 1.874e-01
[Stage B] Post-custom-init validation (attempt 0), batch 1, finite: 2000/2000, min: 5.277e-03, max: 1.736e+00, mean: 1.980e-01
[Stage B] Post-custom-init validation (attempt 0), batch 2, finite: 2000/2000, min: 7.464e-03, max: 1.375e+00, mean: 1.732e-01
[Stage B] Prediction scale check (attempt 0): pred_median=9.825e-02, true_median=9.826e-02, ratio=1.000e+00
[Stage B] Lifted prefit enabled: link=inv_square, base_link=identity, prefit_epochs=200
[info] dataloader for provider ASTCompositeAdaptor yields 3 batches (equivalent to a single batch up to floating-point roundoff; minor Python-loop overhead per batch).
epochs_min=50 does not align with iter_check=100; the validation-based check will run at the next fresh validation epoch (100).
[nestynet.optimizer] [LM] **** Too many rejects at lam_max; halting. self.lam_max=1000000000000.0 lam_new=1000000000000.0, iteration 68
Stopping at epoch 69/200, lm_opt.state['halt']=True, loss=1.2767e-01, loss_val=2.4845e-01
[info] dataloader for provider ASTCompositeAdaptor yields 3 batches (equivalent to a single batch up to floating-point roundoff; minor Python-loop overhead per batch).
epochs_min=50 does not align with iter_check=100; the validation-based check will run at the next fresh validation epoch (100).
Stopping at epoch 1/200, lm_opt.state['halt']=True, loss=4.6661e-10, loss_val=9.2487e-10
[Stage B]    Candidate (sqrt_poly[z_inv]): params=3, val-loss=9.2487e-10
[Stage B]    Reject (sqrt_poly[z_inv]): simpler-over-budget(thr=3.356e-11) | loss 7.828e-14->9.249e-10 (Δ+9.25e-10) | params 384->3 | cx (0, 0, 0)->(0, 0, 0)
[DBG-candfate] evaluate ENTER: cf_combo
[Stage B]  Skipping cf_combo (previously rejected on same target)
[DBG-candfate] evaluate ENTER: cf_combo[z_inv]
[Stage B]  Skipping cf_combo[z_inv] (previously rejected on same target)
[DBG-candfate] evaluate ENTER: cf_combo[z_inv]
[Stage B]  Skipping cf_combo[z_inv] (previously rejected on same target)
[DBG-candfate] evaluate ENTER: cf_combo[z_inv]
[Stage B]  Skipping cf_combo[z_inv] (previously rejected on same target)
[DBG-candfate] evaluate ENTER: cf_combo[z_inv]
[Stage B]  Skipping cf_combo[z_inv] (previously rejected on same target)
[DBG-candfate] evaluate ENTER: cf_combo[z_inv]
[Stage B]  Skipping cf_combo[z_inv] (previously rejected on same target)
[DBG-candfate] evaluate ENTER: cf_combo
[Stage B]  Skipping cf_combo (previously rejected on same target)
[DBG-candfate] evaluate ENTER: cf_combo
[Stage B]  Skipping cf_combo (previously rejected on same target)
[DBG-candfate] evaluate ENTER: cf_combo
[Stage B]  Skipping cf_combo (previously rejected on same target)
[DBG-candfate] evaluate ENTER: cf_combo
[Stage B]  Skipping cf_combo (previously rejected on same target)
[DBG-candfate] evaluate ENTER: exp
[Stage B]  Trying exp-poly rewrite on NN leaf vars (1, 2), degree=2
[Stage B] Initialising ExpPolyLeaf for vars (1, 2), tag=leaf1
[info] dataloader for provider ASTCompositeAdaptor yields 3 batches (equivalent to a single batch up to floating-point roundoff; minor Python-loop overhead per batch).
Stopping at epoch 1/2000, lm_opt.state['halt']=True, loss=1.3687e-07, loss_val=2.1840e-07
[Stage B]    Candidate (exp): params=3, val-loss=2.1840e-07
[Stage B]    Reject (exp): simpler-over-budget(thr=3.356e-11) | loss 7.828e-14->2.184e-07 (Δ+2.18e-07) | params 384->3 | cx (0, 0, 0)->(0, 0, 0)
[DBG-candfate] evaluate ENTER: exp[z_inv]
[Stage B]  Trying exp-poly rewrite on NN leaf vars (1, 2), degree=2 [coord=1/z]
[Stage B] Initialising ExpPolyLeaf for vars (1, 2), tag=leaf1
[info] dataloader for provider ASTCompositeAdaptor yields 3 batches (equivalent to a single batch up to floating-point roundoff; minor Python-loop overhead per batch).
Stopping at epoch 1/2000, lm_opt.state['halt']=True, loss=5.2608e-09, loss_val=9.5533e-09
[Stage B]    Candidate (exp[z_inv]): params=3, val-loss=9.5533e-09
[Stage B]    Reject (exp[z_inv]): simpler-over-budget(thr=3.356e-11) | loss 7.828e-14->9.553e-09 (Δ+9.55e-09) | params 384->3 | cx (0, 0, 0)->(0, 0, 0)
[DBG-candfate] evaluate ENTER: log_ratpoly
[Stage B]  Trying log(ratpoly) rewrite on NN leaf vars (1, 2)
[Stage B] Post-custom-init validation (attempt 0), batch 0, finite: 2000/2000, min: 5.358e-03, max: 2.020e+00, mean: 1.876e-01
[Stage B] Post-custom-init validation (attempt 0), batch 1, finite: 2000/2000, min: 5.286e-03, max: 1.716e+00, mean: 1.983e-01
[Stage B] Post-custom-init validation (attempt 0), batch 2, finite: 2000/2000, min: 7.382e-03, max: 1.369e+00, mean: 1.722e-01
[Stage B] Prediction scale check (attempt 0): pred_median=9.808e-02, true_median=9.826e-02, ratio=9.982e-01
[Stage B] Lifted prefit enabled: link=exp, base_link=identity, prefit_epochs=200
[info] dataloader for provider ASTCompositeAdaptor yields 3 batches (equivalent to a single batch up to floating-point roundoff; minor Python-loop overhead per batch).
epochs_min=50 does not align with iter_check=100; the validation-based check will run at the next fresh validation epoch (100).
[nestynet.optimizer] [LM] **** Too many rejects at lam_max; halting. self.lam_max=1000000000000.0 lam_new=1000000000000.0, iteration 68
Stopping at epoch 69/200, lm_opt.state['halt']=True, loss=2.5775e-05, loss_val=5.2349e-05
[info] dataloader for provider ASTCompositeAdaptor yields 3 batches (equivalent to a single batch up to floating-point roundoff; minor Python-loop overhead per batch).
epochs_min=50 does not align with iter_check=100; the validation-based check will run at the next fresh validation epoch (100).
[nestynet.optimizer] [LM] **** Too many rejects at lam_max; halting. self.lam_max=1000000000000.0 lam_new=1000000000000.0, iteration 66
Stopping at epoch 67/200, lm_opt.state['halt']=True, loss=4.1639e-06, loss_val=6.3878e-06
[Stage B]    Candidate (log_ratpoly): params=3, val-loss=6.3878e-06
[Stage B]    Reject (log_ratpoly): simpler-over-budget(thr=3.356e-11) | loss 7.828e-14->6.388e-06 (Δ+6.39e-06) | params 384->3 | cx (0, 0, 0)->(0, 0, 0)
[DBG-candfate] evaluate ENTER: tanh
[Stage B]  Trying tanh rewrite on NN leaf vars (1, 2)
[Stage B] Initialising TanhLinearLeaf for vars (1, 2), tag=leaf1
[info] dataloader for provider ASTCompositeAdaptor yields 3 batches (equivalent to a single batch up to floating-point roundoff; minor Python-loop overhead per batch).
Stopping at epoch 1001/2000, lm_opt.state['halt']=True, loss=4.5577e-06, loss_val=7.1567e-06
[Stage B]    Candidate (tanh): params=3, val-loss=7.1490e-06
[Stage B]    Reject (tanh): simpler-over-budget(thr=3.356e-11) | loss 7.828e-14->7.149e-06 (Δ+7.15e-06) | params 384->3 | cx (0, 0, 0)->(0, 0, 0)
[DBG-candfate] evaluate ENTER: tanh[z_inv]
[Stage B]  Trying tanh rewrite on NN leaf vars (1, 2) [coord=1/z]
[Stage B] Initialising TanhLinearLeaf for vars (1, 2), tag=leaf1
[info] dataloader for provider ASTCompositeAdaptor yields 3 batches (equivalent to a single batch up to floating-point roundoff; minor Python-loop overhead per batch).
Stopping at epoch 1001/2000, lm_opt.state['halt']=True, loss=1.2427e-06, loss_val=1.8238e-06
[Stage B]    Candidate (tanh[z_inv]): params=3, val-loss=1.8231e-06
[Stage B]    Reject (tanh[z_inv]): simpler-over-budget(thr=3.356e-11) | loss 7.828e-14->1.823e-06 (Δ+1.82e-06) | params 384->3 | cx (0, 0, 0)->(0, 0, 0)
[DBG-candfate] evaluate ENTER: trig
[Stage B]  Trying trig on NN vars (1, 2), omega≈25.209, amp≈0.012
[Stage B] Initialising SinLinearLeaf for vars (1, 2), tag=leaf1
[Stage B] Post-custom-init validation (attempt 0), batch 0, finite: 2000/2000, min: -2.437e-02, max: 3.127e-02, mean: -8.895e-05
[Stage B] Post-custom-init validation (attempt 0), batch 1, finite: 2000/2000, min: -2.478e-02, max: 2.742e-02, mean: -3.045e-04
[Stage B] Post-custom-init validation (attempt 0), batch 2, finite: 2000/2000, min: -1.281e-02, max: 2.257e-02, mean: 5.723e-04
[Stage B] Prediction scale check (attempt 0): pred_median=8.438e-04, true_median=9.826e-02, ratio=8.588e-03
[info] dataloader for provider ASTCompositeAdaptor yields 3 batches (equivalent to a single batch up to floating-point roundoff; minor Python-loop overhead per batch).
[nestynet.optimizer] [LM] **** Too many rejects at lam_max; halting. self.lam_max=1000000000000.0 lam_new=1000000000000.0, iteration 92
Stopping at epoch 93/2000, lm_opt.state['halt']=True, loss=8.9109e-02, loss_val=6.1149e-02
[Stage B]    Candidate (trig): params=3, val-loss=6.1149e-02
[Stage B]    Reject (trig): simpler-over-budget(thr=3.356e-11) | loss 7.828e-14->6.115e-02 (Δ+6.11e-02) | params 384->3 | cx (0, 0, 0)->(0, 0, 0)
[DBG-candfate] evaluate ENTER: trig[z_inv]
[Stage B]  Trying trig on NN vars (1, 2), omega≈25.966, amp≈0.012 [coord=1/z]
[Stage B] Initialising SinLinearLeaf for vars (1, 2), tag=leaf1
[Stage B] Post-custom-init validation (attempt 0), batch 0, finite: 2000/2000, min: -2.639e-02, max: 2.821e-02, mean: -1.002e-04
[Stage B] Post-custom-init validation (attempt 0), batch 1, finite: 2000/2000, min: -2.439e-02, max: 2.765e-02, mean: 6.545e-05
[Stage B] Post-custom-init validation (attempt 0), batch 2, finite: 2000/2000, min: -1.716e-02, max: 2.133e-02, mean: 5.399e-04
[Stage B] Prediction scale check (attempt 0): pred_median=8.432e-04, true_median=9.826e-02, ratio=8.581e-03
[info] dataloader for provider ASTCompositeAdaptor yields 3 batches (equivalent to a single batch up to floating-point roundoff; minor Python-loop overhead per batch).
Stopping at epoch 901/2000, lm_opt.state['halt']=True, loss=1.2425e-06, loss_val=1.8236e-06
[Stage B]    Candidate (trig[z_inv]): params=3, val-loss=1.8210e-06
[Stage B]    Reject (trig[z_inv]): simpler-over-budget(thr=3.356e-11) | loss 7.828e-14->1.821e-06 (Δ+1.82e-06) | params 384->3 | cx (0, 0, 0)->(0, 0, 0)
[DBG-candfate] evaluate ENTER: trig[z_inv]
[Stage B]  Skipping trig[z_inv] (previously rejected on same target)
[DBG-candfate] evaluate ENTER: trig[z_inv]
[Stage B]  Skipping trig[z_inv] (previously rejected on same target)
[DBG-candfate] evaluate ENTER: trig[z_inv]
[Stage B]  Skipping trig[z_inv] (previously rejected on same target)
[DBG-candfate] evaluate ENTER: trig[z_inv]
[Stage B]  Skipping trig[z_inv] (previously rejected on same target)
[DBG-candfate] evaluate ENTER: trig
[Stage B]  Skipping trig (previously rejected on same target)
[DBG-candfate] evaluate ENTER: trig
[Stage B]  Skipping trig (previously rejected on same target)
[DBG-candfate] evaluate ENTER: trig
[Stage B]  Skipping trig (previously rejected on same target)
[DBG-candfate] evaluate ENTER: trig
[Stage B]  Skipping trig (previously rejected on same target)
[DBG-candfate] evaluate ENTER: sinc_p2
[Stage B]  Trying sinc_p2 on compound nn vars=(1, 2) (poly: 1D degree=1, seed: k0*z)
[Stage B] Post-custom-init validation (attempt 0), batch 0, finite: 2000/2000, min: 5.409e-03, max: 2.037e+00, mean: 1.874e-01
[Stage B] Post-custom-init validation (attempt 0), batch 1, finite: 2000/2000, min: 5.295e-03, max: 1.738e+00, mean: 1.980e-01
[Stage B] Post-custom-init validation (attempt 0), batch 2, finite: 2000/2000, min: 7.162e-03, max: 1.355e+00, mean: 1.681e-01
[Stage B] Prediction scale check (attempt 0): pred_median=9.725e-02, true_median=9.826e-02, ratio=9.898e-01
<HOME>:51: UserWarning: optimizer contains a parameter group with duplicate parameters; in future, this will cause an error; see github.com/pytorch/pytorch/issues/40967 for more information
  return disable_fn(*args, **kwargs)
[info] dataloader for provider ASTCompositeAdaptor yields 3 batches (equivalent to a single batch up to floating-point roundoff; minor Python-loop overhead per batch).
[Stage B]    Candidate (sinc_p2) fit failed: ValueError: Optimizer parameters must be unique by tensor identity.; trying next.
[DBG-candfate] evaluate ENTER: sinc_p2[z_inv]
[Stage B]  Precheck reject (duplicate-signature) rule=univariate_nn cand=sinc_p2[z_inv] target=nn#leaf1 vars=(1, 2) sig=(2, 2, 1, -1, -1, 0) attempted=6
[DBG-candfate] evaluate ENTER: expm1[z_inv]
[Stage B]  Trying 1D Expm1 rewrite on NN leaf vars (1, 2) [coord=1/z]
[Stage B custom_init Expm1] compound vars=(1, 2), a≈0.295, logA≈-0.666
[Stage B] Post-custom-init validation (attempt 0), batch 0, finite: 2000/2000, min: 1.248e-03, max: 4.731e-01, mean: 4.739e-02
[Stage B] Post-custom-init validation (attempt 0), batch 1, finite: 2000/2000, min: 1.245e-03, max: 4.316e-01, mean: 5.011e-02
[Stage B] Post-custom-init validation (attempt 0), batch 2, finite: 2000/2000, min: 1.993e-03, max: 4.172e-01, mean: 5.204e-02
[Stage B] Prediction scale check (attempt 0): pred_median=2.677e-02, true_median=9.826e-02, ratio=2.724e-01
[info] dataloader for provider ASTCompositeAdaptor yields 3 batches (equivalent to a single batch up to floating-point roundoff; minor Python-loop overhead per batch).
Stopping at epoch 401/2000, lm_opt.state['halt']=True, loss=9.4197e-07, loss_val=1.3365e-06
[Stage B]    Candidate (expm1[z_inv]): params=3, val-loss=1.3365e-06
[Stage B]    Reject (expm1[z_inv]): simpler-over-budget(thr=3.356e-11) | loss 7.828e-14->1.336e-06 (Δ+1.34e-06) | params 384->3 | cx (0, 0, 0)->(0, 0, 0)
[DBG-candfate] evaluate ENTER: inv_poly[z_inv]
[Stage B]  Trying inv_poly degree=2 (1/P(x)) rewrite on NN leaf vars (1, 2) [coord=1/z]
[Stage B custom_init inv-poly] Init on vars (1, 2): degree=2, rel_rms≈1.44e-04
[Stage B] Post-custom-init validation (attempt 0), batch 0, finite: 2000/2000, min: 5.394e-03, max: 2.031e+00, mean: 1.874e-01
[Stage B] Post-custom-init validation (attempt 0), batch 1, finite: 2000/2000, min: 5.277e-03, max: 1.736e+00, mean: 1.980e-01
[Stage B] Post-custom-init validation (attempt 0), batch 2, finite: 2000/2000, min: 7.465e-03, max: 1.376e+00, mean: 1.732e-01
[Stage B] Prediction scale check (attempt 0): pred_median=9.825e-02, true_median=9.826e-02, ratio=9.999e-01
[Stage B] Lifted prefit enabled: link=recip, base_link=identity, prefit_epochs=200
[info] dataloader for provider ASTCompositeAdaptor yields 3 batches (equivalent to a single batch up to floating-point roundoff; minor Python-loop overhead per batch).
epochs_min=50 does not align with iter_check=100; the validation-based check will run at the next fresh validation epoch (100).
[nestynet.optimizer] [LM] **** Too many rejects at lam_max; halting. self.lam_max=1000000000000.0 lam_new=1000000000000.0, iteration 72
Stopping at epoch 73/200, lm_opt.state['halt']=True, loss=2.1720e-05, loss_val=4.0614e-05
[info] dataloader for provider ASTCompositeAdaptor yields 3 batches (equivalent to a single batch up to floating-point roundoff; minor Python-loop overhead per batch).
epochs_min=50 does not align with iter_check=100; the validation-based check will run at the next fresh validation epoch (100).
Stopping at epoch 1/200, lm_opt.state['halt']=True, loss=2.0846e-09, loss_val=3.4942e-09
[Stage B]    Candidate (inv_poly[z_inv]): params=3, val-loss=3.4942e-09
[Stage B]    Reject (inv_poly[z_inv]): simpler-over-budget(thr=3.356e-11) | loss 7.828e-14->3.494e-09 (Δ+3.49e-09) | params 384->3 | cx (0, 0, 0)->(0, 0, 0)
[DBG-candfate] evaluate ENTER: cf_sharedpref_resid[z_inv]
[Stage B]  Trying 1D compound macro shared-prefactor+residual macro on NN leaf vars [1, 2], pref=1/arg0, macro=inv_sin_half4(arg0), screen_r2=1.000, ok_frac=1.000 [coord=1/z]
[info] dataloader for provider ASTCompositeAdaptor yields 3 batches (equivalent to a single batch up to floating-point roundoff; minor Python-loop overhead per batch).
[nestynet.optimizer] [LM] **** Too many rejects at lam_max; halting. self.lam_max=1000000000000.0 lam_new=1000000000000.0, iteration 70
Stopping at epoch 71/2000, lm_opt.state['halt']=True, loss=3.7799e-07, loss_val=6.3124e-07
[Stage B]    Candidate (cf_sharedpref_resid[z_inv]): params=3, val-loss=6.3124e-07
[Stage B]    Reject (cf_sharedpref_resid[z_inv]): simpler-over-budget(thr=3.356e-11) | loss 7.828e-14->6.312e-07 (Δ+6.31e-07) | params 384->3 | cx (0, 0, 0)->(0, 0, 0)
[DBG-candfate] tier 4p (8 cands): affine_trig,affine_trig[z_inv],leaftr_recip_poly3,leaftr_recip_poly3[z_inv],leaftr_log_poly3,leaftr_log_poly3[z_inv],leaftr_sqrt_poly3,leaftr_sqrt_poly3[z_inv]
[DBG-candfate] evaluate ENTER: affine_trig
[Stage B]  Trying affine trig (c + A*sin) on NN leaf vars (1, 2), omega≈25.209, amp≈0.012, offset≈0.691
[Stage B] Initialising SinLinearLeaf for vars (1, 2), tag=leaf1
[Stage B] Post-custom-init validation (attempt 0), batch 0, finite: 2000/2000, min: 5.574e-03, max: 2.094e+00, mean: 1.868e-01
[Stage B] Post-custom-init validation (attempt 0), batch 1, finite: 2000/2000, min: 5.256e-03, max: 1.798e+00, mean: 1.972e-01
[Stage B] Post-custom-init validation (attempt 0), batch 2, finite: 2000/2000, min: 6.842e-03, max: 1.402e+00, mean: 1.636e-01
[Stage B] Prediction scale check (attempt 0): pred_median=9.620e-02, true_median=9.826e-02, ratio=9.791e-01
[info] dataloader for provider ASTCompositeAdaptor yields 3 batches (equivalent to a single batch up to floating-point roundoff; minor Python-loop overhead per batch).
[LM][bucket] solving P=4 (trivially separable union)
[nestynet.optimizer] [LM] **** Too many rejects at lam_max; halting. self.lam_max=1000000000000.0 lam_new=1000000000000.0, iteration 171
Stopping at epoch 172/2000, lm_opt.state['halt']=True, loss=7.3890e-05, loss_val=1.4203e-04
[Stage B]    Candidate (affine_trig): params=4, val-loss=1.4203e-04
[Stage B]    Reject (affine_trig): simpler-over-budget(thr=3.078e-11) | loss 7.828e-14->1.420e-04 (Δ+1.42e-04) | params 384->4 | cx (0, 0, 0)->(0, 0, 0)
[DBG-candfate] evaluate ENTER: affine_trig[z_inv]
[Stage B]  Trying affine trig (c + A*sin) on NN leaf vars (1, 2), omega≈25.966, amp≈0.012, offset≈0.693 [coord=1/z]
[Stage B] Initialising SinLinearLeaf for vars (1, 2), tag=leaf1
[Stage B] Post-custom-init validation (attempt 0), batch 0, finite: 2000/2000, min: 5.483e-03, max: 2.068e+00, mean: 1.872e-01
[Stage B] Post-custom-init validation (attempt 0), batch 1, finite: 2000/2000, min: 5.401e-03, max: 1.755e+00, mean: 1.980e-01
[Stage B] Post-custom-init validation (attempt 0), batch 2, finite: 2000/2000, min: 6.903e-03, max: 1.368e+00, mean: 1.639e-01
[Stage B] Prediction scale check (attempt 0): pred_median=9.632e-02, true_median=9.826e-02, ratio=9.803e-01
[info] dataloader for provider ASTCompositeAdaptor yields 3 batches (equivalent to a single batch up to floating-point roundoff; minor Python-loop overhead per batch).
[nestynet.optimizer] [LM] **** Too many rejects at lam_max; halting. self.lam_max=1000000000000.0 lam_new=1000000000000.0, iteration 76
Stopping at epoch 77/2000, lm_opt.state['halt']=True, loss=7.0900e-05, loss_val=1.6097e-04
[Stage B]    Candidate (affine_trig[z_inv]): params=4, val-loss=1.6097e-04
[Stage B]    Reject (affine_trig[z_inv]): simpler-over-budget(thr=3.078e-11) | loss 7.828e-14->1.610e-04 (Δ+1.61e-04) | params 384->4 | cx (0, 0, 0)->(0, 0, 0)
[DBG-candfate] evaluate ENTER: leaftr_recip_poly3
[Stage B]  Leaf-transform 'recip' poly(deg=3): rms≈0.000
[Stage B] Post-custom-init validation (attempt 0), batch 0, finite: 2000/2000, min: 5.394e-03, max: 2.031e+00, mean: 1.873e-01
[Stage B] Post-custom-init validation (attempt 0), batch 1, finite: 2000/2000, min: 5.278e-03, max: 1.735e+00, mean: 1.980e-01
[Stage B] Post-custom-init validation (attempt 0), batch 2, finite: 2000/2000, min: 7.465e-03, max: 1.376e+00, mean: 1.732e-01
[Stage B] Prediction scale check (attempt 0): pred_median=9.827e-02, true_median=9.826e-02, ratio=1.000e+00
[info] dataloader for provider ASTCompositeAdaptor yields 3 batches (equivalent to a single batch up to floating-point roundoff; minor Python-loop overhead per batch).
Stopping at epoch 1/2000, lm_opt.state['halt']=True, loss=3.2589e-09, loss_val=6.3463e-09
[Stage B]    Candidate (leaftr_recip_poly3): params=4, val-loss=6.3463e-09
[Stage B]    Reject (leaftr_recip_poly3): simpler-over-budget(thr=3.078e-11) | loss 7.828e-14->6.346e-09 (Δ+6.35e-09) | params 384->4 | cx (0, 0, 0)->(0, 0, 0)
[DBG-candfate] evaluate ENTER: leaftr_recip_poly3[z_inv]
[Stage B]  Leaf-transform 'recip' poly(deg=3): rms≈0.000 [coord=1/z]
[Stage B] Post-custom-init validation (attempt 0), batch 0, finite: 2000/2000, min: 5.393e-03, max: 2.031e+00, mean: 1.874e-01
[Stage B] Post-custom-init validation (attempt 0), batch 1, finite: 2000/2000, min: 5.277e-03, max: 1.736e+00, mean: 1.980e-01
[Stage B] Post-custom-init validation (attempt 0), batch 2, finite: 2000/2000, min: 7.463e-03, max: 1.375e+00, mean: 1.732e-01
[Stage B] Prediction scale check (attempt 0): pred_median=9.826e-02, true_median=9.826e-02, ratio=1.000e+00
[info] dataloader for provider ASTCompositeAdaptor yields 3 batches (equivalent to a single batch up to floating-point roundoff; minor Python-loop overhead per batch).
Stopping at epoch 1/2000, lm_opt.state['halt']=True, loss=1.6972e-11, loss_val=3.0769e-11
[Stage B]    Candidate (leaftr_recip_poly3[z_inv]): params=4, val-loss=3.0769e-11
[DBG-candfate] evaluate ENTER: leaftr_log_poly3
[Stage B]  Leaf-transform 'log' poly(deg=3): rms≈0.000
[Stage B] Post-custom-init validation (attempt 0), batch 0, finite: 2000/2000, min: 5.394e-03, max: 2.031e+00, mean: 1.873e-01
[Stage B] Post-custom-init validation (attempt 0), batch 1, finite: 2000/2000, min: 5.278e-03, max: 1.735e+00, mean: 1.980e-01
[Stage B] Post-custom-init validation (attempt 0), batch 2, finite: 2000/2000, min: 7.466e-03, max: 1.376e+00, mean: 1.732e-01
[Stage B] Prediction scale check (attempt 0): pred_median=9.827e-02, true_median=9.826e-02, ratio=1.000e+00
[info] dataloader for provider ASTCompositeAdaptor yields 3 batches (equivalent to a single batch up to floating-point roundoff; minor Python-loop overhead per batch).
Stopping at epoch 1/2000, lm_opt.state['halt']=True, loss=5.2871e-09, loss_val=9.8546e-09
[Stage B]    Candidate (leaftr_log_poly3): params=4, val-loss=9.8546e-09
[Stage B]    Reject (leaftr_log_poly3): simpler-over-budget(thr=3.078e-11) | loss 7.828e-14->9.855e-09 (Δ+9.85e-09) | params 384->4 | cx (0, 0, 0)->(0, 0, 0)
[DBG-candfate] evaluate ENTER: leaftr_log_poly3[z_inv]
[Stage B]  Leaf-transform 'log' poly(deg=3): rms≈0.000 [coord=1/z]
[Stage B] Post-custom-init validation (attempt 0), batch 0, finite: 2000/2000, min: 5.393e-03, max: 2.031e+00, mean: 1.874e-01
[Stage B] Post-custom-init validation (attempt 0), batch 1, finite: 2000/2000, min: 5.277e-03, max: 1.736e+00, mean: 1.980e-01
[Stage B] Post-custom-init validation (attempt 0), batch 2, finite: 2000/2000, min: 7.463e-03, max: 1.375e+00, mean: 1.732e-01
[Stage B] Prediction scale check (attempt 0): pred_median=9.826e-02, true_median=9.826e-02, ratio=1.000e+00
[info] dataloader for provider ASTCompositeAdaptor yields 3 batches (equivalent to a single batch up to floating-point roundoff; minor Python-loop overhead per batch).
Stopping at epoch 1/2000, lm_opt.state['halt']=True, loss=5.3545e-11, loss_val=9.0720e-11
[Stage B]    Candidate (leaftr_log_poly3[z_inv]): params=4, val-loss=9.0720e-11
[Stage B]    Reject (leaftr_log_poly3[z_inv]): simpler-over-budget(thr=3.078e-11) | loss 7.828e-14->9.072e-11 (Δ+9.06e-11) | params 384->4 | cx (0, 0, 0)->(0, 0, 0)
[DBG-candfate] evaluate ENTER: leaftr_sqrt_poly3
[Stage B]  Leaf-transform 'sqrt' poly(deg=3): rms≈0.000
[Stage B] Post-custom-init validation (attempt 0), batch 0, finite: 2000/2000, min: 5.394e-03, max: 2.031e+00, mean: 1.873e-01
[Stage B] Post-custom-init validation (attempt 0), batch 1, finite: 2000/2000, min: 5.278e-03, max: 1.735e+00, mean: 1.980e-01
[Stage B] Post-custom-init validation (attempt 0), batch 2, finite: 2000/2000, min: 7.466e-03, max: 1.376e+00, mean: 1.732e-01
[Stage B] Prediction scale check (attempt 0): pred_median=9.827e-02, true_median=9.826e-02, ratio=1.000e+00
[info] dataloader for provider ASTCompositeAdaptor yields 3 batches (equivalent to a single batch up to floating-point roundoff; minor Python-loop overhead per batch).
Stopping at epoch 1/2000, lm_opt.state['halt']=True, loss=6.5792e-09, loss_val=1.1971e-08
[Stage B]    Candidate (leaftr_sqrt_poly3): params=4, val-loss=1.1971e-08
[Stage B]    Reject (leaftr_sqrt_poly3): simpler-over-budget(thr=3.078e-11) | loss 7.828e-14->1.197e-08 (Δ+1.20e-08) | params 384->4 | cx (0, 0, 0)->(0, 0, 0)
[DBG-candfate] evaluate ENTER: leaftr_sqrt_poly3[z_inv]
[Stage B]  Leaf-transform 'sqrt' poly(deg=3): rms≈0.000 [coord=1/z]
[Stage B] Post-custom-init validation (attempt 0), batch 0, finite: 2000/2000, min: 5.393e-03, max: 2.031e+00, mean: 1.874e-01
[Stage B] Post-custom-init validation (attempt 0), batch 1, finite: 2000/2000, min: 5.277e-03, max: 1.736e+00, mean: 1.980e-01
[Stage B] Post-custom-init validation (attempt 0), batch 2, finite: 2000/2000, min: 7.463e-03, max: 1.375e+00, mean: 1.732e-01
[Stage B] Prediction scale check (attempt 0): pred_median=9.826e-02, true_median=9.826e-02, ratio=1.000e+00
[info] dataloader for provider ASTCompositeAdaptor yields 3 batches (equivalent to a single batch up to floating-point roundoff; minor Python-loop overhead per batch).
Stopping at epoch 1/2000, lm_opt.state['halt']=True, loss=8.5311e-11, loss_val=1.3958e-10
[Stage B]    Candidate (leaftr_sqrt_poly3[z_inv]): params=4, val-loss=1.3958e-10
[Stage B]    Reject (leaftr_sqrt_poly3[z_inv]): simpler-over-budget(thr=3.078e-11) | loss 7.828e-14->1.396e-10 (Δ+1.39e-10) | params 384->4 | cx (0, 0, 0)->(0, 0, 0)
[Stage B]    [32mAccepted[0m rewrite (leaftr_recip_poly3[z_inv], simpler-within-budget(dec=0.595, thr=3.078e-11); homogeneous-gauge-scope-improved HomogeneousGaugeGlobalScore(total_unresolved_scopes=1, total_ratio_nn_atoms_inside_unresolved_scopes=1, sum_effective_arity_sq_inside_unresolved_scopes=1, max_effective_arity_inside_unresolved_scopes=1, analytic_factor_count_inside_unresolved_scopes=2, analytic_complexity_inside_unresolved_scopes=5)->HomogeneousGaugeGlobalScore(total_unresolved_scopes=0, total_ratio_nn_atoms_inside_unresolved_scopes=0, sum_effective_arity_sq_inside_unresolved_scopes=0, max_effective_arity_inside_unresolved_scopes=0, analytic_factor_count_inside_unresolved_scopes=0, analytic_complexity_inside_unresolved_scopes=0))
[Stage B]    NN metrics: total=0, multivar=0, max_arity=0
[Stage B]    Current: [35mx0^0.33 * poly0(z=((x1 * x2^-1)^-1))^-1 * x1^-1^0.67[0m
[Stage B polish] skipped: accepted state is already terminal; deferring cleanup (NN=0, params=4, following_min_params=none, loss=3.077e-11, floor=4.760e-10, noise_floor=0.000e+00, noise_n_eff=2000.0).
[Stage B] Terminal state reached; stopping exhaustive search (NN=0, params=4, following_min_params=5, loss=3.077e-11, floor=4.760e-10, noise_floor=0.000e+00, noise_n_eff=2000.0).
[Stage B] === Phase 1: Searching for separabilities (additive, multiplicative) ===
[Stage B] Rule nonsense_units_zero_prune found 0 targets
[Stage B] Rule monomial_peel_priority found 0 targets
[Stage B] Rule subtree_separability found 0 targets
[Stage B] Rule last_hard_trig_square found 0 targets
[Stage B] Rule univariate_nn found 0 targets
[Stage B] Rule log_ratio found 0 targets
[Stage B] Rule power_product found 0 targets
[Stage B] Rule joint_product_monomial_closure found 0 targets
[Stage B] Rule overlap_prefactor_peel found 0 targets
[Stage B] Rule overlap_counterterm_peel found 0 targets
[Stage B] Rule common_prefactor found 0 targets
[Stage B] Rule additive_gauge_transfer found 0 targets
[Stage B] Rule multiplicative_homogeneity_transfer found 0 targets
[Stage B] Rule univariate_mono found 0 targets
[Stage B] Rule nn_leaf_separability found 0 targets
[Stage B] Rule counterterm_mul_split found 0 targets
[Stage B] Rule counterfactor_add_split found 0 targets
[Stage B] Terminal state reached after accept; done (NN=0, params=4, following_min_params=none, loss=3.077e-11, floor=4.760e-10, noise_floor=0.000e+00, noise_n_eff=2000.0).
[Stage B]   Restoring best-seen state (loss=7.828e-14 < current=3.077e-11)
[Stage B] Pareto(loss,complexity): front=8 trackable=47 outcomes=['accept', 'reject']
[Stage B]   Pareto step=2 accept monomial_pow2_3[z_inv]: loss=7.828e-14 cx=1000020.000 (ast=1000020.000, map=0.000:-/none) params=384
[Stage B]   Pareto step=75 accept leaftr_recip_poly3[z_inv]: loss=3.077e-11 cx=28.900 (ast=28.900, map=0.000:-/none) params=4
[Stage B]   Pareto step=74 reject leaftr_sqrt_poly3[z_inv]: loss=1.396e-10 cx=27.900 (ast=27.900, map=0.000:-/none) params=4
[Stage B]   Pareto step=66 reject inv_poly[z_inv]: loss=3.494e-09 cx=27.700 (ast=27.700, map=0.000:-/none) params=3
[Stage B]   Pareto step=70 reject leaftr_recip_poly3: loss=6.346e-09 cx=26.400 (ast=26.400, map=0.000:-/none) params=4
[Stage B]   Pareto step=73 reject leaftr_sqrt_poly3: loss=1.197e-08 cx=25.400 (ast=25.400, map=0.000:-/none) params=4
[Stage B]   Pareto step=18 reject poly[z_inv]: loss=1.736e-06 cx=24.000 (ast=24.000, map=0.000:-/none) params=2
[Stage B]   Pareto step=17 reject poly: loss=7.104e-06 cx=21.500 (ast=21.500, map=0.000:-/none) params=2
[PruneParam] Skipping: 1 NN atoms remain
[Prune] Skipping: 1 NN atoms remain
[PruneNested] Skipping: 1 NN atoms remain
[Stage B] Shuffle diagnostic skipped: input has only 3 columns, axes=(2, 3) not available.
[Stage B] Phi diagnostic (phi_true=y^2): max|Δ|=0.43, rmse=0.129
[Stage B] y_true stats: min=0.00693, max=1.32, median=0.0968
[Stage B] y_pred stats: min=0.00693, max=1.32, median=0.0968
[31m[Stage B] Final AST still contains 1 trainable NN leaf/leaves; Stage C expression will be marked unresolved and skipped by truth-eval/final-polish.[0m
[Stage C] pretty_print_state FULL expr: (x0)**0.3333333333333333 * leaf1(x1*(x2)^-1) * (1/(x1))**0.6666666666666666
[Stage B] Final model: params=384, val-loss=7.8278e-14
[Stage B] recomputed final MSE: 7.82782e-14 RMS: 1.49669e-07
[Stage B] stored val_loss: 7.8278e-14
[Stage B] [32mAccepted[0m patterns: monomial_pow1_3, monomial_pow2_3[z_inv]
[Stage B] After pruning/simplification: (x0)**0.3333333333333333 * leaf1(x1*(x2)^-1) * (1/(x1))**0.6666666666666666
[36m[Stage B] Final AST:[0m (((x0 ** 0.333333) * nn(x1*(x2)^-1)#leaf1) * ((x1 ** -1) ** 0.666667))
[36m[Stage B] Final expression (in φ(y)-space):[0m (x0)**0.3333333333333333 * leaf1(x1*(x2)^-1) * (1/(x1))**0.6666666666666666
[36m[Stage B] Final expression (in original y-space):[0m (x0)**0.3333333333333333 * leaf1(x1*(x2)^-1) * (1/(x1))**0.6666666666666666
[A<->B] Saved after-stageB checkpoint to <WORKSPACE>/NestyNet_SR/results/jacobi_v1_full.state.pkl
[A<->B] No multivariate NN atoms remain; converged.

Elapsed time: 0.7421576608450979 hours
[GS] Wrote GS report to <WORKSPACE>/NestyNet_SR/results/jacobi_v1_full.gs_report.json
[Stage A provisional] 1/1 confirmed (confirmed_stageB_burden_reduction)

Wrote JSON report to examples/jacobi_tidal/results/v1_candfate_report.json

=== Pre-Polish Noiseless Ground Truth Check ===
status: skipped (unresolved_symbolic_leaves)
Wrote simplification path to <WORKSPACE>/NestyNet_SR/results/jacobi_v1_full.path

=== Simplification Path ===

Step 0 [Stage A] pure NN surrogate (y_op=identity)
  NN[x0, x1, x2]
  mse_raw=1.2173e-09 params=960

Step 1 [Stage A] separability/compound detection (y_op=identity)
  (NN[x0] * (NN[(x1 * (x2)**-1)] * NN[x1]))
  mse_raw=3.5131e-10 params=1152
  base_loss=1.2173e-09

Step 2 [Stage B] rewrite monomial_pow1_3 (rule=monomial_peel_priority, target=nn#leaf0 vars=(0,))
  (((x0)**0.333333 * NN[(x1 * (x2)**-1)]) * NN[x1])
  mse_raw=5.1733e-12 complexity_total=2e+06 params=768 ast_cost=2000011.5
  base_loss=3.5120e-10

Step 3 [Stage B] rewrite monomial_pow2_3[z_inv] (rule=monomial_peel_priority, target=nn#leaf2 vars=(1,), coord=1/z)
  (((x0)**0.333333 * NN[(x1 * (x2)**-1)]) * ((x1)**-1)**0.666667)
  mse_raw=7.8278e-14 complexity_total=1e+06 params=384 ast_cost=1000020.0
  base_loss=5.1733e-12

=== Final: (((x0)**0.333333 * NN[(x1 * (x2)**-1)]) * ((x1)**-1)**0.666667) ===

--- Accuracy Progression ---
  Stage A      mse_raw=  1.2173e-09  params=  960
  Stage A      mse_raw=  3.5131e-10  params= 1152  (3.5e+00x better)
  Stage B      mse_raw=  5.1733e-12  params=  768  (6.8e+01x better)
  Stage B      mse_raw=  7.8278e-14  params=  384  (6.6e+01x better)
[FinalPolish] Updated JSON report with final_polish: examples/jacobi_tidal/results/v1_candfate_report.json

=== Final Pareto Polish ===
status: skipped
reason: final expression contains unresolved NN atoms or leaf functions

=== Final Selected Result ===
source: stageB
expr: (x0)**0.3333333333333333 * leaf1(x1*(x2)^-1) * (1/(x1))**0.6666666666666666

=== Final Selected Ground Truth Check ===
status: skipped (unresolved_symbolic_leaves)
