Running on mac.home with device cpu
enforce_units=True, factorized symbolic search=OFF, continuous skeleton refinement=ON, outer-peel-autorun(deprecated)=ON
[GS] Stage-A symmetry layer enabled (mode=propose, policy=augment, known=True, affine=True, unit_torus=False)
[Data] Overrides: batch_size=2000, ndata_train=6000, ndata_val=2000, data_slice=0
Median of y values: 0.11048863000693729
Median absolute deviation of y values: 0.06888620195283074
Number of x variables: 3
MAD^2 of y values: 0.004745308819486181
RMS of y values: 0.25269601114923845
Log-space dynamic range of |y|: 2.59 decades
[Units] Loaded basis=('L', 'T', 'M'); y_units=[1, 0, 0]; x_units=[[3, -2, 0], [0, -1, 0], [0, -1, 0]]
[PhaseScan] Found 6 phase-coordinate hint(s) from the identity training split.
[PhaseScan]   (x1 * (x2)**-1): omega_obs=6.28319, score=9.7e-05, R2_phase=0.00515, R2_trend=0.0045, cycles=0.389, unit=dimensionless, split_R2=0.00221, null_R2=0.00377
[PhaseScan]   (sqrt(x1) * 1/sqrt(x2)): omega_obs=12.5664, score=8.71e-05, R2_phase=0.0051, R2_trend=0.00449, cycles=0.401, unit=dimensionless, split_R2=0.00235, null_R2=0.00377
[PhaseScan]   (1/sqrt(x1) * sqrt(x2)): omega_obs=12.5664, score=3.99e-05, R2_phase=0.00477, R2_trend=0.00451, cycles=0.43, unit=dimensionless, split_R2=0.00258, null_R2=0.00367
[PhaseScan]   ((x1)**2 * (x2)**-2): omega_obs=3.14159, score=2.89e-05, R2_phase=0.00476, R2_trend=0.00453, cycles=0.371, unit=dimensionless, split_R2=0.00208, null_R2=0.00361
[PhaseScan]   ((x1)**-1 * x2): omega_obs=6.28319, score=2e-05, R2_phase=0.00465, R2_trend=0.00453, cycles=0.447, unit=dimensionless, split_R2=0.00263, null_R2=0.00363
[PhaseScan]   ((x1)**-2 * (x2)**2): omega_obs=3.14159, score=1.86e-05, R2_phase=0.0047, R2_trend=0.00459, cycles=0.49, unit=dimensionless, split_R2=0.00256, null_R2=0.00368
[PhaseScan Context] No contextual phase hints found.
[OuterLinkScan] No inverse-link hints found.

Criteria (base, in units of MAD(φ(y))^2): loss acceptable: 1.000000e-03, loss target: 1.000000e-07, chisq_tol: 1.000000e-10, precision derivs d2y: 1.000000e-03

[Units] Skipping y-transforms incompatible with y units (L): log, logneg, sqrt1p, exp, expneg, arctan, arcsin, arccos, sin, cos, tan
[Stage A] Running standard separability search on pure NN expression


Size of datasets: training: 6000, val: 2000
Using MAD-normalised LM thresholds for y_op None: MAD(φ(y))≈0.069, scale=0.00476
Initial model (AST): NN[x0, x1, x2]
Setting number of segments: 16, dual_layer: True

[34mSeparability Pass:1 (full), number of leaves: 1, y-transformation: None(y), trial 1/1, dual_layer: True[0m
Current model: Identity() (NN[x0, x1, x2]), parameters: 960
[info] dataloader for provider ASTCompositeAdaptor yields 3 batches (equivalent to a single batch up to floating-point roundoff; minor Python-loop overhead per batch).
[NestyNet][param_refresh] discovered 1 base model(s):
  #0: wrapper=ASTCompositeAdaptor, base=_Composite, params=960, output_major=False, id=5758748752
[LM][bucket] solving P=960 (trivially separable union)
Stopping at epoch 801/2500, lm_opt.state['halt']=True, loss=9.4499e-10, loss_val=1.2173e-09
acceptable losses (raw) target=4.7604e-10, acceptable=4.7604e-06 (base units: target=1.0000e-07, acceptable=1.0000e-03)
[32mADOPTING[0m best val-loss 1.2173e-09 (trial 1/1, dual_layer=True)
Saving initial model which converged with loss 0.000000
Discovering approximate invariance features from gradients...
Discovered 1 candidate features:
  feat_0_0_1       kind=integer_linear  coeffs=[+0.00, +0.00, +1.00]
Discovering approximate scaling / homogeneity features...
Discovered 3 scaling candidates:
  S=[0]  k≈  0.333  rel_std= 0.018  n=6000
  S=[1,2]  k≈ -0.667  rel_std= 0.005  n=6000
  S=[0,1,2]  k≈ -0.334  rel_std= 0.020  n=6000
    [x1] reciprocal probe (negative-k singularity detected)
    [x1] reciprocal: rel_std=0.1297>0.08, no gradient fallback available
[Oracle Probe] No scaling verified by direct evaluation.
  [Trig Scaling] Sampled 5000 points, probing 3 trivial + 0 compound target(s)
  [Trig Scaling] |F| filter: 4750/5000 points pass (5th-pct=1.273e-02)
  [Trig Scaling] x0: no viable ω candidates (span=43)
  [Trig Scaling] x1: no viable ω candidates (span=204)
  [Trig Scaling] x2: no viable ω candidates (span=181)
  [Trig Scaling] No monomial-in-trig detected.
[Early Compound] Checked 1 single-var scaling specs, 0 qualify (need ≥2 for compound)
[Early PureDiff] No valid power-difference proposals found.
Checking for low-degree polynomial fit in x (degree 2)...
Poly-in-x (deg 2) fit: rms_abs=1.377e-01, rms_rel=5.778e-01, n_terms=10, n=6000
Checking for low-degree polynomial fit in f(x)^2 (degree 2)...
Poly-in-f^2 (deg 2) fit: rms_abs=2.040e-01, rms_rel=7.557e-01, n_terms=10, n=6000
Checking for rational poly/poly fit f(x) ≈ P(x)/Q(x)...
Rational fit rat_degN2_degD2: deg_num=2, deg_den=2, rms_abs=7.621e-02, rms_rel=3.198e-01, n_terms_num=3, n_terms_den=4, n=6000, sigma_min=7.071e-02, sigma_ratio=6.146e-03
Checking for trig-like behaviour along coordinate axes...
  [FFT hint] axis 0: omega~0.22, strength=104, span=[0.0202,28.6]
  [FFT hint] axis 1: omega~0.0491, strength=74.5, span=[2.03,130]
  [FFT hint] axis 2: omega~0.233, strength=55.2, span=[2.03,137]
No oracle-derived trig axis.
Discovering K-based preferred directions...
Found 3 preferred directions from K:
  dir 0: u=[+1.000, +0.000, +0.000]
  dir 1: u=[+0.000, +1.000, +0.000]
  dir 2: u=[+0.000, +0.000, +1.000]
  dir 0: omega≈0.219, trig_strength≈102.5
  dir 1: omega≈0.135, trig_strength≈35.0
  dir 2: omega≈0.228, trig_strength≈56.5
Checking for approximate even/odd parity along coordinate axes...
Detected parity candidates on 3 axes:
  axis= 0  origin≈   0.767  kind=none  rms_rel_even=1.96e+04  rms_rel_odd=1.96e+04  n=6000
  axis= 1  origin≈    17.4  kind=none  rms_rel_even=7.95e+02  rms_rel_odd=7.95e+02  n=6000
  axis= 2  origin≈    18.6  kind=none  rms_rel_even=7.03e+02  rms_rel_odd=7.03e+02  n=6000
Checking for approximately radial dependence over small variable groups...
No clear radial structure detected.
Checking for preferred origins / translation structure along axes...
No strong translation structure detected.
Checking for saturating / sigmoidal behaviour along coordinate axes...
No clear saturating behaviour detected along single axes.
Checking for near-constant directions (parameter-like variables)...
No strongly parameter-like directions detected.
Initial separability check with precision 0.1
symb: [0, 1, 2], index: 0, var_x: torch.Size([6000, 3]), y_vals: torch.Size([6000, 1]), dydx_vals: torch.Size([6000, 1, 3]), d2ydx2_vals: torch.Size([6000, 1, 3, 3])
Trying transformation identity
Median of model: 0.09825851499042343, median absolute deviation: 0.06899551268957099, precision: 0.1, 0.1
All additive for x[0, 1], complement x[2] (in NN[0, 1, 2])
  overlapping candidate: x[0, 1] + x[0, 2], shared=1, max-metric=4.88e-03
  overlapping candidate: x[0, 1] + x[1, 2], shared=1, max-metric=8.81e-03
  overlapping candidate: x[0, 2] + x[1, 2], shared=1, max-metric=3.31e-02
Found separability candidate separability for op identity, 0

Trying transformation square
Median of model: 0.009654735768123266, median absolute deviation: 0.009210593836802823, precision: 0.1, 0.1
All additive for x[0, 1], complement x[2] (in NN[0, 1, 2])
  overlapping candidate: x[0, 1] + x[0, 2], shared=1, max-metric=9.27e-03
  overlapping candidate: x[0, 1] + x[1, 2], shared=1, max-metric=2.60e-02
  overlapping candidate: x[0, 2] + x[1, 2], shared=1, max-metric=9.35e-02
Found separability candidate separability for op square, 1

Trying transformation reciprocal
Median of model: 10.176489441913086, median absolute deviation: 7.057029953795574, precision: 0.1, 0.1
All additive for x[0, 1], complement x[2] (in NN[0, 1, 2])
  overlapping candidate: x[0, 1] + x[0, 2], shared=1, max-metric=2.25e-03
  overlapping candidate: x[0, 1] + x[1, 2], shared=1, max-metric=9.53e-03
  overlapping candidate: x[0, 2] + x[1, 2], shared=1, max-metric=3.53e-02
Found separability candidate separability for op reciprocal, 2

Trying transformation sqrt
Median of model: 0.313462142834543, median absolute deviation: 0.1258906871073719, precision: 0.1, 0.1
All additive for x[0, 1], complement x[2] (in NN[0, 1, 2])
  overlapping candidate: x[0, 1] + x[0, 2], shared=1, max-metric=3.58e-03
  overlapping candidate: x[0, 1] + x[1, 2], shared=1, max-metric=4.01e-03
  overlapping candidate: x[0, 2] + x[1, 2], shared=1, max-metric=1.60e-02
Found separability candidate separability for op sqrt, 3

Recap:
Transformation identity is a candidate for separability: True
Transformation square is a candidate for separability: True
Transformation reciprocal is a candidate for separability: True
Transformation sqrt is a candidate for separability: True

Initial fit suggests separability candidates for y_op None.

======================================================================
  [Stage A] SEPARABILITY SEARCH
======================================================================
All multiplicative for x[0], complement x[1, 2] (in NN[0, 1, 2])
All additive for x[0, 1], complement x[2] (in NN[0, 1, 2])
  overlapping candidate: x[0, 1] + x[0, 2], shared=1, max-metric=4.55e-03
  overlapping candidate: x[0, 1] + x[1, 2], shared=1, max-metric=8.67e-03
[Variable Extension] Detecting compound structure for NN[0, 1, 2]...
[NestyNet][param_refresh] discovered 1 base model(s):
  #0: base=G_Model, params=720, output_major=False, id=13366565552, primary=base_model
[NestyNet][param_refresh] discovered 1 base model(s):
  #0: base=G_Model, params=720, output_major=False, id=13366565552, primary=base_model
[nestynet.optimizer] [LM] num_params: 720
[LM][bucket] solving P=720 (trivially separable union)
[nestynet.optimizer] [LM] Iter 0, chisq: 1589.466517635925, improvement: 1e+30, val-set chisq: 1585.9155959223679, nacc: 1, nacc_lin: 0, skipped_Quad: 0, acc_frac: 1.0, lambda: 33.333333333333336, lbfgs: 0
[nestynet.optimizer] [LM] Iter 100, chisq: 1.3132031739754213e-06, improvement: 1589.4665163227216, val-set chisq: 1.3109612213460414e-06, nacc: 68, nacc_lin: 63, skipped_Quad: 0, acc_frac: 0.67, lambda: 4.1856684267214265e-08, lbfgs: 0
[nestynet.optimizer] [LM] Iter 200, chisq: 1.1017179498171773e-06, improvement: 2.1148522415824395e-07, val-set chisq: 1.1020625708562173e-06, nacc: 128, nacc_lin: 63, skipped_Quad: 27, acc_frac: 0.6, lambda: 8.980276577408404e-09, lbfgs: 0
[nestynet.optimizer] [LM] Iter 300, chisq: 9.748575295053947e-07, improvement: 1.2686042031178266e-07, val-set chisq: 9.883242787110978e-07, nacc: 187, nacc_lin: 63, skipped_Quad: 57, acc_frac: 0.59, lambda: 2.890053362513416e-08, lbfgs: 0
[nestynet.optimizer] [LM] Maximum iterations reached (400); halting.
[Stage A GS] audited=28, accepted=4, proposals=0
    [x1] reciprocal probe (negative-k singularity detected)
    [x1] reciprocal: rel_std=0.1297>0.08, no gradient fallback available
  [Trig Scaling] Sampled 5000 points, probing 3 trivial + 0 compound target(s)
  [Trig Scaling] |F| filter: 4750/5000 points pass (5th-pct=1.273e-02)
  [Trig Scaling] x0: no viable ω candidates (span=43)
  [Trig Scaling] x1: no viable ω candidates (span=204)
  [Trig Scaling] x2: no viable ω candidates (span=181)
<WORKSPACE>/NestyNet_SR/nestynet_sr/sr_core/separability_math.py:2778: RuntimeWarning: divide by zero encountered in matmul
  coeff = (V @ a_vec) / den
<WORKSPACE>/NestyNet_SR/nestynet_sr/sr_core/separability_math.py:2778: RuntimeWarning: overflow encountered in matmul
  coeff = (V @ a_vec) / den
<WORKSPACE>/NestyNet_SR/nestynet_sr/sr_core/separability_math.py:2778: RuntimeWarning: invalid value encountered in matmul
  coeff = (V @ a_vec) / den
[Compound RetainAxis] Adding wrapper z=((x0 * (x1)**-3) * x2) with extra x0
[Compound RetainAxis] Adding wrapper z=((x0 * (x1)**-3) * x2) with extra x1
[Compound RetainAxis] Adding wrapper z=((x0 * (x1)**-3) * x2) with extra x2
[Compound RetainAxis] Adding wrapper z=((x0 * (x1)**-4) * x2) with extra x0
[Compound RetainAxis] Adding wrapper z=((x0 * (x1)**-4) * x2) with extra x1
[Compound RetainAxis] Adding wrapper z=((x0 * (x1)**-4) * x2) with extra x2
[Compound DiffProd] Gradient-ratio found x1^1 - x2^1, ratio_conf=0.885, trying multiplier variables...
[Compound DiffProd] Testing (x1^1 - x2^1) * x0: conf=0.3406, threshold=0.90, outer_power=0
[Stage A LogExp] Shadowed dimless_ratio:log z=log((x1 * (x2)**-1)) (conf=0.930); coordinate lift is not committed in Stage A
[Shadow] recorded log((x1 * (x2)**-1)) for parent=('tag', 'A0') source=stageA_logexp conf=0.930 unit=unit_valid
[Stage A LogExp] Shadowed dimless_ratio:exp z=exp((x1 * (x2)**-1)) (conf=0.930); coordinate lift is not committed in Stage A
[Shadow] recorded exp((x1 * (x2)**-1)) for parent=('tag', 'A0') source=stageA_logexp conf=0.930 unit=unit_valid
[Stage A LogExp] Shadowed dimless_ratio:log z=log((x2 * (x1)**-1)) (conf=0.930); coordinate lift is not committed in Stage A
[Shadow] recorded log((x2 * (x1)**-1)) for parent=('tag', 'A0') source=stageA_logexp conf=0.930 unit=unit_valid
[Stage A LogExp] Shadowed dimless_ratio:exp z=exp((x2 * (x1)**-1)) (conf=0.930); coordinate lift is not committed in Stage A
[Shadow] recorded exp((x2 * (x1)**-1)) for parent=('tag', 'A0') source=stageA_logexp conf=0.930 unit=unit_valid
[Compound Exhaustion] High-confidence proposal (conf=0.948), trying...
[Compound] Preserving 6 arity-2 backup proposal(s) beyond primary compound shortlist.
[Compound] Normalized proposal shortlist:
[Compound]   1. kind=monomial, conf=0.923, support=3, z=((x0 * (x1)**-3) * x2)
[Compound]   2. kind=monomial, conf=0.920, support=3, z=((x0 * (x1)**-4) * x2)
[Compound]   3. kind=monomial, conf=0.918, support=3, z=((x0 * (x1)**-3) * x2)
[Compound]   4. kind=monomial, conf=0.918, support=3, z=((x0 * (x1)**-3) * x2)
[Compound]   5. kind=monomial, conf=0.918, support=3, z=((x0 * (x1)**-3) * x2)
[Compound]   6. kind=monomial, conf=0.915, support=3, z=((x0 * (x1)**-4) * x2)
[Compound]   7. kind=monomial, conf=0.948, support=2, z=(x1 * (x2)**-1)
[Compound]   8. kind=monomial, conf=0.909, support=2, z=(x0 * x2)
[Compound]   9. kind=monomial, conf=0.909, support=2, z=(x0 * (x1)**-3)
[Compound]   10. kind=monomial, conf=0.909, support=2, z=((x1)**-3 * x2)
[Compound]   11. kind=monomial, conf=0.906, support=2, z=(x0 * (x1)**-4)
[Compound]   12. kind=monomial, conf=0.906, support=2, z=((x1)**-4 * x2)
[Units/Buckingham] Skipping compound after forced monomial probe: compound destroys dimensionless freedom: 1 -> 0 (need >= 1); forces monomial; no small unit-forced monomial power matches target dimension
[Units/Buckingham] Skipping compound after forced monomial probe: compound destroys dimensionless freedom: 1 -> 0 (need >= 1); forces monomial; no small unit-forced monomial power matches target dimension
[Units/Buckingham] Skipping compound after forced monomial probe: compound destroys dimensionless freedom: 1 -> 0 (need >= 1); forces monomial; no small unit-forced monomial power matches target dimension
[Units/Buckingham] Skipping compound after forced monomial probe: compound destroys dimensionless freedom: 1 -> 0 (need >= 1); forces monomial; no small unit-forced monomial power matches target dimension
[Units/Buckingham] Skipping compound after forced monomial probe: compound destroys dimensionless freedom: 1 -> 0 (need >= 1); forces monomial; no small unit-forced monomial power matches target dimension
[Units/Buckingham] Skipping compound after forced monomial probe: compound destroys dimensionless freedom: 1 -> 0 (need >= 1); forces monomial; no small unit-forced monomial power matches target dimension
[Units/Buckingham] Skipping compound before screening: compound reduces dimensional rank: 2 -> 1; remaining variables cannot span output dimension
[Units/Buckingham] Skipping compound after forced monomial probe: compound destroys dimensionless freedom: 1 -> 0 (need >= 1); forces monomial; no small unit-forced monomial power matches target dimension
[Units/Buckingham] Skipping compound after forced monomial probe: compound destroys dimensionless freedom: 1 -> 0 (need >= 1); forces monomial; no small unit-forced monomial power matches target dimension
[Units/Buckingham] Skipping compound after forced monomial probe: compound destroys dimensionless freedom: 1 -> 0 (need >= 1); forces monomial; no small unit-forced monomial power matches target dimension
[Units/Buckingham] Skipping compound after forced monomial probe: compound destroys dimensionless freedom: 1 -> 0 (need >= 1); forces monomial; no small unit-forced monomial power matches target dimension
[Units/Buckingham] Skipping compound after forced monomial probe: compound destroys dimensionless freedom: 1 -> 0 (need >= 1); forces monomial; no small unit-forced monomial power matches target dimension
Checking separability of None(y) in input space with precision 0.001
All multiplicative for x[0], complement x[1, 2] (in NN[0, 1, 2])
All additive for x[0, 1], complement x[2] (in NN[0, 1, 2])
  overlapping candidate: x[0, 1] + x[0, 2], shared=1, max-metric=4.88e-03
  overlapping candidate: x[0, 1] + x[1, 2], shared=1, max-metric=8.81e-03
Setting number of segments: 16 (variant: no_offset)
[Teacher init] Training left factor on 2000 profile samples...
[Teacher init] Left factor trained, final loss: 3.210e-01
[Teacher init] Training right factor on 2000 profile samples...
[Teacher init] Right factor trained, final loss: 5.031e+02
[Teacher init] Scale check: left_rms=7.935e-01, right_rms=2.245e+01, ratio=28.30
[rescale_leaf] left: leaf type=DualSegmentedAdaptor, factor=5.3194
[rescale_leaf] left: scaled a_fit via base_model
[rescale_leaf] left: scaled a_pieces_fixed[15] via base_model
[rescale_leaf] right: leaf type=DualSegmentedAdaptor, factor=0.1880
[rescale_leaf] right: scaled a_fit via base_model
[rescale_leaf] right: scaled a_pieces_fixed[15] via base_model
[Teacher init] Final gauge norm: left x5.32, right x0.19
***Training candidate separable model (variant: no_offset)***, acceptance threshold (raw) 1.2173e-07 (base 1.0000e-03)
    Proposed: (NN[x0] * NN[x1, x2])
[info] dataloader for provider ASTCompositeAdaptor yields 3 batches (equivalent to a single batch up to floating-point roundoff; minor Python-loop overhead per batch).
[LM][bucket] solving P=1024 (trivially separable union)
[trial] Target loss reached at epoch 1002/2500, loss=1.6034e-10 < loss_target=4.7604e-10
[trial] Stopping at epoch 1003/2500, lm_opt.state['halt']=True, loss=1.6034e-10, loss_val=1.8371e-10
[32mAccepted[0m separation (variant: no_offset), val-loss 1.8371e-10
[Stage A]   Current: [35mIdentity()(nn0(x0) * nn1(x1, x2))[0m
[Shadow] pruned stale coordinate evidence after separation: parents=1, shadows=4, consumed=0
Setting number of segments: 16, dual_layer: True

[34mSeparability Pass:2 (full), number of leaves: 2, y-transformation: None(y), trial 1/1, dual_layer: True[0m
Current model: Identity() ((NN[x0] * NN[x1, x2])), parameters: 1024
[info] dataloader for provider ASTCompositeAdaptor yields 3 batches (equivalent to a single batch up to floating-point roundoff; minor Python-loop overhead per batch).
Stopping at epoch 101/2500, lm_opt.state['halt']=True, loss=8.6743e-11, loss_val=9.4662e-11
acceptable losses (raw) target=4.7604e-10, acceptable=4.7604e-06 (base units: target=1.0000e-07, acceptable=1.0000e-03)
[32mADOPTING[0m best val-loss 9.4662e-11 (trial 1/1, dual_layer=True)

======================================================================
  [Stage A] SEPARABILITY SEARCH — restart (pass 2)
======================================================================
All additive for x[1], complement x[2] (in NN[1, 2])
[Stage A Monomial] Trying monomial_deg1 on NN[0] as rpoly (k≈0.333, rel=1.5e-05); accept_threshold=4.7604e-08
[info] dataloader for provider ASTCompositeAdaptor yields 3 batches (equivalent to a single batch up to floating-point roundoff; minor Python-loop overhead per batch).
[nestynet.optimizer] [95m[LM] Potential K-colinearity issue in rm[0].providers[0] (_Composite, segments=16, outputs=1, seg_width=1): 457/1920 cross-segment channel pairs exceed |cos|>0.95 (worst seg 10/out 1 ↔ seg 11/out 0 |cos|=1.0000). Grouped segment pairs: 0/120 exceed |cos|>0.95 (worst seg 3 ↔ seg 11 |cos|=0.9014). This can make LM/direct_solve ill-conditioned; consider increasing seg_width, reducing segment count, or using a more diversity-preserving initialization. This model uses low-dimensional K-vectors (Nx*seg_width=2), so channel-level directional crowding can appear before whole segments overlap.[0m
[LM][bucket] solving P=640 (trivially separable union)
[trial] Validation patience exceeded at epoch 601/2500, nval_worse=500
[Variable Extension] Detecting compound structure for NN[1, 2]...
[nestynet.optimizer] [95m[LM] Potential K-colinearity issue in rm[0].providers[0] (G_Model, segments=48, outputs=1, seg_width=2): 21/1128 cross-segment channel pairs exceed |cos|>0.95 (worst seg 5/out 0 ↔ seg 37/out 0 |cos|=0.9930). Grouped segment pairs: 21/1128 exceed |cos|>0.95 (worst seg 5 ↔ seg 37 |cos|=0.9930). This can make LM/direct_solve ill-conditioned; consider increasing seg_width, reducing segment count, or using a more diversity-preserving initialization. This model uses low-dimensional K-vectors (Nx*seg_width=4), so channel-level directional crowding can appear before whole segments overlap.[0m
[NestyNet][param_refresh] discovered 1 base model(s):
  #0: base=G_Model, params=384, output_major=False, id=13366894864, primary=base_model
[NestyNet][param_refresh] discovered 1 base model(s):
  #0: base=G_Model, params=384, output_major=False, id=13366894864, primary=base_model
[nestynet.optimizer] [LM] num_params: 384
[LM][bucket] solving P=384 (trivially separable union)
[nestynet.optimizer] [LM] Iter 0, chisq: 1620.629694590919, improvement: 1e+30, val-set chisq: 1620.7581369285313, nacc: 1, nacc_lin: 0, skipped_Quad: 0, acc_frac: 1.0, lambda: 33.333333333333336, lbfgs: 0
[nestynet.optimizer] [LM] Iter 100, chisq: 3.077153542205115e-08, improvement: 1620.6296945601473, val-set chisq: 3.099644050842647e-08, nacc: 71, nacc_lin: 61, skipped_Quad: 0, acc_frac: 0.7, lambda: 6.125248773303778e-10, lbfgs: 0
[nestynet.optimizer] [LM] Iter 200, chisq: 2.098013508750799e-08, improvement: 9.791400334543163e-09, val-set chisq: 2.144200207211118e-08, nacc: 130, nacc_lin: 61, skipped_Quad: 37, acc_frac: 0.59, lambda: 1.9712417163243354e-09, lbfgs: 0
[nestynet.optimizer] [LM] Convergence achieved: chisq improvement (9.791400e-09) < tolerance (1.000000e-08); halting.
[Stage A GS] audited=13, accepted=2, proposals=0
    [x0] reciprocal probe (negative-k singularity detected)
    [x0] reciprocal: rel_std=0.7258>0.08, no gradient fallback available
  [Trig Scaling] Sampled 5000 points, probing 2 trivial + 0 compound target(s)
  [Trig Scaling] |F| filter: 4750/5000 points pass (5th-pct=4.098e-04)
  [Trig Scaling] x0: no viable ω candidates (span=204)
  [Trig Scaling] x1: no viable ω candidates (span=181)
[Compound LogDeriv] Recovered 1 proposal(s) (sigma_ratio=0.0024041506211373498) for vars=(1, 2)
[Compound RetainAxis] Adding wrapper z=(x1 * (x2)**-1) with extra x1
[Compound RetainAxis] Adding wrapper z=(x1 * (x2)**-1) with extra x2
[Stage A LogExp] Shadowed dimless_ratio:log z=log((x1 * (x2)**-1)) (conf=0.930); coordinate lift is not committed in Stage A
[Shadow] recorded log((x1 * (x2)**-1)) for parent=('tag', 'A0_R') source=stageA_logexp conf=0.930 unit=unit_valid
[Stage A LogExp] Shadowed dimless_ratio:exp z=exp((x1 * (x2)**-1)) (conf=0.930); coordinate lift is not committed in Stage A
[Shadow] recorded exp((x1 * (x2)**-1)) for parent=('tag', 'A0_R') source=stageA_logexp conf=0.930 unit=unit_valid
[Stage A LogExp] Shadowed dimless_ratio:log z=log((x2 * (x1)**-1)) (conf=0.930); coordinate lift is not committed in Stage A
[Shadow] recorded log((x2 * (x1)**-1)) for parent=('tag', 'A0_R') source=stageA_logexp conf=0.930 unit=unit_valid
[Stage A LogExp] Shadowed dimless_ratio:exp z=exp((x2 * (x1)**-1)) (conf=0.930); coordinate lift is not committed in Stage A
[Shadow] recorded exp((x2 * (x1)**-1)) for parent=('tag', 'A0_R') source=stageA_logexp conf=0.930 unit=unit_valid
[Compound Exhaustion] High-confidence proposal (conf=0.998), trying...
[Compound] Normalized proposal shortlist:
[Compound]   1. kind=monomial, conf=0.998, support=2, z=(x1 * (x2)**-1)
[Compound]   2. kind=linear, conf=0.939, support=2, z=((-2 * x1) + x2)
[Compound]   3. kind=monomial, conf=0.993, support=2, z=(x1 * (x2)**-1)
[Compound]   4. kind=monomial, conf=0.993, support=2, z=(x1 * (x2)**-1)
[Units/Buckingham] Skipping compound before screening: compound reduces dimensional rank: 1 -> 0; remaining variables cannot span output dimension
[Compound] 1D compound detected (all vars in z), boosting segments to 32
[Compound] Proposal (linear) conf 0.939, screen=0.994; trying sq:(((-2 * x1) + x2))**2
[Distill] epoch 1/2000: loss=9.4318e+10
[Distill] epoch 1000/2000: loss=6.5307e+00
[Distill] epoch 2000/2000: loss=1.9525e+00
[Distill] Final: loss=1.9525e+00 (did not converge below 1.0000e-04)
[Compound] Training candidate (sq); accept_threshold=4.7604e-08
[Compound] Structural arity reduction target enabled: arity signature (1, 2, 1) → (0, 1, 0), target-quality threshold 4.7604e-08
[info] dataloader for provider ASTCompositeAdaptor yields 3 batches (equivalent to a single batch up to floating-point roundoff; minor Python-loop overhead per batch).
[LM][bucket] solving P=1152 (trivially separable union)
[trial] Validation patience exceeded at epoch 1001/2500, nval_worse=500
[Compound] Rejected (sq) (linear) z=(((-2 * x1) + x2))**2, val-loss 4.1029e-04
[Compound] Proposal (linear) conf 0.939, screen=0.994; trying abs:sqrt((((-2 * x1) + x2))**2)
[Distill] epoch 1/2000: loss=1.8601e+07
[Distill] epoch 1000/2000: loss=2.0745e+00
[Distill] epoch 2000/2000: loss=1.2322e+00
[Distill] Final: loss=1.2322e+00 (did not converge below 1.0000e-04)
[Compound] Training candidate (abs); accept_threshold=4.7604e-08
[Compound] Structural arity reduction target enabled: arity signature (1, 2, 1) → (0, 1, 0), target-quality threshold 4.7604e-08
[info] dataloader for provider ASTCompositeAdaptor yields 3 batches (equivalent to a single batch up to floating-point roundoff; minor Python-loop overhead per batch).
[trial] Early abandonment at epoch 1001/2500: best_val_loss=4.1694e-04 > 1.1901e-07 (2.5x accept_threshold 4.7604e-08)
[Compound] Rejected (abs) (linear) z=sqrt((((-2 * x1) + x2))**2), val-loss 4.1694e-04
[Compound] Proposal (linear) conf 0.939, screen=0.994; trying z:((-2 * x1) + x2)
[Distill] epoch 1/2000: loss=1.6190e+06
[Distill] epoch 1000/2000: loss=1.1366e-01
[Distill] epoch 2000/2000: loss=6.6475e-02
[Distill] Final: loss=6.6475e-02 (did not converge below 1.0000e-04)
[Compound] Training candidate (z); accept_threshold=4.7604e-08
[Compound] Structural arity reduction target enabled: arity signature (1, 2, 1) → (0, 1, 0), target-quality threshold 4.7604e-08
[info] dataloader for provider ASTCompositeAdaptor yields 3 batches (equivalent to a single batch up to floating-point roundoff; minor Python-loop overhead per batch).
[trial] Early abandonment at epoch 1001/2500: best_val_loss=4.1645e-04 > 1.1901e-07 (2.5x accept_threshold 4.7604e-08)
[Compound] Rejected (z) (linear) z=((-2 * x1) + x2), val-loss 4.1645e-04
[Compound] Trying same-arity wrapper: arity 2 → 2; will require confirmed separability payoff
[Compound] Proposal (monomial) conf 0.993; trying z:(x1 * (x2)**-1), extras=[1]
[Distill] epoch 1/2000: loss=7.2033e+07
[Distill] epoch 1000/2000: loss=5.1973e+00
[Distill] epoch 2000/2000: loss=2.7521e+00
[Distill] Final: loss=2.7521e+00 (did not converge below 1.0000e-04)
[Compound] Training candidate (z); accept_threshold=4.7604e-08
[info] dataloader for provider ASTCompositeAdaptor yields 3 batches (equivalent to a single batch up to floating-point roundoff; minor Python-loop overhead per batch).
[LM][bucket] solving P=1024 (trivially separable union)
[trial] Stopping at epoch 401/2500, lm_opt.state['halt']=True, loss=7.3172e-11, loss_val=1.2999e-10
[32m[Compound] LM fit passed[0m (z) (monomial) z=(x1 * (x2)**-1), val-loss 1.2999e-10
All additive for x['z'], complement x[1] (in NN['z', 1])
[Compound] Wrapper z enables separability (z separates from extras)
[Compound] Retained-axis overlap confirmed for x1: retained-axis power-like factor k=-0.6667, rel_std=0.0003605, n=5000
[Compound] Skipping rat_inv (redundant: z already accepted)
[Compound] Skipping rat_z2 (redundant: z already accepted)
[32m[Compound] Selected[0m best variant (z) (monomial) z=(x1 * (x2)**-1) (pattern=(1, -1)), val-loss 1.2999e-10
[Stage A]   Current: [35mIdentity()(nn0(x0) * nn1(z=(x1 * x2^-1), x1))[0m
[Stage A Monomial] Trying monomial_deg1 on NN[0] as rpoly (k≈0.333, rel=1.25e-05); accept_threshold=4.7604e-08
[info] dataloader for provider ASTCompositeAdaptor yields 3 batches (equivalent to a single batch up to floating-point roundoff; minor Python-loop overhead per batch).
[nestynet.optimizer] [95m[LM] Potential K-colinearity issue in rm[0].providers[0] (_Composite, segments=16, outputs=1, seg_width=1): 434/1920 cross-segment channel pairs exceed |cos|>0.95 (worst seg 2/out 0 ↔ seg 5/out 0 |cos|=1.0000). Grouped segment pairs: 0/120 exceed |cos|>0.95 (worst seg 6 ↔ seg 7 |cos|=0.8549). This can make LM/direct_solve ill-conditioned; consider increasing seg_width, reducing segment count, or using a more diversity-preserving initialization. This model uses low-dimensional K-vectors (Nx*seg_width=2), so channel-level directional crowding can appear before whole segments overlap.[0m
[LM][bucket] solving P=640 (trivially separable union)
[trial] Validation patience exceeded at epoch 601/2500, nval_worse=500
All additive for x['z'], complement x[1] (in NN['z', 1])
[Compound] Existing compound separates from extras [1], but checking only extensions that consume the separated coordinate.
[Variable Extension] Checking iterative extension for compound atom NN[1, 2]...
    [x0] reciprocal probe (negative-k singularity detected)
    [x0] reciprocal: ratio test failed (n_valid_k=0<100), no gradient fallback
    [x1] reciprocal probe (negative-k singularity detected)
  [Trig Scaling] Sampled 5000 points, probing 2 trivial + 0 compound target(s)
  [Trig Scaling] |F| filter: 4750/5000 points pass (5th-pct=2.741e-03)
  [Trig Scaling] x0: span=0.389, 15 ω candidates
  [Trig Scaling] x0 ACCEPTED: sin(4·z)^0.790  rel_std=0.0683
  [Trig Scaling] x1: no viable ω candidates (span=204)
[Local Oracle] Fresh path: 1 scaling, 1 trig specs
  [Local Oracle] x[1]: k≈-0.707, rel_std=0.0564
  [Local Oracle] leaf z: sin, ω=4, k=0.79, rel_std=0.0683
[Shadow] recorded sin((4 * (x1 * (x2)**-1))) for parent=('tag', 'A0_R') source=local_oracle_trig conf=0.932 unit=unit_valid
[Stage A LogExp] Shadowed dimless_input:log z=log((x1 * (x2)**-1)) (conf=0.900); coordinate lift is not committed in Stage A
[Shadow] merged log((x1 * (x2)**-1)) for parent=('tag', 'A0_R') source=stageA_logexp conf=0.930 unit=unit_valid
[Stage A LogExp] Shadowed dimless_input:exp z=exp((x1 * (x2)**-1)) (conf=0.900); coordinate lift is not committed in Stage A
[Shadow] merged exp((x1 * (x2)**-1)) for parent=('tag', 'A0_R') source=stageA_logexp conf=0.930 unit=unit_valid
[Compound Exhaustion] High-confidence proposal (conf=0.900), trying...
[Compound] Normalized proposal shortlist:
[Compound]   1. kind=passthrough, conf=0.900, support=1, z=(x1 * (x2)**-1)
[Compound] Skipping proposal: raw extra(s) x1 already appear inside compound (x1 * (x2)**-1); overlap coordinate splits are Stage-A gauge moves, not confirmed simplifications
Checking separability of None(y) in input space with precision 0.001
All multiplicative for x['z'], complement x[1] (in NN['z', 1])
Setting number of segments: 16 (variant: no_offset)
[Teacher init] Training left factor on 2000 profile samples...
[Teacher init] Left factor trained, final loss: 5.173e+00
[Teacher init] Training right factor on 2000 profile samples...
[Teacher init] Right factor trained, final loss: 1.547e+01
[Teacher init] Scale check: left_rms=2.271e+00, right_rms=5.913e+00, ratio=2.60
[rescale_leaf] left: leaf type=DualSegmentedAdaptor, factor=1.6137
[rescale_leaf] left: scaled a_fit via base_model
[rescale_leaf] left: scaled a_pieces_fixed[15] via base_model
[rescale_leaf] right: leaf type=DualSegmentedAdaptor, factor=0.6197
[rescale_leaf] right: scaled a_fit via base_model
[rescale_leaf] right: scaled a_pieces_fixed[15] via base_model
[Teacher init] Final gauge norm: left x1.61, right x0.62
***Training candidate separable model (variant: no_offset)***, acceptance threshold (raw) 4.7604e-08 (base 1.0000e-03)
    Proposed: (NN[x0] * (NN[(x1 * (x2)**-1)] * NN[x1]))
[info] dataloader for provider ASTCompositeAdaptor yields 3 batches (equivalent to a single batch up to floating-point roundoff; minor Python-loop overhead per batch).
[LM][bucket] solving P=1152 (trivially separable union)
[trial] Stopping at epoch 201/2500, lm_opt.state['halt']=True, loss=6.4759e-11, loss_val=5.2234e-11
[32mAccepted[0m separation (variant: no_offset), val-loss 5.2234e-11
[Stage A]   Current: [35mIdentity()(nn0(x0) * nn1(z=(x1 * x2^-1)) * nn2(x1))[0m
[Shadow] pruned stale coordinate evidence after separation: parents=1, shadows=5, consumed=0
Setting number of segments: 16, dual_layer: True

[34mSeparability Pass:3 (full), number of leaves: 3, y-transformation: None(y), trial 1/1, dual_layer: True[0m
Current model: Identity() ((NN[x0] * (NN[(x1 * (x2)**-1)] * NN[x1]))), parameters: 1152
[info] dataloader for provider ASTCompositeAdaptor yields 3 batches (equivalent to a single batch up to floating-point roundoff; minor Python-loop overhead per batch).
Stopping at epoch 101/2500, lm_opt.state['halt']=True, loss=3.0166e-11, loss_val=2.4666e-11
acceptable losses (raw) target=4.7604e-10, acceptable=4.7604e-06 (base units: target=1.0000e-07, acceptable=1.0000e-03)
[32mADOPTING[0m best val-loss 2.4666e-11 (trial 1/1, dual_layer=True)

======================================================================
  [Stage A] SEPARABILITY SEARCH — restart (pass 3)
======================================================================
[Stage A Monomial] Trying monomial_deg1 on NN[0] as rpoly (k≈0.333, rel=3.91e-05); accept_threshold=4.7604e-08
[info] dataloader for provider ASTCompositeAdaptor yields 3 batches (equivalent to a single batch up to floating-point roundoff; minor Python-loop overhead per batch).
[LM][bucket] solving P=768 (trivially separable union)
[trial] Validation patience exceeded at epoch 701/2500, nval_worse=500
[Stage A Monomial] Skipping NN[1, 2]: shared multiplicative NN support; leaving gauge-sensitive peel to Stage B.
[Stage A Monomial] Skipping NN[1]: shared multiplicative NN support; leaving gauge-sensitive peel to Stage B.
[Units] Stage A summary (identity): skipped 13 unit-incompatible proposal(s).
[Units]   - compound_buckingham: 13
[Units]       11× compound destroys dimensionless freedom: 1 -> 0 (need >= 1); forces monomial; no small unit-forced monomial power matches target dimension
[Units]       1× compound reduces dimensional rank: 2 -> 1; remaining variables cannot span output dimension
[Units]       1× compound reduces dimensional rank: 1 -> 0; remaining variables cannot span output dimension
[Reference] Saved pre-separability model to <WORKSPACE>/NestyNet_SR/results_ref/jacobi_v1_full.mod
[Stage A] Using identity separability results

Saved Stage-A checkpoint to <WORKSPACE>/NestyNet_SR/results/jacobi_v1_full.state.pkl
[36mFinal model: Identity() ((NN[x0] * (NN[(x1 * (x2)**-1)] * NN[x1]))), rest: None, None[0m
[Stage B] y-transform adjudication shortlist:
  - identity     source=baseline
[Units] Enforcing units in Stage B (policy=free_const_only, y_transform=identity).

======================================================================
  [Stage B] ANALYTICAL REWRITING — identity(y)-space
======================================================================


Size of datasets: training: 6000, val: 2000
[Stage B] Using MAD-normalised thresholds: MAD(y)≈0.069, scale=0.00476
[info] dataloader for provider ASTCompositeAdaptor yields 3 batches (equivalent to a single batch up to floating-point roundoff; minor Python-loop overhead per batch).
[LM][bucket] solving P=1152 (trivially separable union)
Stopping at epoch 101/2000, lm_opt.state['halt']=True, loss=7.2658e-12, loss_val=5.6455e-12

[Stage B] Initial model: params=1152, val-loss=5.6455e-12
[Stage B] Initial NN metrics: total=3, multivar=0, max_arity=1
[Stage B] Found 3 scaling candidates:
  axis 0: k≈0.333, rel_std=0.001, n=6000
  joint [1,2]: k≈-0.667, rel_std=0.000, n=6000
  joint [0,1,2]: k≈-0.333, rel_std=0.001, n=6000
[Stage B] FFT trig-axis candidates (informational):
[Stage B]   axis 0: omega≈0.220, strength=104.9, span=[0.0202,28.6]
[Stage B]   axis 1: omega≈0.049, strength=83.5, span=[2.03,130]
[Stage B] Found 1 nontrivial target(s) for trig probing:
[Stage B]   x1*x2**-1 (kind=ratio, indices=(1, 2))
    [x1] reciprocal probe (negative-k singularity detected)
    [x1] reciprocal: rel_std=0.1047>0.08, no gradient fallback available
    [x1*x2**-1] reciprocal probe (negative-k singularity detected)
  [Trig Scaling] Sampled 5000 points, probing 2 trivial + 1 compound target(s) (skipping axes [0] as polynomial)
  [Trig Scaling] |F| filter: 4750/5000 points pass (5th-pct=1.273e-02)
  [Trig Scaling] x1: no viable ω candidates (span=204)
  [Trig Scaling] x2: no viable ω candidates (span=181)
  [Trig Scaling] x1*x2**-1: span=0.389, 15 ω candidates
  [Trig Scaling] x1*x2**-1 ACCEPTED: sin(4·z)^0.902  rel_std=0.0693
[Stage B] Oracle trig probe found 1 spec(s):
[Stage B]   x1*x2**-1: sin(ω=4)^0.90, rel_std=0.069
[Stage B] Using 1 oracle trig spec(s)
[Stage B] trig_by_axis: [1]
[Stage B] Trig argument-structure hints:
  axis 1: none
[Stage B]   Separability rules: ['nonsense_units_zero_prune', 'monomial_peel_priority', 'subtree_separability', 'last_hard_trig_square', 'univariate_nn', 'log_ratio', 'power_product', 'joint_product_monomial_closure', 'overlap_prefactor_peel', 'overlap_counterterm_peel', 'common_prefactor', 'additive_gauge_transfer', 'multiplicative_homogeneity_transfer', 'univariate_mono', 'nn_leaf_separability', 'counterterm_mul_split', 'counterfactor_add_split']
[Stage B]   Specialized rules: ['compound_fn_macros', 'inverse_trig_outer_rational_closure', 'monomial_prefactor_compound', 'compound_planck', 'affine_decomp', 'nonlinear_substitution', 'univariate_oracle_invariants', 'homogeneity_peel', 'product_homogeneity', 'ratio_invariance', 'coupled_leaf_ratio', 'metric_distance', 'inverse_trig_outer_closure', 'phase_hint_trig_closure', 'phase_hint_reciprocal_trig_power', 'phase_context_trig_closure', 'barycentric', 'logexp_compound', 'r1_operator_certificate', 'univariate_mul_peel', 'outer_transform_split_nn', 'multid_nn', 'poly_split', 'preconditioner_fallback_nn', 'last_hard_trig_power', 'last_hard_atom_rescue']
[Stage B] === Phase 1: Searching for separabilities (additive, multiplicative) ===
[Stage B] Rule nonsense_units_zero_prune found 0 targets
[Stage B] Rule monomial_peel_priority found 3 targets
[Stage B]   target order (arity-asc): [vars=(0,)(arity=1), vars=(1, 2)(arity=1), vars=(1,)(arity=1)]
[Stage B] monomial_peel_priority shortlist: monomial_pow1_3@nn#leaf0 vars=(0,) (k=0.333, rel=2.09e-05); monomial_deg1[z_inv]@nn#leaf0 vars=(0,) (k=0.333, rel=2.09e-05); monomial_deg2[z_inv]@nn#leaf0 vars=(0,) (k=0.333, rel=2.09e-05); monomial_deg3[z_inv]@nn#leaf0 vars=(0,) (k=0.333, rel=2.09e-05); monomial_pow2_3[z_inv]@nn#leaf2 vars=(1,) (k=-0.667, rel=2.49e-05); monomial_deg1[z_inv]@nn#leaf2 vars=(1,) (k=-0.667, rel=2.49e-05); monomial_deg2[z_inv]@nn#leaf2 vars=(1,) (k=-0.667, rel=2.49e-05); monomial_deg3[z_inv]@nn#leaf2 vars=(1,) (k=-0.667, rel=2.49e-05)
[Stage B] Rule monomial_peel_priority trying 14 globally ranked candidates
[Stage B]  Greedy order (1 cands): monomial_pow1_3(1998p)
[Stage B]  Priority trying fixed third-power monomial (z^0.333, k≈0.333, rel=2.09e-05) on NN leaf vars (0,)
[info] dataloader for provider ASTCompositeAdaptor yields 3 batches (equivalent to a single batch up to floating-point roundoff; minor Python-loop overhead per batch).
[LM][bucket] solving P=768 (trivially separable union)
Stopping at epoch 201/2000, lm_opt.state['halt']=True, loss=9.9233e-13, loss_val=7.5282e-13
[Stage B]    Candidate (monomial_pow1_3): params=768, val-loss=7.5282e-13
[Stage B]    [32mAccepted[0m rewrite (monomial_pow1_3, loss-below-floor-simpler)
[Stage B]    NN metrics: total=2, multivar=0, max_arity=1
[Stage B]    Current: [35mx0^0.33 * nn0(z=(x1 * x2^-1)) * nn1(x1)[0m
[Stage B] === Phase 1: Searching for separabilities (additive, multiplicative) ===
[Stage B] Rule nonsense_units_zero_prune found 0 targets
[Stage B] Rule monomial_peel_priority found 2 targets
[Stage B]   target order (arity-asc): [vars=(1, 2)(arity=1), vars=(1,)(arity=1)]
[Stage B] monomial_peel_priority shortlist: monomial_deg1@nn#leaf1 vars=(1, 2) (k=0.0499, rel=0.0625); monomial_deg1[z_inv]@nn#leaf1 vars=(1, 2) (k=0.0499, rel=0.0625); monomial_deg2@nn#leaf1 vars=(1, 2) (k=0.0499, rel=0.0625); monomial_deg2[z_inv]@nn#leaf1 vars=(1, 2) (k=0.0499, rel=0.0625); monomial_deg3@nn#leaf1 vars=(1, 2) (k=0.0499, rel=0.0625); monomial_deg3[z_inv]@nn#leaf1 vars=(1, 2) (k=0.0499, rel=0.0625); monomial_deg1[z_inv]@nn#leaf2 vars=(1,) (k=0.711, rel=0.259); monomial_deg2[z_inv]@nn#leaf2 vars=(1,) (k=0.711, rel=0.259)
[Stage B] Rule monomial_peel_priority trying 9 globally ranked candidates
[Stage B]  Greedy order (1 cands): monomial_deg1(999p)
[Stage B]  Priority trying 1D monomial (c·x^1) rewrite on NN leaf vars (1, 2)
[Stage B] Initialising RPolyLeaf for vars (1, 2), tag=leaf1
[info] dataloader for provider ASTCompositeAdaptor yields 3 batches (equivalent to a single batch up to floating-point roundoff; minor Python-loop overhead per batch).
[nestynet.optimizer] [95m[LM] Potential K-colinearity issue in rm[0].providers[0] (_Composite, segments=16, outputs=1, seg_width=1): 1080/1080 cross-segment channel pairs exceed |cos|>0.95 (worst seg 6/out 0 ↔ seg 8/out 0 |cos|=1.0000). Grouped segment pairs: 4/120 exceed |cos|>0.95 (worst seg 5 ↔ seg 6 |cos|=0.9837). This can make LM/direct_solve ill-conditioned; consider increasing seg_width, reducing segment count, or using a more diversity-preserving initialization. This model uses low-dimensional K-vectors (Nx*seg_width=1), so channel-level directional crowding can appear before whole segments overlap.[0m
[LM][bucket] solving P=384 (trivially separable union)
Validation patience exceeded at epoch 601/2000, nval_worse=500
[Stage B]    Candidate (monomial_deg1): params=384, val-loss=2.2652e-03
[Stage B]    Reject (monomial_deg1): simpler-over-budget(thr=1.040e-10) | loss 7.528e-13->2.265e-03 (Δ+2.27e-03) | params 768->384 | cx (0, 0, 0)->(0, 0, 0)
[Stage B]  Greedy order (1 cands): monomial_deg1[z_inv](999p)
[Stage B]  Priority trying 1D monomial (c·x^1) rewrite on NN leaf vars (1, 2) [coord=1/z]
[Stage B] Initialising RPolyLeaf for vars (1, 2), tag=leaf1
[info] dataloader for provider ASTCompositeAdaptor yields 3 batches (equivalent to a single batch up to floating-point roundoff; minor Python-loop overhead per batch).
[nestynet.optimizer] [95m[LM] Potential K-colinearity issue in rm[0].providers[0] (_Composite, segments=16, outputs=1, seg_width=1): 1080/1080 cross-segment channel pairs exceed |cos|>0.95 (worst seg 6/out 0 ↔ seg 8/out 0 |cos|=1.0000). Grouped segment pairs: 4/120 exceed |cos|>0.95 (worst seg 5 ↔ seg 6 |cos|=0.9837). This can make LM/direct_solve ill-conditioned; consider increasing seg_width, reducing segment count, or using a more diversity-preserving initialization. This model uses low-dimensional K-vectors (Nx*seg_width=1), so channel-level directional crowding can appear before whole segments overlap.[0m
Validation patience exceeded at epoch 601/2000, nval_worse=500
[Stage B]    Candidate (monomial_deg1[z_inv]): params=384, val-loss=5.0317e-04
[Stage B]    Reject (monomial_deg1[z_inv]): simpler-over-budget(thr=1.040e-10) | loss 7.528e-13->5.032e-04 (Δ+5.03e-04) | params 768->384 | cx (0, 0, 0)->(0, 0, 0)
[Stage B]  Greedy order (1 cands): monomial_deg2(999p)
[Stage B]  Priority trying 1D monomial (c·x^2) rewrite on NN leaf vars (1, 2)
[Stage B] Initialising RPolyLeaf for vars (1, 2), tag=leaf1
[info] dataloader for provider ASTCompositeAdaptor yields 3 batches (equivalent to a single batch up to floating-point roundoff; minor Python-loop overhead per batch).
[nestynet.optimizer] [95m[LM] Potential K-colinearity issue in rm[0].providers[0] (_Composite, segments=16, outputs=1, seg_width=1): 1080/1080 cross-segment channel pairs exceed |cos|>0.95 (worst seg 6/out 0 ↔ seg 8/out 0 |cos|=1.0000). Grouped segment pairs: 4/120 exceed |cos|>0.95 (worst seg 5 ↔ seg 6 |cos|=0.9837). This can make LM/direct_solve ill-conditioned; consider increasing seg_width, reducing segment count, or using a more diversity-preserving initialization. This model uses low-dimensional K-vectors (Nx*seg_width=1), so channel-level directional crowding can appear before whole segments overlap.[0m
Validation patience exceeded at epoch 601/2000, nval_worse=500
[Stage B]    Candidate (monomial_deg2): params=384, val-loss=7.2083e-03
[Stage B]    Reject (monomial_deg2): simpler-over-budget(thr=1.040e-10) | loss 7.528e-13->7.208e-03 (Δ+7.21e-03) | params 768->384 | cx (0, 0, 0)->(0, 0, 0)
[Stage B]  Greedy order (1 cands): monomial_deg2[z_inv](999p)
[Stage B]  Priority trying 1D monomial (c·x^2) rewrite on NN leaf vars (1, 2) [coord=1/z]
[Stage B] Initialising RPolyLeaf for vars (1, 2), tag=leaf1
[info] dataloader for provider ASTCompositeAdaptor yields 3 batches (equivalent to a single batch up to floating-point roundoff; minor Python-loop overhead per batch).
[nestynet.optimizer] [95m[LM] Potential K-colinearity issue in rm[0].providers[0] (_Composite, segments=16, outputs=1, seg_width=1): 1080/1080 cross-segment channel pairs exceed |cos|>0.95 (worst seg 6/out 0 ↔ seg 8/out 0 |cos|=1.0000). Grouped segment pairs: 4/120 exceed |cos|>0.95 (worst seg 5 ↔ seg 6 |cos|=0.9837). This can make LM/direct_solve ill-conditioned; consider increasing seg_width, reducing segment count, or using a more diversity-preserving initialization. This model uses low-dimensional K-vectors (Nx*seg_width=1), so channel-level directional crowding can appear before whole segments overlap.[0m
Validation patience exceeded at epoch 1101/2000, nval_worse=500
[Stage B]    Candidate (monomial_deg2[z_inv]): params=384, val-loss=2.4030e-03
[Stage B]    Reject (monomial_deg2[z_inv]): simpler-over-budget(thr=1.040e-10) | loss 7.528e-13->2.403e-03 (Δ+2.40e-03) | params 768->384 | cx (0, 0, 0)->(0, 0, 0)
[Stage B]  Greedy order (1 cands): monomial_deg3(999p)
[Stage B]  Priority trying 1D monomial (c·x^3) rewrite on NN leaf vars (1, 2)
[Stage B] Initialising RPolyLeaf for vars (1, 2), tag=leaf1
[info] dataloader for provider ASTCompositeAdaptor yields 3 batches (equivalent to a single batch up to floating-point roundoff; minor Python-loop overhead per batch).
[nestynet.optimizer] [95m[LM] Potential K-colinearity issue in rm[0].providers[0] (_Composite, segments=16, outputs=1, seg_width=1): 1080/1080 cross-segment channel pairs exceed |cos|>0.95 (worst seg 6/out 0 ↔ seg 8/out 0 |cos|=1.0000). Grouped segment pairs: 4/120 exceed |cos|>0.95 (worst seg 5 ↔ seg 6 |cos|=0.9837). This can make LM/direct_solve ill-conditioned; consider increasing seg_width, reducing segment count, or using a more diversity-preserving initialization. This model uses low-dimensional K-vectors (Nx*seg_width=1), so channel-level directional crowding can appear before whole segments overlap.[0m
Validation patience exceeded at epoch 1001/2000, nval_worse=500
[Stage B]    Candidate (monomial_deg3): params=384, val-loss=1.4514e-02
[Stage B]    Reject (monomial_deg3): simpler-over-budget(thr=1.040e-10) | loss 7.528e-13->1.451e-02 (Δ+1.45e-02) | params 768->384 | cx (0, 0, 0)->(0, 0, 0)
[Stage B]  Greedy order (1 cands): monomial_deg3[z_inv](999p)
[Stage B]  Priority trying 1D monomial (c·x^3) rewrite on NN leaf vars (1, 2) [coord=1/z]
[Stage B] Initialising RPolyLeaf for vars (1, 2), tag=leaf1
[info] dataloader for provider ASTCompositeAdaptor yields 3 batches (equivalent to a single batch up to floating-point roundoff; minor Python-loop overhead per batch).
[nestynet.optimizer] [95m[LM] Potential K-colinearity issue in rm[0].providers[0] (_Composite, segments=16, outputs=1, seg_width=1): 1080/1080 cross-segment channel pairs exceed |cos|>0.95 (worst seg 6/out 0 ↔ seg 8/out 0 |cos|=1.0000). Grouped segment pairs: 4/120 exceed |cos|>0.95 (worst seg 5 ↔ seg 6 |cos|=0.9837). This can make LM/direct_solve ill-conditioned; consider increasing seg_width, reducing segment count, or using a more diversity-preserving initialization. This model uses low-dimensional K-vectors (Nx*seg_width=1), so channel-level directional crowding can appear before whole segments overlap.[0m
Validation patience exceeded at epoch 601/2000, nval_worse=500
[Stage B]    Candidate (monomial_deg3[z_inv]): params=384, val-loss=5.1854e-03
[Stage B]    Reject (monomial_deg3[z_inv]): simpler-over-budget(thr=1.040e-10) | loss 7.528e-13->5.185e-03 (Δ+5.19e-03) | params 768->384 | cx (0, 0, 0)->(0, 0, 0)
[Stage B]  Greedy order (1 cands): monomial_deg1[z_inv](999p)
[Stage B]  Precheck reject (units: nn-output-unreachable leaf1 inputs=((x1 * (x2)**-1)) target=T^-1/3 basis=['dimless-only']) rule=monomial_peel_priority cand=monomial_deg1[z_inv] target=nn#leaf2 vars=(1,) attempted=0
[Stage B]  Greedy order (1 cands): monomial_deg2[z_inv](999p)
[Stage B]  Precheck reject (units: nn-output-unreachable leaf1 inputs=((x1 * (x2)**-1)) target=T^-4/3 basis=['dimless-only']) rule=monomial_peel_priority cand=monomial_deg2[z_inv] target=nn#leaf2 vars=(1,) attempted=0
[Stage B]  Greedy order (1 cands): monomial_deg3[z_inv](999p)
[Stage B]  Precheck reject (units: nn-output-unreachable leaf1 inputs=((x1 * (x2)**-1)) target=T^-7/3 basis=['dimless-only']) rule=monomial_peel_priority cand=monomial_deg3[z_inv] target=nn#leaf2 vars=(1,) attempted=0
[Stage B] Rule subtree_separability found 0 targets
[Stage B] Rule last_hard_trig_square found 0 targets
[Stage B] Rule univariate_nn found 2 targets
[Stage B]   target order (arity-asc): [vars=(1, 2)(arity=1), vars=(1,)(arity=1)]
[Stage B] symexp_denom_1d accepted: rel_rms=0.0006, scale≈-937, linear≈-0.196, compound vars=(1, 2)
[Stage B] symexp_denom_1d_recip rejected: rel_rms=0.0783 > 0.05, compound vars=(1, 2)
[Stage B] inv_poly: using degree-probe monomials, 3 valid terms, vars=(1, 2)
[Stage B] inv_poly probe: 2 sub-threshold trial(s) for vars=(1, 2): deg=1 rms=0.0000 n=2, deg=2 rms=0.0000 n=3
[Stage B] sqrt_poly: degree-probe active, sqrt=3 terms (probed=True), inv=3 terms (probed=True), vars=(1, 2)
[Stage B]  one_minus_cos_over_z2 skip NN vars (1, 2): screen failed for z=(x1 * (x2)**-1); exact best rel=1.76e+00 at omega≈0.5; affine best rel=3.71e-01, offset_rel=4.48e-03 at omega≈0.5; thresholds rel<=2.00e-02, offset_rel<=1.50e-01
[Stage B]  sparse_factor_1d skip NN vars (1, 2): screen failed for z=(x1 * (x2)**-1); best rel=7.87e-01, threshold=2.00e-02
[Stage B] ratpoly_1d degree probe: 1 valid pair(s), min_deg=(0,0), vars=(1, 2)
[Stage B] ratpoly_1d probe: 16 sub-threshold trial(s) for vars=(1, 2): deg=(0,2)->(0,2) nnz=(1,3) rms=0.0000, deg=(0,3)->(0,3) nnz=(1,4) rms=0.0000, deg=(1,2)->(1,2) nnz=(2,3) rms=0.0000, deg=(3,1)->(3,1) nnz=(3,2) rms=0.0000, deg=(2,4)->(1,4) nnz=(1,4) rms=0.0000, deg=(0,4)->(0,4) nnz=(1,5) rms=0.0000, deg=(1,3)->(1,3) nnz=(2,4) rms=0.0000, deg=(2,2)->(2,2) nnz=(3,3) rms=0.0000, deg=(1,4)->(1,4) nnz=(2,5) rms=0.0000, deg=(2,3)->(2,3) nnz=(3,4) rms=0.0000, deg=(3,2)->(3,2) nnz=(4,3) rms=0.0000, deg=(3,3)->(3,3) nnz=(4,4) rms=0.0000, deg=(4,2)->(4,2) nnz=(5,3) rms=0.0000, deg=(3,4)->(3,4) nnz=(4,5) rms=0.0000, deg=(4,3)->(4,3) nnz=(5,4) rms=0.0000, deg=(4,4)->(4,4) nnz=(5,5) rms=0.0000
[Stage B] ratpoly_1d degree probe: 1 valid pair(s), min_deg=(0,0), vars=(1, 2)
[Stage B] ratpoly_1d probe: 7 sub-threshold trial(s) for vars=(1, 2): deg=(0,2)->(0,2) nnz=(1,3) rms=0.0001, deg=(1,1)->(1,1) nnz=(2,2) rms=0.0000, deg=(2,1)->(2,0) nnz=(3,1) rms=0.0000, deg=(0,3)->(0,3) nnz=(1,4) rms=0.0000, deg=(1,2)->(1,2) nnz=(2,3) rms=0.0000, deg=(0,4)->(0,4) nnz=(1,5) rms=0.0000, deg=(1,3)->(1,3) nnz=(2,4) rms=0.0000
[Stage B] ratpoly_1d degree probe: 1 valid pair(s), min_deg=(0,0), vars=(1, 2)
[Stage B] ratpoly_1d probe: 14 sub-threshold trial(s) for vars=(1, 2): deg=(0,2)->(0,2) nnz=(1,3) rms=0.0000, deg=(0,3)->(0,3) nnz=(1,4) rms=0.0000, deg=(1,2)->(1,2) nnz=(2,3) rms=0.0006, deg=(3,3)->(1,3) nnz=(1,4) rms=0.0000, deg=(0,4)->(0,4) nnz=(1,5) rms=0.0000, deg=(1,3)->(1,3) nnz=(2,4) rms=0.0004, deg=(2,2)->(2,2) nnz=(3,3) rms=0.0000, deg=(1,4)->(1,4) nnz=(2,5) rms=0.0000, deg=(2,3)->(2,3) nnz=(3,4) rms=0.0000, deg=(3,2)->(3,2) nnz=(4,3) rms=0.0000, deg=(2,4)->(2,4) nnz=(3,5) rms=0.0000, deg=(4,2)->(4,2) nnz=(5,3) rms=0.0000, deg=(4,3)->(4,3) nnz=(5,4) rms=0.0000, deg=(4,4)->(4,4) nnz=(5,5) rms=0.0000
[Stage B] ratpoly_1d degree probe: 1 valid pair(s), min_deg=(0,0), vars=(1, 2)
[Stage B] ratpoly_1d probe: 9 sub-threshold trial(s) for vars=(1, 2): deg=(0,2)->(0,2) nnz=(1,3) rms=0.0001, deg=(1,1)->(1,1) nnz=(2,2) rms=0.0000, deg=(2,2)->(2,0) nnz=(3,1) rms=0.0000, deg=(0,3)->(0,3) nnz=(1,4) rms=0.0000, deg=(1,2)->(1,2) nnz=(2,3) rms=0.0000, deg=(2,1)->(2,1) nnz=(3,2) rms=0.0000, deg=(0,4)->(0,4) nnz=(1,5) rms=0.0000, deg=(1,3)->(1,3) nnz=(2,4) rms=0.0000, deg=(1,4)->(1,4) nnz=(2,5) rms=0.0000
[Stage B] ratpoly_1d degree probe: 1 valid pair(s), min_deg=(0,0), vars=(1, 2)
[Stage B] ratpoly_1d probe: 14 sub-threshold trial(s) for vars=(1, 2): deg=(4,1)->(0,1) nnz=(1,2) rms=0.0000, deg=(0,2)->(0,2) nnz=(1,3) rms=0.0000, deg=(1,1)->(1,1) nnz=(2,2) rms=0.0000, deg=(0,3)->(0,3) nnz=(1,4) rms=0.0000, deg=(1,2)->(1,2) nnz=(2,3) rms=0.0000, deg=(2,1)->(2,1) nnz=(3,2) rms=0.0000, deg=(3,2)->(3,1) nnz=(3,2) rms=0.0000, deg=(0,4)->(0,4) nnz=(1,5) rms=0.0000, deg=(1,3)->(1,3) nnz=(2,4) rms=0.0000, deg=(3,1)->(3,1) nnz=(4,2) rms=0.0000, deg=(2,4)->(2,4) nnz=(3,5) rms=0.0000, deg=(3,4)->(3,4) nnz=(4,5) rms=0.0000, deg=(4,3)->(4,3) nnz=(5,4) rms=0.0000, deg=(4,4)->(4,4) nnz=(5,5) rms=0.0000
[Stage B] symexp_denom_1d rejected: rel_rms=0.0783 > 0.05, compound vars=(1, 2)
[Stage B] symexp_denom_1d_recip (poly) accepted: rel_rms=0.0006, scale≈-937, linear≈-2.41, compound vars=(1, 2)
[Stage B] inv_poly: using degree-probe monomials, 3 valid terms, vars=(1, 2)
[Stage B] inv_poly probe: 2 sub-threshold trial(s) for vars=(1, 2): deg=1 rms=0.0006 n=2, deg=2 rms=0.0001 n=3
[Stage B] sqrt_poly: degree-probe active, sqrt=3 terms (probed=True), inv=3 terms (probed=True), vars=(1, 2)
[Stage B]  one_minus_cos_over_z2 skip NN vars (1, 2): screen failed for z=(x2 / x1); exact best rel=1.85e+00 at omega≈0.5; affine best rel=3.93e-01, offset_rel=6.65e-03 at omega≈0.5; thresholds rel<=2.00e-02, offset_rel<=1.50e-01
[Stage B]  sparse_factor_1d skip NN vars (1, 2): screen failed for z=(x2 / x1); best rel=6.73e-01, threshold=2.00e-02
[Stage B] ratpoly_1d degree probe: 1 valid pair(s), min_deg=(0,0), vars=(1, 2)
[Stage B] ratpoly_1d probe: 5 sub-threshold trial(s) for vars=(1, 2): deg=(2,3)->(2,2) nnz=(1,3) rms=0.0000, deg=(0,4)->(0,4) nnz=(1,5) rms=0.0001, deg=(1,4)->(1,4) nnz=(2,5) rms=0.0001, deg=(2,4)->(2,4) nnz=(3,5) rms=0.0001, deg=(4,4)->(4,4) nnz=(5,5) rms=0.0000
[Stage B] ratpoly_1d degree probe: 1 valid pair(s), min_deg=(0,0), vars=(1, 2)
[Stage B] ratpoly_1d probe: 16 sub-threshold trial(s) for vars=(1, 2): deg=(1,1)->(1,1) nnz=(2,2) rms=0.0000, deg=(1,2)->(1,2) nnz=(2,3) rms=0.0000, deg=(2,1)->(2,1) nnz=(3,2) rms=0.0000, deg=(0,4)->(0,4) nnz=(1,5) rms=0.0002, deg=(1,3)->(1,3) nnz=(2,4) rms=0.0000, deg=(2,2)->(2,2) nnz=(3,3) rms=0.0000, deg=(3,1)->(3,1) nnz=(4,2) rms=0.0000, deg=(1,4)->(1,4) nnz=(2,5) rms=0.0000, deg=(2,3)->(2,3) nnz=(3,4) rms=0.0000, deg=(3,2)->(3,2) nnz=(4,3) rms=0.0000, deg=(4,1)->(4,1) nnz=(5,2) rms=0.0000, deg=(2,4)->(2,4) nnz=(3,5) rms=0.0000, deg=(3,3)->(3,3) nnz=(4,4) rms=0.0000, deg=(4,2)->(4,2) nnz=(5,3) rms=0.0000, deg=(3,4)->(3,4) nnz=(4,5) rms=0.0000, deg=(4,3)->(4,3) nnz=(5,4) rms=0.0000
[Stage B] ratpoly_1d degree probe: 1 valid pair(s), min_deg=(0,0), vars=(1, 2)
[Stage B] ratpoly_1d probe: 4 sub-threshold trial(s) for vars=(1, 2): deg=(3,3)->(2,2) nnz=(1,3) rms=0.0000, deg=(3,4)->(3,3) nnz=(1,3) rms=0.0003, deg=(0,4)->(0,4) nnz=(1,5) rms=0.0001, deg=(2,4)->(2,4) nnz=(3,5) rms=0.0001
[Stage B] ratpoly_1d degree probe: 1 valid pair(s), min_deg=(0,0), vars=(1, 2)
[Stage B] ratpoly_1d probe: 14 sub-threshold trial(s) for vars=(1, 2): deg=(1,1)->(1,1) nnz=(2,2) rms=0.0000, deg=(1,2)->(1,2) nnz=(2,3) rms=0.0000, deg=(2,1)->(2,1) nnz=(3,2) rms=0.0000, deg=(0,4)->(0,4) nnz=(1,5) rms=0.0002, deg=(1,3)->(1,3) nnz=(2,4) rms=0.0000, deg=(3,1)->(3,1) nnz=(4,2) rms=0.0000, deg=(1,4)->(1,4) nnz=(2,5) rms=0.0000, deg=(4,1)->(4,1) nnz=(5,2) rms=0.0000, deg=(2,4)->(2,4) nnz=(3,5) rms=0.0000, deg=(3,3)->(3,3) nnz=(4,4) rms=0.0000, deg=(4,2)->(4,2) nnz=(5,3) rms=0.0000, deg=(3,4)->(3,4) nnz=(4,5) rms=0.0000, deg=(4,3)->(4,3) nnz=(5,4) rms=0.0000, deg=(4,4)->(4,4) nnz=(5,5) rms=0.0000
[Stage B] ratpoly_1d degree probe: 1 valid pair(s), min_deg=(0,0), vars=(1, 2)
[Stage B] ratpoly_1d probe: 10 sub-threshold trial(s) for vars=(1, 2): deg=(0,2)->(0,2) nnz=(1,3) rms=0.0115, deg=(2,2)->(2,2) nnz=(1,3) rms=0.0002, deg=(3,4)->(3,3) nnz=(1,3) rms=0.0001, deg=(0,3)->(0,3) nnz=(1,4) rms=0.0013, deg=(0,4)->(0,4) nnz=(1,5) rms=0.0001, deg=(4,1)->(4,1) nnz=(4,2) rms=0.0001, deg=(4,2)->(4,2) nnz=(3,3) rms=0.0002, deg=(3,2)->(3,2) nnz=(4,3) rms=0.0000, deg=(3,3)->(3,3) nnz=(4,4) rms=0.0000, deg=(4,3)->(4,3) nnz=(5,4) rms=0.0001
[Stage B] RuleUniNN proposing 82 candidates for NN vars=(1, 2): ['monomial_deg1', 'monomial_deg2', 'monomial_deg3', 'poly', 'symexp_denom_1d_recip', 'polylog', 'logshifted', 'inv_poly', 'inv_poly[1]', 'sqrt_poly', 'cf_sharedpref_resid', 'cf_sharedpref_resid', 'cf_sharedpref_resid', 'cf_combo', 'cf_combo', 'cf_combo', 'cf_combo', 'cf_combo', 'cf_combo', 'cf_combo', 'sqrt_ratpoly_1d', 'sqrt_ratpoly_1d[1]', 'sqrt_ratpoly_1d[2]', 'sqrt_ratpoly_1d[3]', 'sqrt_ratpoly_1d[4]', 'sqrt_ratpoly_1d[5]', 'sqrt_ratpoly_1d[6]', 'sqrt_ratpoly_1d[7]', 'sqrt_ratpoly_1d[8]', 'sqrt_ratpoly_1d[9]', 'sqrt_ratpoly_1d[10]', 'sqrt_ratpoly_1d[11]', 'sqrt_ratpoly_1d[12]', 'sqrt_ratpoly_1d[13]', 'sqrt_ratpoly_1d[14]', 'sqrt_ratpoly_1d[15]', 'sqrt_ratpoly_1d[16]', 'sqrt_ratpoly_1d[17]', 'sqrt_ratpoly_1d[18]', 'sqrt_ratpoly_1d[19]', 'sqrt_ratpoly_1d[20]', 'cbrt_ratpoly_1d', 'cbrt_ratpoly_1d[1]', 'cbrt_ratpoly_1d[2]', 'cbrt_ratpoly_1d[3]', 'cbrt_ratpoly_1d[4]', 'cbrt_ratpoly_1d[5]', 'cbrt_ratpoly_1d[6]', 'cbrt_ratpoly_1d[7]', 'cbrt_ratpoly_1d[8]', 'cbrt_ratpoly_1d[9]', 'cbrt_ratpoly_1d[10]', 'cbrt_ratpoly_1d[11]', 'cbrt_ratpoly_1d[12]', 'cbrt_ratpoly_1d[13]', 'cbrt_ratpoly_1d[14]', 'cbrt_ratpoly_1d[15]', 'cbrt_ratpoly_1d[16]', 'cbrt_ratpoly_1d[17]', 'ratpoly_1d', 'ratpoly_1d[1]', 'ratpoly_1d[2]', 'ratpoly_1d[3]', 'ratpoly_1d[4]', 'ratpoly_1d[5]', 'ratpoly_1d[6]', 'ratpoly_1d[7]', 'ratpoly_1d[8]', 'ratpoly_1d[9]', 'exp', 'exp_rat', 'tanh', 'trig', 'trig', 'trig', 'trig', 'trig', 'sinc_p2', 'affine_trig', 'leaftr_recip_poly3', 'leaftr_square_poly3', 'leaftr_recip_affine_trig']
[Stage B]  Skipping reciprocal-coordinate alias polylog: closed-under-reciprocal:polylog
[Stage B]  Skipping reciprocal-coordinate alias sqrt_ratpoly_1d: closed-under-reciprocal:sqrt_ratpoly_1d
[Stage B]  Skipping reciprocal-coordinate alias sqrt_ratpoly_1d[1]: closed-under-reciprocal:sqrt_ratpoly_1d
[Stage B]  Skipping reciprocal-coordinate alias sqrt_ratpoly_1d[2]: closed-under-reciprocal:sqrt_ratpoly_1d
[Stage B]  Skipping reciprocal-coordinate alias sqrt_ratpoly_1d[3]: closed-under-reciprocal:sqrt_ratpoly_1d
[Stage B]  Skipping reciprocal-coordinate alias sqrt_ratpoly_1d[4]: closed-under-reciprocal:sqrt_ratpoly_1d
[Stage B]  Skipping reciprocal-coordinate alias sqrt_ratpoly_1d[5]: closed-under-reciprocal:sqrt_ratpoly_1d
[Stage B]  Skipping reciprocal-coordinate alias sqrt_ratpoly_1d[6]: closed-under-reciprocal:sqrt_ratpoly_1d
[Stage B]  Skipping reciprocal-coordinate alias sqrt_ratpoly_1d[7]: closed-under-reciprocal:sqrt_ratpoly_1d
[Stage B]  Skipping reciprocal-coordinate alias sqrt_ratpoly_1d[8]: closed-under-reciprocal:sqrt_ratpoly_1d
[Stage B]  Skipping reciprocal-coordinate alias sqrt_ratpoly_1d[9]: closed-under-reciprocal:sqrt_ratpoly_1d
[Stage B]  Skipping reciprocal-coordinate alias sqrt_ratpoly_1d[10]: closed-under-reciprocal:sqrt_ratpoly_1d
[Stage B]  Skipping reciprocal-coordinate alias sqrt_ratpoly_1d[11]: closed-under-reciprocal:sqrt_ratpoly_1d
[Stage B]  Skipping reciprocal-coordinate alias sqrt_ratpoly_1d[12]: closed-under-reciprocal:sqrt_ratpoly_1d
[Stage B]  Skipping reciprocal-coordinate alias sqrt_ratpoly_1d[13]: closed-under-reciprocal:sqrt_ratpoly_1d
[Stage B]  Skipping reciprocal-coordinate alias sqrt_ratpoly_1d[14]: closed-under-reciprocal:sqrt_ratpoly_1d
[Stage B]  Skipping reciprocal-coordinate alias sqrt_ratpoly_1d[15]: closed-under-reciprocal:sqrt_ratpoly_1d
[Stage B]  Skipping reciprocal-coordinate alias sqrt_ratpoly_1d[16]: closed-under-reciprocal:sqrt_ratpoly_1d
[Stage B]  Skipping reciprocal-coordinate alias sqrt_ratpoly_1d[17]: closed-under-reciprocal:sqrt_ratpoly_1d
[Stage B]  Skipping reciprocal-coordinate alias sqrt_ratpoly_1d[18]: closed-under-reciprocal:sqrt_ratpoly_1d
[Stage B]  Skipping reciprocal-coordinate alias sqrt_ratpoly_1d[19]: closed-under-reciprocal:sqrt_ratpoly_1d
[Stage B]  Skipping reciprocal-coordinate alias sqrt_ratpoly_1d[20]: closed-under-reciprocal:sqrt_ratpoly_1d
[Stage B]  Skipping reciprocal-coordinate alias ratpoly_1d: closed-under-reciprocal:ratpoly_1d
[Stage B]  Skipping reciprocal-coordinate alias ratpoly_1d[1]: closed-under-reciprocal:ratpoly_1d
[Stage B]  Skipping reciprocal-coordinate alias ratpoly_1d[2]: closed-under-reciprocal:ratpoly_1d
[Stage B]  Skipping reciprocal-coordinate alias ratpoly_1d[3]: closed-under-reciprocal:ratpoly_1d
[Stage B]  Skipping reciprocal-coordinate alias ratpoly_1d[4]: closed-under-reciprocal:ratpoly_1d
[Stage B]  Skipping reciprocal-coordinate alias ratpoly_1d[5]: closed-under-reciprocal:ratpoly_1d
[Stage B]  Skipping reciprocal-coordinate alias ratpoly_1d[6]: closed-under-reciprocal:ratpoly_1d
[Stage B]  Skipping reciprocal-coordinate alias ratpoly_1d[7]: closed-under-reciprocal:ratpoly_1d
[Stage B]  Skipping reciprocal-coordinate alias ratpoly_1d[8]: closed-under-reciprocal:ratpoly_1d
[Stage B]  Skipping reciprocal-coordinate alias ratpoly_1d[9]: closed-under-reciprocal:ratpoly_1d
[Stage B]  Skipping reciprocal-coordinate alias exp_rat: closed-under-reciprocal:exp_rat
[Stage B] RuleUniNN proposing 143 candidates for NN vars=(1, 2): ['monomial_deg1', 'monomial_deg1[z_inv]', 'monomial_deg2', 'monomial_deg2[z_inv]', 'monomial_deg3', 'monomial_deg3[z_inv]', 'poly', 'poly[z_inv]', 'expm1', 'symexp_denom_1d', 'polylog', 'logshifted', 'logshifted[z_inv]', 'inv_poly', 'inv_poly[z_inv]', 'inv_poly[1]', 'inv_poly[1][z_inv]', 'sqrt_poly', 'sqrt_poly[z_inv]', 'cf_sharedpref_resid', 'cf_sharedpref_resid[z_inv]', 'cf_sharedpref_resid[z_inv]', 'cf_sharedpref_resid[z_inv]', 'cf_sharedpref_resid', 'cf_sharedpref_resid', 'cf_combo', 'cf_combo[z_inv]', 'cf_combo[z_inv]', 'cf_combo[z_inv]', 'cf_combo[z_inv]', 'cf_combo[z_inv]', 'cf_combo[z_inv]', 'cf_combo[z_inv]', 'cf_combo', 'cf_combo', 'cf_combo', 'cf_combo', 'cf_combo', 'cf_combo', 'sqrt_ratpoly_1d', 'sqrt_ratpoly_1d[1]', 'sqrt_ratpoly_1d[2]', 'sqrt_ratpoly_1d[3]', 'sqrt_ratpoly_1d[4]', 'sqrt_ratpoly_1d[5]', 'sqrt_ratpoly_1d[6]', 'sqrt_ratpoly_1d[7]', 'sqrt_ratpoly_1d[8]', 'sqrt_ratpoly_1d[9]', 'sqrt_ratpoly_1d[10]', 'sqrt_ratpoly_1d[11]', 'sqrt_ratpoly_1d[12]', 'sqrt_ratpoly_1d[13]', 'sqrt_ratpoly_1d[14]', 'sqrt_ratpoly_1d[15]', 'sqrt_ratpoly_1d[16]', 'sqrt_ratpoly_1d[17]', 'sqrt_ratpoly_1d[18]', 'sqrt_ratpoly_1d[19]', 'sqrt_ratpoly_1d[20]', 'sqrt_ratpoly_1d[21]', 'sqrt_ratpoly_1d[22]', 'cbrt_ratpoly_1d', 'cbrt_ratpoly_1d[z_inv]', 'cbrt_ratpoly_1d[1]', 'cbrt_ratpoly_1d[1][z_inv]', 'cbrt_ratpoly_1d[2]', 'cbrt_ratpoly_1d[2][z_inv]', 'cbrt_ratpoly_1d[3]', 'cbrt_ratpoly_1d[3][z_inv]', 'cbrt_ratpoly_1d[4]', 'cbrt_ratpoly_1d[4][z_inv]', 'cbrt_ratpoly_1d[5]', 'cbrt_ratpoly_1d[5][z_inv]', 'cbrt_ratpoly_1d[6]', 'cbrt_ratpoly_1d[6][z_inv]', 'cbrt_ratpoly_1d[7]', 'cbrt_ratpoly_1d[7][z_inv]', 'cbrt_ratpoly_1d[8]', 'cbrt_ratpoly_1d[8][z_inv]', 'cbrt_ratpoly_1d[9]', 'cbrt_ratpoly_1d[9][z_inv]', 'cbrt_ratpoly_1d[10]', 'cbrt_ratpoly_1d[10][z_inv]', 'cbrt_ratpoly_1d[11]', 'cbrt_ratpoly_1d[11][z_inv]', 'cbrt_ratpoly_1d[12]', 'cbrt_ratpoly_1d[12][z_inv]', 'cbrt_ratpoly_1d[13]', 'cbrt_ratpoly_1d[13][z_inv]', 'cbrt_ratpoly_1d[14]', 'cbrt_ratpoly_1d[14][z_inv]', 'cbrt_ratpoly_1d[15]', 'cbrt_ratpoly_1d[15][z_inv]', 'cbrt_ratpoly_1d[16]', 'cbrt_ratpoly_1d[16][z_inv]', 'cbrt_ratpoly_1d[17]', 'cbrt_ratpoly_1d[17][z_inv]', 'cbrt_ratpoly_1d[18]', 'cbrt_ratpoly_1d[19]', 'cbrt_ratpoly_1d[20]', 'cbrt_ratpoly_1d[21]', 'cbrt_ratpoly_1d[22]', 'ratpoly_1d', 'ratpoly_1d[1]', 'ratpoly_1d[2]', 'ratpoly_1d[3]', 'ratpoly_1d[4]', 'ratpoly_1d[5]', 'ratpoly_1d[6]', 'ratpoly_1d[7]', 'ratpoly_1d[8]', 'ratpoly_1d[9]', 'ratpoly_1d[10]', 'ratpoly_1d[11]', 'ratpoly_1d[12]', 'ratpoly_1d[13]', 'exp', 'exp[z_inv]', 'exp_rat', 'tanh', 'tanh[z_inv]', 'trig', 'trig[z_inv]', 'trig[z_inv]', 'trig[z_inv]', 'trig[z_inv]', 'trig[z_inv]', 'trig', 'trig', 'trig', 'trig', 'sinc_p2', 'sinc_p2[z_inv]', 'affine_trig', 'affine_trig[z_inv]', 'leaftr_square_poly3', 'leaftr_square_poly3[z_inv]', 'leaftr_recip_poly3', 'leaftr_recip_poly3[z_inv]', 'leaftr_recip_affine_trig', 'leaftr_recip_affine_trig[z_inv]', 'symexp_denom_1d_recip[z_inv]']
[Stage B]  Greedy order (143 cands): monomial_deg1(1000p), monomial_deg1[z_inv](1000p), monomial_deg2(1000p), monomial_deg2[z_inv](1000p), monomial_deg3(1000p), monomial_deg3[z_inv](1000p), poly(1001p), poly[z_inv](1001p), expm1(1002p), symexp_denom_1d(1005p), polylog(1001p), logshifted(1002p), logshifted[z_inv](1002p), inv_poly(1001p), inv_poly[z_inv](1001p), inv_poly[1](1002p), inv_poly[1][z_inv](1002p), sqrt_poly(1002p), sqrt_poly[z_inv](1002p), cf_sharedpref_resid(1002p), cf_sharedpref_resid[z_inv](1002p), cf_sharedpref_resid[z_inv](1002p), cf_sharedpref_resid[z_inv](1002p), cf_sharedpref_resid(1002p), cf_sharedpref_resid(1002p), cf_combo(1002p), cf_combo[z_inv](1002p), cf_combo[z_inv](1001p), cf_combo[z_inv](1002p), cf_combo[z_inv](1001p), cf_combo[z_inv](1002p), cf_combo[z_inv](1001p), cf_combo[z_inv](1002p), cf_combo(1001p), cf_combo(1002p), cf_combo(1001p), cf_combo(1002p), cf_combo(1001p), cf_combo(1002p), sqrt_ratpoly_1d(1003p), sqrt_ratpoly_1d[1](1004p), sqrt_ratpoly_1d[2](1004p), sqrt_ratpoly_1d[3](1004p), sqrt_ratpoly_1d[4](1004p), sqrt_ratpoly_1d[5](1005p), sqrt_ratpoly_1d[6](1005p), sqrt_ratpoly_1d[7](1005p), sqrt_ratpoly_1d[8](1006p), sqrt_ratpoly_1d[9](1006p), sqrt_ratpoly_1d[10](1006p), sqrt_ratpoly_1d[11](1007p), sqrt_ratpoly_1d[12](1007p), sqrt_ratpoly_1d[13](1008p), sqrt_ratpoly_1d[14](1008p), sqrt_ratpoly_1d[15](1009p), sqrt_ratpoly_1d[16](1003p), sqrt_ratpoly_1d[17](1003p), sqrt_ratpoly_1d[18](1003p), sqrt_ratpoly_1d[19](1004p), sqrt_ratpoly_1d[20](1004p), sqrt_ratpoly_1d[21](1005p), sqrt_ratpoly_1d[22](1005p), cbrt_ratpoly_1d(1003p), cbrt_ratpoly_1d[z_inv](1003p), cbrt_ratpoly_1d[1](1004p), cbrt_ratpoly_1d[1][z_inv](1003p), cbrt_ratpoly_1d[2](1004p), cbrt_ratpoly_1d[2][z_inv](1005p), cbrt_ratpoly_1d[3](1004p), cbrt_ratpoly_1d[3][z_inv](1007p), cbrt_ratpoly_1d[4](1005p), cbrt_ratpoly_1d[4][z_inv](1003p), cbrt_ratpoly_1d[5](1005p), cbrt_ratpoly_1d[5][z_inv](1004p), cbrt_ratpoly_1d[6](1005p), cbrt_ratpoly_1d[6][z_inv](1004p), cbrt_ratpoly_1d[7](1006p), cbrt_ratpoly_1d[7][z_inv](1005p), cbrt_ratpoly_1d[8](1006p), cbrt_ratpoly_1d[8][z_inv](1005p), cbrt_ratpoly_1d[9](1006p), cbrt_ratpoly_1d[9][z_inv](1005p), cbrt_ratpoly_1d[10](1007p), cbrt_ratpoly_1d[10][z_inv](1006p), cbrt_ratpoly_1d[11](1007p), cbrt_ratpoly_1d[11][z_inv](1006p), cbrt_ratpoly_1d[12](1008p), cbrt_ratpoly_1d[12][z_inv](1007p), cbrt_ratpoly_1d[13](1009p), cbrt_ratpoly_1d[13][z_inv](1007p), cbrt_ratpoly_1d[14](1003p), cbrt_ratpoly_1d[14][z_inv](1007p), cbrt_ratpoly_1d[15](1003p), cbrt_ratpoly_1d[15][z_inv](1008p), cbrt_ratpoly_1d[16](1003p), cbrt_ratpoly_1d[16][z_inv](1008p), cbrt_ratpoly_1d[17](1004p), cbrt_ratpoly_1d[17][z_inv](1009p), cbrt_ratpoly_1d[18](1004p), cbrt_ratpoly_1d[19](1004p), cbrt_ratpoly_1d[20](1005p), cbrt_ratpoly_1d[21](1005p), cbrt_ratpoly_1d[22](1006p), ratpoly_1d(1002p), ratpoly_1d[1](1003p), ratpoly_1d[2](1003p), ratpoly_1d[3](1004p), ratpoly_1d[4](1004p), ratpoly_1d[5](1004p), ratpoly_1d[6](1004p), ratpoly_1d[7](1005p), ratpoly_1d[8](1005p), ratpoly_1d[9](1005p), ratpoly_1d[10](1007p), ratpoly_1d[11](1008p), ratpoly_1d[12](1008p), ratpoly_1d[13](1009p), exp(1002p), exp[z_inv](1002p), exp_rat(1005p), tanh(1002p), tanh[z_inv](1002p), trig(1002p), trig[z_inv](1002p), trig[z_inv](1002p), trig[z_inv](1002p), trig[z_inv](1002p), trig[z_inv](1002p), trig(1002p), trig(1002p), trig(1002p), trig(1002p), sinc_p2(1002p), sinc_p2[z_inv](1002p), affine_trig(1003p), affine_trig[z_inv](1003p), leaftr_square_poly3(1003p), leaftr_square_poly3[z_inv](1003p), leaftr_recip_poly3(1003p), leaftr_recip_poly3[z_inv](1003p), leaftr_recip_affine_trig(1003p), leaftr_recip_affine_trig[z_inv](1003p), symexp_denom_1d_recip[z_inv](1005p)
[Stage B]  Trying 1D monomial (c·x^1) rewrite on NN leaf vars (1, 2)
[Stage B] Initialising PolyLeaf for vars (1, 2), tag=leaf1
[info] dataloader for provider ASTCompositeAdaptor yields 3 batches (equivalent to a single batch up to floating-point roundoff; minor Python-loop overhead per batch).
[LM][bucket] solving P=385 (trivially separable union)
Validation patience exceeded at epoch 701/2000, nval_worse=500
[Stage B]    Candidate (monomial_deg1): params=385, val-loss=2.2284e-03
[Stage B]    Reject (monomial_deg1): simpler-over-budget(thr=9.261e-11) | loss 7.528e-13->2.228e-03 (Δ+2.23e-03) | params 768->385 | cx (0, 0, 0)->(0, 0, 0)
[Stage B]  Trying 1D monomial (c·x^1) rewrite on NN leaf vars (1, 2) [coord=1/z]
[Stage B] Initialising PolyLeaf for vars (1, 2), tag=leaf1
[info] dataloader for provider ASTCompositeAdaptor yields 3 batches (equivalent to a single batch up to floating-point roundoff; minor Python-loop overhead per batch).
Validation patience exceeded at epoch 601/2000, nval_worse=500
[Stage B]    Candidate (monomial_deg1[z_inv]): params=385, val-loss=4.9987e-04
[Stage B]    Reject (monomial_deg1[z_inv]): simpler-over-budget(thr=9.261e-11) | loss 7.528e-13->4.999e-04 (Δ+5.00e-04) | params 768->385 | cx (0, 0, 0)->(0, 0, 0)
[Stage B]  Trying 1D monomial (c·x^2) rewrite on NN leaf vars (1, 2)
[Stage B] Initialising PolyLeaf for vars (1, 2), tag=leaf1
[info] dataloader for provider ASTCompositeAdaptor yields 3 batches (equivalent to a single batch up to floating-point roundoff; minor Python-loop overhead per batch).
[Stage B]    Candidate (monomial_deg2): params=385, val-loss=7.2189e-03
[Stage B]    Reject (monomial_deg2): simpler-over-budget(thr=9.261e-11) | loss 7.528e-13->7.219e-03 (Δ+7.22e-03) | params 768->385 | cx (0, 0, 0)->(0, 0, 0)
[Stage B]  Trying 1D monomial (c·x^2) rewrite on NN leaf vars (1, 2) [coord=1/z]
[Stage B] Initialising PolyLeaf for vars (1, 2), tag=leaf1
[info] dataloader for provider ASTCompositeAdaptor yields 3 batches (equivalent to a single batch up to floating-point roundoff; minor Python-loop overhead per batch).
Validation patience exceeded at epoch 701/2000, nval_worse=500
[Stage B]    Candidate (monomial_deg2[z_inv]): params=385, val-loss=2.4837e-03
[Stage B]    Reject (monomial_deg2[z_inv]): simpler-over-budget(thr=9.261e-11) | loss 7.528e-13->2.484e-03 (Δ+2.48e-03) | params 768->385 | cx (0, 0, 0)->(0, 0, 0)
[Stage B]  Trying 1D monomial (c·x^3) rewrite on NN leaf vars (1, 2)
[Stage B] Initialising PolyLeaf for vars (1, 2), tag=leaf1
[info] dataloader for provider ASTCompositeAdaptor yields 3 batches (equivalent to a single batch up to floating-point roundoff; minor Python-loop overhead per batch).
Validation patience exceeded at epoch 601/2000, nval_worse=500
[Stage B]    Candidate (monomial_deg3): params=385, val-loss=1.4345e-02
[Stage B]    Reject (monomial_deg3): simpler-over-budget(thr=9.261e-11) | loss 7.528e-13->1.435e-02 (Δ+1.43e-02) | params 768->385 | cx (0, 0, 0)->(0, 0, 0)
[Stage B]  Trying 1D monomial (c·x^3) rewrite on NN leaf vars (1, 2) [coord=1/z]
[Stage B] Initialising PolyLeaf for vars (1, 2), tag=leaf1
[info] dataloader for provider ASTCompositeAdaptor yields 3 batches (equivalent to a single batch up to floating-point roundoff; minor Python-loop overhead per batch).
Validation patience exceeded at epoch 801/2000, nval_worse=500
[Stage B]    Candidate (monomial_deg3[z_inv]): params=385, val-loss=4.9780e-03
[Stage B]    Reject (monomial_deg3[z_inv]): simpler-over-budget(thr=9.261e-11) | loss 7.528e-13->4.978e-03 (Δ+4.98e-03) | params 768->385 | cx (0, 0, 0)->(0, 0, 0)
[Stage B]  Trying 1D poly rewrite on NN leaf vars (1, 2), degree=1
[Stage B] Initialising PolyLeaf for vars (1, 2), tag=leaf1
[info] dataloader for provider ASTCompositeAdaptor yields 3 batches (equivalent to a single batch up to floating-point roundoff; minor Python-loop overhead per batch).
[LM][bucket] solving P=386 (trivially separable union)
[Stage B]    Candidate (poly): params=386, val-loss=6.0828e-06
[Stage B]    Reject (poly): simpler-over-budget(thr=9.254e-11) | loss 7.528e-13->6.083e-06 (Δ+6.08e-06) | params 768->386 | cx (0, 0, 0)->(0, 0, 0)
[Stage B]  Trying 1D poly rewrite on NN leaf vars (1, 2), degree=1 [coord=1/z]
[Stage B] Initialising PolyLeaf for vars (1, 2), tag=leaf1
[info] dataloader for provider ASTCompositeAdaptor yields 3 batches (equivalent to a single batch up to floating-point roundoff; minor Python-loop overhead per batch).
Validation patience exceeded at epoch 601/2000, nval_worse=500
[Stage B]    Candidate (poly[z_inv]): params=386, val-loss=2.8678e-06
[Stage B]    Reject (poly[z_inv]): simpler-over-budget(thr=9.254e-11) | loss 7.528e-13->2.868e-06 (Δ+2.87e-06) | params 768->386 | cx (0, 0, 0)->(0, 0, 0)
[Stage B]  Trying 1D Expm1 rewrite on NN leaf vars (1, 2)
[Stage B custom_init Expm1] compound vars=(1, 2), a≈0.0529, logA≈6.04
[Stage B] Post-custom-init validation (attempt 0), batch 0, finite: 2000/2000, min: -4.892e+05, max: -1.397e+03, mean: -3.658e+04
[Stage B] Post-custom-init validation (attempt 0), batch 1, finite: 2000/2000, min: -5.158e+05, max: -1.358e+03, mean: -3.897e+04
[Stage B] Post-custom-init validation (attempt 0), batch 2, finite: 2000/2000, min: -4.905e+05, max: -1.199e+03, mean: -2.818e+04
[Stage B] Prediction scale check (attempt 0): pred_median=1.472e+04, true_median=9.826e-02, ratio=1.498e+05
[Stage B] Warning: init scale_ratio extreme; rejecting candidate.
[Stage B]    Candidate (expm1) rejected at init (non-finite loss); trying next.
[Stage B]  Trying 1D symexp_denom_1d rewrite (scale/(exp(r)+exp(-r))) on NN leaf vars (1, 2)
[Stage B custom_init symexp_denom_1d] compound vars=(1, 2), scale≈-937, r±(z)≈-0.196*z
[Stage B] Post-custom-init validation (attempt 0), batch 0, finite: 2000/2000, min: 2.918e+04, max: 8.866e+06, mean: 7.281e+05
[Stage B] Post-custom-init validation (attempt 0), batch 1, finite: 2000/2000, min: 2.970e+04, max: 9.243e+06, mean: 7.731e+05
[Stage B] Post-custom-init validation (attempt 0), batch 2, finite: 2000/2000, min: 3.062e+04, max: 9.014e+06, mean: 6.921e+05
[Stage B] Prediction scale check (attempt 0): pred_median=3.167e+05, true_median=9.826e-02, ratio=3.223e+06
[Stage B] Warning: init scale_ratio extreme; rejecting candidate.
[Stage B]    Candidate (symexp_denom_1d) rejected at init (non-finite loss); trying next.
[Stage B]  Trying 1D polylog rewrite on NN leaf vars (1, 2), degree=1
[info] dataloader for provider ASTCompositeAdaptor yields 3 batches (equivalent to a single batch up to floating-point roundoff; minor Python-loop overhead per batch).
Validation patience exceeded at epoch 701/2000, nval_worse=500
[Stage B]    Candidate (polylog): params=386, val-loss=3.4094e-06
[Stage B]    Reject (polylog): simpler-over-budget(thr=9.254e-11) | loss 7.528e-13->3.409e-06 (Δ+3.41e-06) | params 768->386 | cx (0, 0, 0)->(0, 0, 0)
[Stage B]  Trying 1D shifted-log rewrite on NN leaf vars (1, 2)
[info] dataloader for provider ASTCompositeAdaptor yields 3 batches (equivalent to a single batch up to floating-point roundoff; minor Python-loop overhead per batch).
[LM][bucket] solving P=387 (trivially separable union)
Stopping at epoch 201/2000, lm_opt.state['halt']=True, loss=3.0772e-08, loss_val=4.3286e-08
[Stage B]    Candidate (logshifted): params=387, val-loss=4.3251e-08
[Stage B]    Reject (logshifted): simpler-over-budget(thr=9.247e-11) | loss 7.528e-13->4.325e-08 (Δ+4.33e-08) | params 768->387 | cx (0, 0, 0)->(0, 0, 0)
[Stage B]  Trying 1D shifted-log rewrite on NN leaf vars (1, 2) [coord=1/z]
[info] dataloader for provider ASTCompositeAdaptor yields 3 batches (equivalent to a single batch up to floating-point roundoff; minor Python-loop overhead per batch).
Validation patience exceeded at epoch 1901/2000, nval_worse=500
[Stage B]    Candidate (logshifted[z_inv]): params=387, val-loss=1.5827e-06
[Stage B]    Reject (logshifted[z_inv]): simpler-over-budget(thr=9.247e-11) | loss 7.528e-13->1.583e-06 (Δ+1.58e-06) | params 768->387 | cx (0, 0, 0)->(0, 0, 0)
[Stage B]  Trying inv_poly degree=1 (1/P(x)) rewrite on NN leaf vars (1, 2)
[Stage B custom_init inv-poly] Init on vars (1, 2): degree=1, rel_rms≈8.24e-08
[Stage B] Post-custom-init validation (attempt 0), batch 0, finite: 2000/2000, min: 2.803e+04, max: 8.497e+06, mean: 7.023e+05
[Stage B] Post-custom-init validation (attempt 0), batch 1, finite: 2000/2000, min: 2.843e+04, max: 8.885e+06, mean: 7.459e+05
[Stage B] Post-custom-init validation (attempt 0), batch 2, finite: 2000/2000, min: 2.900e+04, max: 8.757e+06, mean: 6.570e+05
[Stage B] Prediction scale check (attempt 0): pred_median=3.031e+05, true_median=9.826e-02, ratio=3.085e+06
[Stage B] Warning: init scale_ratio extreme; rejecting candidate.
[Stage B]    Candidate (inv_poly) rejected at init (non-finite loss); trying next.
[Stage B]  Trying inv_poly degree=1 (1/P(x)) rewrite on NN leaf vars (1, 2) [coord=1/z]
[Stage B custom_init inv-poly] Init on vars (1, 2): degree=1, rel_rms≈6.20e-04
[Stage B] Post-custom-init validation (attempt 0), batch 0, finite: 2000/2000, min: 2.805e+04, max: 8.502e+06, mean: 7.024e+05
[Stage B] Post-custom-init validation (attempt 0), batch 1, finite: 2000/2000, min: 2.844e+04, max: 8.889e+06, mean: 7.460e+05
[Stage B] Post-custom-init validation (attempt 0), batch 2, finite: 2000/2000, min: 2.898e+04, max: 8.753e+06, mean: 6.567e+05
[Stage B] Prediction scale check (attempt 0): pred_median=3.031e+05, true_median=9.826e-02, ratio=3.085e+06
[Stage B] Warning: init scale_ratio extreme; rejecting candidate.
[Stage B]    Candidate (inv_poly[z_inv]) rejected at init (non-finite loss); trying next.
[Stage B]  Trying inv_poly degree=2 (1/P(x)) rewrite on NN leaf vars (1, 2)
[Stage B custom_init inv-poly] Init on vars (1, 2): degree=2, rel_rms≈8.22e-08
[Stage B] Post-custom-init validation (attempt 0), batch 0, finite: 2000/2000, min: 2.803e+04, max: 8.497e+06, mean: 7.023e+05
[Stage B] Post-custom-init validation (attempt 0), batch 1, finite: 2000/2000, min: 2.843e+04, max: 8.885e+06, mean: 7.459e+05
[Stage B] Post-custom-init validation (attempt 0), batch 2, finite: 2000/2000, min: 2.900e+04, max: 8.757e+06, mean: 6.570e+05
[Stage B] Prediction scale check (attempt 0): pred_median=3.031e+05, true_median=9.826e-02, ratio=3.085e+06
[Stage B] Warning: init scale_ratio extreme; rejecting candidate.
[Stage B]    Candidate (inv_poly[1]) rejected at init (non-finite loss); trying next.
[Stage B]  Trying inv_poly degree=2 (1/P(x)) rewrite on NN leaf vars (1, 2) [coord=1/z]
[Stage B custom_init inv-poly] Init on vars (1, 2): degree=2, rel_rms≈5.99e-05
[Stage B] Post-custom-init validation (attempt 0), batch 0, finite: 2000/2000, min: 2.803e+04, max: 8.497e+06, mean: 7.023e+05
[Stage B] Post-custom-init validation (attempt 0), batch 1, finite: 2000/2000, min: 2.842e+04, max: 8.885e+06, mean: 7.459e+05
[Stage B] Post-custom-init validation (attempt 0), batch 2, finite: 2000/2000, min: 2.900e+04, max: 8.758e+06, mean: 6.569e+05
[Stage B] Prediction scale check (attempt 0): pred_median=3.031e+05, true_median=9.826e-02, ratio=3.085e+06
[Stage B] Warning: init scale_ratio extreme; rejecting candidate.
[Stage B]    Candidate (inv_poly[1][z_inv]) rejected at init (non-finite loss); trying next.
[Stage B]  Trying sqrt/invsqrt(poly) rewrite on NN leaf vars (1, 2), degree=2
[Stage B] Post-custom-init validation (attempt 0), batch 0, finite: 2000/2000, min: -8.497e+06, max: -2.803e+04, mean: -7.023e+05
[Stage B] Post-custom-init validation (attempt 0), batch 1, finite: 2000/2000, min: -8.885e+06, max: -2.843e+04, mean: -7.459e+05
[Stage B] Post-custom-init validation (attempt 0), batch 2, finite: 2000/2000, min: -8.757e+06, max: -2.900e+04, mean: -6.570e+05
[Stage B] Prediction scale check (attempt 0): pred_median=3.031e+05, true_median=9.826e-02, ratio=3.085e+06
[Stage B] Warning: init scale_ratio extreme; rejecting candidate.
[Stage B]    Candidate (sqrt_poly) rejected at init (non-finite loss); trying next.
[Stage B]  Trying sqrt/invsqrt(poly) rewrite on NN leaf vars (1, 2), degree=2 [coord=1/z]
[Stage B] Post-custom-init validation (attempt 0), batch 0, finite: 2000/2000, min: -8.497e+06, max: -2.803e+04, mean: -7.023e+05
[Stage B] Post-custom-init validation (attempt 0), batch 1, finite: 2000/2000, min: -8.885e+06, max: -2.843e+04, mean: -7.459e+05
[Stage B] Post-custom-init validation (attempt 0), batch 2, finite: 2000/2000, min: -8.758e+06, max: -2.900e+04, mean: -6.569e+05
[Stage B] Prediction scale check (attempt 0): pred_median=3.031e+05, true_median=9.826e-02, ratio=3.085e+06
[Stage B] Warning: init scale_ratio extreme; rejecting candidate.
[Stage B]    Candidate (sqrt_poly[z_inv]) rejected at init (non-finite loss); trying next.
[Stage B]  Trying 1D compound macro shared-prefactor+residual macro on NN leaf vars [1, 2], pref=arg0, macro=sqrt1p(arg0^2), screen_r2=1.000, ok_frac=1.000
[info] dataloader for provider ASTCompositeAdaptor yields 3 batches (equivalent to a single batch up to floating-point roundoff; minor Python-loop overhead per batch).
Validation patience exceeded at epoch 1101/2000, nval_worse=500
[Stage B]    Candidate (cf_sharedpref_resid): params=387, val-loss=7.1330e-06
[Stage B]    Reject (cf_sharedpref_resid): simpler-over-budget(thr=9.247e-11) | loss 7.528e-13->7.133e-06 (Δ+7.13e-06) | params 768->387 | cx (0, 0, 0)->(0, 0, 0)
[Stage B]  Trying 1D compound macro shared-prefactor+residual macro on NN leaf vars [1, 2], pref=arg0, macro=sqrt1p(arg0^2), screen_r2=1.000, ok_frac=1.000 [coord=1/z]
[info] dataloader for provider ASTCompositeAdaptor yields 3 batches (equivalent to a single batch up to floating-point roundoff; minor Python-loop overhead per batch).
Stopping at epoch 201/2000, lm_opt.state['halt']=True, loss=7.8635e-09, loss_val=1.4290e-08
[Stage B]    Candidate (cf_sharedpref_resid[z_inv]): params=387, val-loss=1.4290e-08
[Stage B]    Reject (cf_sharedpref_resid[z_inv]): simpler-over-budget(thr=9.247e-11) | loss 7.528e-13->1.429e-08 (Δ+1.43e-08) | params 768->387 | cx (0, 0, 0)->(0, 0, 0)
[Stage B]  Skipping cf_sharedpref_resid[z_inv] (previously rejected on same target)
[Stage B]  Skipping cf_sharedpref_resid[z_inv] (previously rejected on same target)
[Stage B]  Skipping cf_sharedpref_resid (previously rejected on same target)
[Stage B]  Skipping cf_sharedpref_resid (previously rejected on same target)
[Stage B]  Trying 1D compound macro tier-3 linear combo on NN leaf vars [1, 2], terms=['hypot', 'arg0^2'], screen_r2=1.000, ok_frac=1.000
[info] dataloader for provider ASTCompositeAdaptor yields 3 batches (equivalent to a single batch up to floating-point roundoff; minor Python-loop overhead per batch).
Stopping at epoch 201/2000, lm_opt.state['halt']=True, loss=1.6962e-07, loss_val=2.8455e-07
[Stage B]    Candidate (cf_combo): params=387, val-loss=2.8450e-07
[Stage B]    Reject (cf_combo): simpler-over-budget(thr=9.247e-11) | loss 7.528e-13->2.845e-07 (Δ+2.85e-07) | params 768->387 | cx (0, 0, 0)->(0, 0, 0)
[Stage B]  Trying 1D compound macro tier-3 linear combo on NN leaf vars [1, 2], terms=['hypot', 'arg0^2'], screen_r2=1.000, ok_frac=1.000 [coord=1/z]
[info] dataloader for provider ASTCompositeAdaptor yields 3 batches (equivalent to a single batch up to floating-point roundoff; minor Python-loop overhead per batch).
Stopping at epoch 201/2000, lm_opt.state['halt']=True, loss=9.6534e-09, loss_val=1.7516e-08
[Stage B]    Candidate (cf_combo[z_inv]): params=387, val-loss=1.7516e-08
[Stage B]    Reject (cf_combo[z_inv]): simpler-over-budget(thr=9.247e-11) | loss 7.528e-13->1.752e-08 (Δ+1.75e-08) | params 768->387 | cx (0, 0, 0)->(0, 0, 0)
[Stage B]  Skipping cf_combo[z_inv] (previously rejected on same target)
[Stage B]  Skipping cf_combo[z_inv] (previously rejected on same target)
[Stage B]  Skipping cf_combo[z_inv] (previously rejected on same target)
[Stage B]  Skipping cf_combo[z_inv] (previously rejected on same target)
[Stage B]  Skipping cf_combo[z_inv] (previously rejected on same target)
[Stage B]  Skipping cf_combo[z_inv] (previously rejected on same target)
[Stage B]  Skipping cf_combo (previously rejected on same target)
[Stage B]  Skipping cf_combo (previously rejected on same target)
[Stage B]  Skipping cf_combo (previously rejected on same target)
[Stage B]  Skipping cf_combo (previously rejected on same target)
[Stage B]  Skipping cf_combo (previously rejected on same target)
[Stage B]  Skipping cf_combo (previously rejected on same target)
[Stage B]  Trying 1D sqrt-ratpoly (sqrt) deg=(0,2)->(0,2) nnz=(1,3) on NN leaf vars (1, 2)
[Stage B custom_init ratpoly_1d] Init on vars (1, 2): deg=(0,2)->(0,2), nnz=(1,3), rel_rms≈1.58e-05
[Stage B] Post-custom-init validation (attempt 0), batch 0, finite: 2000/2000, min: -8.497e+06, max: -2.803e+04, mean: -7.023e+05
[Stage B] Post-custom-init validation (attempt 0), batch 1, finite: 2000/2000, min: -8.885e+06, max: -2.843e+04, mean: -7.459e+05
[Stage B] Post-custom-init validation (attempt 0), batch 2, finite: 2000/2000, min: -8.757e+06, max: -2.900e+04, mean: -6.570e+05
[Stage B] Prediction scale check (attempt 0): pred_median=3.031e+05, true_median=9.826e-02, ratio=3.085e+06
[Stage B] Warning: init scale_ratio extreme; rejecting candidate.
[Stage B]    Candidate (sqrt_ratpoly_1d) rejected at init (non-finite loss); trying next.
[Stage B]  Trying 1D sqrt-ratpoly (sqrt) deg=(0,3)->(0,3) nnz=(1,4) on NN leaf vars (1, 2)
[Stage B custom_init ratpoly_1d] Init on vars (1, 2): deg=(0,3)->(0,3), nnz=(1,4), rel_rms≈2.61e-06
[Stage B] Post-custom-init validation (attempt 0), batch 0, finite: 2000/2000, min: -8.497e+06, max: -2.803e+04, mean: -7.023e+05
[Stage B] Post-custom-init validation (attempt 0), batch 1, finite: 2000/2000, min: -8.885e+06, max: -2.843e+04, mean: -7.459e+05
[Stage B] Post-custom-init validation (attempt 0), batch 2, finite: 2000/2000, min: -8.757e+06, max: -2.900e+04, mean: -6.570e+05
[Stage B] Prediction scale check (attempt 0): pred_median=3.031e+05, true_median=9.826e-02, ratio=3.085e+06
[Stage B] Warning: init scale_ratio extreme; rejecting candidate.
[Stage B]    Candidate (sqrt_ratpoly_1d[1]) rejected at init (non-finite loss); trying next.
[Stage B]  Trying 1D sqrt-ratpoly (sqrt) deg=(1,2)->(1,2) nnz=(2,3) on NN leaf vars (1, 2)
[Stage B custom_init ratpoly_1d] Init on vars (1, 2): deg=(1,2)->(1,2), nnz=(2,3), rel_rms≈1.58e-05
[Stage B] Post-custom-init validation (attempt 0), batch 0, finite: 2000/2000, min: -8.497e+06, max: -2.803e+04, mean: -7.023e+05
[Stage B] Post-custom-init validation (attempt 0), batch 1, finite: 2000/2000, min: -8.885e+06, max: -2.843e+04, mean: -7.459e+05
[Stage B] Post-custom-init validation (attempt 0), batch 2, finite: 2000/2000, min: -8.757e+06, max: -2.900e+04, mean: -6.570e+05
[Stage B] Prediction scale check (attempt 0): pred_median=3.031e+05, true_median=9.826e-02, ratio=3.085e+06
[Stage B] Warning: init scale_ratio extreme; rejecting candidate.
[Stage B]    Candidate (sqrt_ratpoly_1d[2]) rejected at init (non-finite loss); trying next.
[Stage B]  Trying 1D sqrt-ratpoly (sqrt) deg=(3,1)->(3,1) nnz=(3,2) on NN leaf vars (1, 2)
[Stage B custom_init ratpoly_1d] Init on vars (1, 2): deg=(3,1)->(3,1), nnz=(3,2), rel_rms≈9.02e-06
[Stage B] Post-custom-init validation (attempt 0), batch 0, finite: 2000/2000, min: -8.497e+06, max: -2.803e+04, mean: -7.023e+05
[Stage B] Post-custom-init validation (attempt 0), batch 1, finite: 2000/2000, min: -8.885e+06, max: -2.843e+04, mean: -7.459e+05
[Stage B] Post-custom-init validation (attempt 0), batch 2, finite: 2000/2000, min: -8.757e+06, max: -2.900e+04, mean: -6.570e+05
[Stage B] Prediction scale check (attempt 0): pred_median=3.031e+05, true_median=9.826e-02, ratio=3.085e+06
[Stage B] Warning: init scale_ratio extreme; rejecting candidate.
[Stage B]    Candidate (sqrt_ratpoly_1d[3]) rejected at init (non-finite loss); trying next.
[Stage B]  Trying 1D sqrt-ratpoly (sqrt) deg=(2,4)->(1,4) nnz=(1,4) on NN leaf vars (1, 2)
[Stage B custom_init ratpoly_1d] Init on vars (1, 2): deg=(2,4)->(1,4), nnz=(1,4), rel_rms≈7.22e-06
[Stage B] Post-custom-init validation (attempt 0), batch 0, finite: 2000/2000, min: -8.497e+06, max: -2.803e+04, mean: -7.023e+05
[Stage B] Post-custom-init validation (attempt 0), batch 1, finite: 2000/2000, min: -8.885e+06, max: -2.843e+04, mean: -7.459e+05
[Stage B] Post-custom-init validation (attempt 0), batch 2, finite: 2000/2000, min: -8.757e+06, max: -2.900e+04, mean: -6.570e+05
[Stage B] Prediction scale check (attempt 0): pred_median=3.031e+05, true_median=9.826e-02, ratio=3.085e+06
[Stage B] Warning: init scale_ratio extreme; rejecting candidate.
[Stage B]    Candidate (sqrt_ratpoly_1d[4]) rejected at init (non-finite loss); trying next.
[Stage B]  Trying 1D sqrt-ratpoly (sqrt) deg=(0,4)->(0,4) nnz=(1,5) on NN leaf vars (1, 2)
[Stage B custom_init ratpoly_1d] Init on vars (1, 2): deg=(0,4)->(0,4), nnz=(1,5), rel_rms≈1.48e-07
[Stage B] Post-custom-init validation (attempt 0), batch 0, finite: 2000/2000, min: -8.497e+06, max: -2.803e+04, mean: -7.023e+05
[Stage B] Post-custom-init validation (attempt 0), batch 1, finite: 2000/2000, min: -8.885e+06, max: -2.843e+04, mean: -7.459e+05
[Stage B] Post-custom-init validation (attempt 0), batch 2, finite: 2000/2000, min: -8.757e+06, max: -2.900e+04, mean: -6.570e+05
[Stage B] Prediction scale check (attempt 0): pred_median=3.031e+05, true_median=9.826e-02, ratio=3.085e+06
[Stage B] Warning: init scale_ratio extreme; rejecting candidate.
[Stage B]    Candidate (sqrt_ratpoly_1d[5]) rejected at init (non-finite loss); trying next.
[Stage B]  Trying 1D sqrt-ratpoly (sqrt) deg=(1,3)->(1,3) nnz=(2,4) on NN leaf vars (1, 2)
[Stage B custom_init ratpoly_1d] Init on vars (1, 2): deg=(1,3)->(1,3), nnz=(2,4), rel_rms≈2.61e-06
[Stage B] Post-custom-init validation (attempt 0), batch 0, finite: 2000/2000, min: -8.497e+06, max: -2.803e+04, mean: -7.023e+05
[Stage B] Post-custom-init validation (attempt 0), batch 1, finite: 2000/2000, min: -8.885e+06, max: -2.843e+04, mean: -7.459e+05
[Stage B] Post-custom-init validation (attempt 0), batch 2, finite: 2000/2000, min: -8.757e+06, max: -2.900e+04, mean: -6.570e+05
[Stage B] Prediction scale check (attempt 0): pred_median=3.031e+05, true_median=9.826e-02, ratio=3.085e+06
[Stage B] Warning: init scale_ratio extreme; rejecting candidate.
[Stage B]    Candidate (sqrt_ratpoly_1d[6]) rejected at init (non-finite loss); trying next.
[Stage B]  Trying 1D sqrt-ratpoly (sqrt) deg=(2,2)->(2,2) nnz=(3,3) on NN leaf vars (1, 2)
[Stage B custom_init ratpoly_1d] Init on vars (1, 2): deg=(2,2)->(2,2), nnz=(3,3), rel_rms≈1.58e-05
[Stage B] Post-custom-init validation (attempt 0), batch 0, finite: 2000/2000, min: -8.497e+06, max: -2.803e+04, mean: -7.023e+05
[Stage B] Post-custom-init validation (attempt 0), batch 1, finite: 2000/2000, min: -8.885e+06, max: -2.843e+04, mean: -7.459e+05
[Stage B] Post-custom-init validation (attempt 0), batch 2, finite: 2000/2000, min: -8.757e+06, max: -2.900e+04, mean: -6.570e+05
[Stage B] Prediction scale check (attempt 0): pred_median=3.031e+05, true_median=9.826e-02, ratio=3.085e+06
[Stage B] Warning: init scale_ratio extreme; rejecting candidate.
[Stage B]    Candidate (sqrt_ratpoly_1d[7]) rejected at init (non-finite loss); trying next.
[Stage B]  Trying 1D sqrt-ratpoly (sqrt) deg=(1,4)->(1,4) nnz=(2,5) on NN leaf vars (1, 2)
[Stage B custom_init ratpoly_1d] Init on vars (1, 2): deg=(1,4)->(1,4), nnz=(2,5), rel_rms≈1.48e-07
[Stage B] Post-custom-init validation (attempt 0), batch 0, finite: 2000/2000, min: -8.497e+06, max: -2.803e+04, mean: -7.023e+05
[Stage B] Post-custom-init validation (attempt 0), batch 1, finite: 2000/2000, min: -8.885e+06, max: -2.843e+04, mean: -7.459e+05
[Stage B] Post-custom-init validation (attempt 0), batch 2, finite: 2000/2000, min: -8.757e+06, max: -2.900e+04, mean: -6.570e+05
[Stage B] Prediction scale check (attempt 0): pred_median=3.031e+05, true_median=9.826e-02, ratio=3.085e+06
[Stage B] Warning: init scale_ratio extreme; rejecting candidate.
[Stage B]    Candidate (sqrt_ratpoly_1d[8]) rejected at init (non-finite loss); trying next.
[Stage B]  Trying 1D sqrt-ratpoly (sqrt) deg=(2,3)->(2,3) nnz=(3,4) on NN leaf vars (1, 2)
[Stage B custom_init ratpoly_1d] Init on vars (1, 2): deg=(2,3)->(2,3), nnz=(3,4), rel_rms≈2.61e-06
[Stage B] Post-custom-init validation (attempt 0), batch 0, finite: 2000/2000, min: -8.497e+06, max: -2.803e+04, mean: -7.023e+05
[Stage B] Post-custom-init validation (attempt 0), batch 1, finite: 2000/2000, min: -8.885e+06, max: -2.843e+04, mean: -7.459e+05
[Stage B] Post-custom-init validation (attempt 0), batch 2, finite: 2000/2000, min: -8.757e+06, max: -2.900e+04, mean: -6.570e+05
[Stage B] Prediction scale check (attempt 0): pred_median=3.031e+05, true_median=9.826e-02, ratio=3.085e+06
[Stage B] Warning: init scale_ratio extreme; rejecting candidate.
[Stage B]    Candidate (sqrt_ratpoly_1d[9]) rejected at init (non-finite loss); trying next.
[Stage B]  Trying 1D sqrt-ratpoly (sqrt) deg=(3,2)->(3,2) nnz=(4,3) on NN leaf vars (1, 2)
[Stage B custom_init ratpoly_1d] Init on vars (1, 2): deg=(3,2)->(3,2), nnz=(4,3), rel_rms≈1.54e-05
[Stage B] Post-custom-init validation (attempt 0), batch 0, finite: 2000/2000, min: -8.497e+06, max: -2.803e+04, mean: -7.023e+05
[Stage B] Post-custom-init validation (attempt 0), batch 1, finite: 2000/2000, min: -8.885e+06, max: -2.843e+04, mean: -7.459e+05
[Stage B] Post-custom-init validation (attempt 0), batch 2, finite: 2000/2000, min: -8.757e+06, max: -2.900e+04, mean: -6.570e+05
[Stage B] Prediction scale check (attempt 0): pred_median=3.031e+05, true_median=9.826e-02, ratio=3.085e+06
[Stage B] Warning: init scale_ratio extreme; rejecting candidate.
[Stage B]    Candidate (sqrt_ratpoly_1d[10]) rejected at init (non-finite loss); trying next.
[Stage B]  Trying 1D sqrt-ratpoly (sqrt) deg=(3,3)->(3,3) nnz=(4,4) on NN leaf vars (1, 2)
[Stage B custom_init ratpoly_1d] Init on vars (1, 2): deg=(3,3)->(3,3), nnz=(4,4), rel_rms≈2.61e-06
[Stage B] Post-custom-init validation (attempt 0), batch 0, finite: 2000/2000, min: -8.497e+06, max: -2.803e+04, mean: -7.023e+05
[Stage B] Post-custom-init validation (attempt 0), batch 1, finite: 2000/2000, min: -8.885e+06, max: -2.843e+04, mean: -7.459e+05
[Stage B] Post-custom-init validation (attempt 0), batch 2, finite: 2000/2000, min: -8.757e+06, max: -2.900e+04, mean: -6.570e+05
[Stage B] Prediction scale check (attempt 0): pred_median=3.031e+05, true_median=9.826e-02, ratio=3.085e+06
[Stage B] Warning: init scale_ratio extreme; rejecting candidate.
[Stage B]    Candidate (sqrt_ratpoly_1d[11]) rejected at init (non-finite loss); trying next.
[Stage B]  Trying 1D sqrt-ratpoly (sqrt) deg=(4,2)->(4,2) nnz=(5,3) on NN leaf vars (1, 2)
[Stage B custom_init ratpoly_1d] Init on vars (1, 2): deg=(4,2)->(4,2), nnz=(5,3), rel_rms≈1.06e-05
[Stage B] Post-custom-init validation (attempt 0), batch 0, finite: 2000/2000, min: -8.497e+06, max: -2.803e+04, mean: -7.023e+05
[Stage B] Post-custom-init validation (attempt 0), batch 1, finite: 2000/2000, min: -8.885e+06, max: -2.843e+04, mean: -7.459e+05
[Stage B] Post-custom-init validation (attempt 0), batch 2, finite: 2000/2000, min: -8.757e+06, max: -2.900e+04, mean: -6.570e+05
[Stage B] Prediction scale check (attempt 0): pred_median=3.031e+05, true_median=9.826e-02, ratio=3.085e+06
[Stage B] Warning: init scale_ratio extreme; rejecting candidate.
[Stage B]    Candidate (sqrt_ratpoly_1d[12]) rejected at init (non-finite loss); trying next.
[Stage B]  Trying 1D sqrt-ratpoly (sqrt) deg=(3,4)->(3,4) nnz=(4,5) on NN leaf vars (1, 2)
[Stage B custom_init ratpoly_1d] Init on vars (1, 2): deg=(3,4)->(3,4), nnz=(4,5), rel_rms≈1.53e-07
[Stage B] Post-custom-init validation (attempt 0), batch 0, finite: 2000/2000, min: -8.497e+06, max: -2.803e+04, mean: -7.023e+05
[Stage B] Post-custom-init validation (attempt 0), batch 1, finite: 2000/2000, min: -8.885e+06, max: -2.843e+04, mean: -7.459e+05
[Stage B] Post-custom-init validation (attempt 0), batch 2, finite: 2000/2000, min: -8.757e+06, max: -2.900e+04, mean: -6.570e+05
[Stage B] Prediction scale check (attempt 0): pred_median=3.031e+05, true_median=9.826e-02, ratio=3.085e+06
[Stage B] Warning: init scale_ratio extreme; rejecting candidate.
[Stage B]    Candidate (sqrt_ratpoly_1d[13]) rejected at init (non-finite loss); trying next.
[Stage B]  Trying 1D sqrt-ratpoly (sqrt) deg=(4,3)->(4,3) nnz=(5,4) on NN leaf vars (1, 2)
[Stage B custom_init ratpoly_1d] Init on vars (1, 2): deg=(4,3)->(4,3), nnz=(5,4), rel_rms≈1.21e-05
[Stage B] Post-custom-init validation (attempt 0), batch 0, finite: 2000/2000, min: -8.497e+06, max: -2.803e+04, mean: -7.023e+05
[Stage B] Post-custom-init validation (attempt 0), batch 1, finite: 2000/2000, min: -8.885e+06, max: -2.843e+04, mean: -7.459e+05
[Stage B] Post-custom-init validation (attempt 0), batch 2, finite: 2000/2000, min: -8.757e+06, max: -2.900e+04, mean: -6.570e+05
[Stage B] Prediction scale check (attempt 0): pred_median=3.031e+05, true_median=9.826e-02, ratio=3.085e+06
[Stage B] Warning: init scale_ratio extreme; rejecting candidate.
[Stage B]    Candidate (sqrt_ratpoly_1d[14]) rejected at init (non-finite loss); trying next.
[Stage B]  Trying 1D sqrt-ratpoly (sqrt) deg=(4,4)->(4,4) nnz=(5,5) on NN leaf vars (1, 2)
[Stage B custom_init ratpoly_1d] Init on vars (1, 2): deg=(4,4)->(4,4), nnz=(5,5), rel_rms≈1.53e-07
[Stage B] Post-custom-init validation (attempt 0), batch 0, finite: 2000/2000, min: -8.497e+06, max: -2.803e+04, mean: -7.023e+05
[Stage B] Post-custom-init validation (attempt 0), batch 1, finite: 2000/2000, min: -8.885e+06, max: -2.843e+04, mean: -7.459e+05
[Stage B] Post-custom-init validation (attempt 0), batch 2, finite: 2000/2000, min: -8.757e+06, max: -2.900e+04, mean: -6.570e+05
[Stage B] Prediction scale check (attempt 0): pred_median=3.031e+05, true_median=9.826e-02, ratio=3.085e+06
[Stage B] Warning: init scale_ratio extreme; rejecting candidate.
[Stage B]    Candidate (sqrt_ratpoly_1d[15]) rejected at init (non-finite loss); trying next.
[Stage B]  Precheck reject (duplicate-signature) rule=univariate_nn cand=sqrt_ratpoly_1d[16] target=nn#leaf1 vars=(1, 2) sig=(960898949, 1, 1, -1, 3, 1, 1, 1) attempted=16
[Stage B]  Trying 1D sqrt-ratpoly (inv_sqrt) deg=(1,1)->(1,1) nnz=(2,2) on NN leaf vars (1, 2)
[Stage B custom_init ratpoly_1d] Init on vars (1, 2): deg=(1,1)->(1,1), nnz=(2,2), rel_rms≈8.86e-06
[Stage B] Post-custom-init validation (attempt 0), batch 0, finite: 2000/2000, min: -8.497e+06, max: -2.803e+04, mean: -7.023e+05
[Stage B] Post-custom-init validation (attempt 0), batch 1, finite: 2000/2000, min: -8.885e+06, max: -2.843e+04, mean: -7.459e+05
[Stage B] Post-custom-init validation (attempt 0), batch 2, finite: 2000/2000, min: -8.757e+06, max: -2.900e+04, mean: -6.570e+05
[Stage B] Prediction scale check (attempt 0): pred_median=3.031e+05, true_median=9.826e-02, ratio=3.085e+06
[Stage B] Warning: init scale_ratio extreme; rejecting candidate.
[Stage B]    Candidate (sqrt_ratpoly_1d[17]) rejected at init (non-finite loss); trying next.
[Stage B]  Trying 1D sqrt-ratpoly (inv_sqrt) deg=(2,1)->(2,0) nnz=(3,1) on NN leaf vars (1, 2)
[Stage B custom_init ratpoly_1d] Init on vars (1, 2): deg=(2,1)->(2,0), nnz=(3,1), rel_rms≈1.59e-05
[Stage B] Post-custom-init validation (attempt 0), batch 0, finite: 2000/2000, min: -8.497e+06, max: -2.803e+04, mean: -7.023e+05
[Stage B] Post-custom-init validation (attempt 0), batch 1, finite: 2000/2000, min: -8.885e+06, max: -2.843e+04, mean: -7.459e+05
[Stage B] Post-custom-init validation (attempt 0), batch 2, finite: 2000/2000, min: -8.757e+06, max: -2.900e+04, mean: -6.570e+05
[Stage B] Prediction scale check (attempt 0): pred_median=3.031e+05, true_median=9.826e-02, ratio=3.085e+06
[Stage B] Warning: init scale_ratio extreme; rejecting candidate.
[Stage B]    Candidate (sqrt_ratpoly_1d[18]) rejected at init (non-finite loss); trying next.
[Stage B]  Precheck reject (duplicate-signature) rule=univariate_nn cand=sqrt_ratpoly_1d[19] target=nn#leaf1 vars=(1, 2) sig=(960898949, 1, 1, -1, 4, 1, 1, 1, 1) attempted=18
[Stage B]  Precheck reject (duplicate-signature) rule=univariate_nn cand=sqrt_ratpoly_1d[20] target=nn#leaf1 vars=(1, 2) sig=(960898949, 2, 1, 1, -1, 3, 1, 1, 1) attempted=18
[Stage B]  Precheck reject (duplicate-signature) rule=univariate_nn cand=sqrt_ratpoly_1d[21] target=nn#leaf1 vars=(1, 2) sig=(960898949, 1, 1, -1, 5, 1, 1, 1, 1, 1) attempted=18
[Stage B]  Precheck reject (duplicate-signature) rule=univariate_nn cand=sqrt_ratpoly_1d[22] target=nn#leaf1 vars=(1, 2) sig=(960898949, 2, 1, 1, -1, 4, 1, 1, 1, 1) attempted=18
[Stage B]  Precheck reject (duplicate-signature) rule=univariate_nn cand=cbrt_ratpoly_1d target=nn#leaf1 vars=(1, 2) sig=(960898949, 1, 1, -1, 3, 1, 1, 1) attempted=18
[Stage B]  Trying 1D cbrt-ratpoly (cbrt) deg=(3,3)->(2,2) nnz=(1,3) on NN leaf vars (1, 2) [coord=1/z]
[Stage B custom_init ratpoly_1d] Init on vars (1, 2): deg=(3,3)->(2,2), nnz=(1,3), rel_rms≈2.75e-05
[Stage B] Post-custom-init validation (attempt 0), batch 0, finite: 2000/2000, min: -1.925e+00, max: -6.342e-03, mean: -1.585e-01
[Stage B] Post-custom-init validation (attempt 0), batch 1, finite: 2000/2000, min: -2.009e+00, max: -6.444e-03, mean: -1.683e-01
[Stage B] Post-custom-init validation (attempt 0), batch 2, finite: 2000/2000, min: -1.968e+00, max: -6.618e-03, mean: -1.497e-01
[Stage B] Prediction scale check (attempt 0): pred_median=6.884e-02, true_median=9.826e-02, ratio=7.006e-01
[Stage B]    Candidate (cbrt_ratpoly_1d[z_inv]) fit failed: ValueError: Unknown fit_y_link 'cube'. Supported: none, asinh, square, inv_square, recip, exp, log; trying next.
[Stage B]  Precheck reject (duplicate-signature) rule=univariate_nn cand=cbrt_ratpoly_1d[1] target=nn#leaf1 vars=(1, 2) sig=(960898949, 1, 1, -1, 4, 1, 1, 1, 1) attempted=19
[Stage B]  Trying 1D cbrt-ratpoly (cbrt) deg=(3,4)->(3,3) nnz=(1,3) on NN leaf vars (1, 2) [coord=1/z]
[Stage B custom_init ratpoly_1d] Init on vars (1, 2): deg=(3,4)->(3,3), nnz=(1,3), rel_rms≈2.61e-04
[Stage B] Post-custom-init validation (attempt 0), batch 0, finite: 2000/2000, min: -1.925e+00, max: -6.342e-03, mean: -1.585e-01
[Stage B] Post-custom-init validation (attempt 0), batch 1, finite: 2000/2000, min: -2.009e+00, max: -6.444e-03, mean: -1.683e-01
[Stage B] Post-custom-init validation (attempt 0), batch 2, finite: 2000/2000, min: -1.968e+00, max: -6.618e-03, mean: -1.497e-01
[Stage B] Prediction scale check (attempt 0): pred_median=6.884e-02, true_median=9.826e-02, ratio=7.006e-01
[Stage B]    Candidate (cbrt_ratpoly_1d[1][z_inv]) fit failed: ValueError: Unknown fit_y_link 'cube'. Supported: none, asinh, square, inv_square, recip, exp, log; trying next.
[Stage B]  Precheck reject (duplicate-signature) rule=univariate_nn cand=cbrt_ratpoly_1d[2] target=nn#leaf1 vars=(1, 2) sig=(960898949, 2, 1, 1, -1, 3, 1, 1, 1) attempted=20
[Stage B]  Trying 1D cbrt-ratpoly (cbrt) deg=(0,4)->(0,4) nnz=(1,5) on NN leaf vars (1, 2) [coord=1/z]
[Stage B custom_init ratpoly_1d] Init on vars (1, 2): deg=(0,4)->(0,4), nnz=(1,5), rel_rms≈1.03e-04
[Stage B] Post-custom-init validation (attempt 0), batch 0, finite: 2000/2000, min: -1.925e+00, max: -6.342e-03, mean: -1.585e-01
[Stage B] Post-custom-init validation (attempt 0), batch 1, finite: 2000/2000, min: -2.009e+00, max: -6.444e-03, mean: -1.683e-01
[Stage B] Post-custom-init validation (attempt 0), batch 2, finite: 2000/2000, min: -1.968e+00, max: -6.618e-03, mean: -1.497e-01
[Stage B] Prediction scale check (attempt 0): pred_median=6.884e-02, true_median=9.826e-02, ratio=7.006e-01
[Stage B]    Candidate (cbrt_ratpoly_1d[2][z_inv]) fit failed: ValueError: Unknown fit_y_link 'cube'. Supported: none, asinh, square, inv_square, recip, exp, log; trying next.
[Stage B]  Trying 1D cbrt-ratpoly (cbrt) deg=(3,3)->(1,3) nnz=(1,4) on NN leaf vars (1, 2)
[Stage B custom_init ratpoly_1d] Init on vars (1, 2): deg=(3,3)->(1,3), nnz=(1,4), rel_rms≈3.80e-06
[Stage B] Post-custom-init validation (attempt 0), batch 0, finite: 2000/2000, min: -1.925e+00, max: -6.342e-03, mean: -1.585e-01
[Stage B] Post-custom-init validation (attempt 0), batch 1, finite: 2000/2000, min: -2.009e+00, max: -6.444e-03, mean: -1.683e-01
[Stage B] Post-custom-init validation (attempt 0), batch 2, finite: 2000/2000, min: -1.968e+00, max: -6.618e-03, mean: -1.497e-01
[Stage B] Prediction scale check (attempt 0): pred_median=6.884e-02, true_median=9.826e-02, ratio=7.006e-01
[Stage B]    Candidate (cbrt_ratpoly_1d[3]) fit failed: ValueError: Unknown fit_y_link 'cube'. Supported: none, asinh, square, inv_square, recip, exp, log; trying next.
[Stage B]  Trying 1D cbrt-ratpoly (cbrt) deg=(2,4)->(2,4) nnz=(3,5) on NN leaf vars (1, 2) [coord=1/z]
[Stage B custom_init ratpoly_1d] Init on vars (1, 2): deg=(2,4)->(2,4), nnz=(3,5), rel_rms≈1.03e-04
[Stage B] Post-custom-init validation (attempt 0), batch 0, finite: 2000/2000, min: -1.925e+00, max: -6.342e-03, mean: -1.585e-01
[Stage B] Post-custom-init validation (attempt 0), batch 1, finite: 2000/2000, min: -2.009e+00, max: -6.444e-03, mean: -1.683e-01
[Stage B] Post-custom-init validation (attempt 0), batch 2, finite: 2000/2000, min: -1.968e+00, max: -6.618e-03, mean: -1.497e-01
[Stage B] Prediction scale check (attempt 0): pred_median=6.884e-02, true_median=9.826e-02, ratio=7.006e-01
[Stage B]    Candidate (cbrt_ratpoly_1d[3][z_inv]) fit failed: ValueError: Unknown fit_y_link 'cube'. Supported: none, asinh, square, inv_square, recip, exp, log; trying next.
[Stage B]  Precheck reject (duplicate-signature) rule=univariate_nn cand=cbrt_ratpoly_1d[4] target=nn#leaf1 vars=(1, 2) sig=(960898949, 1, 1, -1, 5, 1, 1, 1, 1, 1) attempted=23
[Stage B]  Trying 1D cbrt-ratpoly (inv_cbrt) deg=(1,1)->(1,1) nnz=(2,2) on NN leaf vars (1, 2) [coord=1/z]
[Stage B custom_init ratpoly_1d] Init on vars (1, 2): deg=(1,1)->(1,1), nnz=(2,2), rel_rms≈4.37e-06
[Stage B] Post-custom-init validation (attempt 0), batch 0, finite: 2000/2000, min: -1.925e+08, max: -6.342e+05, mean: -1.585e+07
[Stage B] Post-custom-init validation (attempt 0), batch 1, finite: 2000/2000, min: -2.009e+08, max: -6.444e+05, mean: -1.683e+07
[Stage B] Post-custom-init validation (attempt 0), batch 2, finite: 2000/2000, min: -1.968e+08, max: -6.618e+05, mean: -1.497e+07
[Stage B] Prediction scale check (attempt 0): pred_median=6.884e+06, true_median=9.826e-02, ratio=7.006e+07
[Stage B] Warning: init scale_ratio extreme; rejecting candidate.
[Stage B]    Candidate (cbrt_ratpoly_1d[4][z_inv]) rejected at init (non-finite loss); trying next.
[Stage B]  Precheck reject (duplicate-signature) rule=univariate_nn cand=cbrt_ratpoly_1d[5] target=nn#leaf1 vars=(1, 2) sig=(960898949, 2, 1, 1, -1, 4, 1, 1, 1, 1) attempted=24
[Stage B]  Trying 1D cbrt-ratpoly (inv_cbrt) deg=(1,2)->(1,2) nnz=(2,3) on NN leaf vars (1, 2) [coord=1/z]
[Stage B custom_init ratpoly_1d] Init on vars (1, 2): deg=(1,2)->(1,2), nnz=(2,3), rel_rms≈3.02e-06
[Stage B] Post-custom-init validation (attempt 0), batch 0, finite: 2000/2000, min: -1.925e+08, max: -6.342e+05, mean: -1.585e+07
[Stage B] Post-custom-init validation (attempt 0), batch 1, finite: 2000/2000, min: -2.009e+08, max: -6.444e+05, mean: -1.683e+07
[Stage B] Post-custom-init validation (attempt 0), batch 2, finite: 2000/2000, min: -1.968e+08, max: -6.618e+05, mean: -1.497e+07
[Stage B] Prediction scale check (attempt 0): pred_median=6.884e+06, true_median=9.826e-02, ratio=7.006e+07
[Stage B] Warning: init scale_ratio extreme; rejecting candidate.
[Stage B]    Candidate (cbrt_ratpoly_1d[5][z_inv]) rejected at init (non-finite loss); trying next.
[Stage B]  Precheck reject (duplicate-signature) rule=univariate_nn cand=cbrt_ratpoly_1d[6] target=nn#leaf1 vars=(1, 2) sig=(960898949, 3, 1, 1, 1, -1, 3, 1, 1, 1) attempted=25
[Stage B]  Trying 1D cbrt-ratpoly (inv_cbrt) deg=(2,1)->(2,1) nnz=(3,2) on NN leaf vars (1, 2) [coord=1/z]
[Stage B custom_init ratpoly_1d] Init on vars (1, 2): deg=(2,1)->(2,1), nnz=(3,2), rel_rms≈3.02e-06
[Stage B] Post-custom-init validation (attempt 0), batch 0, finite: 2000/2000, min: -1.925e+08, max: -6.342e+05, mean: -1.585e+07
[Stage B] Post-custom-init validation (attempt 0), batch 1, finite: 2000/2000, min: -2.009e+08, max: -6.444e+05, mean: -1.683e+07
[Stage B] Post-custom-init validation (attempt 0), batch 2, finite: 2000/2000, min: -1.968e+08, max: -6.618e+05, mean: -1.497e+07
[Stage B] Prediction scale check (attempt 0): pred_median=6.884e+06, true_median=9.826e-02, ratio=7.006e+07
[Stage B] Warning: init scale_ratio extreme; rejecting candidate.
[Stage B]    Candidate (cbrt_ratpoly_1d[6][z_inv]) rejected at init (non-finite loss); trying next.
[Stage B]  Precheck reject (duplicate-signature) rule=univariate_nn cand=cbrt_ratpoly_1d[7] target=nn#leaf1 vars=(1, 2) sig=(960898949, 2, 1, 1, -1, 5, 1, 1, 1, 1, 1) attempted=26
[Stage B]  Precheck reject (duplicate-signature) rule=univariate_nn cand=cbrt_ratpoly_1d[7][z_inv] target=nn#leaf1 vars=(1, 2) sig=(2191933987, 1, 1, -1, 5, 1, 1, 1, 1, 1) attempted=26
[Stage B]  Precheck reject (duplicate-signature) rule=univariate_nn cand=cbrt_ratpoly_1d[8] target=nn#leaf1 vars=(1, 2) sig=(960898949, 3, 1, 1, 1, -1, 4, 1, 1, 1, 1) attempted=26
[Stage B]  Trying 1D cbrt-ratpoly (inv_cbrt) deg=(1,3)->(1,3) nnz=(2,4) on NN leaf vars (1, 2) [coord=1/z]
[Stage B custom_init ratpoly_1d] Init on vars (1, 2): deg=(1,3)->(1,3), nnz=(2,4), rel_rms≈4.54e-07
[Stage B] Post-custom-init validation (attempt 0), batch 0, finite: 2000/2000, min: -1.925e+08, max: -6.342e+05, mean: -1.585e+07
[Stage B] Post-custom-init validation (attempt 0), batch 1, finite: 2000/2000, min: -2.009e+08, max: -6.444e+05, mean: -1.683e+07
[Stage B] Post-custom-init validation (attempt 0), batch 2, finite: 2000/2000, min: -1.968e+08, max: -6.618e+05, mean: -1.497e+07
[Stage B] Prediction scale check (attempt 0): pred_median=6.884e+06, true_median=9.826e-02, ratio=7.006e+07
[Stage B] Warning: init scale_ratio extreme; rejecting candidate.
[Stage B]    Candidate (cbrt_ratpoly_1d[8][z_inv]) rejected at init (non-finite loss); trying next.
[Stage B]  Precheck reject (duplicate-signature) rule=univariate_nn cand=cbrt_ratpoly_1d[9] target=nn#leaf1 vars=(1, 2) sig=(960898949, 4, 1, 1, 1, 1, -1, 3, 1, 1, 1) attempted=27
[Stage B]  Trying 1D cbrt-ratpoly (inv_cbrt) deg=(3,1)->(3,1) nnz=(4,2) on NN leaf vars (1, 2) [coord=1/z]
[Stage B custom_init ratpoly_1d] Init on vars (1, 2): deg=(3,1)->(3,1), nnz=(4,2), rel_rms≈4.55e-07
[Stage B] Post-custom-init validation (attempt 0), batch 0, finite: 2000/2000, min: -1.925e+08, max: -6.342e+05, mean: -1.585e+07
[Stage B] Post-custom-init validation (attempt 0), batch 1, finite: 2000/2000, min: -2.009e+08, max: -6.444e+05, mean: -1.683e+07
[Stage B] Post-custom-init validation (attempt 0), batch 2, finite: 2000/2000, min: -1.968e+08, max: -6.618e+05, mean: -1.497e+07
[Stage B] Prediction scale check (attempt 0): pred_median=6.884e+06, true_median=9.826e-02, ratio=7.006e+07
[Stage B] Warning: init scale_ratio extreme; rejecting candidate.
[Stage B]    Candidate (cbrt_ratpoly_1d[9][z_inv]) rejected at init (non-finite loss); trying next.
[Stage B]  Trying 1D cbrt-ratpoly (cbrt) deg=(2,4)->(2,4) nnz=(3,5) on NN leaf vars (1, 2)
[Stage B custom_init ratpoly_1d] Init on vars (1, 2): deg=(2,4)->(2,4), nnz=(3,5), rel_rms≈1.62e-07
[Stage B] Post-custom-init validation (attempt 0), batch 0, finite: 2000/2000, min: -1.925e+00, max: -6.342e-03, mean: -1.585e-01
[Stage B] Post-custom-init validation (attempt 0), batch 1, finite: 2000/2000, min: -2.009e+00, max: -6.444e-03, mean: -1.683e-01
[Stage B] Post-custom-init validation (attempt 0), batch 2, finite: 2000/2000, min: -1.968e+00, max: -6.618e-03, mean: -1.497e-01
[Stage B] Prediction scale check (attempt 0): pred_median=6.884e-02, true_median=9.826e-02, ratio=7.006e-01
[Stage B]    Candidate (cbrt_ratpoly_1d[10]) fit failed: ValueError: Unknown fit_y_link 'cube'. Supported: none, asinh, square, inv_square, recip, exp, log; trying next.
[Stage B]  Trying 1D cbrt-ratpoly (inv_cbrt) deg=(1,4)->(1,4) nnz=(2,5) on NN leaf vars (1, 2) [coord=1/z]
[Stage B custom_init ratpoly_1d] Init on vars (1, 2): deg=(1,4)->(1,4), nnz=(2,5), rel_rms≈7.13e-08
[Stage B] Post-custom-init validation (attempt 0), batch 0, finite: 2000/2000, min: -1.925e+08, max: -6.342e+05, mean: -1.585e+07
[Stage B] Post-custom-init validation (attempt 0), batch 1, finite: 2000/2000, min: -2.009e+08, max: -6.444e+05, mean: -1.683e+07
[Stage B] Post-custom-init validation (attempt 0), batch 2, finite: 2000/2000, min: -1.968e+08, max: -6.618e+05, mean: -1.497e+07
[Stage B] Prediction scale check (attempt 0): pred_median=6.884e+06, true_median=9.826e-02, ratio=7.006e+07
[Stage B] Warning: init scale_ratio extreme; rejecting candidate.
[Stage B]    Candidate (cbrt_ratpoly_1d[10][z_inv]) rejected at init (non-finite loss); trying next.
[Stage B]  Precheck reject (duplicate-signature) rule=univariate_nn cand=cbrt_ratpoly_1d[11] target=nn#leaf1 vars=(1, 2) sig=(960898949, 5, 1, 1, 1, 1, 1, -1, 3, 1, 1, 1) attempted=30
[Stage B]  Trying 1D cbrt-ratpoly (inv_cbrt) deg=(4,1)->(4,1) nnz=(5,2) on NN leaf vars (1, 2) [coord=1/z]
[Stage B custom_init ratpoly_1d] Init on vars (1, 2): deg=(4,1)->(4,1), nnz=(5,2), rel_rms≈5.44e-08
[Stage B] Post-custom-init validation (attempt 0), batch 0, finite: 2000/2000, min: -1.925e+08, max: -6.342e+05, mean: -1.585e+07
[Stage B] Post-custom-init validation (attempt 0), batch 1, finite: 2000/2000, min: -2.009e+08, max: -6.444e+05, mean: -1.683e+07
[Stage B] Post-custom-init validation (attempt 0), batch 2, finite: 2000/2000, min: -1.968e+08, max: -6.618e+05, mean: -1.497e+07
[Stage B] Prediction scale check (attempt 0): pred_median=6.884e+06, true_median=9.826e-02, ratio=7.006e+07
[Stage B] Warning: init scale_ratio extreme; rejecting candidate.
[Stage B]    Candidate (cbrt_ratpoly_1d[11][z_inv]) rejected at init (non-finite loss); trying next.
[Stage B]  Precheck reject (duplicate-signature) rule=univariate_nn cand=cbrt_ratpoly_1d[12] target=nn#leaf1 vars=(1, 2) sig=(960898949, 5, 1, 1, 1, 1, 1, -1, 4, 1, 1, 1, 1) attempted=31
[Stage B]  Precheck reject (duplicate-signature) rule=univariate_nn cand=cbrt_ratpoly_1d[12][z_inv] target=nn#leaf1 vars=(1, 2) sig=(2191933987, 3, 1, 1, 1, -1, 5, 1, 1, 1, 1, 1) attempted=31
[Stage B]  Precheck reject (duplicate-signature) rule=univariate_nn cand=cbrt_ratpoly_1d[13] target=nn#leaf1 vars=(1, 2) sig=(960898949, 5, 1, 1, 1, 1, 1, -1, 5, 1, 1, 1, 1, 1) attempted=31
[Stage B]  Trying 1D cbrt-ratpoly (inv_cbrt) deg=(3,3)->(3,3) nnz=(4,4) on NN leaf vars (1, 2) [coord=1/z]
[Stage B custom_init ratpoly_1d] Init on vars (1, 2): deg=(3,3)->(3,3), nnz=(4,4), rel_rms≈5.52e-07
[Stage B] Post-custom-init validation (attempt 0), batch 0, finite: 2000/2000, min: -1.925e+08, max: -6.342e+05, mean: -1.585e+07
[Stage B] Post-custom-init validation (attempt 0), batch 1, finite: 2000/2000, min: -2.009e+08, max: -6.444e+05, mean: -1.683e+07
[Stage B] Post-custom-init validation (attempt 0), batch 2, finite: 2000/2000, min: -1.968e+08, max: -6.618e+05, mean: -1.497e+07
[Stage B] Prediction scale check (attempt 0): pred_median=6.884e+06, true_median=9.826e-02, ratio=7.006e+07
[Stage B] Warning: init scale_ratio extreme; rejecting candidate.
[Stage B]    Candidate (cbrt_ratpoly_1d[13][z_inv]) rejected at init (non-finite loss); trying next.
[Stage B]  Precheck reject (duplicate-signature) rule=univariate_nn cand=cbrt_ratpoly_1d[14] target=nn#leaf1 vars=(1, 2) sig=(960898949, 1, 1, -1, 3, 1, 1, 1) attempted=32
[Stage B]  Trying 1D cbrt-ratpoly (inv_cbrt) deg=(4,2)->(4,2) nnz=(5,3) on NN leaf vars (1, 2) [coord=1/z]
[Stage B custom_init ratpoly_1d] Init on vars (1, 2): deg=(4,2)->(4,2), nnz=(5,3), rel_rms≈1.89e-07
[Stage B] Post-custom-init validation (attempt 0), batch 0, finite: 2000/2000, min: -1.925e+08, max: -6.342e+05, mean: -1.585e+07
[Stage B] Post-custom-init validation (attempt 0), batch 1, finite: 2000/2000, min: -2.009e+08, max: -6.444e+05, mean: -1.683e+07
[Stage B] Post-custom-init validation (attempt 0), batch 2, finite: 2000/2000, min: -1.968e+08, max: -6.618e+05, mean: -1.497e+07
[Stage B] Prediction scale check (attempt 0): pred_median=6.884e+06, true_median=9.826e-02, ratio=7.006e+07
[Stage B] Warning: init scale_ratio extreme; rejecting candidate.
[Stage B]    Candidate (cbrt_ratpoly_1d[14][z_inv]) rejected at init (non-finite loss); trying next.
[Stage B]  Precheck reject (duplicate-signature) rule=univariate_nn cand=cbrt_ratpoly_1d[15] target=nn#leaf1 vars=(1, 2) sig=(960898949, 2, 1, 1, -1, 2, 1, 1) attempted=33
[Stage B]  Trying 1D cbrt-ratpoly (inv_cbrt) deg=(3,4)->(3,4) nnz=(4,5) on NN leaf vars (1, 2) [coord=1/z]
[Stage B custom_init ratpoly_1d] Init on vars (1, 2): deg=(3,4)->(3,4), nnz=(4,5), rel_rms≈4.27e-07
[Stage B] Post-custom-init validation (attempt 0), batch 0, finite: 2000/2000, min: -1.925e+08, max: -6.342e+05, mean: -1.585e+07
[Stage B] Post-custom-init validation (attempt 0), batch 1, finite: 2000/2000, min: -2.009e+08, max: -6.444e+05, mean: -1.683e+07
[Stage B] Post-custom-init validation (attempt 0), batch 2, finite: 2000/2000, min: -1.968e+08, max: -6.618e+05, mean: -1.497e+07
[Stage B] Prediction scale check (attempt 0): pred_median=6.884e+06, true_median=9.826e-02, ratio=7.006e+07
[Stage B] Warning: init scale_ratio extreme; rejecting candidate.
[Stage B]    Candidate (cbrt_ratpoly_1d[15][z_inv]) rejected at init (non-finite loss); trying next.
[Stage B]  Precheck reject (duplicate-signature) rule=univariate_nn cand=cbrt_ratpoly_1d[16] target=nn#leaf1 vars=(1, 2) sig=(960898949, 3, 1, 1, 1, -1, 1, 1) attempted=34
[Stage B]  Trying 1D cbrt-ratpoly (inv_cbrt) deg=(4,3)->(4,3) nnz=(5,4) on NN leaf vars (1, 2) [coord=1/z]
[Stage B custom_init ratpoly_1d] Init on vars (1, 2): deg=(4,3)->(4,3), nnz=(5,4), rel_rms≈1.74e-07
[Stage B] Post-custom-init validation (attempt 0), batch 0, finite: 2000/2000, min: -1.925e+08, max: -6.342e+05, mean: -1.585e+07
[Stage B] Post-custom-init validation (attempt 0), batch 1, finite: 2000/2000, min: -2.009e+08, max: -6.444e+05, mean: -1.683e+07
[Stage B] Post-custom-init validation (attempt 0), batch 2, finite: 2000/2000, min: -1.968e+08, max: -6.618e+05, mean: -1.497e+07
[Stage B] Prediction scale check (attempt 0): pred_median=6.884e+06, true_median=9.826e-02, ratio=7.006e+07
[Stage B] Warning: init scale_ratio extreme; rejecting candidate.
[Stage B]    Candidate (cbrt_ratpoly_1d[16][z_inv]) rejected at init (non-finite loss); trying next.
[Stage B]  Precheck reject (duplicate-signature) rule=univariate_nn cand=cbrt_ratpoly_1d[17] target=nn#leaf1 vars=(1, 2) sig=(960898949, 1, 1, -1, 4, 1, 1, 1, 1) attempted=35
[Stage B]  Trying 1D cbrt-ratpoly (inv_cbrt) deg=(4,4)->(4,4) nnz=(5,5) on NN leaf vars (1, 2) [coord=1/z]
[Stage B custom_init ratpoly_1d] Init on vars (1, 2): deg=(4,4)->(4,4), nnz=(5,5), rel_rms≈2.18e-05
[Stage B] Post-custom-init validation (attempt 0), batch 0, finite: 2000/2000, min: -1.925e+08, max: -6.342e+05, mean: -1.585e+07
[Stage B] Post-custom-init validation (attempt 0), batch 1, finite: 2000/2000, min: -2.009e+08, max: -6.444e+05, mean: -1.683e+07
[Stage B] Post-custom-init validation (attempt 0), batch 2, finite: 2000/2000, min: -1.968e+08, max: -6.618e+05, mean: -1.497e+07
[Stage B] Prediction scale check (attempt 0): pred_median=6.884e+06, true_median=9.826e-02, ratio=7.006e+07
[Stage B] Warning: init scale_ratio extreme; rejecting candidate.
[Stage B]    Candidate (cbrt_ratpoly_1d[17][z_inv]) rejected at init (non-finite loss); trying next.
[Stage B]  Precheck reject (duplicate-signature) rule=univariate_nn cand=cbrt_ratpoly_1d[18] target=nn#leaf1 vars=(1, 2) sig=(960898949, 2, 1, 1, -1, 3, 1, 1, 1) attempted=36
[Stage B]  Trying 1D cbrt-ratpoly (inv_cbrt) deg=(2,1)->(2,1) nnz=(3,2) on NN leaf vars (1, 2)
[Stage B custom_init ratpoly_1d] Init on vars (1, 2): deg=(2,1)->(2,1), nnz=(3,2), rel_rms≈2.60e-06
[Stage B] Post-custom-init validation (attempt 0), batch 0, finite: 2000/2000, min: -1.925e+08, max: -6.342e+05, mean: -1.585e+07
[Stage B] Post-custom-init validation (attempt 0), batch 1, finite: 2000/2000, min: -2.009e+08, max: -6.444e+05, mean: -1.683e+07
[Stage B] Post-custom-init validation (attempt 0), batch 2, finite: 2000/2000, min: -1.968e+08, max: -6.618e+05, mean: -1.497e+07
[Stage B] Prediction scale check (attempt 0): pred_median=6.884e+06, true_median=9.826e-02, ratio=7.006e+07
[Stage B] Warning: init scale_ratio extreme; rejecting candidate.
[Stage B]    Candidate (cbrt_ratpoly_1d[19]) rejected at init (non-finite loss); trying next.
[Stage B]  Precheck reject (duplicate-signature) rule=univariate_nn cand=cbrt_ratpoly_1d[20] target=nn#leaf1 vars=(1, 2) sig=(960898949, 1, 1, -1, 5, 1, 1, 1, 1, 1) attempted=37
[Stage B]  Precheck reject (duplicate-signature) rule=univariate_nn cand=cbrt_ratpoly_1d[21] target=nn#leaf1 vars=(1, 2) sig=(960898949, 2, 1, 1, -1, 4, 1, 1, 1, 1) attempted=37
[Stage B]  Precheck reject (duplicate-signature) rule=univariate_nn cand=cbrt_ratpoly_1d[22] target=nn#leaf1 vars=(1, 2) sig=(960898949, 2, 1, 1, -1, 5, 1, 1, 1, 1, 1) attempted=37
[Stage B]  Trying 1D ratpoly deg=(4,1)->(0,1) nnz=(1,2) (scale*P_red(x)/Q(x)) rewrite on NN leaf vars (1, 2)
[Stage B custom_init ratpoly_1d] Init on vars (1, 2): deg=(4,1)->(0,1), nnz=(1,2), rel_rms≈1.59e-05
[Stage B] Post-custom-init validation (attempt 0), batch 0, finite: 2000/2000, min: 2.803e+04, max: 8.497e+06, mean: 7.023e+05
[Stage B] Post-custom-init validation (attempt 0), batch 1, finite: 2000/2000, min: 2.843e+04, max: 8.885e+06, mean: 7.459e+05
[Stage B] Post-custom-init validation (attempt 0), batch 2, finite: 2000/2000, min: 2.900e+04, max: 8.757e+06, mean: 6.570e+05
[Stage B] Prediction scale check (attempt 0): pred_median=3.031e+05, true_median=9.826e-02, ratio=3.085e+06
[Stage B] Warning: init scale_ratio extreme; rejecting candidate.
[Stage B]    Candidate (ratpoly_1d) rejected at init (non-finite loss); trying next.
[Stage B]  Precheck reject (duplicate-signature) rule=univariate_nn cand=ratpoly_1d[1] target=nn#leaf1 vars=(1, 2) sig=(960898949, 1, 1, -1, 3, 1, 1, 1) attempted=38
[Stage B]  Precheck reject (duplicate-signature) rule=univariate_nn cand=ratpoly_1d[2] target=nn#leaf1 vars=(1, 2) sig=(960898949, 2, 1, 1, -1, 2, 1, 1) attempted=38
[Stage B]  Precheck reject (duplicate-signature) rule=univariate_nn cand=ratpoly_1d[3] target=nn#leaf1 vars=(1, 2) sig=(960898949, 1, 1, -1, 4, 1, 1, 1, 1) attempted=38
[Stage B]  Precheck reject (duplicate-signature) rule=univariate_nn cand=ratpoly_1d[4] target=nn#leaf1 vars=(1, 2) sig=(960898949, 2, 1, 1, -1, 3, 1, 1, 1) attempted=38
[Stage B]  Precheck reject (duplicate-signature) rule=univariate_nn cand=ratpoly_1d[5] target=nn#leaf1 vars=(1, 2) sig=(960898949, 3, 1, 1, 1, -1, 2, 1, 1) attempted=38
[Stage B]  Precheck reject (duplicate-signature) rule=univariate_nn cand=ratpoly_1d[6] target=nn#leaf1 vars=(1, 2) sig=(960898949, 4, 0, 1, 1, 1, -1, 2, 1, 1) attempted=38
[Stage B]  Precheck reject (duplicate-signature) rule=univariate_nn cand=ratpoly_1d[7] target=nn#leaf1 vars=(1, 2) sig=(960898949, 1, 1, -1, 5, 1, 1, 1, 1, 1) attempted=38
[Stage B]  Precheck reject (duplicate-signature) rule=univariate_nn cand=ratpoly_1d[8] target=nn#leaf1 vars=(1, 2) sig=(960898949, 2, 1, 1, -1, 4, 1, 1, 1, 1) attempted=38
[Stage B]  Trying 1D ratpoly deg=(3,1)->(3,1) nnz=(4,2) (scale*P_red(x)/Q(x)) rewrite on NN leaf vars (1, 2)
[Stage B custom_init ratpoly_1d] Init on vars (1, 2): deg=(3,1)->(3,1), nnz=(4,2), rel_rms≈2.53e-06
[Stage B] Post-custom-init validation (attempt 0), batch 0, finite: 2000/2000, min: 2.803e+04, max: 8.497e+06, mean: 7.023e+05
[Stage B] Post-custom-init validation (attempt 0), batch 1, finite: 2000/2000, min: 2.843e+04, max: 8.885e+06, mean: 7.459e+05
[Stage B] Post-custom-init validation (attempt 0), batch 2, finite: 2000/2000, min: 2.900e+04, max: 8.757e+06, mean: 6.570e+05
[Stage B] Prediction scale check (attempt 0): pred_median=3.031e+05, true_median=9.826e-02, ratio=3.085e+06
[Stage B] Warning: init scale_ratio extreme; rejecting candidate.
[Stage B]    Candidate (ratpoly_1d[9]) rejected at init (non-finite loss); trying next.
[Stage B]  Precheck reject (duplicate-signature) rule=univariate_nn cand=ratpoly_1d[10] target=nn#leaf1 vars=(1, 2) sig=(960898949, 3, 1, 1, 1, -1, 5, 1, 1, 1, 1, 1) attempted=39
[Stage B]  Precheck reject (duplicate-signature) rule=univariate_nn cand=ratpoly_1d[11] target=nn#leaf1 vars=(1, 2) sig=(960898949, 4, 1, 1, 1, 1, -1, 5, 1, 1, 1, 1, 1) attempted=39
[Stage B]  Precheck reject (duplicate-signature) rule=univariate_nn cand=ratpoly_1d[12] target=nn#leaf1 vars=(1, 2) sig=(960898949, 5, 1, 1, 1, 1, 1, -1, 4, 1, 1, 1, 1) attempted=39
[Stage B]  Precheck reject (duplicate-signature) rule=univariate_nn cand=ratpoly_1d[13] target=nn#leaf1 vars=(1, 2) sig=(960898949, 5, 1, 1, 1, 1, 1, -1, 5, 1, 1, 1, 1, 1) attempted=39
[Stage B]  Trying exp-poly rewrite on NN leaf vars (1, 2), degree=2
[Stage B] Initialising ExpPolyLeaf for vars (1, 2), tag=leaf1
[info] dataloader for provider ASTCompositeAdaptor yields 3 batches (equivalent to a single batch up to floating-point roundoff; minor Python-loop overhead per batch).
Stopping at epoch 201/2000, lm_opt.state['halt']=True, loss=1.2758e-07, loss_val=2.1174e-07
[Stage B]    Candidate (exp): params=387, val-loss=2.1169e-07
[Stage B]    Reject (exp): simpler-over-budget(thr=9.247e-11) | loss 7.528e-13->2.117e-07 (Δ+2.12e-07) | params 768->387 | cx (0, 0, 0)->(0, 0, 0)
[Stage B]  Trying exp-poly rewrite on NN leaf vars (1, 2), degree=2 [coord=1/z]
[Stage B] Initialising ExpPolyLeaf for vars (1, 2), tag=leaf1
[info] dataloader for provider ASTCompositeAdaptor yields 3 batches (equivalent to a single batch up to floating-point roundoff; minor Python-loop overhead per batch).
Stopping at epoch 201/2000, lm_opt.state['halt']=True, loss=4.9212e-09, loss_val=8.6987e-09
[Stage B]    Candidate (exp[z_inv]): params=387, val-loss=8.6987e-09
[Stage B]    Reject (exp[z_inv]): simpler-over-budget(thr=9.247e-11) | loss 7.528e-13->8.699e-09 (Δ+8.70e-09) | params 768->387 | cx (0, 0, 0)->(0, 0, 0)
[Stage B]  Trying exp-ratpoly rewrite on NN leaf vars (1, 2), degs=2/2
[Stage B] Initialising ExpRationalPolyLeaf for vars (1, 2), tag=leaf1
[info] dataloader for provider ASTCompositeAdaptor yields 3 batches (equivalent to a single batch up to floating-point roundoff; minor Python-loop overhead per batch).
[LM][bucket] solving P=390 (trivially separable union)
Stopping at epoch 301/2000, lm_opt.state['halt']=True, loss=5.1809e-11, loss_val=3.7137e-11
[Stage B]    Candidate (exp_rat): params=390, val-loss=3.7137e-11
[Stage B]    Reject (exp_rat): loss-below-floor-too-much-regression(ratio=4.933e+01, cap=7.528e-12) | loss 7.528e-13->3.714e-11 (Δ+3.64e-11) | params 768->390 | cx (0, 0, 0)->(0, 0, 0)
[Stage B]  Trying tanh rewrite on NN leaf vars (1, 2)
[Stage B] Initialising TanhLinearLeaf for vars (1, 2), tag=leaf1
[info] dataloader for provider ASTCompositeAdaptor yields 3 batches (equivalent to a single batch up to floating-point roundoff; minor Python-loop overhead per batch).
[LM][bucket] solving P=387 (trivially separable union)
[Stage B]    Candidate (tanh): params=387, val-loss=1.1829e-04
[Stage B]    Reject (tanh): simpler-over-budget(thr=9.247e-11) | loss 7.528e-13->1.183e-04 (Δ+1.18e-04) | params 768->387 | cx (0, 0, 0)->(0, 0, 0)
[Stage B]  Trying tanh rewrite on NN leaf vars (1, 2) [coord=1/z]
[Stage B] Initialising TanhLinearLeaf for vars (1, 2), tag=leaf1
[info] dataloader for provider ASTCompositeAdaptor yields 3 batches (equivalent to a single batch up to floating-point roundoff; minor Python-loop overhead per batch).
Validation patience exceeded at epoch 601/2000, nval_worse=500
[Stage B]    Candidate (tanh[z_inv]): params=387, val-loss=1.1827e-04
[Stage B]    Reject (tanh[z_inv]): simpler-over-budget(thr=9.247e-11) | loss 7.528e-13->1.183e-04 (Δ+1.18e-04) | params 768->387 | cx (0, 0, 0)->(0, 0, 0)
[Stage B]  Trying trig on NN vars (1, 2), omega≈25.209, amp≈1.857
[Stage B] Initialising SinLinearLeaf for vars (1, 2), tag=leaf1
[Stage B] Post-custom-init validation (attempt 0), batch 0, finite: 2000/2000, min: -3.218e+04, max: 2.507e+04, mean: 1.088e+02
[Stage B] Post-custom-init validation (attempt 0), batch 1, finite: 2000/2000, min: -3.578e+04, max: 3.171e+04, mean: 1.748e+02
[Stage B] Post-custom-init validation (attempt 0), batch 2, finite: 2000/2000, min: -2.882e+04, max: 2.164e+04, mean: -3.389e+02
[Stage B] Prediction scale check (attempt 0): pred_median=6.744e+02, true_median=9.826e-02, ratio=6.864e+03
[Stage B] Warning: init scale_ratio extreme; rejecting candidate.
[Stage B]    Candidate (trig) rejected at init (non-finite loss); trying next.
[Stage B]  Trying trig on NN vars (1, 2), omega≈25.966, amp≈1.844 [coord=1/z]
[Stage B] Initialising SinLinearLeaf for vars (1, 2), tag=leaf1
[Stage B] Post-custom-init validation (attempt 0), batch 0, finite: 2000/2000, min: -3.289e+04, max: 2.927e+04, mean: 8.064e+01
[Stage B] Post-custom-init validation (attempt 0), batch 1, finite: 2000/2000, min: -3.200e+04, max: 3.586e+04, mean: -1.002e+02
[Stage B] Post-custom-init validation (attempt 0), batch 2, finite: 2000/2000, min: -2.598e+04, max: 2.087e+04, mean: -5.121e+02
[Stage B] Prediction scale check (attempt 0): pred_median=6.647e+02, true_median=9.826e-02, ratio=6.765e+03
[Stage B] Warning: init scale_ratio extreme; rejecting candidate.
[Stage B]    Candidate (trig[z_inv]) rejected at init (non-finite loss); trying next.
[Stage B]  Trying trig on NN vars (1, 2), omega≈4.000, amp≈1.844 [coord=1/z]
[Stage B] Initialising SinLinearLeaf for vars (1, 2), tag=leaf1
[Stage B] Post-custom-init validation (attempt 0), batch 0, finite: 2000/2000, min: 2.364e+01, max: 3.115e+04, mean: 1.699e+03
[Stage B] Post-custom-init validation (attempt 0), batch 1, finite: 2000/2000, min: 2.941e+01, max: 3.280e+04, mean: 1.839e+03
[Stage B] Post-custom-init validation (attempt 0), batch 2, finite: 2000/2000, min: -1.347e+04, max: 2.962e+04, mean: -5.951e+02
[Stage B] Prediction scale check (attempt 0): pred_median=4.976e+02, true_median=9.826e-02, ratio=5.065e+03
[Stage B] Warning: init scale_ratio extreme; rejecting candidate.
[Stage B]    Candidate (trig[z_inv]) rejected at init (non-finite loss); trying next.
[Stage B]  Trying trig on NN vars (1, 2), omega≈1.000, amp≈1.844 [coord=1/z]
[Stage B] Initialising SinLinearLeaf for vars (1, 2), tag=leaf1
[Stage B] Post-custom-init validation (attempt 0), batch 0, finite: 2000/2000, min: -1.970e+04, max: -4.918e+01, mean: -1.369e+03
[Stage B] Post-custom-init validation (attempt 0), batch 1, finite: 2000/2000, min: -2.076e+04, max: -4.652e+01, mean: -1.464e+03
[Stage B] Post-custom-init validation (attempt 0), batch 2, finite: 2000/2000, min: -1.944e+04, max: -2.153e+01, mean: -7.371e+02
[Stage B] Prediction scale check (attempt 0): pred_median=4.714e+02, true_median=9.826e-02, ratio=4.797e+03
[Stage B] Warning: init scale_ratio extreme; rejecting candidate.
[Stage B]    Candidate (trig[z_inv]) rejected at init (non-finite loss); trying next.
[Stage B]  Trying trig on NN vars (1, 2), omega≈12.983, amp≈1.844 [coord=1/z]
[Stage B] Initialising SinLinearLeaf for vars (1, 2), tag=leaf1
[Stage B] Post-custom-init validation (attempt 0), batch 0, finite: 2000/2000, min: -3.369e+04, max: 5.357e+03, mean: -1.687e+03
[Stage B] Post-custom-init validation (attempt 0), batch 1, finite: 2000/2000, min: -3.248e+04, max: 8.532e+03, mean: -1.875e+03
[Stage B] Post-custom-init validation (attempt 0), batch 2, finite: 2000/2000, min: -3.061e+04, max: 2.713e+04, mean: 1.830e+03
[Stage B] Prediction scale check (attempt 0): pred_median=7.232e+02, true_median=9.826e-02, ratio=7.360e+03
[Stage B] Warning: init scale_ratio extreme; rejecting candidate.
[Stage B]    Candidate (trig[z_inv]) rejected at init (non-finite loss); trying next.
[Stage B]  Trying trig on NN vars (1, 2), omega≈51.933, amp≈1.844 [coord=1/z]
[Stage B] Initialising SinLinearLeaf for vars (1, 2), tag=leaf1
[Stage B] Post-custom-init validation (attempt 0), batch 0, finite: 2000/2000, min: -2.886e+04, max: 2.278e+04, mean: 7.533e+01
[Stage B] Post-custom-init validation (attempt 0), batch 1, finite: 2000/2000, min: -3.341e+04, max: 3.701e+04, mean: 1.007e+02
[Stage B] Post-custom-init validation (attempt 0), batch 2, finite: 2000/2000, min: -2.601e+04, max: 2.983e+04, mean: 4.304e+02
[Stage B] Prediction scale check (attempt 0): pred_median=6.905e+02, true_median=9.826e-02, ratio=7.028e+03
[Stage B] Warning: init scale_ratio extreme; rejecting candidate.
[Stage B]    Candidate (trig[z_inv]) rejected at init (non-finite loss); trying next.
[Stage B]  Trying trig on NN vars (1, 2), omega≈4.000, amp≈1.857
[Stage B] Initialising SinLinearLeaf for vars (1, 2), tag=leaf1
[Stage B] Post-custom-init validation (attempt 0), batch 0, finite: 2000/2000, min: -2.896e+04, max: -2.093e+01, mean: -1.744e+03
[Stage B] Post-custom-init validation (attempt 0), batch 1, finite: 2000/2000, min: -3.085e+04, max: -1.921e+01, mean: -1.823e+03
[Stage B] Post-custom-init validation (attempt 0), batch 2, finite: 2000/2000, min: -2.787e+04, max: -3.216e+01, mean: -2.666e+03
[Stage B] Prediction scale check (attempt 0): pred_median=8.760e+02, true_median=9.826e-02, ratio=8.915e+03
[Stage B] Warning: init scale_ratio extreme; rejecting candidate.
[Stage B]    Candidate (trig) rejected at init (non-finite loss); trying next.
[Stage B]  Trying trig on NN vars (1, 2), omega≈1.000, amp≈1.857
[Stage B] Initialising SinLinearLeaf for vars (1, 2), tag=leaf1
[Stage B] Post-custom-init validation (attempt 0), batch 0, finite: 2000/2000, min: 5.633e+01, max: 2.098e+04, mean: 1.553e+03
[Stage B] Post-custom-init validation (attempt 0), batch 1, finite: 2000/2000, min: 5.581e+01, max: 2.190e+04, mean: 1.641e+03
[Stage B] Post-custom-init validation (attempt 0), batch 2, finite: 2000/2000, min: 7.604e+01, max: 1.902e+04, mean: 1.870e+03
[Stage B] Prediction scale check (attempt 0): pred_median=7.394e+02, true_median=9.826e-02, ratio=7.525e+03
[Stage B] Warning: init scale_ratio extreme; rejecting candidate.
[Stage B]    Candidate (trig) rejected at init (non-finite loss); trying next.
[Stage B]  Trying trig on NN vars (1, 2), omega≈12.605, amp≈1.857
[Stage B] Initialising SinLinearLeaf for vars (1, 2), tag=leaf1
[Stage B] Post-custom-init validation (attempt 0), batch 0, finite: 2000/2000, min: -1.063e+04, max: 2.757e+04, mean: 1.858e+03
[Stage B] Post-custom-init validation (attempt 0), batch 1, finite: 2000/2000, min: -1.015e+04, max: 3.588e+04, mean: 1.990e+03
[Stage B] Post-custom-init validation (attempt 0), batch 2, finite: 2000/2000, min: -2.338e+04, max: 1.407e+04, mean: -1.369e+03
[Stage B] Prediction scale check (attempt 0): pred_median=7.009e+02, true_median=9.826e-02, ratio=7.133e+03
[Stage B] Warning: init scale_ratio extreme; rejecting candidate.
[Stage B]    Candidate (trig) rejected at init (non-finite loss); trying next.
[Stage B]  Trying trig on NN vars (1, 2), omega≈50.419, amp≈1.857
[Stage B] Initialising SinLinearLeaf for vars (1, 2), tag=leaf1
[Stage B] Post-custom-init validation (attempt 0), batch 0, finite: 2000/2000, min: -3.370e+04, max: 2.527e+04, mean: -1.928e+02
[Stage B] Post-custom-init validation (attempt 0), batch 1, finite: 2000/2000, min: -3.346e+04, max: 3.434e+04, mean: -4.348e+01
[Stage B] Post-custom-init validation (attempt 0), batch 2, finite: 2000/2000, min: -2.549e+04, max: 2.878e+04, mean: 3.257e+01
[Stage B] Prediction scale check (attempt 0): pred_median=6.737e+02, true_median=9.826e-02, ratio=6.857e+03
[Stage B] Warning: init scale_ratio extreme; rejecting candidate.
[Stage B]    Candidate (trig) rejected at init (non-finite loss); trying next.
[Stage B]  Trying sinc_p2 on compound nn vars=(1, 2) (poly: 1D degree=1, seed: k0*z)
[Stage B] Post-custom-init validation (attempt 0), batch 0, finite: 2000/2000, min: 2.811e+04, max: 8.537e+06, mean: 7.021e+05
[Stage B] Post-custom-init validation (attempt 0), batch 1, finite: 2000/2000, min: 2.859e+04, max: 8.906e+06, mean: 7.456e+05
[Stage B] Post-custom-init validation (attempt 0), batch 2, finite: 2000/2000, min: 2.941e+04, max: 8.707e+06, mean: 6.650e+05
[Stage B] Prediction scale check (attempt 0): pred_median=3.053e+05, true_median=9.826e-02, ratio=3.107e+06
[Stage B] Warning: init scale_ratio extreme; rejecting candidate.
[Stage B]    Candidate (sinc_p2) rejected at init (non-finite loss); trying next.
[Stage B]  Precheck reject (duplicate-signature) rule=univariate_nn cand=sinc_p2[z_inv] target=nn#leaf1 vars=(1, 2) sig=(2, 2, 1, -1, -1, 0) attempted=40
[Stage B]  Trying affine trig (c + A*sin) on NN leaf vars (1, 2), omega≈25.209, amp≈1.857, offset≈-443.353
[Stage B] Initialising SinLinearLeaf for vars (1, 2), tag=leaf1
[Stage B] Post-custom-init validation (attempt 0), batch 0, finite: 2000/2000, min: 2.820e+04, max: 8.540e+06, mean: 7.028e+05
[Stage B] Post-custom-init validation (attempt 0), batch 1, finite: 2000/2000, min: 2.854e+04, max: 8.939e+06, mean: 7.464e+05
[Stage B] Post-custom-init validation (attempt 0), batch 2, finite: 2000/2000, min: 2.928e+04, max: 8.701e+06, mean: 6.633e+05
[Stage B] Prediction scale check (attempt 0): pred_median=3.049e+05, true_median=9.826e-02, ratio=3.103e+06
[Stage B] Warning: init scale_ratio extreme; rejecting candidate.
[Stage B]    Candidate (affine_trig) rejected at init (non-finite loss); trying next.
[Stage B]  Trying affine trig (c + A*sin) on NN leaf vars (1, 2), omega≈25.966, amp≈1.844, offset≈-443.117 [coord=1/z]
[Stage B] Initialising SinLinearLeaf for vars (1, 2), tag=leaf1
[Stage B] Post-custom-init validation (attempt 0), batch 0, finite: 2000/2000, min: 2.813e+04, max: 8.558e+06, mean: 7.024e+05
[Stage B] Post-custom-init validation (attempt 0), batch 1, finite: 2000/2000, min: 2.867e+04, max: 8.903e+06, mean: 7.457e+05
[Stage B] Post-custom-init validation (attempt 0), batch 2, finite: 2000/2000, min: 2.928e+04, max: 8.709e+06, mean: 6.628e+05
[Stage B] Prediction scale check (attempt 0): pred_median=3.046e+05, true_median=9.826e-02, ratio=3.100e+06
[Stage B] Warning: init scale_ratio extreme; rejecting candidate.
[Stage B]    Candidate (affine_trig[z_inv]) rejected at init (non-finite loss); trying next.
[Stage B]  Leaf-transform 'square' poly(deg=3): rms≈0.000
[Stage B] Post-custom-init validation (attempt 0), batch 0, finite: 2000/2000, min: 2.803e+04, max: 8.497e+06, mean: 7.023e+05
[Stage B] Post-custom-init validation (attempt 0), batch 1, finite: 2000/2000, min: 2.843e+04, max: 8.885e+06, mean: 7.459e+05
[Stage B] Post-custom-init validation (attempt 0), batch 2, finite: 2000/2000, min: 2.900e+04, max: 8.757e+06, mean: 6.570e+05
[Stage B] Prediction scale check (attempt 0): pred_median=3.031e+05, true_median=9.826e-02, ratio=3.085e+06
[Stage B] Warning: init scale_ratio extreme; rejecting candidate.
[Stage B]    Candidate (leaftr_square_poly3) rejected at init (non-finite loss); trying next.
[Stage B]  Leaf-transform 'square' poly(deg=3): rms≈0.000 [coord=1/z]
[Stage B] Post-custom-init validation (attempt 0), batch 0, finite: 2000/2000, min: 2.803e+04, max: 8.497e+06, mean: 7.023e+05
[Stage B] Post-custom-init validation (attempt 0), batch 1, finite: 2000/2000, min: 2.843e+04, max: 8.885e+06, mean: 7.459e+05
[Stage B] Post-custom-init validation (attempt 0), batch 2, finite: 2000/2000, min: 2.900e+04, max: 8.758e+06, mean: 6.570e+05
[Stage B] Prediction scale check (attempt 0): pred_median=3.031e+05, true_median=9.826e-02, ratio=3.085e+06
[Stage B] Warning: init scale_ratio extreme; rejecting candidate.
[Stage B]    Candidate (leaftr_square_poly3[z_inv]) rejected at init (non-finite loss); trying next.
[Stage B]  Leaf-transform 'recip' poly(deg=3): rms≈0.000
[Stage B] Post-custom-init validation (attempt 0), batch 0, finite: 2000/2000, min: 2.803e+04, max: 8.497e+06, mean: 7.023e+05
[Stage B] Post-custom-init validation (attempt 0), batch 1, finite: 2000/2000, min: 2.843e+04, max: 8.885e+06, mean: 7.459e+05
[Stage B] Post-custom-init validation (attempt 0), batch 2, finite: 2000/2000, min: 2.900e+04, max: 8.757e+06, mean: 6.570e+05
[Stage B] Prediction scale check (attempt 0): pred_median=3.031e+05, true_median=9.826e-02, ratio=3.085e+06
[Stage B] Warning: init scale_ratio extreme; rejecting candidate.
[Stage B]    Candidate (leaftr_recip_poly3) rejected at init (non-finite loss); trying next.
[Stage B]  Leaf-transform 'recip' poly(deg=3): rms≈0.000 [coord=1/z]
[Stage B] Post-custom-init validation (attempt 0), batch 0, finite: 2000/2000, min: 2.803e+04, max: 8.497e+06, mean: 7.023e+05
[Stage B] Post-custom-init validation (attempt 0), batch 1, finite: 2000/2000, min: 2.843e+04, max: 8.885e+06, mean: 7.459e+05
[Stage B] Post-custom-init validation (attempt 0), batch 2, finite: 2000/2000, min: 2.900e+04, max: 8.758e+06, mean: 6.570e+05
[Stage B] Prediction scale check (attempt 0): pred_median=3.031e+05, true_median=9.826e-02, ratio=3.085e+06
[Stage B] Warning: init scale_ratio extreme; rejecting candidate.
[Stage B]    Candidate (leaftr_recip_poly3[z_inv]) rejected at init (non-finite loss); trying next.
[Stage B]  Leaf-transform 'recip' trig: rms≈0.000, omega≈1.000, amp≈0.000, offset≈-0.002
[Stage B] Initialising SinLinearLeaf for vars (1, 2), tag=leaf1
[Stage B] Post-custom-init validation (attempt 0), batch 0, finite: 2000/2000, min: 2.803e+04, max: 8.497e+06, mean: 7.023e+05
[Stage B] Post-custom-init validation (attempt 0), batch 1, finite: 2000/2000, min: 2.843e+04, max: 8.885e+06, mean: 7.459e+05
[Stage B] Post-custom-init validation (attempt 0), batch 2, finite: 2000/2000, min: 2.900e+04, max: 8.758e+06, mean: 6.570e+05
[Stage B] Prediction scale check (attempt 0): pred_median=3.031e+05, true_median=9.826e-02, ratio=3.085e+06
[Stage B] Warning: init scale_ratio extreme; rejecting candidate.
[Stage B]    Candidate (leaftr_recip_affine_trig) rejected at init (non-finite loss); trying next.
[Stage B]  Leaf-transform 'recip' trig: rms≈0.000, omega≈1.000, amp≈0.000, offset≈-0.002 [coord=1/z]
[Stage B] Initialising SinLinearLeaf for vars (1, 2), tag=leaf1
[Stage B] Post-custom-init validation (attempt 0), batch 0, finite: 2000/2000, min: 2.803e+04, max: 8.497e+06, mean: 7.023e+05
[Stage B] Post-custom-init validation (attempt 0), batch 1, finite: 2000/2000, min: 2.842e+04, max: 8.885e+06, mean: 7.459e+05
[Stage B] Post-custom-init validation (attempt 0), batch 2, finite: 2000/2000, min: 2.900e+04, max: 8.758e+06, mean: 6.569e+05
[Stage B] Prediction scale check (attempt 0): pred_median=3.031e+05, true_median=9.826e-02, ratio=3.085e+06
[Stage B] Warning: init scale_ratio extreme; rejecting candidate.
[Stage B]    Candidate (leaftr_recip_affine_trig[z_inv]) rejected at init (non-finite loss); trying next.
[Stage B]  Trying 1D symexp_denom_1d_recip rewrite (scale/(exp(r)+exp(-r))) on NN leaf vars (1, 2) [coord=1/z]
[Stage B custom_init symexp_denom_1d_recip] compound vars=(1, 2), scale≈-937, r±(z)≈-2.41*z
[Stage B] Post-custom-init validation (attempt 0), batch 0, finite: 2000/2000, min: 4.688e+03, max: 2.094e+06, mean: 1.356e+05
[Stage B] Post-custom-init validation (attempt 0), batch 1, finite: 2000/2000, min: 4.425e+03, max: 2.204e+06, mean: 1.450e+05
[Stage B] Post-custom-init validation (attempt 0), batch 2, finite: 2000/2000, min: 2.772e+03, max: 1.990e+06, mean: 7.645e+04
[Stage B] Prediction scale check (attempt 0): pred_median=4.746e+04, true_median=9.826e-02, ratio=4.830e+05
[Stage B] Warning: init scale_ratio extreme; rejecting candidate.
[Stage B]    Candidate (symexp_denom_1d_recip[z_inv]) rejected at init (non-finite loss); trying next.
[Stage B]  one_minus_cos_over_z2 skip NN vars (1,): phase is not dimensionless for z=x1, dim=(Fraction(0, 1), Fraction(-1, 1), Fraction(0, 1))
[Stage B] ratpoly_1d degree probe: no valid pairs, falling back to unconstrained grid, vars=(1,)
[Stage B] ratpoly_1d rejected: best rel_rms=0.0017 > 0.001, deg=(4,2), vars=(1,)
[Stage B] ratpoly_1d degree probe: no valid pairs, falling back to unconstrained grid, vars=(1,)
[Stage B] ratpoly_1d probe: 1 sub-threshold trial(s) for vars=(1,): deg=(2,4)->(2,4) nnz=(2,4) rms=0.0006
[Stage B] ratpoly_1d degree probe: 7 valid pair(s), min_deg=(0,2), vars=(1,)
[Stage B] ratpoly_1d rejected: best rel_rms=0.9654 > 0.001, deg=(1,3), vars=(1,)
[Stage B] ratpoly_1d degree probe: 7 valid pair(s), min_deg=(2,0), vars=(1,)
[Stage B] ratpoly_1d rejected: best rel_rms=1.3041 > 0.001, deg=(2,0), vars=(1,)
[Stage B]  one_minus_cos_over_z2 skip NN vars (1,): phase is not dimensionless for z=(x1)**-1, dim=(Fraction(0, 1), Fraction(1, 1), Fraction(0, 1))
[Stage B] ratpoly_1d degree probe: no valid pairs, falling back to unconstrained grid, vars=(1,)
[Stage B] ratpoly_1d rejected: best rel_rms=0.0296 > 0.001, deg=(2,4), vars=(1,)
[Stage B] ratpoly_1d degree probe: no valid pairs, falling back to unconstrained grid, vars=(1,)
[Stage B] ratpoly_1d probe: 1 sub-threshold trial(s) for vars=(1,): deg=(4,4)->(4,4) nnz=(5,5) rms=0.0009
[Stage B] ratpoly_1d degree probe: 7 valid pair(s), min_deg=(2,0), vars=(1,)
[Stage B] ratpoly_1d rejected: best rel_rms=1.0687 > 0.001, deg=(4,2), vars=(1,)
[Stage B] ratpoly_1d degree probe: 7 valid pair(s), min_deg=(0,2), vars=(1,)
[Stage B] ratpoly_1d rejected: best rel_rms=43.0338 > 0.001, deg=(6,8), vars=(1,)
[Stage B] RuleUniNN proposing 14 candidates for NN vars=(1,): ['monomial_deg1', 'monomial_deg2', 'monomial_deg3', 'cf_sharedpref_resid', 'cf_sharedpref_resid', 'cf_sharedpref_resid', 'cf_combo', 'cf_combo', 'cf_combo', 'cf_combo', 'cf_combo', 'cf_combo', 'cf_combo', 'sqrt_ratpoly_1d']
[Stage B]  Skipping reciprocal-coordinate alias sqrt_ratpoly_1d: closed-under-reciprocal:sqrt_ratpoly_1d
[Stage B] RuleUniNN proposing 14 candidates for NN vars=(1,): ['sqrt_ratpoly_1d', 'monomial_deg1[z_inv]', 'monomial_deg2[z_inv]', 'monomial_deg3[z_inv]', 'cf_sharedpref_resid[z_inv]', 'cf_sharedpref_resid[z_inv]', 'cf_sharedpref_resid[z_inv]', 'cf_combo[z_inv]', 'cf_combo[z_inv]', 'cf_combo[z_inv]', 'cf_combo[z_inv]', 'cf_combo[z_inv]', 'cf_combo[z_inv]', 'cf_combo[z_inv]']
[Stage B]  Greedy order (14 cands): sqrt_ratpoly_1d(1005p), monomial_deg1[z_inv](1000p), monomial_deg2[z_inv](1000p), monomial_deg3[z_inv](1000p), cf_sharedpref_resid[z_inv](1002p), cf_sharedpref_resid[z_inv](1002p), cf_sharedpref_resid[z_inv](1002p), cf_combo[z_inv](1002p), cf_combo[z_inv](1001p), cf_combo[z_inv](1002p), cf_combo[z_inv](1001p), cf_combo[z_inv](1002p), cf_combo[z_inv](1001p), cf_combo[z_inv](1002p)
[Stage B]  Trying 1D sqrt-ratpoly (inv_sqrt) deg=(2,4)->(2,4) nnz=(2,4) on NN leaf vars (1,)
[Stage B custom_init ratpoly_1d] Init on vars (1,): deg=(2,4)->(2,4), nnz=(2,4), rel_rms≈5.92e-04
[Stage B] Post-custom-init validation (attempt 0), batch 0, finite: 2000/2000, min: -8.497e+06, max: -2.803e+04, mean: -7.023e+05
[Stage B] Post-custom-init validation (attempt 0), batch 1, finite: 2000/2000, min: -8.885e+06, max: -2.843e+04, mean: -7.460e+05
[Stage B] Post-custom-init validation (attempt 0), batch 2, finite: 2000/2000, min: -8.758e+06, max: -2.900e+04, mean: -6.570e+05
[Stage B] Prediction scale check (attempt 0): pred_median=3.031e+05, true_median=9.826e-02, ratio=3.085e+06
[Stage B] Warning: init scale_ratio extreme; rejecting candidate.
[Stage B]    Candidate (sqrt_ratpoly_1d) rejected at init (non-finite loss); trying next.
[Stage B]  Precheck reject (units: nn-output-unreachable leaf1 inputs=((x1 * (x2)**-1)) target=T^-1/3 basis=['dimless-only']) rule=univariate_nn cand=monomial_deg1[z_inv] target=nn#leaf2 vars=(1,) attempted=41
[Stage B]  Precheck reject (units: nn-output-unreachable leaf1 inputs=((x1 * (x2)**-1)) target=T^-4/3 basis=['dimless-only']) rule=univariate_nn cand=monomial_deg2[z_inv] target=nn#leaf2 vars=(1,) attempted=41
[Stage B]  Precheck reject (units: nn-output-unreachable leaf1 inputs=((x1 * (x2)**-1)) target=T^-7/3 basis=['dimless-only']) rule=univariate_nn cand=monomial_deg3[z_inv] target=nn#leaf2 vars=(1,) attempted=41
[Stage B]  Precheck reject (units: units-inconsistent (T)) rule=univariate_nn cand=cf_sharedpref_resid[z_inv] target=nn#leaf2 vars=(1,) attempted=41
[Stage B]  Precheck reject (units: units-inconsistent (T)) rule=univariate_nn cand=cf_sharedpref_resid[z_inv] target=nn#leaf2 vars=(1,) attempted=41
[Stage B]  Precheck reject (units: units-inconsistent (T)) rule=univariate_nn cand=cf_sharedpref_resid[z_inv] target=nn#leaf2 vars=(1,) attempted=41
[Stage B]  Precheck reject (units: units-inconsistent (T)) rule=univariate_nn cand=cf_combo[z_inv] target=nn#leaf2 vars=(1,) attempted=41
[Stage B]  Precheck reject (units: units-inconsistent (T)) rule=univariate_nn cand=cf_combo[z_inv] target=nn#leaf2 vars=(1,) attempted=41
[Stage B]  Precheck reject (units: units-inconsistent (T)) rule=univariate_nn cand=cf_combo[z_inv] target=nn#leaf2 vars=(1,) attempted=41
[Stage B]  Precheck reject (units: units-inconsistent (T)) rule=univariate_nn cand=cf_combo[z_inv] target=nn#leaf2 vars=(1,) attempted=41
[Stage B]  Precheck reject (units: units-inconsistent (T)) rule=univariate_nn cand=cf_combo[z_inv] target=nn#leaf2 vars=(1,) attempted=41
[Stage B]  Precheck reject (units: units-inconsistent (T)) rule=univariate_nn cand=cf_combo[z_inv] target=nn#leaf2 vars=(1,) attempted=41
[Stage B]  Precheck reject (units: units-inconsistent (T)) rule=univariate_nn cand=cf_combo[z_inv] target=nn#leaf2 vars=(1,) attempted=41
[Stage B] Rule log_ratio found 0 targets
[Stage B] Rule power_product found 0 targets
[Stage B] Rule joint_product_monomial_closure found 1 targets
[Stage B]   target order (arity-asc): [vars=?(arity=1)]
[Stage B]  joint_product_monomial_closure target: tags=('leaf1', 'leaf2'), supports=((1, 2), (1,)), compound=(True, False), fit_support=(1, 2)
[Stage B]  joint_product_monomial_closure: no clean integer monomial for 2 NN factor(s), support=(1, 2); reason=integer-snap-failed, n=5000, raw=[1.18, -0.466], snap=[1, 0], snap_err=0.466
[Stage B] Rule overlap_prefactor_peel found 0 targets
[Stage B] Rule overlap_counterterm_peel found 0 targets
[Stage B] Rule common_prefactor found 0 targets
[Stage B] Rule additive_gauge_transfer found 0 targets
[Stage B] Rule multiplicative_homogeneity_transfer found 0 targets
[Stage B] Rule univariate_mono found 2 targets
[Stage B]   target order (arity-asc): [vars=(1, 2)(arity=1), vars=(1,)(arity=1)]
[Stage B]  Greedy order (6 cands): monomial_deg1(999p), monomial_deg1[z_inv](999p), monomial_deg2(999p), monomial_deg2[z_inv](999p), monomial_deg3(999p), monomial_deg3[z_inv](999p)
[Stage B]  Trying 1D monomial (c·x^1) rewrite on NN leaf vars (1, 2)
[Stage B] Initialising RPolyLeaf for vars (1, 2), tag=leaf1
[info] dataloader for provider ASTCompositeAdaptor yields 3 batches (equivalent to a single batch up to floating-point roundoff; minor Python-loop overhead per batch).
[nestynet.optimizer] [95m[LM] Potential K-colinearity issue in rm[0].providers[0] (_Composite, segments=16, outputs=1, seg_width=1): 1080/1080 cross-segment channel pairs exceed |cos|>0.95 (worst seg 6/out 0 ↔ seg 8/out 0 |cos|=1.0000). Grouped segment pairs: 4/120 exceed |cos|>0.95 (worst seg 5 ↔ seg 6 |cos|=0.9837). This can make LM/direct_solve ill-conditioned; consider increasing seg_width, reducing segment count, or using a more diversity-preserving initialization. This model uses low-dimensional K-vectors (Nx*seg_width=1), so channel-level directional crowding can appear before whole segments overlap.[0m
[LM][bucket] solving P=384 (trivially separable union)
Validation patience exceeded at epoch 601/2000, nval_worse=500
[Stage B]    Candidate (monomial_deg1): params=384, val-loss=2.2652e-03
[Stage B]    Reject (monomial_deg1): simpler-over-budget(thr=9.268e-11) | loss 7.528e-13->2.265e-03 (Δ+2.27e-03) | params 768->384 | cx (0, 0, 0)->(0, 0, 0)
[Stage B]  Trying 1D monomial (c·x^1) rewrite on NN leaf vars (1, 2) [coord=1/z]
[Stage B] Initialising RPolyLeaf for vars (1, 2), tag=leaf1
[info] dataloader for provider ASTCompositeAdaptor yields 3 batches (equivalent to a single batch up to floating-point roundoff; minor Python-loop overhead per batch).
[nestynet.optimizer] [95m[LM] Potential K-colinearity issue in rm[0].providers[0] (_Composite, segments=16, outputs=1, seg_width=1): 1080/1080 cross-segment channel pairs exceed |cos|>0.95 (worst seg 6/out 0 ↔ seg 8/out 0 |cos|=1.0000). Grouped segment pairs: 4/120 exceed |cos|>0.95 (worst seg 5 ↔ seg 6 |cos|=0.9837). This can make LM/direct_solve ill-conditioned; consider increasing seg_width, reducing segment count, or using a more diversity-preserving initialization. This model uses low-dimensional K-vectors (Nx*seg_width=1), so channel-level directional crowding can appear before whole segments overlap.[0m
Validation patience exceeded at epoch 601/2000, nval_worse=500
[Stage B]    Candidate (monomial_deg1[z_inv]): params=384, val-loss=5.0317e-04
[Stage B]    Reject (monomial_deg1[z_inv]): simpler-over-budget(thr=9.268e-11) | loss 7.528e-13->5.032e-04 (Δ+5.03e-04) | params 768->384 | cx (0, 0, 0)->(0, 0, 0)
[Stage B]  Trying 1D monomial (c·x^2) rewrite on NN leaf vars (1, 2)
[Stage B] Initialising RPolyLeaf for vars (1, 2), tag=leaf1
[info] dataloader for provider ASTCompositeAdaptor yields 3 batches (equivalent to a single batch up to floating-point roundoff; minor Python-loop overhead per batch).
[nestynet.optimizer] [95m[LM] Potential K-colinearity issue in rm[0].providers[0] (_Composite, segments=16, outputs=1, seg_width=1): 1080/1080 cross-segment channel pairs exceed |cos|>0.95 (worst seg 6/out 0 ↔ seg 8/out 0 |cos|=1.0000). Grouped segment pairs: 4/120 exceed |cos|>0.95 (worst seg 5 ↔ seg 6 |cos|=0.9837). This can make LM/direct_solve ill-conditioned; consider increasing seg_width, reducing segment count, or using a more diversity-preserving initialization. This model uses low-dimensional K-vectors (Nx*seg_width=1), so channel-level directional crowding can appear before whole segments overlap.[0m
Validation patience exceeded at epoch 601/2000, nval_worse=500
[Stage B]    Candidate (monomial_deg2): params=384, val-loss=7.2083e-03
[Stage B]    Reject (monomial_deg2): simpler-over-budget(thr=9.268e-11) | loss 7.528e-13->7.208e-03 (Δ+7.21e-03) | params 768->384 | cx (0, 0, 0)->(0, 0, 0)
[Stage B]  Trying 1D monomial (c·x^2) rewrite on NN leaf vars (1, 2) [coord=1/z]
[Stage B] Initialising RPolyLeaf for vars (1, 2), tag=leaf1
[info] dataloader for provider ASTCompositeAdaptor yields 3 batches (equivalent to a single batch up to floating-point roundoff; minor Python-loop overhead per batch).
[nestynet.optimizer] [95m[LM] Potential K-colinearity issue in rm[0].providers[0] (_Composite, segments=16, outputs=1, seg_width=1): 1080/1080 cross-segment channel pairs exceed |cos|>0.95 (worst seg 6/out 0 ↔ seg 8/out 0 |cos|=1.0000). Grouped segment pairs: 4/120 exceed |cos|>0.95 (worst seg 5 ↔ seg 6 |cos|=0.9837). This can make LM/direct_solve ill-conditioned; consider increasing seg_width, reducing segment count, or using a more diversity-preserving initialization. This model uses low-dimensional K-vectors (Nx*seg_width=1), so channel-level directional crowding can appear before whole segments overlap.[0m
Validation patience exceeded at epoch 1101/2000, nval_worse=500
[Stage B]    Candidate (monomial_deg2[z_inv]): params=384, val-loss=2.4030e-03
[Stage B]    Reject (monomial_deg2[z_inv]): simpler-over-budget(thr=9.268e-11) | loss 7.528e-13->2.403e-03 (Δ+2.40e-03) | params 768->384 | cx (0, 0, 0)->(0, 0, 0)
[Stage B]  Trying 1D monomial (c·x^3) rewrite on NN leaf vars (1, 2)
[Stage B] Initialising RPolyLeaf for vars (1, 2), tag=leaf1
[info] dataloader for provider ASTCompositeAdaptor yields 3 batches (equivalent to a single batch up to floating-point roundoff; minor Python-loop overhead per batch).
[nestynet.optimizer] [95m[LM] Potential K-colinearity issue in rm[0].providers[0] (_Composite, segments=16, outputs=1, seg_width=1): 1080/1080 cross-segment channel pairs exceed |cos|>0.95 (worst seg 6/out 0 ↔ seg 8/out 0 |cos|=1.0000). Grouped segment pairs: 4/120 exceed |cos|>0.95 (worst seg 5 ↔ seg 6 |cos|=0.9837). This can make LM/direct_solve ill-conditioned; consider increasing seg_width, reducing segment count, or using a more diversity-preserving initialization. This model uses low-dimensional K-vectors (Nx*seg_width=1), so channel-level directional crowding can appear before whole segments overlap.[0m
Validation patience exceeded at epoch 1001/2000, nval_worse=500
[Stage B]    Candidate (monomial_deg3): params=384, val-loss=1.4514e-02
[Stage B]    Reject (monomial_deg3): simpler-over-budget(thr=9.268e-11) | loss 7.528e-13->1.451e-02 (Δ+1.45e-02) | params 768->384 | cx (0, 0, 0)->(0, 0, 0)
[Stage B]  Trying 1D monomial (c·x^3) rewrite on NN leaf vars (1, 2) [coord=1/z]
[Stage B] Initialising RPolyLeaf for vars (1, 2), tag=leaf1
[info] dataloader for provider ASTCompositeAdaptor yields 3 batches (equivalent to a single batch up to floating-point roundoff; minor Python-loop overhead per batch).
[nestynet.optimizer] [95m[LM] Potential K-colinearity issue in rm[0].providers[0] (_Composite, segments=16, outputs=1, seg_width=1): 1080/1080 cross-segment channel pairs exceed |cos|>0.95 (worst seg 6/out 0 ↔ seg 8/out 0 |cos|=1.0000). Grouped segment pairs: 4/120 exceed |cos|>0.95 (worst seg 5 ↔ seg 6 |cos|=0.9837). This can make LM/direct_solve ill-conditioned; consider increasing seg_width, reducing segment count, or using a more diversity-preserving initialization. This model uses low-dimensional K-vectors (Nx*seg_width=1), so channel-level directional crowding can appear before whole segments overlap.[0m
Validation patience exceeded at epoch 601/2000, nval_worse=500
[Stage B]    Candidate (monomial_deg3[z_inv]): params=384, val-loss=5.1854e-03
[Stage B]    Reject (monomial_deg3[z_inv]): simpler-over-budget(thr=9.268e-11) | loss 7.528e-13->5.185e-03 (Δ+5.19e-03) | params 768->384 | cx (0, 0, 0)->(0, 0, 0)
[Stage B]  Greedy order (3 cands): monomial_deg1[z_inv](999p), monomial_deg2[z_inv](999p), monomial_deg3[z_inv](999p)
[Stage B]  Precheck reject (units: nn-output-unreachable leaf1 inputs=((x1 * (x2)**-1)) target=T^-1/3 basis=['dimless-only']) rule=univariate_mono cand=monomial_deg1[z_inv] target=nn#leaf2 vars=(1,) attempted=0
[Stage B]  Precheck reject (units: nn-output-unreachable leaf1 inputs=((x1 * (x2)**-1)) target=T^-4/3 basis=['dimless-only']) rule=univariate_mono cand=monomial_deg2[z_inv] target=nn#leaf2 vars=(1,) attempted=0
[Stage B]  Precheck reject (units: nn-output-unreachable leaf1 inputs=((x1 * (x2)**-1)) target=T^-7/3 basis=['dimless-only']) rule=univariate_mono cand=monomial_deg3[z_inv] target=nn#leaf2 vars=(1,) attempted=0
[Stage B] Rule nn_leaf_separability found 0 targets
[Stage B] Rule counterterm_mul_split found 0 targets
[Stage B] Rule counterfactor_add_split found 0 targets
[Stage B] === Phase 1: Searching for separabilities (additive, multiplicative) ===
[Stage B] Rule nonsense_units_zero_prune found 0 targets
[Stage B] Rule monomial_peel_priority found 2 targets
[Stage B]   target order (arity-asc): [vars=(1, 2)(arity=1), vars=(1,)(arity=1)]
[Stage B] monomial_peel_priority shortlist: monomial_deg1@nn#leaf1 vars=(1, 2) (k=0.0499, rel=0.0625); monomial_deg1[z_inv]@nn#leaf1 vars=(1, 2) (k=0.0499, rel=0.0625); monomial_deg2@nn#leaf1 vars=(1, 2) (k=0.0499, rel=0.0625); monomial_deg2[z_inv]@nn#leaf1 vars=(1, 2) (k=0.0499, rel=0.0625); monomial_deg3@nn#leaf1 vars=(1, 2) (k=0.0499, rel=0.0625); monomial_deg3[z_inv]@nn#leaf1 vars=(1, 2) (k=0.0499, rel=0.0625); monomial_deg1[z_inv]@nn#leaf2 vars=(1,) (k=0.711, rel=0.259); monomial_deg2[z_inv]@nn#leaf2 vars=(1,) (k=0.711, rel=0.259)
[Stage B] Rule monomial_peel_priority trying 9 globally ranked candidates
[Stage B]  Greedy order (1 cands): monomial_deg1(999p)
[Stage B]  Skipping monomial_deg1 (previously rejected on same target)
[Stage B]  Greedy order (1 cands): monomial_deg1[z_inv](999p)
[Stage B]  Skipping monomial_deg1[z_inv] (previously rejected on same target)
[Stage B]  Greedy order (1 cands): monomial_deg2(999p)
[Stage B]  Skipping monomial_deg2 (previously rejected on same target)
[Stage B]  Greedy order (1 cands): monomial_deg2[z_inv](999p)
[Stage B]  Skipping monomial_deg2[z_inv] (previously rejected on same target)
[Stage B]  Greedy order (1 cands): monomial_deg3(999p)
[Stage B]  Skipping monomial_deg3 (previously rejected on same target)
[Stage B]  Greedy order (1 cands): monomial_deg3[z_inv](999p)
[Stage B]  Skipping monomial_deg3[z_inv] (previously rejected on same target)
[Stage B]  Greedy order (1 cands): monomial_deg1[z_inv](999p)
[Stage B]  Precheck reject (units: nn-output-unreachable leaf1 inputs=((x1 * (x2)**-1)) target=T^-1/3 basis=['dimless-only']) rule=monomial_peel_priority cand=monomial_deg1[z_inv] target=nn#leaf2 vars=(1,) attempted=0
[Stage B]  Greedy order (1 cands): monomial_deg2[z_inv](999p)
[Stage B]  Precheck reject (units: nn-output-unreachable leaf1 inputs=((x1 * (x2)**-1)) target=T^-4/3 basis=['dimless-only']) rule=monomial_peel_priority cand=monomial_deg2[z_inv] target=nn#leaf2 vars=(1,) attempted=0
[Stage B]  Greedy order (1 cands): monomial_deg3[z_inv](999p)
[Stage B]  Precheck reject (units: nn-output-unreachable leaf1 inputs=((x1 * (x2)**-1)) target=T^-7/3 basis=['dimless-only']) rule=monomial_peel_priority cand=monomial_deg3[z_inv] target=nn#leaf2 vars=(1,) attempted=0
[Stage B] Rule subtree_separability found 0 targets
[Stage B] Rule last_hard_trig_square found 0 targets
[Stage B] Rule univariate_nn found 2 targets
[Stage B]   target order (arity-asc): [vars=(1, 2)(arity=1), vars=(1,)(arity=1)]
[Stage B] symexp_denom_1d accepted: rel_rms=0.0006, scale≈-937, linear≈-0.196, compound vars=(1, 2)
[Stage B] symexp_denom_1d_recip rejected: rel_rms=0.0783 > 0.05, compound vars=(1, 2)
[Stage B] inv_poly: using degree-probe monomials, 3 valid terms, vars=(1, 2)
[Stage B] inv_poly probe: 2 sub-threshold trial(s) for vars=(1, 2): deg=1 rms=0.0000 n=2, deg=2 rms=0.0000 n=3
[Stage B] sqrt_poly: degree-probe active, sqrt=3 terms (probed=True), inv=3 terms (probed=True), vars=(1, 2)
[Stage B]  one_minus_cos_over_z2 skip NN vars (1, 2): screen failed for z=(x1 * (x2)**-1); exact best rel=1.76e+00 at omega≈0.5; affine best rel=3.71e-01, offset_rel=4.48e-03 at omega≈0.5; thresholds rel<=2.00e-02, offset_rel<=1.50e-01
[Stage B]  sparse_factor_1d skip NN vars (1, 2): screen failed for z=(x1 * (x2)**-1); best rel=7.87e-01, threshold=2.00e-02
[Stage B] ratpoly_1d degree probe: 1 valid pair(s), min_deg=(0,0), vars=(1, 2)
[Stage B] ratpoly_1d probe: 16 sub-threshold trial(s) for vars=(1, 2): deg=(0,2)->(0,2) nnz=(1,3) rms=0.0000, deg=(0,3)->(0,3) nnz=(1,4) rms=0.0000, deg=(1,2)->(1,2) nnz=(2,3) rms=0.0000, deg=(3,1)->(3,1) nnz=(3,2) rms=0.0000, deg=(2,4)->(1,4) nnz=(1,4) rms=0.0000, deg=(0,4)->(0,4) nnz=(1,5) rms=0.0000, deg=(1,3)->(1,3) nnz=(2,4) rms=0.0000, deg=(2,2)->(2,2) nnz=(3,3) rms=0.0000, deg=(1,4)->(1,4) nnz=(2,5) rms=0.0000, deg=(2,3)->(2,3) nnz=(3,4) rms=0.0000, deg=(3,2)->(3,2) nnz=(4,3) rms=0.0000, deg=(3,3)->(3,3) nnz=(4,4) rms=0.0000, deg=(4,2)->(4,2) nnz=(5,3) rms=0.0000, deg=(3,4)->(3,4) nnz=(4,5) rms=0.0000, deg=(4,3)->(4,3) nnz=(5,4) rms=0.0000, deg=(4,4)->(4,4) nnz=(5,5) rms=0.0000
[Stage B] ratpoly_1d degree probe: 1 valid pair(s), min_deg=(0,0), vars=(1, 2)
[Stage B] ratpoly_1d probe: 7 sub-threshold trial(s) for vars=(1, 2): deg=(0,2)->(0,2) nnz=(1,3) rms=0.0001, deg=(1,1)->(1,1) nnz=(2,2) rms=0.0000, deg=(2,1)->(2,0) nnz=(3,1) rms=0.0000, deg=(0,3)->(0,3) nnz=(1,4) rms=0.0000, deg=(1,2)->(1,2) nnz=(2,3) rms=0.0000, deg=(0,4)->(0,4) nnz=(1,5) rms=0.0000, deg=(1,3)->(1,3) nnz=(2,4) rms=0.0000
[Stage B] ratpoly_1d degree probe: 1 valid pair(s), min_deg=(0,0), vars=(1, 2)
[Stage B] ratpoly_1d probe: 14 sub-threshold trial(s) for vars=(1, 2): deg=(0,2)->(0,2) nnz=(1,3) rms=0.0000, deg=(0,3)->(0,3) nnz=(1,4) rms=0.0000, deg=(1,2)->(1,2) nnz=(2,3) rms=0.0006, deg=(3,3)->(1,3) nnz=(1,4) rms=0.0000, deg=(0,4)->(0,4) nnz=(1,5) rms=0.0000, deg=(1,3)->(1,3) nnz=(2,4) rms=0.0004, deg=(2,2)->(2,2) nnz=(3,3) rms=0.0000, deg=(1,4)->(1,4) nnz=(2,5) rms=0.0000, deg=(2,3)->(2,3) nnz=(3,4) rms=0.0000, deg=(3,2)->(3,2) nnz=(4,3) rms=0.0000, deg=(2,4)->(2,4) nnz=(3,5) rms=0.0000, deg=(4,2)->(4,2) nnz=(5,3) rms=0.0000, deg=(4,3)->(4,3) nnz=(5,4) rms=0.0000, deg=(4,4)->(4,4) nnz=(5,5) rms=0.0000
[Stage B] ratpoly_1d degree probe: 1 valid pair(s), min_deg=(0,0), vars=(1, 2)
[Stage B] ratpoly_1d probe: 9 sub-threshold trial(s) for vars=(1, 2): deg=(0,2)->(0,2) nnz=(1,3) rms=0.0001, deg=(1,1)->(1,1) nnz=(2,2) rms=0.0000, deg=(2,2)->(2,0) nnz=(3,1) rms=0.0000, deg=(0,3)->(0,3) nnz=(1,4) rms=0.0000, deg=(1,2)->(1,2) nnz=(2,3) rms=0.0000, deg=(2,1)->(2,1) nnz=(3,2) rms=0.0000, deg=(0,4)->(0,4) nnz=(1,5) rms=0.0000, deg=(1,3)->(1,3) nnz=(2,4) rms=0.0000, deg=(1,4)->(1,4) nnz=(2,5) rms=0.0000
[Stage B] ratpoly_1d degree probe: 1 valid pair(s), min_deg=(0,0), vars=(1, 2)
[Stage B] ratpoly_1d probe: 14 sub-threshold trial(s) for vars=(1, 2): deg=(4,1)->(0,1) nnz=(1,2) rms=0.0000, deg=(0,2)->(0,2) nnz=(1,3) rms=0.0000, deg=(1,1)->(1,1) nnz=(2,2) rms=0.0000, deg=(0,3)->(0,3) nnz=(1,4) rms=0.0000, deg=(1,2)->(1,2) nnz=(2,3) rms=0.0000, deg=(2,1)->(2,1) nnz=(3,2) rms=0.0000, deg=(3,2)->(3,1) nnz=(3,2) rms=0.0000, deg=(0,4)->(0,4) nnz=(1,5) rms=0.0000, deg=(1,3)->(1,3) nnz=(2,4) rms=0.0000, deg=(3,1)->(3,1) nnz=(4,2) rms=0.0000, deg=(2,4)->(2,4) nnz=(3,5) rms=0.0000, deg=(3,4)->(3,4) nnz=(4,5) rms=0.0000, deg=(4,3)->(4,3) nnz=(5,4) rms=0.0000, deg=(4,4)->(4,4) nnz=(5,5) rms=0.0000
[Stage B] symexp_denom_1d rejected: rel_rms=0.0783 > 0.05, compound vars=(1, 2)
[Stage B] symexp_denom_1d_recip (poly) accepted: rel_rms=0.0006, scale≈-937, linear≈-2.41, compound vars=(1, 2)
[Stage B] inv_poly: using degree-probe monomials, 3 valid terms, vars=(1, 2)
[Stage B] inv_poly probe: 2 sub-threshold trial(s) for vars=(1, 2): deg=1 rms=0.0006 n=2, deg=2 rms=0.0001 n=3
[Stage B] sqrt_poly: degree-probe active, sqrt=3 terms (probed=True), inv=3 terms (probed=True), vars=(1, 2)
[Stage B]  one_minus_cos_over_z2 skip NN vars (1, 2): screen failed for z=(x2 / x1); exact best rel=1.85e+00 at omega≈0.5; affine best rel=3.93e-01, offset_rel=6.65e-03 at omega≈0.5; thresholds rel<=2.00e-02, offset_rel<=1.50e-01
[Stage B]  sparse_factor_1d skip NN vars (1, 2): screen failed for z=(x2 / x1); best rel=6.73e-01, threshold=2.00e-02
[Stage B] ratpoly_1d degree probe: 1 valid pair(s), min_deg=(0,0), vars=(1, 2)
[Stage B] ratpoly_1d probe: 5 sub-threshold trial(s) for vars=(1, 2): deg=(2,3)->(2,2) nnz=(1,3) rms=0.0000, deg=(0,4)->(0,4) nnz=(1,5) rms=0.0001, deg=(1,4)->(1,4) nnz=(2,5) rms=0.0001, deg=(2,4)->(2,4) nnz=(3,5) rms=0.0001, deg=(4,4)->(4,4) nnz=(5,5) rms=0.0000
[Stage B] ratpoly_1d degree probe: 1 valid pair(s), min_deg=(0,0), vars=(1, 2)
[Stage B] ratpoly_1d probe: 16 sub-threshold trial(s) for vars=(1, 2): deg=(1,1)->(1,1) nnz=(2,2) rms=0.0000, deg=(1,2)->(1,2) nnz=(2,3) rms=0.0000, deg=(2,1)->(2,1) nnz=(3,2) rms=0.0000, deg=(0,4)->(0,4) nnz=(1,5) rms=0.0002, deg=(1,3)->(1,3) nnz=(2,4) rms=0.0000, deg=(2,2)->(2,2) nnz=(3,3) rms=0.0000, deg=(3,1)->(3,1) nnz=(4,2) rms=0.0000, deg=(1,4)->(1,4) nnz=(2,5) rms=0.0000, deg=(2,3)->(2,3) nnz=(3,4) rms=0.0000, deg=(3,2)->(3,2) nnz=(4,3) rms=0.0000, deg=(4,1)->(4,1) nnz=(5,2) rms=0.0000, deg=(2,4)->(2,4) nnz=(3,5) rms=0.0000, deg=(3,3)->(3,3) nnz=(4,4) rms=0.0000, deg=(4,2)->(4,2) nnz=(5,3) rms=0.0000, deg=(3,4)->(3,4) nnz=(4,5) rms=0.0000, deg=(4,3)->(4,3) nnz=(5,4) rms=0.0000
[Stage B] ratpoly_1d degree probe: 1 valid pair(s), min_deg=(0,0), vars=(1, 2)
[Stage B] ratpoly_1d probe: 4 sub-threshold trial(s) for vars=(1, 2): deg=(3,3)->(2,2) nnz=(1,3) rms=0.0000, deg=(3,4)->(3,3) nnz=(1,3) rms=0.0003, deg=(0,4)->(0,4) nnz=(1,5) rms=0.0001, deg=(2,4)->(2,4) nnz=(3,5) rms=0.0001
[Stage B] ratpoly_1d degree probe: 1 valid pair(s), min_deg=(0,0), vars=(1, 2)
[Stage B] ratpoly_1d probe: 14 sub-threshold trial(s) for vars=(1, 2): deg=(1,1)->(1,1) nnz=(2,2) rms=0.0000, deg=(1,2)->(1,2) nnz=(2,3) rms=0.0000, deg=(2,1)->(2,1) nnz=(3,2) rms=0.0000, deg=(0,4)->(0,4) nnz=(1,5) rms=0.0002, deg=(1,3)->(1,3) nnz=(2,4) rms=0.0000, deg=(3,1)->(3,1) nnz=(4,2) rms=0.0000, deg=(1,4)->(1,4) nnz=(2,5) rms=0.0000, deg=(4,1)->(4,1) nnz=(5,2) rms=0.0000, deg=(2,4)->(2,4) nnz=(3,5) rms=0.0000, deg=(3,3)->(3,3) nnz=(4,4) rms=0.0000, deg=(4,2)->(4,2) nnz=(5,3) rms=0.0000, deg=(3,4)->(3,4) nnz=(4,5) rms=0.0000, deg=(4,3)->(4,3) nnz=(5,4) rms=0.0000, deg=(4,4)->(4,4) nnz=(5,5) rms=0.0000
[Stage B] ratpoly_1d degree probe: 1 valid pair(s), min_deg=(0,0), vars=(1, 2)
[Stage B] ratpoly_1d probe: 10 sub-threshold trial(s) for vars=(1, 2): deg=(0,2)->(0,2) nnz=(1,3) rms=0.0115, deg=(2,2)->(2,2) nnz=(1,3) rms=0.0002, deg=(3,4)->(3,3) nnz=(1,3) rms=0.0001, deg=(0,3)->(0,3) nnz=(1,4) rms=0.0013, deg=(0,4)->(0,4) nnz=(1,5) rms=0.0001, deg=(4,1)->(4,1) nnz=(4,2) rms=0.0001, deg=(4,2)->(4,2) nnz=(3,3) rms=0.0002, deg=(3,2)->(3,2) nnz=(4,3) rms=0.0000, deg=(3,3)->(3,3) nnz=(4,4) rms=0.0000, deg=(4,3)->(4,3) nnz=(5,4) rms=0.0001
[Stage B] RuleUniNN proposing 82 candidates for NN vars=(1, 2): ['monomial_deg1', 'monomial_deg2', 'monomial_deg3', 'poly', 'symexp_denom_1d_recip', 'polylog', 'logshifted', 'inv_poly', 'inv_poly[1]', 'sqrt_poly', 'cf_sharedpref_resid', 'cf_sharedpref_resid', 'cf_sharedpref_resid', 'cf_combo', 'cf_combo', 'cf_combo', 'cf_combo', 'cf_combo', 'cf_combo', 'cf_combo', 'sqrt_ratpoly_1d', 'sqrt_ratpoly_1d[1]', 'sqrt_ratpoly_1d[2]', 'sqrt_ratpoly_1d[3]', 'sqrt_ratpoly_1d[4]', 'sqrt_ratpoly_1d[5]', 'sqrt_ratpoly_1d[6]', 'sqrt_ratpoly_1d[7]', 'sqrt_ratpoly_1d[8]', 'sqrt_ratpoly_1d[9]', 'sqrt_ratpoly_1d[10]', 'sqrt_ratpoly_1d[11]', 'sqrt_ratpoly_1d[12]', 'sqrt_ratpoly_1d[13]', 'sqrt_ratpoly_1d[14]', 'sqrt_ratpoly_1d[15]', 'sqrt_ratpoly_1d[16]', 'sqrt_ratpoly_1d[17]', 'sqrt_ratpoly_1d[18]', 'sqrt_ratpoly_1d[19]', 'sqrt_ratpoly_1d[20]', 'cbrt_ratpoly_1d', 'cbrt_ratpoly_1d[1]', 'cbrt_ratpoly_1d[2]', 'cbrt_ratpoly_1d[3]', 'cbrt_ratpoly_1d[4]', 'cbrt_ratpoly_1d[5]', 'cbrt_ratpoly_1d[6]', 'cbrt_ratpoly_1d[7]', 'cbrt_ratpoly_1d[8]', 'cbrt_ratpoly_1d[9]', 'cbrt_ratpoly_1d[10]', 'cbrt_ratpoly_1d[11]', 'cbrt_ratpoly_1d[12]', 'cbrt_ratpoly_1d[13]', 'cbrt_ratpoly_1d[14]', 'cbrt_ratpoly_1d[15]', 'cbrt_ratpoly_1d[16]', 'cbrt_ratpoly_1d[17]', 'ratpoly_1d', 'ratpoly_1d[1]', 'ratpoly_1d[2]', 'ratpoly_1d[3]', 'ratpoly_1d[4]', 'ratpoly_1d[5]', 'ratpoly_1d[6]', 'ratpoly_1d[7]', 'ratpoly_1d[8]', 'ratpoly_1d[9]', 'exp', 'exp_rat', 'tanh', 'trig', 'trig', 'trig', 'trig', 'trig', 'sinc_p2', 'affine_trig', 'leaftr_recip_poly3', 'leaftr_square_poly3', 'leaftr_recip_affine_trig']
[Stage B]  Skipping reciprocal-coordinate alias polylog: closed-under-reciprocal:polylog
[Stage B]  Skipping reciprocal-coordinate alias sqrt_ratpoly_1d: closed-under-reciprocal:sqrt_ratpoly_1d
[Stage B]  Skipping reciprocal-coordinate alias sqrt_ratpoly_1d[1]: closed-under-reciprocal:sqrt_ratpoly_1d
[Stage B]  Skipping reciprocal-coordinate alias sqrt_ratpoly_1d[2]: closed-under-reciprocal:sqrt_ratpoly_1d
[Stage B]  Skipping reciprocal-coordinate alias sqrt_ratpoly_1d[3]: closed-under-reciprocal:sqrt_ratpoly_1d
[Stage B]  Skipping reciprocal-coordinate alias sqrt_ratpoly_1d[4]: closed-under-reciprocal:sqrt_ratpoly_1d
[Stage B]  Skipping reciprocal-coordinate alias sqrt_ratpoly_1d[5]: closed-under-reciprocal:sqrt_ratpoly_1d
[Stage B]  Skipping reciprocal-coordinate alias sqrt_ratpoly_1d[6]: closed-under-reciprocal:sqrt_ratpoly_1d
[Stage B]  Skipping reciprocal-coordinate alias sqrt_ratpoly_1d[7]: closed-under-reciprocal:sqrt_ratpoly_1d
[Stage B]  Skipping reciprocal-coordinate alias sqrt_ratpoly_1d[8]: closed-under-reciprocal:sqrt_ratpoly_1d
[Stage B]  Skipping reciprocal-coordinate alias sqrt_ratpoly_1d[9]: closed-under-reciprocal:sqrt_ratpoly_1d
[Stage B]  Skipping reciprocal-coordinate alias sqrt_ratpoly_1d[10]: closed-under-reciprocal:sqrt_ratpoly_1d
[Stage B]  Skipping reciprocal-coordinate alias sqrt_ratpoly_1d[11]: closed-under-reciprocal:sqrt_ratpoly_1d
[Stage B]  Skipping reciprocal-coordinate alias sqrt_ratpoly_1d[12]: closed-under-reciprocal:sqrt_ratpoly_1d
[Stage B]  Skipping reciprocal-coordinate alias sqrt_ratpoly_1d[13]: closed-under-reciprocal:sqrt_ratpoly_1d
[Stage B]  Skipping reciprocal-coordinate alias sqrt_ratpoly_1d[14]: closed-under-reciprocal:sqrt_ratpoly_1d
[Stage B]  Skipping reciprocal-coordinate alias sqrt_ratpoly_1d[15]: closed-under-reciprocal:sqrt_ratpoly_1d
[Stage B]  Skipping reciprocal-coordinate alias sqrt_ratpoly_1d[16]: closed-under-reciprocal:sqrt_ratpoly_1d
[Stage B]  Skipping reciprocal-coordinate alias sqrt_ratpoly_1d[17]: closed-under-reciprocal:sqrt_ratpoly_1d
[Stage B]  Skipping reciprocal-coordinate alias sqrt_ratpoly_1d[18]: closed-under-reciprocal:sqrt_ratpoly_1d
[Stage B]  Skipping reciprocal-coordinate alias sqrt_ratpoly_1d[19]: closed-under-reciprocal:sqrt_ratpoly_1d
[Stage B]  Skipping reciprocal-coordinate alias sqrt_ratpoly_1d[20]: closed-under-reciprocal:sqrt_ratpoly_1d
[Stage B]  Skipping reciprocal-coordinate alias ratpoly_1d: closed-under-reciprocal:ratpoly_1d
[Stage B]  Skipping reciprocal-coordinate alias ratpoly_1d[1]: closed-under-reciprocal:ratpoly_1d
[Stage B]  Skipping reciprocal-coordinate alias ratpoly_1d[2]: closed-under-reciprocal:ratpoly_1d
[Stage B]  Skipping reciprocal-coordinate alias ratpoly_1d[3]: closed-under-reciprocal:ratpoly_1d
[Stage B]  Skipping reciprocal-coordinate alias ratpoly_1d[4]: closed-under-reciprocal:ratpoly_1d
[Stage B]  Skipping reciprocal-coordinate alias ratpoly_1d[5]: closed-under-reciprocal:ratpoly_1d
[Stage B]  Skipping reciprocal-coordinate alias ratpoly_1d[6]: closed-under-reciprocal:ratpoly_1d
[Stage B]  Skipping reciprocal-coordinate alias ratpoly_1d[7]: closed-under-reciprocal:ratpoly_1d
[Stage B]  Skipping reciprocal-coordinate alias ratpoly_1d[8]: closed-under-reciprocal:ratpoly_1d
[Stage B]  Skipping reciprocal-coordinate alias ratpoly_1d[9]: closed-under-reciprocal:ratpoly_1d
[Stage B]  Skipping reciprocal-coordinate alias exp_rat: closed-under-reciprocal:exp_rat
[Stage B] RuleUniNN proposing 143 candidates for NN vars=(1, 2): ['monomial_deg1', 'monomial_deg1[z_inv]', 'monomial_deg2', 'monomial_deg2[z_inv]', 'monomial_deg3', 'monomial_deg3[z_inv]', 'poly', 'poly[z_inv]', 'expm1', 'symexp_denom_1d', 'polylog', 'logshifted', 'logshifted[z_inv]', 'inv_poly', 'inv_poly[z_inv]', 'inv_poly[1]', 'inv_poly[1][z_inv]', 'sqrt_poly', 'sqrt_poly[z_inv]', 'cf_sharedpref_resid', 'cf_sharedpref_resid[z_inv]', 'cf_sharedpref_resid[z_inv]', 'cf_sharedpref_resid[z_inv]', 'cf_sharedpref_resid', 'cf_sharedpref_resid', 'cf_combo', 'cf_combo[z_inv]', 'cf_combo[z_inv]', 'cf_combo[z_inv]', 'cf_combo[z_inv]', 'cf_combo[z_inv]', 'cf_combo[z_inv]', 'cf_combo[z_inv]', 'cf_combo', 'cf_combo', 'cf_combo', 'cf_combo', 'cf_combo', 'cf_combo', 'sqrt_ratpoly_1d', 'sqrt_ratpoly_1d[1]', 'sqrt_ratpoly_1d[2]', 'sqrt_ratpoly_1d[3]', 'sqrt_ratpoly_1d[4]', 'sqrt_ratpoly_1d[5]', 'sqrt_ratpoly_1d[6]', 'sqrt_ratpoly_1d[7]', 'sqrt_ratpoly_1d[8]', 'sqrt_ratpoly_1d[9]', 'sqrt_ratpoly_1d[10]', 'sqrt_ratpoly_1d[11]', 'sqrt_ratpoly_1d[12]', 'sqrt_ratpoly_1d[13]', 'sqrt_ratpoly_1d[14]', 'sqrt_ratpoly_1d[15]', 'sqrt_ratpoly_1d[16]', 'sqrt_ratpoly_1d[17]', 'sqrt_ratpoly_1d[18]', 'sqrt_ratpoly_1d[19]', 'sqrt_ratpoly_1d[20]', 'sqrt_ratpoly_1d[21]', 'sqrt_ratpoly_1d[22]', 'cbrt_ratpoly_1d', 'cbrt_ratpoly_1d[z_inv]', 'cbrt_ratpoly_1d[1]', 'cbrt_ratpoly_1d[1][z_inv]', 'cbrt_ratpoly_1d[2]', 'cbrt_ratpoly_1d[2][z_inv]', 'cbrt_ratpoly_1d[3]', 'cbrt_ratpoly_1d[3][z_inv]', 'cbrt_ratpoly_1d[4]', 'cbrt_ratpoly_1d[4][z_inv]', 'cbrt_ratpoly_1d[5]', 'cbrt_ratpoly_1d[5][z_inv]', 'cbrt_ratpoly_1d[6]', 'cbrt_ratpoly_1d[6][z_inv]', 'cbrt_ratpoly_1d[7]', 'cbrt_ratpoly_1d[7][z_inv]', 'cbrt_ratpoly_1d[8]', 'cbrt_ratpoly_1d[8][z_inv]', 'cbrt_ratpoly_1d[9]', 'cbrt_ratpoly_1d[9][z_inv]', 'cbrt_ratpoly_1d[10]', 'cbrt_ratpoly_1d[10][z_inv]', 'cbrt_ratpoly_1d[11]', 'cbrt_ratpoly_1d[11][z_inv]', 'cbrt_ratpoly_1d[12]', 'cbrt_ratpoly_1d[12][z_inv]', 'cbrt_ratpoly_1d[13]', 'cbrt_ratpoly_1d[13][z_inv]', 'cbrt_ratpoly_1d[14]', 'cbrt_ratpoly_1d[14][z_inv]', 'cbrt_ratpoly_1d[15]', 'cbrt_ratpoly_1d[15][z_inv]', 'cbrt_ratpoly_1d[16]', 'cbrt_ratpoly_1d[16][z_inv]', 'cbrt_ratpoly_1d[17]', 'cbrt_ratpoly_1d[17][z_inv]', 'cbrt_ratpoly_1d[18]', 'cbrt_ratpoly_1d[19]', 'cbrt_ratpoly_1d[20]', 'cbrt_ratpoly_1d[21]', 'cbrt_ratpoly_1d[22]', 'ratpoly_1d', 'ratpoly_1d[1]', 'ratpoly_1d[2]', 'ratpoly_1d[3]', 'ratpoly_1d[4]', 'ratpoly_1d[5]', 'ratpoly_1d[6]', 'ratpoly_1d[7]', 'ratpoly_1d[8]', 'ratpoly_1d[9]', 'ratpoly_1d[10]', 'ratpoly_1d[11]', 'ratpoly_1d[12]', 'ratpoly_1d[13]', 'exp', 'exp[z_inv]', 'exp_rat', 'tanh', 'tanh[z_inv]', 'trig', 'trig[z_inv]', 'trig[z_inv]', 'trig[z_inv]', 'trig[z_inv]', 'trig[z_inv]', 'trig', 'trig', 'trig', 'trig', 'sinc_p2', 'sinc_p2[z_inv]', 'affine_trig', 'affine_trig[z_inv]', 'leaftr_square_poly3', 'leaftr_square_poly3[z_inv]', 'leaftr_recip_poly3', 'leaftr_recip_poly3[z_inv]', 'leaftr_recip_affine_trig', 'leaftr_recip_affine_trig[z_inv]', 'symexp_denom_1d_recip[z_inv]']
[Stage B]  Greedy order (143 cands): monomial_deg1(1000p), monomial_deg1[z_inv](1000p), monomial_deg2(1000p), monomial_deg2[z_inv](1000p), monomial_deg3(1000p), monomial_deg3[z_inv](1000p), poly(1001p), poly[z_inv](1001p), expm1(1002p), symexp_denom_1d(1005p), polylog(1001p), logshifted(1002p), logshifted[z_inv](1002p), inv_poly(1001p), inv_poly[z_inv](1001p), inv_poly[1](1002p), inv_poly[1][z_inv](1002p), sqrt_poly(1002p), sqrt_poly[z_inv](1002p), cf_sharedpref_resid(1002p), cf_sharedpref_resid[z_inv](1002p), cf_sharedpref_resid[z_inv](1002p), cf_sharedpref_resid[z_inv](1002p), cf_sharedpref_resid(1002p), cf_sharedpref_resid(1002p), cf_combo(1002p), cf_combo[z_inv](1002p), cf_combo[z_inv](1001p), cf_combo[z_inv](1002p), cf_combo[z_inv](1001p), cf_combo[z_inv](1002p), cf_combo[z_inv](1001p), cf_combo[z_inv](1002p), cf_combo(1001p), cf_combo(1002p), cf_combo(1001p), cf_combo(1002p), cf_combo(1001p), cf_combo(1002p), sqrt_ratpoly_1d(1003p), sqrt_ratpoly_1d[1](1004p), sqrt_ratpoly_1d[2](1004p), sqrt_ratpoly_1d[3](1004p), sqrt_ratpoly_1d[4](1004p), sqrt_ratpoly_1d[5](1005p), sqrt_ratpoly_1d[6](1005p), sqrt_ratpoly_1d[7](1005p), sqrt_ratpoly_1d[8](1006p), sqrt_ratpoly_1d[9](1006p), sqrt_ratpoly_1d[10](1006p), sqrt_ratpoly_1d[11](1007p), sqrt_ratpoly_1d[12](1007p), sqrt_ratpoly_1d[13](1008p), sqrt_ratpoly_1d[14](1008p), sqrt_ratpoly_1d[15](1009p), sqrt_ratpoly_1d[16](1003p), sqrt_ratpoly_1d[17](1003p), sqrt_ratpoly_1d[18](1003p), sqrt_ratpoly_1d[19](1004p), sqrt_ratpoly_1d[20](1004p), sqrt_ratpoly_1d[21](1005p), sqrt_ratpoly_1d[22](1005p), cbrt_ratpoly_1d(1003p), cbrt_ratpoly_1d[z_inv](1003p), cbrt_ratpoly_1d[1](1004p), cbrt_ratpoly_1d[1][z_inv](1003p), cbrt_ratpoly_1d[2](1004p), cbrt_ratpoly_1d[2][z_inv](1005p), cbrt_ratpoly_1d[3](1004p), cbrt_ratpoly_1d[3][z_inv](1007p), cbrt_ratpoly_1d[4](1005p), cbrt_ratpoly_1d[4][z_inv](1003p), cbrt_ratpoly_1d[5](1005p), cbrt_ratpoly_1d[5][z_inv](1004p), cbrt_ratpoly_1d[6](1005p), cbrt_ratpoly_1d[6][z_inv](1004p), cbrt_ratpoly_1d[7](1006p), cbrt_ratpoly_1d[7][z_inv](1005p), cbrt_ratpoly_1d[8](1006p), cbrt_ratpoly_1d[8][z_inv](1005p), cbrt_ratpoly_1d[9](1006p), cbrt_ratpoly_1d[9][z_inv](1005p), cbrt_ratpoly_1d[10](1007p), cbrt_ratpoly_1d[10][z_inv](1006p), cbrt_ratpoly_1d[11](1007p), cbrt_ratpoly_1d[11][z_inv](1006p), cbrt_ratpoly_1d[12](1008p), cbrt_ratpoly_1d[12][z_inv](1007p), cbrt_ratpoly_1d[13](1009p), cbrt_ratpoly_1d[13][z_inv](1007p), cbrt_ratpoly_1d[14](1003p), cbrt_ratpoly_1d[14][z_inv](1007p), cbrt_ratpoly_1d[15](1003p), cbrt_ratpoly_1d[15][z_inv](1008p), cbrt_ratpoly_1d[16](1003p), cbrt_ratpoly_1d[16][z_inv](1008p), cbrt_ratpoly_1d[17](1004p), cbrt_ratpoly_1d[17][z_inv](1009p), cbrt_ratpoly_1d[18](1004p), cbrt_ratpoly_1d[19](1004p), cbrt_ratpoly_1d[20](1005p), cbrt_ratpoly_1d[21](1005p), cbrt_ratpoly_1d[22](1006p), ratpoly_1d(1002p), ratpoly_1d[1](1003p), ratpoly_1d[2](1003p), ratpoly_1d[3](1004p), ratpoly_1d[4](1004p), ratpoly_1d[5](1004p), ratpoly_1d[6](1004p), ratpoly_1d[7](1005p), ratpoly_1d[8](1005p), ratpoly_1d[9](1005p), ratpoly_1d[10](1007p), ratpoly_1d[11](1008p), ratpoly_1d[12](1008p), ratpoly_1d[13](1009p), exp(1002p), exp[z_inv](1002p), exp_rat(1005p), tanh(1002p), tanh[z_inv](1002p), trig(1002p), trig[z_inv](1002p), trig[z_inv](1002p), trig[z_inv](1002p), trig[z_inv](1002p), trig[z_inv](1002p), trig(1002p), trig(1002p), trig(1002p), trig(1002p), sinc_p2(1002p), sinc_p2[z_inv](1002p), affine_trig(1003p), affine_trig[z_inv](1003p), leaftr_square_poly3(1003p), leaftr_square_poly3[z_inv](1003p), leaftr_recip_poly3(1003p), leaftr_recip_poly3[z_inv](1003p), leaftr_recip_affine_trig(1003p), leaftr_recip_affine_trig[z_inv](1003p), symexp_denom_1d_recip[z_inv](1005p)
[Stage B]  Skipping monomial_deg1 (previously rejected on same target)
[Stage B]  Skipping monomial_deg1[z_inv] (previously rejected on same target)
[Stage B]  Skipping monomial_deg2 (previously rejected on same target)
[Stage B]  Skipping monomial_deg2[z_inv] (previously rejected on same target)
[Stage B]  Skipping monomial_deg3 (previously rejected on same target)
[Stage B]  Skipping monomial_deg3[z_inv] (previously rejected on same target)
[Stage B]  Skipping poly (previously rejected on same target)
[Stage B]  Skipping poly[z_inv] (previously rejected on same target)
[Stage B]  Trying 1D Expm1 rewrite on NN leaf vars (1, 2)
[Stage B custom_init Expm1] compound vars=(1, 2), a≈0.0529, logA≈6.04
[Stage B] Post-custom-init validation (attempt 0), batch 0, finite: 2000/2000, min: -4.892e+05, max: -1.397e+03, mean: -3.658e+04
[Stage B] Post-custom-init validation (attempt 0), batch 1, finite: 2000/2000, min: -5.158e+05, max: -1.358e+03, mean: -3.897e+04
[Stage B] Post-custom-init validation (attempt 0), batch 2, finite: 2000/2000, min: -4.905e+05, max: -1.199e+03, mean: -2.818e+04
[Stage B] Prediction scale check (attempt 0): pred_median=1.472e+04, true_median=9.826e-02, ratio=1.498e+05
[Stage B] Warning: init scale_ratio extreme; rejecting candidate.
[Stage B]    Candidate (expm1) rejected at init (non-finite loss); trying next.
[Stage B]  Trying 1D symexp_denom_1d rewrite (scale/(exp(r)+exp(-r))) on NN leaf vars (1, 2)
[Stage B custom_init symexp_denom_1d] compound vars=(1, 2), scale≈-937, r±(z)≈-0.196*z
[Stage B] Post-custom-init validation (attempt 0), batch 0, finite: 2000/2000, min: 2.918e+04, max: 8.866e+06, mean: 7.281e+05
[Stage B] Post-custom-init validation (attempt 0), batch 1, finite: 2000/2000, min: 2.970e+04, max: 9.243e+06, mean: 7.731e+05
[Stage B] Post-custom-init validation (attempt 0), batch 2, finite: 2000/2000, min: 3.062e+04, max: 9.014e+06, mean: 6.921e+05
[Stage B] Prediction scale check (attempt 0): pred_median=3.167e+05, true_median=9.826e-02, ratio=3.223e+06
[Stage B] Warning: init scale_ratio extreme; rejecting candidate.
[Stage B]    Candidate (symexp_denom_1d) rejected at init (non-finite loss); trying next.
[Stage B]  Skipping polylog (previously rejected on same target)
[Stage B]  Skipping logshifted (previously rejected on same target)
[Stage B]  Skipping logshifted[z_inv] (previously rejected on same target)
[Stage B]  Trying inv_poly degree=1 (1/P(x)) rewrite on NN leaf vars (1, 2)
[Stage B custom_init inv-poly] Init on vars (1, 2): degree=1, rel_rms≈8.24e-08
[Stage B] Post-custom-init validation (attempt 0), batch 0, finite: 2000/2000, min: 2.803e+04, max: 8.497e+06, mean: 7.023e+05
[Stage B] Post-custom-init validation (attempt 0), batch 1, finite: 2000/2000, min: 2.843e+04, max: 8.885e+06, mean: 7.459e+05
[Stage B] Post-custom-init validation (attempt 0), batch 2, finite: 2000/2000, min: 2.900e+04, max: 8.757e+06, mean: 6.570e+05
[Stage B] Prediction scale check (attempt 0): pred_median=3.031e+05, true_median=9.826e-02, ratio=3.085e+06
[Stage B] Warning: init scale_ratio extreme; rejecting candidate.
[Stage B]    Candidate (inv_poly) rejected at init (non-finite loss); trying next.
[Stage B]  Trying inv_poly degree=1 (1/P(x)) rewrite on NN leaf vars (1, 2) [coord=1/z]
[Stage B custom_init inv-poly] Init on vars (1, 2): degree=1, rel_rms≈6.20e-04
[Stage B] Post-custom-init validation (attempt 0), batch 0, finite: 2000/2000, min: 2.805e+04, max: 8.502e+06, mean: 7.024e+05
[Stage B] Post-custom-init validation (attempt 0), batch 1, finite: 2000/2000, min: 2.844e+04, max: 8.889e+06, mean: 7.460e+05
[Stage B] Post-custom-init validation (attempt 0), batch 2, finite: 2000/2000, min: 2.898e+04, max: 8.753e+06, mean: 6.567e+05
[Stage B] Prediction scale check (attempt 0): pred_median=3.031e+05, true_median=9.826e-02, ratio=3.085e+06
[Stage B] Warning: init scale_ratio extreme; rejecting candidate.
[Stage B]    Candidate (inv_poly[z_inv]) rejected at init (non-finite loss); trying next.
[Stage B]  Trying inv_poly degree=2 (1/P(x)) rewrite on NN leaf vars (1, 2)
[Stage B custom_init inv-poly] Init on vars (1, 2): degree=2, rel_rms≈8.22e-08
[Stage B] Post-custom-init validation (attempt 0), batch 0, finite: 2000/2000, min: 2.803e+04, max: 8.497e+06, mean: 7.023e+05
[Stage B] Post-custom-init validation (attempt 0), batch 1, finite: 2000/2000, min: 2.843e+04, max: 8.885e+06, mean: 7.459e+05
[Stage B] Post-custom-init validation (attempt 0), batch 2, finite: 2000/2000, min: 2.900e+04, max: 8.757e+06, mean: 6.570e+05
[Stage B] Prediction scale check (attempt 0): pred_median=3.031e+05, true_median=9.826e-02, ratio=3.085e+06
[Stage B] Warning: init scale_ratio extreme; rejecting candidate.
[Stage B]    Candidate (inv_poly[1]) rejected at init (non-finite loss); trying next.
[Stage B]  Trying inv_poly degree=2 (1/P(x)) rewrite on NN leaf vars (1, 2) [coord=1/z]
[Stage B custom_init inv-poly] Init on vars (1, 2): degree=2, rel_rms≈5.99e-05
[Stage B] Post-custom-init validation (attempt 0), batch 0, finite: 2000/2000, min: 2.803e+04, max: 8.497e+06, mean: 7.023e+05
[Stage B] Post-custom-init validation (attempt 0), batch 1, finite: 2000/2000, min: 2.842e+04, max: 8.885e+06, mean: 7.459e+05
[Stage B] Post-custom-init validation (attempt 0), batch 2, finite: 2000/2000, min: 2.900e+04, max: 8.758e+06, mean: 6.569e+05
[Stage B] Prediction scale check (attempt 0): pred_median=3.031e+05, true_median=9.826e-02, ratio=3.085e+06
[Stage B] Warning: init scale_ratio extreme; rejecting candidate.
[Stage B]    Candidate (inv_poly[1][z_inv]) rejected at init (non-finite loss); trying next.
[Stage B]  Trying sqrt/invsqrt(poly) rewrite on NN leaf vars (1, 2), degree=2
[Stage B] Post-custom-init validation (attempt 0), batch 0, finite: 2000/2000, min: -8.497e+06, max: -2.803e+04, mean: -7.023e+05
[Stage B] Post-custom-init validation (attempt 0), batch 1, finite: 2000/2000, min: -8.885e+06, max: -2.843e+04, mean: -7.459e+05
[Stage B] Post-custom-init validation (attempt 0), batch 2, finite: 2000/2000, min: -8.757e+06, max: -2.900e+04, mean: -6.570e+05
[Stage B] Prediction scale check (attempt 0): pred_median=3.031e+05, true_median=9.826e-02, ratio=3.085e+06
[Stage B] Warning: init scale_ratio extreme; rejecting candidate.
[Stage B]    Candidate (sqrt_poly) rejected at init (non-finite loss); trying next.
[Stage B]  Trying sqrt/invsqrt(poly) rewrite on NN leaf vars (1, 2), degree=2 [coord=1/z]
[Stage B] Post-custom-init validation (attempt 0), batch 0, finite: 2000/2000, min: -8.497e+06, max: -2.803e+04, mean: -7.023e+05
[Stage B] Post-custom-init validation (attempt 0), batch 1, finite: 2000/2000, min: -8.885e+06, max: -2.843e+04, mean: -7.459e+05
[Stage B] Post-custom-init validation (attempt 0), batch 2, finite: 2000/2000, min: -8.758e+06, max: -2.900e+04, mean: -6.569e+05
[Stage B] Prediction scale check (attempt 0): pred_median=3.031e+05, true_median=9.826e-02, ratio=3.085e+06
[Stage B] Warning: init scale_ratio extreme; rejecting candidate.
[Stage B]    Candidate (sqrt_poly[z_inv]) rejected at init (non-finite loss); trying next.
[Stage B]  Skipping cf_sharedpref_resid (previously rejected on same target)
[Stage B]  Skipping cf_sharedpref_resid[z_inv] (previously rejected on same target)
[Stage B]  Skipping cf_sharedpref_resid[z_inv] (previously rejected on same target)
[Stage B]  Skipping cf_sharedpref_resid[z_inv] (previously rejected on same target)
[Stage B]  Skipping cf_sharedpref_resid (previously rejected on same target)
[Stage B]  Skipping cf_sharedpref_resid (previously rejected on same target)
[Stage B]  Skipping cf_combo (previously rejected on same target)
[Stage B]  Skipping cf_combo[z_inv] (previously rejected on same target)
[Stage B]  Skipping cf_combo[z_inv] (previously rejected on same target)
[Stage B]  Skipping cf_combo[z_inv] (previously rejected on same target)
[Stage B]  Skipping cf_combo[z_inv] (previously rejected on same target)
[Stage B]  Skipping cf_combo[z_inv] (previously rejected on same target)
[Stage B]  Skipping cf_combo[z_inv] (previously rejected on same target)
[Stage B]  Skipping cf_combo[z_inv] (previously rejected on same target)
[Stage B]  Skipping cf_combo (previously rejected on same target)
[Stage B]  Skipping cf_combo (previously rejected on same target)
[Stage B]  Skipping cf_combo (previously rejected on same target)
[Stage B]  Skipping cf_combo (previously rejected on same target)
[Stage B]  Skipping cf_combo (previously rejected on same target)
[Stage B]  Skipping cf_combo (previously rejected on same target)
[Stage B]  Precheck reject (duplicate-signature) rule=univariate_nn cand=sqrt_ratpoly_1d target=nn#leaf1 vars=(1, 2) sig=(960898949, 1, 1, -1, 3, 1, 1, 1) attempted=41
[Stage B]  Precheck reject (duplicate-signature) rule=univariate_nn cand=sqrt_ratpoly_1d[1] target=nn#leaf1 vars=(1, 2) sig=(960898949, 1, 1, -1, 4, 1, 1, 1, 1) attempted=41
[Stage B]  Precheck reject (duplicate-signature) rule=univariate_nn cand=sqrt_ratpoly_1d[2] target=nn#leaf1 vars=(1, 2) sig=(960898949, 2, 1, 1, -1, 3, 1, 1, 1) attempted=41
[Stage B]  Precheck reject (duplicate-signature) rule=univariate_nn cand=sqrt_ratpoly_1d[3] target=nn#leaf1 vars=(1, 2) sig=(960898949, 4, 0, 1, 1, 1, -1, 2, 1, 1) attempted=41
[Stage B]  Precheck reject (duplicate-signature) rule=univariate_nn cand=sqrt_ratpoly_1d[4] target=nn#leaf1 vars=(1, 2) sig=(960898949, 2, 0, 1, -1, 5, 1, 1, 1, 0, 1) attempted=41
[Stage B]  Precheck reject (duplicate-signature) rule=univariate_nn cand=sqrt_ratpoly_1d[5] target=nn#leaf1 vars=(1, 2) sig=(960898949, 1, 1, -1, 5, 1, 1, 1, 1, 1) attempted=41
[Stage B]  Precheck reject (duplicate-signature) rule=univariate_nn cand=sqrt_ratpoly_1d[6] target=nn#leaf1 vars=(1, 2) sig=(960898949, 2, 1, 1, -1, 4, 1, 1, 1, 1) attempted=41
[Stage B]  Precheck reject (duplicate-signature) rule=univariate_nn cand=sqrt_ratpoly_1d[7] target=nn#leaf1 vars=(1, 2) sig=(960898949, 3, 1, 1, 1, -1, 3, 1, 1, 1) attempted=41
[Stage B]  Precheck reject (duplicate-signature) rule=univariate_nn cand=sqrt_ratpoly_1d[8] target=nn#leaf1 vars=(1, 2) sig=(960898949, 2, 1, 1, -1, 5, 1, 1, 1, 1, 1) attempted=41
[Stage B]  Precheck reject (duplicate-signature) rule=univariate_nn cand=sqrt_ratpoly_1d[9] target=nn#leaf1 vars=(1, 2) sig=(960898949, 3, 1, 1, 1, -1, 4, 1, 1, 1, 1) attempted=41
[Stage B]  Precheck reject (duplicate-signature) rule=univariate_nn cand=sqrt_ratpoly_1d[10] target=nn#leaf1 vars=(1, 2) sig=(960898949, 4, 1, 1, 1, 1, -1, 3, 1, 1, 1) attempted=41
[Stage B]  Precheck reject (duplicate-signature) rule=univariate_nn cand=sqrt_ratpoly_1d[11] target=nn#leaf1 vars=(1, 2) sig=(960898949, 4, 1, 1, 1, 1, -1, 4, 1, 1, 1, 1) attempted=41
[Stage B]  Precheck reject (duplicate-signature) rule=univariate_nn cand=sqrt_ratpoly_1d[12] target=nn#leaf1 vars=(1, 2) sig=(960898949, 5, 1, 1, 1, 1, 1, -1, 3, 1, 1, 1) attempted=41
[Stage B]  Precheck reject (duplicate-signature) rule=univariate_nn cand=sqrt_ratpoly_1d[13] target=nn#leaf1 vars=(1, 2) sig=(960898949, 4, 1, 1, 1, 1, -1, 5, 1, 1, 1, 1, 1) attempted=41
[Stage B]  Precheck reject (duplicate-signature) rule=univariate_nn cand=sqrt_ratpoly_1d[14] target=nn#leaf1 vars=(1, 2) sig=(960898949, 5, 1, 1, 1, 1, 1, -1, 4, 1, 1, 1, 1) attempted=41
[Stage B]  Precheck reject (duplicate-signature) rule=univariate_nn cand=sqrt_ratpoly_1d[15] target=nn#leaf1 vars=(1, 2) sig=(960898949, 5, 1, 1, 1, 1, 1, -1, 5, 1, 1, 1, 1, 1) attempted=41
[Stage B]  Precheck reject (duplicate-signature) rule=univariate_nn cand=sqrt_ratpoly_1d[16] target=nn#leaf1 vars=(1, 2) sig=(960898949, 1, 1, -1, 3, 1, 1, 1) attempted=41
[Stage B]  Precheck reject (duplicate-signature) rule=univariate_nn cand=sqrt_ratpoly_1d[17] target=nn#leaf1 vars=(1, 2) sig=(960898949, 2, 1, 1, -1, 2, 1, 1) attempted=41
[Stage B]  Precheck reject (duplicate-signature) rule=univariate_nn cand=sqrt_ratpoly_1d[18] target=nn#leaf1 vars=(1, 2) sig=(960898949, 3, 1, 1, 1, -1, 1, 1) attempted=41
[Stage B]  Precheck reject (duplicate-signature) rule=univariate_nn cand=sqrt_ratpoly_1d[19] target=nn#leaf1 vars=(1, 2) sig=(960898949, 1, 1, -1, 4, 1, 1, 1, 1) attempted=41
[Stage B]  Precheck reject (duplicate-signature) rule=univariate_nn cand=sqrt_ratpoly_1d[20] target=nn#leaf1 vars=(1, 2) sig=(960898949, 2, 1, 1, -1, 3, 1, 1, 1) attempted=41
[Stage B]  Precheck reject (duplicate-signature) rule=univariate_nn cand=sqrt_ratpoly_1d[21] target=nn#leaf1 vars=(1, 2) sig=(960898949, 1, 1, -1, 5, 1, 1, 1, 1, 1) attempted=41
[Stage B]  Precheck reject (duplicate-signature) rule=univariate_nn cand=sqrt_ratpoly_1d[22] target=nn#leaf1 vars=(1, 2) sig=(960898949, 2, 1, 1, -1, 4, 1, 1, 1, 1) attempted=41
[Stage B]  Precheck reject (duplicate-signature) rule=univariate_nn cand=cbrt_ratpoly_1d target=nn#leaf1 vars=(1, 2) sig=(960898949, 1, 1, -1, 3, 1, 1, 1) attempted=41
[Stage B]  Skipping cbrt_ratpoly_1d[z_inv] (previously rejected on same target)
[Stage B]  Precheck reject (duplicate-signature) rule=univariate_nn cand=cbrt_ratpoly_1d[1] target=nn#leaf1 vars=(1, 2) sig=(960898949, 1, 1, -1, 4, 1, 1, 1, 1) attempted=41
[Stage B]  Skipping cbrt_ratpoly_1d[1][z_inv] (previously rejected on same target)
[Stage B]  Precheck reject (duplicate-signature) rule=univariate_nn cand=cbrt_ratpoly_1d[2] target=nn#leaf1 vars=(1, 2) sig=(960898949, 2, 1, 1, -1, 3, 1, 1, 1) attempted=41
[Stage B]  Skipping cbrt_ratpoly_1d[2][z_inv] (previously rejected on same target)
[Stage B]  Skipping cbrt_ratpoly_1d[3] (previously rejected on same target)
[Stage B]  Skipping cbrt_ratpoly_1d[3][z_inv] (previously rejected on same target)
[Stage B]  Precheck reject (duplicate-signature) rule=univariate_nn cand=cbrt_ratpoly_1d[4] target=nn#leaf1 vars=(1, 2) sig=(960898949, 1, 1, -1, 5, 1, 1, 1, 1, 1) attempted=41
[Stage B]  Precheck reject (duplicate-signature) rule=univariate_nn cand=cbrt_ratpoly_1d[4][z_inv] target=nn#leaf1 vars=(1, 2) sig=(2191933987, 2, 1, 1, -1, 2, 1, 1) attempted=41
[Stage B]  Precheck reject (duplicate-signature) rule=univariate_nn cand=cbrt_ratpoly_1d[5] target=nn#leaf1 vars=(1, 2) sig=(960898949, 2, 1, 1, -1, 4, 1, 1, 1, 1) attempted=41
[Stage B]  Precheck reject (duplicate-signature) rule=univariate_nn cand=cbrt_ratpoly_1d[5][z_inv] target=nn#leaf1 vars=(1, 2) sig=(2191933987, 2, 1, 1, -1, 3, 1, 1, 1) attempted=41
[Stage B]  Precheck reject (duplicate-signature) rule=univariate_nn cand=cbrt_ratpoly_1d[6] target=nn#leaf1 vars=(1, 2) sig=(960898949, 3, 1, 1, 1, -1, 3, 1, 1, 1) attempted=41
[Stage B]  Precheck reject (duplicate-signature) rule=univariate_nn cand=cbrt_ratpoly_1d[6][z_inv] target=nn#leaf1 vars=(1, 2) sig=(2191933987, 3, 1, 1, 1, -1, 2, 1, 1) attempted=41
[Stage B]  Precheck reject (duplicate-signature) rule=univariate_nn cand=cbrt_ratpoly_1d[7] target=nn#leaf1 vars=(1, 2) sig=(960898949, 2, 1, 1, -1, 5, 1, 1, 1, 1, 1) attempted=41
[Stage B]  Precheck reject (duplicate-signature) rule=univariate_nn cand=cbrt_ratpoly_1d[7][z_inv] target=nn#leaf1 vars=(1, 2) sig=(2191933987, 1, 1, -1, 5, 1, 1, 1, 1, 1) attempted=41
[Stage B]  Precheck reject (duplicate-signature) rule=univariate_nn cand=cbrt_ratpoly_1d[8] target=nn#leaf1 vars=(1, 2) sig=(960898949, 3, 1, 1, 1, -1, 4, 1, 1, 1, 1) attempted=41
[Stage B]  Precheck reject (duplicate-signature) rule=univariate_nn cand=cbrt_ratpoly_1d[8][z_inv] target=nn#leaf1 vars=(1, 2) sig=(2191933987, 2, 1, 1, -1, 4, 1, 1, 1, 1) attempted=41
[Stage B]  Precheck reject (duplicate-signature) rule=univariate_nn cand=cbrt_ratpoly_1d[9] target=nn#leaf1 vars=(1, 2) sig=(960898949, 4, 1, 1, 1, 1, -1, 3, 1, 1, 1) attempted=41
[Stage B]  Precheck reject (duplicate-signature) rule=univariate_nn cand=cbrt_ratpoly_1d[9][z_inv] target=nn#leaf1 vars=(1, 2) sig=(2191933987, 4, 1, 1, 1, 1, -1, 2, 1, 1) attempted=41
[Stage B]  Skipping cbrt_ratpoly_1d[10] (previously rejected on same target)
[Stage B]  Precheck reject (duplicate-signature) rule=univariate_nn cand=cbrt_ratpoly_1d[10][z_inv] target=nn#leaf1 vars=(1, 2) sig=(2191933987, 2, 1, 1, -1, 5, 1, 1, 1, 1, 1) attempted=41
[Stage B]  Precheck reject (duplicate-signature) rule=univariate_nn cand=cbrt_ratpoly_1d[11] target=nn#leaf1 vars=(1, 2) sig=(960898949, 5, 1, 1, 1, 1, 1, -1, 3, 1, 1, 1) attempted=41
[Stage B]  Precheck reject (duplicate-signature) rule=univariate_nn cand=cbrt_ratpoly_1d[11][z_inv] target=nn#leaf1 vars=(1, 2) sig=(2191933987, 5, 1, 1, 1, 1, 1, -1, 2, 1, 1) attempted=41
[Stage B]  Precheck reject (duplicate-signature) rule=univariate_nn cand=cbrt_ratpoly_1d[12] target=nn#leaf1 vars=(1, 2) sig=(960898949, 5, 1, 1, 1, 1, 1, -1, 4, 1, 1, 1, 1) attempted=41
[Stage B]  Precheck reject (duplicate-signature) rule=univariate_nn cand=cbrt_ratpoly_1d[12][z_inv] target=nn#leaf1 vars=(1, 2) sig=(2191933987, 3, 1, 1, 1, -1, 5, 1, 1, 1, 1, 1) attempted=41
[Stage B]  Precheck reject (duplicate-signature) rule=univariate_nn cand=cbrt_ratpoly_1d[13] target=nn#leaf1 vars=(1, 2) sig=(960898949, 5, 1, 1, 1, 1, 1, -1, 5, 1, 1, 1, 1, 1) attempted=41
[Stage B]  Precheck reject (duplicate-signature) rule=univariate_nn cand=cbrt_ratpoly_1d[13][z_inv] target=nn#leaf1 vars=(1, 2) sig=(2191933987, 4, 1, 1, 1, 1, -1, 4, 1, 1, 1, 1) attempted=41
[Stage B]  Precheck reject (duplicate-signature) rule=univariate_nn cand=cbrt_ratpoly_1d[14] target=nn#leaf1 vars=(1, 2) sig=(960898949, 1, 1, -1, 3, 1, 1, 1) attempted=41
[Stage B]  Precheck reject (duplicate-signature) rule=univariate_nn cand=cbrt_ratpoly_1d[14][z_inv] target=nn#leaf1 vars=(1, 2) sig=(2191933987, 5, 1, 1, 1, 1, 1, -1, 3, 1, 1, 1) attempted=41
[Stage B]  Precheck reject (duplicate-signature) rule=univariate_nn cand=cbrt_ratpoly_1d[15] target=nn#leaf1 vars=(1, 2) sig=(960898949, 2, 1, 1, -1, 2, 1, 1) attempted=41
[Stage B]  Precheck reject (duplicate-signature) rule=univariate_nn cand=cbrt_ratpoly_1d[15][z_inv] target=nn#leaf1 vars=(1, 2) sig=(2191933987, 4, 1, 1, 1, 1, -1, 5, 1, 1, 1, 1, 1) attempted=41
[Stage B]  Precheck reject (duplicate-signature) rule=univariate_nn cand=cbrt_ratpoly_1d[16] target=nn#leaf1 vars=(1, 2) sig=(960898949, 3, 1, 1, 1, -1, 1, 1) attempted=41
[Stage B]  Precheck reject (duplicate-signature) rule=univariate_nn cand=cbrt_ratpoly_1d[16][z_inv] target=nn#leaf1 vars=(1, 2) sig=(2191933987, 5, 1, 1, 1, 1, 1, -1, 4, 1, 1, 1, 1) attempted=41
[Stage B]  Precheck reject (duplicate-signature) rule=univariate_nn cand=cbrt_ratpoly_1d[17] target=nn#leaf1 vars=(1, 2) sig=(960898949, 1, 1, -1, 4, 1, 1, 1, 1) attempted=41
[Stage B]  Precheck reject (duplicate-signature) rule=univariate_nn cand=cbrt_ratpoly_1d[17][z_inv] target=nn#leaf1 vars=(1, 2) sig=(2191933987, 5, 1, 1, 1, 1, 1, -1, 5, 1, 1, 1, 1, 1) attempted=41
[Stage B]  Precheck reject (duplicate-signature) rule=univariate_nn cand=cbrt_ratpoly_1d[18] target=nn#leaf1 vars=(1, 2) sig=(960898949, 2, 1, 1, -1, 3, 1, 1, 1) attempted=41
[Stage B]  Precheck reject (duplicate-signature) rule=univariate_nn cand=cbrt_ratpoly_1d[19] target=nn#leaf1 vars=(1, 2) sig=(960898949, 3, 1, 1, 1, -1, 2, 1, 1) attempted=41
[Stage B]  Precheck reject (duplicate-signature) rule=univariate_nn cand=cbrt_ratpoly_1d[20] target=nn#leaf1 vars=(1, 2) sig=(960898949, 1, 1, -1, 5, 1, 1, 1, 1, 1) attempted=41
[Stage B]  Precheck reject (duplicate-signature) rule=univariate_nn cand=cbrt_ratpoly_1d[21] target=nn#leaf1 vars=(1, 2) sig=(960898949, 2, 1, 1, -1, 4, 1, 1, 1, 1) attempted=41
[Stage B]  Precheck reject (duplicate-signature) rule=univariate_nn cand=cbrt_ratpoly_1d[22] target=nn#leaf1 vars=(1, 2) sig=(960898949, 2, 1, 1, -1, 5, 1, 1, 1, 1, 1) attempted=41
[Stage B]  Precheck reject (duplicate-signature) rule=univariate_nn cand=ratpoly_1d target=nn#leaf1 vars=(1, 2) sig=(960898949, 1, 1, -1, 2, 1, 1) attempted=41
[Stage B]  Precheck reject (duplicate-signature) rule=univariate_nn cand=ratpoly_1d[1] target=nn#leaf1 vars=(1, 2) sig=(960898949, 1, 1, -1, 3, 1, 1, 1) attempted=41
[Stage B]  Precheck reject (duplicate-signature) rule=univariate_nn cand=ratpoly_1d[2] target=nn#leaf1 vars=(1, 2) sig=(960898949, 2, 1, 1, -1, 2, 1, 1) attempted=41
[Stage B]  Precheck reject (duplicate-signature) rule=univariate_nn cand=ratpoly_1d[3] target=nn#leaf1 vars=(1, 2) sig=(960898949, 1, 1, -1, 4, 1, 1, 1, 1) attempted=41
[Stage B]  Precheck reject (duplicate-signature) rule=univariate_nn cand=ratpoly_1d[4] target=nn#leaf1 vars=(1, 2) sig=(960898949, 2, 1, 1, -1, 3, 1, 1, 1) attempted=41
[Stage B]  Precheck reject (duplicate-signature) rule=univariate_nn cand=ratpoly_1d[5] target=nn#leaf1 vars=(1, 2) sig=(960898949, 3, 1, 1, 1, -1, 2, 1, 1) attempted=41
[Stage B]  Precheck reject (duplicate-signature) rule=univariate_nn cand=ratpoly_1d[6] target=nn#leaf1 vars=(1, 2) sig=(960898949, 4, 0, 1, 1, 1, -1, 2, 1, 1) attempted=41
[Stage B]  Precheck reject (duplicate-signature) rule=univariate_nn cand=ratpoly_1d[7] target=nn#leaf1 vars=(1, 2) sig=(960898949, 1, 1, -1, 5, 1, 1, 1, 1, 1) attempted=41
[Stage B]  Precheck reject (duplicate-signature) rule=univariate_nn cand=ratpoly_1d[8] target=nn#leaf1 vars=(1, 2) sig=(960898949, 2, 1, 1, -1, 4, 1, 1, 1, 1) attempted=41
[Stage B]  Precheck reject (duplicate-signature) rule=univariate_nn cand=ratpoly_1d[9] target=nn#leaf1 vars=(1, 2) sig=(960898949, 4, 1, 1, 1, 1, -1, 2, 1, 1) attempted=41
[Stage B]  Precheck reject (duplicate-signature) rule=univariate_nn cand=ratpoly_1d[10] target=nn#leaf1 vars=(1, 2) sig=(960898949, 3, 1, 1, 1, -1, 5, 1, 1, 1, 1, 1) attempted=41
[Stage B]  Precheck reject (duplicate-signature) rule=univariate_nn cand=ratpoly_1d[11] target=nn#leaf1 vars=(1, 2) sig=(960898949, 4, 1, 1, 1, 1, -1, 5, 1, 1, 1, 1, 1) attempted=41
[Stage B]  Precheck reject (duplicate-signature) rule=univariate_nn cand=ratpoly_1d[12] target=nn#leaf1 vars=(1, 2) sig=(960898949, 5, 1, 1, 1, 1, 1, -1, 4, 1, 1, 1, 1) attempted=41
[Stage B]  Precheck reject (duplicate-signature) rule=univariate_nn cand=ratpoly_1d[13] target=nn#leaf1 vars=(1, 2) sig=(960898949, 5, 1, 1, 1, 1, 1, -1, 5, 1, 1, 1, 1, 1) attempted=41
[Stage B]  Skipping exp (previously rejected on same target)
[Stage B]  Skipping exp[z_inv] (previously rejected on same target)
[Stage B]  Skipping exp_rat (previously rejected on same target)
[Stage B]  Skipping tanh (previously rejected on same target)
[Stage B]  Skipping tanh[z_inv] (previously rejected on same target)
[Stage B]  Trying trig on NN vars (1, 2), omega≈25.209, amp≈1.857
[Stage B] Initialising SinLinearLeaf for vars (1, 2), tag=leaf1
[Stage B] Post-custom-init validation (attempt 0), batch 0, finite: 2000/2000, min: -3.218e+04, max: 2.507e+04, mean: 1.088e+02
[Stage B] Post-custom-init validation (attempt 0), batch 1, finite: 2000/2000, min: -3.578e+04, max: 3.171e+04, mean: 1.748e+02
[Stage B] Post-custom-init validation (attempt 0), batch 2, finite: 2000/2000, min: -2.882e+04, max: 2.164e+04, mean: -3.389e+02
[Stage B] Prediction scale check (attempt 0): pred_median=6.744e+02, true_median=9.826e-02, ratio=6.864e+03
[Stage B] Warning: init scale_ratio extreme; rejecting candidate.
[Stage B]    Candidate (trig) rejected at init (non-finite loss); trying next.
[Stage B]  Trying trig on NN vars (1, 2), omega≈25.966, amp≈1.844 [coord=1/z]
[Stage B] Initialising SinLinearLeaf for vars (1, 2), tag=leaf1
[Stage B] Post-custom-init validation (attempt 0), batch 0, finite: 2000/2000, min: -3.289e+04, max: 2.927e+04, mean: 8.064e+01
[Stage B] Post-custom-init validation (attempt 0), batch 1, finite: 2000/2000, min: -3.200e+04, max: 3.586e+04, mean: -1.002e+02
[Stage B] Post-custom-init validation (attempt 0), batch 2, finite: 2000/2000, min: -2.598e+04, max: 2.087e+04, mean: -5.121e+02
[Stage B] Prediction scale check (attempt 0): pred_median=6.647e+02, true_median=9.826e-02, ratio=6.765e+03
[Stage B] Warning: init scale_ratio extreme; rejecting candidate.
[Stage B]    Candidate (trig[z_inv]) rejected at init (non-finite loss); trying next.
[Stage B]  Trying trig on NN vars (1, 2), omega≈4.000, amp≈1.844 [coord=1/z]
[Stage B] Initialising SinLinearLeaf for vars (1, 2), tag=leaf1
[Stage B] Post-custom-init validation (attempt 0), batch 0, finite: 2000/2000, min: 2.364e+01, max: 3.115e+04, mean: 1.699e+03
[Stage B] Post-custom-init validation (attempt 0), batch 1, finite: 2000/2000, min: 2.941e+01, max: 3.280e+04, mean: 1.839e+03
[Stage B] Post-custom-init validation (attempt 0), batch 2, finite: 2000/2000, min: -1.347e+04, max: 2.962e+04, mean: -5.951e+02
[Stage B] Prediction scale check (attempt 0): pred_median=4.976e+02, true_median=9.826e-02, ratio=5.065e+03
[Stage B] Warning: init scale_ratio extreme; rejecting candidate.
[Stage B]    Candidate (trig[z_inv]) rejected at init (non-finite loss); trying next.
[Stage B]  Trying trig on NN vars (1, 2), omega≈1.000, amp≈1.844 [coord=1/z]
[Stage B] Initialising SinLinearLeaf for vars (1, 2), tag=leaf1
[Stage B] Post-custom-init validation (attempt 0), batch 0, finite: 2000/2000, min: -1.970e+04, max: -4.918e+01, mean: -1.369e+03
[Stage B] Post-custom-init validation (attempt 0), batch 1, finite: 2000/2000, min: -2.076e+04, max: -4.652e+01, mean: -1.464e+03
[Stage B] Post-custom-init validation (attempt 0), batch 2, finite: 2000/2000, min: -1.944e+04, max: -2.153e+01, mean: -7.371e+02
[Stage B] Prediction scale check (attempt 0): pred_median=4.714e+02, true_median=9.826e-02, ratio=4.797e+03
[Stage B] Warning: init scale_ratio extreme; rejecting candidate.
[Stage B]    Candidate (trig[z_inv]) rejected at init (non-finite loss); trying next.
[Stage B]  Trying trig on NN vars (1, 2), omega≈12.983, amp≈1.844 [coord=1/z]
[Stage B] Initialising SinLinearLeaf for vars (1, 2), tag=leaf1
[Stage B] Post-custom-init validation (attempt 0), batch 0, finite: 2000/2000, min: -3.369e+04, max: 5.357e+03, mean: -1.687e+03
[Stage B] Post-custom-init validation (attempt 0), batch 1, finite: 2000/2000, min: -3.248e+04, max: 8.532e+03, mean: -1.875e+03
[Stage B] Post-custom-init validation (attempt 0), batch 2, finite: 2000/2000, min: -3.061e+04, max: 2.713e+04, mean: 1.830e+03
[Stage B] Prediction scale check (attempt 0): pred_median=7.232e+02, true_median=9.826e-02, ratio=7.360e+03
[Stage B] Warning: init scale_ratio extreme; rejecting candidate.
[Stage B]    Candidate (trig[z_inv]) rejected at init (non-finite loss); trying next.
[Stage B]  Trying trig on NN vars (1, 2), omega≈51.933, amp≈1.844 [coord=1/z]
[Stage B] Initialising SinLinearLeaf for vars (1, 2), tag=leaf1
[Stage B] Post-custom-init validation (attempt 0), batch 0, finite: 2000/2000, min: -2.886e+04, max: 2.278e+04, mean: 7.533e+01
[Stage B] Post-custom-init validation (attempt 0), batch 1, finite: 2000/2000, min: -3.341e+04, max: 3.701e+04, mean: 1.007e+02
[Stage B] Post-custom-init validation (attempt 0), batch 2, finite: 2000/2000, min: -2.601e+04, max: 2.983e+04, mean: 4.304e+02
[Stage B] Prediction scale check (attempt 0): pred_median=6.905e+02, true_median=9.826e-02, ratio=7.028e+03
[Stage B] Warning: init scale_ratio extreme; rejecting candidate.
[Stage B]    Candidate (trig[z_inv]) rejected at init (non-finite loss); trying next.
[Stage B]  Trying trig on NN vars (1, 2), omega≈4.000, amp≈1.857
[Stage B] Initialising SinLinearLeaf for vars (1, 2), tag=leaf1
[Stage B] Post-custom-init validation (attempt 0), batch 0, finite: 2000/2000, min: -2.896e+04, max: -2.093e+01, mean: -1.744e+03
[Stage B] Post-custom-init validation (attempt 0), batch 1, finite: 2000/2000, min: -3.085e+04, max: -1.921e+01, mean: -1.823e+03
[Stage B] Post-custom-init validation (attempt 0), batch 2, finite: 2000/2000, min: -2.787e+04, max: -3.216e+01, mean: -2.666e+03
[Stage B] Prediction scale check (attempt 0): pred_median=8.760e+02, true_median=9.826e-02, ratio=8.915e+03
[Stage B] Warning: init scale_ratio extreme; rejecting candidate.
[Stage B]    Candidate (trig) rejected at init (non-finite loss); trying next.
[Stage B]  Trying trig on NN vars (1, 2), omega≈1.000, amp≈1.857
[Stage B] Initialising SinLinearLeaf for vars (1, 2), tag=leaf1
[Stage B] Post-custom-init validation (attempt 0), batch 0, finite: 2000/2000, min: 5.633e+01, max: 2.098e+04, mean: 1.553e+03
[Stage B] Post-custom-init validation (attempt 0), batch 1, finite: 2000/2000, min: 5.581e+01, max: 2.190e+04, mean: 1.641e+03
[Stage B] Post-custom-init validation (attempt 0), batch 2, finite: 2000/2000, min: 7.604e+01, max: 1.902e+04, mean: 1.870e+03
[Stage B] Prediction scale check (attempt 0): pred_median=7.394e+02, true_median=9.826e-02, ratio=7.525e+03
[Stage B] Warning: init scale_ratio extreme; rejecting candidate.
[Stage B]    Candidate (trig) rejected at init (non-finite loss); trying next.
[Stage B]  Trying trig on NN vars (1, 2), omega≈12.605, amp≈1.857
[Stage B] Initialising SinLinearLeaf for vars (1, 2), tag=leaf1
[Stage B] Post-custom-init validation (attempt 0), batch 0, finite: 2000/2000, min: -1.063e+04, max: 2.757e+04, mean: 1.858e+03
[Stage B] Post-custom-init validation (attempt 0), batch 1, finite: 2000/2000, min: -1.015e+04, max: 3.588e+04, mean: 1.990e+03
[Stage B] Post-custom-init validation (attempt 0), batch 2, finite: 2000/2000, min: -2.338e+04, max: 1.407e+04, mean: -1.369e+03
[Stage B] Prediction scale check (attempt 0): pred_median=7.009e+02, true_median=9.826e-02, ratio=7.133e+03
[Stage B] Warning: init scale_ratio extreme; rejecting candidate.
[Stage B]    Candidate (trig) rejected at init (non-finite loss); trying next.
[Stage B]  Trying trig on NN vars (1, 2), omega≈50.419, amp≈1.857
[Stage B] Initialising SinLinearLeaf for vars (1, 2), tag=leaf1
[Stage B] Post-custom-init validation (attempt 0), batch 0, finite: 2000/2000, min: -3.370e+04, max: 2.527e+04, mean: -1.928e+02
[Stage B] Post-custom-init validation (attempt 0), batch 1, finite: 2000/2000, min: -3.346e+04, max: 3.434e+04, mean: -4.348e+01
[Stage B] Post-custom-init validation (attempt 0), batch 2, finite: 2000/2000, min: -2.549e+04, max: 2.878e+04, mean: 3.257e+01
[Stage B] Prediction scale check (attempt 0): pred_median=6.737e+02, true_median=9.826e-02, ratio=6.857e+03
[Stage B] Warning: init scale_ratio extreme; rejecting candidate.
[Stage B]    Candidate (trig) rejected at init (non-finite loss); trying next.
[Stage B]  Precheck reject (duplicate-signature) rule=univariate_nn cand=sinc_p2 target=nn#leaf1 vars=(1, 2) sig=(2, 2, 1, -1, -1, 0) attempted=41
[Stage B]  Precheck reject (duplicate-signature) rule=univariate_nn cand=sinc_p2[z_inv] target=nn#leaf1 vars=(1, 2) sig=(2, 2, 1, -1, -1, 0) attempted=41
[Stage B]  Trying affine trig (c + A*sin) on NN leaf vars (1, 2), omega≈25.209, amp≈1.857, offset≈-443.353
[Stage B] Initialising SinLinearLeaf for vars (1, 2), tag=leaf1
[Stage B] Post-custom-init validation (attempt 0), batch 0, finite: 2000/2000, min: 2.820e+04, max: 8.540e+06, mean: 7.028e+05
[Stage B] Post-custom-init validation (attempt 0), batch 1, finite: 2000/2000, min: 2.854e+04, max: 8.939e+06, mean: 7.464e+05
[Stage B] Post-custom-init validation (attempt 0), batch 2, finite: 2000/2000, min: 2.928e+04, max: 8.701e+06, mean: 6.633e+05
[Stage B] Prediction scale check (attempt 0): pred_median=3.049e+05, true_median=9.826e-02, ratio=3.103e+06
[Stage B] Warning: init scale_ratio extreme; rejecting candidate.
[Stage B]    Candidate (affine_trig) rejected at init (non-finite loss); trying next.
[Stage B]  Trying affine trig (c + A*sin) on NN leaf vars (1, 2), omega≈25.966, amp≈1.844, offset≈-443.117 [coord=1/z]
[Stage B] Initialising SinLinearLeaf for vars (1, 2), tag=leaf1
[Stage B] Post-custom-init validation (attempt 0), batch 0, finite: 2000/2000, min: 2.813e+04, max: 8.558e+06, mean: 7.024e+05
[Stage B] Post-custom-init validation (attempt 0), batch 1, finite: 2000/2000, min: 2.867e+04, max: 8.903e+06, mean: 7.457e+05
[Stage B] Post-custom-init validation (attempt 0), batch 2, finite: 2000/2000, min: 2.928e+04, max: 8.709e+06, mean: 6.628e+05
[Stage B] Prediction scale check (attempt 0): pred_median=3.046e+05, true_median=9.826e-02, ratio=3.100e+06
[Stage B] Warning: init scale_ratio extreme; rejecting candidate.
[Stage B]    Candidate (affine_trig[z_inv]) rejected at init (non-finite loss); trying next.
[Stage B]  Leaf-transform 'square' poly(deg=3): rms≈0.000
[Stage B] Post-custom-init validation (attempt 0), batch 0, finite: 2000/2000, min: 2.803e+04, max: 8.497e+06, mean: 7.023e+05
[Stage B] Post-custom-init validation (attempt 0), batch 1, finite: 2000/2000, min: 2.843e+04, max: 8.885e+06, mean: 7.459e+05
[Stage B] Post-custom-init validation (attempt 0), batch 2, finite: 2000/2000, min: 2.900e+04, max: 8.757e+06, mean: 6.570e+05
[Stage B] Prediction scale check (attempt 0): pred_median=3.031e+05, true_median=9.826e-02, ratio=3.085e+06
[Stage B] Warning: init scale_ratio extreme; rejecting candidate.
[Stage B]    Candidate (leaftr_square_poly3) rejected at init (non-finite loss); trying next.
[Stage B]  Leaf-transform 'square' poly(deg=3): rms≈0.000 [coord=1/z]
[Stage B] Post-custom-init validation (attempt 0), batch 0, finite: 2000/2000, min: 2.803e+04, max: 8.497e+06, mean: 7.023e+05
[Stage B] Post-custom-init validation (attempt 0), batch 1, finite: 2000/2000, min: 2.843e+04, max: 8.885e+06, mean: 7.459e+05
[Stage B] Post-custom-init validation (attempt 0), batch 2, finite: 2000/2000, min: 2.900e+04, max: 8.758e+06, mean: 6.570e+05
[Stage B] Prediction scale check (attempt 0): pred_median=3.031e+05, true_median=9.826e-02, ratio=3.085e+06
[Stage B] Warning: init scale_ratio extreme; rejecting candidate.
[Stage B]    Candidate (leaftr_square_poly3[z_inv]) rejected at init (non-finite loss); trying next.
[Stage B]  Leaf-transform 'recip' poly(deg=3): rms≈0.000
[Stage B] Post-custom-init validation (attempt 0), batch 0, finite: 2000/2000, min: 2.803e+04, max: 8.497e+06, mean: 7.023e+05
[Stage B] Post-custom-init validation (attempt 0), batch 1, finite: 2000/2000, min: 2.843e+04, max: 8.885e+06, mean: 7.459e+05
[Stage B] Post-custom-init validation (attempt 0), batch 2, finite: 2000/2000, min: 2.900e+04, max: 8.757e+06, mean: 6.570e+05
[Stage B] Prediction scale check (attempt 0): pred_median=3.031e+05, true_median=9.826e-02, ratio=3.085e+06
[Stage B] Warning: init scale_ratio extreme; rejecting candidate.
[Stage B]    Candidate (leaftr_recip_poly3) rejected at init (non-finite loss); trying next.
[Stage B]  Leaf-transform 'recip' poly(deg=3): rms≈0.000 [coord=1/z]
[Stage B] Post-custom-init validation (attempt 0), batch 0, finite: 2000/2000, min: 2.803e+04, max: 8.497e+06, mean: 7.023e+05
[Stage B] Post-custom-init validation (attempt 0), batch 1, finite: 2000/2000, min: 2.843e+04, max: 8.885e+06, mean: 7.459e+05
[Stage B] Post-custom-init validation (attempt 0), batch 2, finite: 2000/2000, min: 2.900e+04, max: 8.758e+06, mean: 6.570e+05
[Stage B] Prediction scale check (attempt 0): pred_median=3.031e+05, true_median=9.826e-02, ratio=3.085e+06
[Stage B] Warning: init scale_ratio extreme; rejecting candidate.
[Stage B]    Candidate (leaftr_recip_poly3[z_inv]) rejected at init (non-finite loss); trying next.
[Stage B]  Leaf-transform 'recip' trig: rms≈0.000, omega≈1.000, amp≈0.000, offset≈-0.002
[Stage B] Initialising SinLinearLeaf for vars (1, 2), tag=leaf1
[Stage B] Post-custom-init validation (attempt 0), batch 0, finite: 2000/2000, min: 2.803e+04, max: 8.497e+06, mean: 7.023e+05
[Stage B] Post-custom-init validation (attempt 0), batch 1, finite: 2000/2000, min: 2.843e+04, max: 8.885e+06, mean: 7.459e+05
[Stage B] Post-custom-init validation (attempt 0), batch 2, finite: 2000/2000, min: 2.900e+04, max: 8.758e+06, mean: 6.570e+05
[Stage B] Prediction scale check (attempt 0): pred_median=3.031e+05, true_median=9.826e-02, ratio=3.085e+06
[Stage B] Warning: init scale_ratio extreme; rejecting candidate.
[Stage B]    Candidate (leaftr_recip_affine_trig) rejected at init (non-finite loss); trying next.
[Stage B]  Leaf-transform 'recip' trig: rms≈0.000, omega≈1.000, amp≈0.000, offset≈-0.002 [coord=1/z]
[Stage B] Initialising SinLinearLeaf for vars (1, 2), tag=leaf1
[Stage B] Post-custom-init validation (attempt 0), batch 0, finite: 2000/2000, min: 2.803e+04, max: 8.497e+06, mean: 7.023e+05
[Stage B] Post-custom-init validation (attempt 0), batch 1, finite: 2000/2000, min: 2.842e+04, max: 8.885e+06, mean: 7.459e+05
[Stage B] Post-custom-init validation (attempt 0), batch 2, finite: 2000/2000, min: 2.900e+04, max: 8.758e+06, mean: 6.569e+05
[Stage B] Prediction scale check (attempt 0): pred_median=3.031e+05, true_median=9.826e-02, ratio=3.085e+06
[Stage B] Warning: init scale_ratio extreme; rejecting candidate.
[Stage B]    Candidate (leaftr_recip_affine_trig[z_inv]) rejected at init (non-finite loss); trying next.
[Stage B]  Trying 1D symexp_denom_1d_recip rewrite (scale/(exp(r)+exp(-r))) on NN leaf vars (1, 2) [coord=1/z]
[Stage B custom_init symexp_denom_1d_recip] compound vars=(1, 2), scale≈-937, r±(z)≈-2.41*z
[Stage B] Post-custom-init validation (attempt 0), batch 0, finite: 2000/2000, min: 4.688e+03, max: 2.094e+06, mean: 1.356e+05
[Stage B] Post-custom-init validation (attempt 0), batch 1, finite: 2000/2000, min: 4.425e+03, max: 2.204e+06, mean: 1.450e+05
[Stage B] Post-custom-init validation (attempt 0), batch 2, finite: 2000/2000, min: 2.772e+03, max: 1.990e+06, mean: 7.645e+04
[Stage B] Prediction scale check (attempt 0): pred_median=4.746e+04, true_median=9.826e-02, ratio=4.830e+05
[Stage B] Warning: init scale_ratio extreme; rejecting candidate.
[Stage B]    Candidate (symexp_denom_1d_recip[z_inv]) rejected at init (non-finite loss); trying next.
[Stage B]  one_minus_cos_over_z2 skip NN vars (1,): phase is not dimensionless for z=x1, dim=(Fraction(0, 1), Fraction(-1, 1), Fraction(0, 1))
[Stage B] ratpoly_1d degree probe: no valid pairs, falling back to unconstrained grid, vars=(1,)
[Stage B] ratpoly_1d rejected: best rel_rms=0.0017 > 0.001, deg=(4,2), vars=(1,)
[Stage B] ratpoly_1d degree probe: no valid pairs, falling back to unconstrained grid, vars=(1,)
[Stage B] ratpoly_1d probe: 1 sub-threshold trial(s) for vars=(1,): deg=(2,4)->(2,4) nnz=(2,4) rms=0.0006
[Stage B] ratpoly_1d degree probe: 7 valid pair(s), min_deg=(0,2), vars=(1,)
[Stage B] ratpoly_1d rejected: best rel_rms=0.9654 > 0.001, deg=(1,3), vars=(1,)
[Stage B] ratpoly_1d degree probe: 7 valid pair(s), min_deg=(2,0), vars=(1,)
[Stage B] ratpoly_1d rejected: best rel_rms=1.3041 > 0.001, deg=(2,0), vars=(1,)
[Stage B]  one_minus_cos_over_z2 skip NN vars (1,): phase is not dimensionless for z=(x1)**-1, dim=(Fraction(0, 1), Fraction(1, 1), Fraction(0, 1))
[Stage B] ratpoly_1d degree probe: no valid pairs, falling back to unconstrained grid, vars=(1,)
[Stage B] ratpoly_1d rejected: best rel_rms=0.0296 > 0.001, deg=(2,4), vars=(1,)
[Stage B] ratpoly_1d degree probe: no valid pairs, falling back to unconstrained grid, vars=(1,)
[Stage B] ratpoly_1d probe: 1 sub-threshold trial(s) for vars=(1,): deg=(4,4)->(4,4) nnz=(5,5) rms=0.0009
[Stage B] ratpoly_1d degree probe: 7 valid pair(s), min_deg=(2,0), vars=(1,)
[Stage B] ratpoly_1d rejected: best rel_rms=1.0687 > 0.001, deg=(4,2), vars=(1,)
[Stage B] ratpoly_1d degree probe: 7 valid pair(s), min_deg=(0,2), vars=(1,)
[Stage B] ratpoly_1d rejected: best rel_rms=43.0338 > 0.001, deg=(6,8), vars=(1,)
[Stage B] RuleUniNN proposing 14 candidates for NN vars=(1,): ['monomial_deg1', 'monomial_deg2', 'monomial_deg3', 'cf_sharedpref_resid', 'cf_sharedpref_resid', 'cf_sharedpref_resid', 'cf_combo', 'cf_combo', 'cf_combo', 'cf_combo', 'cf_combo', 'cf_combo', 'cf_combo', 'sqrt_ratpoly_1d']
[Stage B]  Skipping reciprocal-coordinate alias sqrt_ratpoly_1d: closed-under-reciprocal:sqrt_ratpoly_1d
[Stage B] RuleUniNN proposing 14 candidates for NN vars=(1,): ['sqrt_ratpoly_1d', 'monomial_deg1[z_inv]', 'monomial_deg2[z_inv]', 'monomial_deg3[z_inv]', 'cf_sharedpref_resid[z_inv]', 'cf_sharedpref_resid[z_inv]', 'cf_sharedpref_resid[z_inv]', 'cf_combo[z_inv]', 'cf_combo[z_inv]', 'cf_combo[z_inv]', 'cf_combo[z_inv]', 'cf_combo[z_inv]', 'cf_combo[z_inv]', 'cf_combo[z_inv]']
[Stage B]  Greedy order (14 cands): sqrt_ratpoly_1d(1005p), monomial_deg1[z_inv](1000p), monomial_deg2[z_inv](1000p), monomial_deg3[z_inv](1000p), cf_sharedpref_resid[z_inv](1002p), cf_sharedpref_resid[z_inv](1002p), cf_sharedpref_resid[z_inv](1002p), cf_combo[z_inv](1002p), cf_combo[z_inv](1001p), cf_combo[z_inv](1002p), cf_combo[z_inv](1001p), cf_combo[z_inv](1002p), cf_combo[z_inv](1001p), cf_combo[z_inv](1002p)
[Stage B]  Precheck reject (duplicate-signature) rule=univariate_nn cand=sqrt_ratpoly_1d target=nn#leaf2 vars=(1,) sig=(214114786, 3, 1, 0, 1, -1, 5, 1, 1, 1, 0, 1) attempted=41
[Stage B]  Precheck reject (units: nn-output-unreachable leaf1 inputs=((x1 * (x2)**-1)) target=T^-1/3 basis=['dimless-only']) rule=univariate_nn cand=monomial_deg1[z_inv] target=nn#leaf2 vars=(1,) attempted=41
[Stage B]  Precheck reject (units: nn-output-unreachable leaf1 inputs=((x1 * (x2)**-1)) target=T^-4/3 basis=['dimless-only']) rule=univariate_nn cand=monomial_deg2[z_inv] target=nn#leaf2 vars=(1,) attempted=41
[Stage B]  Precheck reject (units: nn-output-unreachable leaf1 inputs=((x1 * (x2)**-1)) target=T^-7/3 basis=['dimless-only']) rule=univariate_nn cand=monomial_deg3[z_inv] target=nn#leaf2 vars=(1,) attempted=41
[Stage B]  Precheck reject (units: units-inconsistent (T)) rule=univariate_nn cand=cf_sharedpref_resid[z_inv] target=nn#leaf2 vars=(1,) attempted=41
[Stage B]  Precheck reject (units: units-inconsistent (T)) rule=univariate_nn cand=cf_sharedpref_resid[z_inv] target=nn#leaf2 vars=(1,) attempted=41
[Stage B]  Precheck reject (units: units-inconsistent (T)) rule=univariate_nn cand=cf_sharedpref_resid[z_inv] target=nn#leaf2 vars=(1,) attempted=41
[Stage B]  Precheck reject (units: units-inconsistent (T)) rule=univariate_nn cand=cf_combo[z_inv] target=nn#leaf2 vars=(1,) attempted=41
[Stage B]  Precheck reject (units: units-inconsistent (T)) rule=univariate_nn cand=cf_combo[z_inv] target=nn#leaf2 vars=(1,) attempted=41
[Stage B]  Precheck reject (units: units-inconsistent (T)) rule=univariate_nn cand=cf_combo[z_inv] target=nn#leaf2 vars=(1,) attempted=41
[Stage B]  Precheck reject (units: units-inconsistent (T)) rule=univariate_nn cand=cf_combo[z_inv] target=nn#leaf2 vars=(1,) attempted=41
[Stage B]  Precheck reject (units: units-inconsistent (T)) rule=univariate_nn cand=cf_combo[z_inv] target=nn#leaf2 vars=(1,) attempted=41
[Stage B]  Precheck reject (units: units-inconsistent (T)) rule=univariate_nn cand=cf_combo[z_inv] target=nn#leaf2 vars=(1,) attempted=41
[Stage B]  Precheck reject (units: units-inconsistent (T)) rule=univariate_nn cand=cf_combo[z_inv] target=nn#leaf2 vars=(1,) attempted=41
[Stage B] Rule log_ratio found 0 targets
[Stage B] Rule power_product found 0 targets
[Stage B] Rule joint_product_monomial_closure found 1 targets
[Stage B]   target order (arity-asc): [vars=?(arity=1)]
[Stage B]  joint_product_monomial_closure target: tags=('leaf1', 'leaf2'), supports=((1, 2), (1,)), compound=(True, False), fit_support=(1, 2)
[Stage B]  joint_product_monomial_closure: no clean integer monomial for 2 NN factor(s), support=(1, 2); reason=integer-snap-failed, n=5000, raw=[1.18, -0.466], snap=[1, 0], snap_err=0.466
[Stage B] Rule overlap_prefactor_peel found 0 targets
[Stage B] Rule overlap_counterterm_peel found 0 targets
[Stage B] Rule common_prefactor found 0 targets
[Stage B] Rule additive_gauge_transfer found 0 targets
[Stage B] Rule multiplicative_homogeneity_transfer found 0 targets
[Stage B] Rule univariate_mono found 2 targets
[Stage B]   target order (arity-asc): [vars=(1, 2)(arity=1), vars=(1,)(arity=1)]
[Stage B]  Greedy order (6 cands): monomial_deg1(999p), monomial_deg1[z_inv](999p), monomial_deg2(999p), monomial_deg2[z_inv](999p), monomial_deg3(999p), monomial_deg3[z_inv](999p)
[Stage B]  Skipping monomial_deg1 (previously rejected on same target)
[Stage B]  Skipping monomial_deg1[z_inv] (previously rejected on same target)
[Stage B]  Skipping monomial_deg2 (previously rejected on same target)
[Stage B]  Skipping monomial_deg2[z_inv] (previously rejected on same target)
[Stage B]  Skipping monomial_deg3 (previously rejected on same target)
[Stage B]  Skipping monomial_deg3[z_inv] (previously rejected on same target)
[Stage B]  Greedy order (3 cands): monomial_deg1[z_inv](999p), monomial_deg2[z_inv](999p), monomial_deg3[z_inv](999p)
[Stage B]  Precheck reject (units: nn-output-unreachable leaf1 inputs=((x1 * (x2)**-1)) target=T^-1/3 basis=['dimless-only']) rule=univariate_mono cand=monomial_deg1[z_inv] target=nn#leaf2 vars=(1,) attempted=0
[Stage B]  Precheck reject (units: nn-output-unreachable leaf1 inputs=((x1 * (x2)**-1)) target=T^-4/3 basis=['dimless-only']) rule=univariate_mono cand=monomial_deg2[z_inv] target=nn#leaf2 vars=(1,) attempted=0
[Stage B]  Precheck reject (units: nn-output-unreachable leaf1 inputs=((x1 * (x2)**-1)) target=T^-7/3 basis=['dimless-only']) rule=univariate_mono cand=monomial_deg3[z_inv] target=nn#leaf2 vars=(1,) attempted=0
[Stage B] Rule nn_leaf_separability found 0 targets
[Stage B] Rule counterterm_mul_split found 0 targets
[Stage B] Rule counterfactor_add_split found 0 targets
[Stage B] === Phase 1 complete: No more separabilities found ===
[Stage B] === Phase 2: Trying specialized patterns (after exhausting separability) ===
[Stage B]   target order (arity-asc): [vars=(1, 2)(arity=1), vars=(1,)(arity=1)]
[Stage B]  Greedy order (10 cands): cf_sharedpref_resid(1002p), cf_sharedpref_resid(1002p), cf_sharedpref_resid(1002p), cf_combo(1002p), cf_combo(1001p), cf_combo(1002p), cf_combo(1001p), cf_combo(1002p), cf_combo(1001p), cf_combo(1002p)
[Stage B]  Trying shared-prefactor+residual macro on NN leaf vars [1, 2], pref=arg0, macro=sqrt1p(arg0^2), screen_r2=1.000, ok_frac=1.000
[info] dataloader for provider ASTCompositeAdaptor yields 3 batches (equivalent to a single batch up to floating-point roundoff; minor Python-loop overhead per batch).
[LM][bucket] solving P=387 (trivially separable union)
Validation patience exceeded at epoch 1101/2000, nval_worse=500
[Stage B]    Candidate (cf_sharedpref_resid): params=387, val-loss=7.1330e-06
[Stage B]    Reject (cf_sharedpref_resid): simpler-over-budget(thr=9.247e-11) | loss 7.528e-13->7.133e-06 (Δ+7.13e-06) | params 768->387 | cx (0, 0, 0)->(0, 0, 0)
[Stage B]  Skipping cf_sharedpref_resid (previously rejected on same target)
[Stage B]  Skipping cf_sharedpref_resid (previously rejected on same target)
[Stage B]  Trying tier-3 linear combo on NN leaf vars [1, 2], terms=['hypot', 'arg0^2'], screen_r2=1.000, ok_frac=1.000
[info] dataloader for provider ASTCompositeAdaptor yields 3 batches (equivalent to a single batch up to floating-point roundoff; minor Python-loop overhead per batch).
Stopping at epoch 201/2000, lm_opt.state['halt']=True, loss=1.6962e-07, loss_val=2.8455e-07
[Stage B]    Candidate (cf_combo): params=387, val-loss=2.8450e-07
[Stage B]    Reject (cf_combo): simpler-over-budget(thr=9.247e-11) | loss 7.528e-13->2.845e-07 (Δ+2.85e-07) | params 768->387 | cx (0, 0, 0)->(0, 0, 0)
[Stage B]  Skipping cf_combo (previously rejected on same target)
[Stage B]  Skipping cf_combo (previously rejected on same target)
[Stage B]  Skipping cf_combo (previously rejected on same target)
[Stage B]  Skipping cf_combo (previously rejected on same target)
[Stage B]  Skipping cf_combo (previously rejected on same target)
[Stage B]  Skipping cf_combo (previously rejected on same target)
[Stage B]  Greedy order (10 cands): cf_sharedpref_resid(1002p), cf_sharedpref_resid(1002p), cf_combo(1002p), cf_combo(1001p), cf_combo(1002p), cf_combo(1001p), cf_combo(1002p), cf_combo(1001p), cf_combo(1002p), cf_combo(1001p)
[Stage B]  Precheck reject (units: units-inconsistent (T)) rule=compound_fn_macros cand=cf_sharedpref_resid target=nn#leaf2 vars=(1,) attempted=0
[Stage B]  Precheck reject (units: units-inconsistent (T)) rule=compound_fn_macros cand=cf_sharedpref_resid target=nn#leaf2 vars=(1,) attempted=0
[Stage B]  Precheck reject (units: units-inconsistent (T)) rule=compound_fn_macros cand=cf_combo target=nn#leaf2 vars=(1,) attempted=0
[Stage B]  Precheck reject (units: units-inconsistent (T)) rule=compound_fn_macros cand=cf_combo target=nn#leaf2 vars=(1,) attempted=0
[Stage B]  Precheck reject (units: units-inconsistent (T)) rule=compound_fn_macros cand=cf_combo target=nn#leaf2 vars=(1,) attempted=0
[Stage B]  Precheck reject (units: units-inconsistent (T)) rule=compound_fn_macros cand=cf_combo target=nn#leaf2 vars=(1,) attempted=0
[Stage B]  Precheck reject (units: units-inconsistent (T)) rule=compound_fn_macros cand=cf_combo target=nn#leaf2 vars=(1,) attempted=0
[Stage B]  Precheck reject (units: units-inconsistent (T)) rule=compound_fn_macros cand=cf_combo target=nn#leaf2 vars=(1,) attempted=0
[Stage B]  Precheck reject (units: units-inconsistent (T)) rule=compound_fn_macros cand=cf_combo target=nn#leaf2 vars=(1,) attempted=0
[Stage B]  Precheck reject (units: units-inconsistent (T)) rule=compound_fn_macros cand=cf_combo target=nn#leaf2 vars=(1,) attempted=0
[Stage B]   target order (arity-asc): [vars=(1, 2)(arity=1), vars=(1,)(arity=1)]
[Stage B]  Greedy order (2 cands): chirp_cos_prod(1005p), trig_harmonics_1_3(1005p)
[Stage B]  Precheck reject (units: free_const 'leaf1_uinv_amp' is not declared in UnitsSpec.free_const_dims) rule=univariate_oracle_invariants cand=chirp_cos_prod target=nn#leaf1 vars=(1, 2) attempted=0
[Stage B]  Trying trig harmonics (1&3) on NN vars=(1, 2): omega≈0.1209, rel=6.30e-10
[Stage B] Post-custom-init validation (attempt 0), batch 0, finite: 2000/2000, min: 2.803e+04, max: 8.497e+06, mean: 7.023e+05
[Stage B] Post-custom-init validation (attempt 0), batch 1, finite: 2000/2000, min: 2.843e+04, max: 8.885e+06, mean: 7.459e+05
[Stage B] Post-custom-init validation (attempt 0), batch 2, finite: 2000/2000, min: 2.900e+04, max: 8.757e+06, mean: 6.570e+05
[Stage B] Prediction scale check (attempt 0): pred_median=3.031e+05, true_median=9.826e-02, ratio=3.085e+06
[Stage B] Warning: init scale_ratio extreme; rejecting candidate.
[Stage B]    Candidate (trig_harmonics_1_3) rejected at init (non-finite loss); trying next.
[Stage B]   target order (arity-asc): [vars=(1, 2)(arity=1), vars=(1,)(arity=1)]
[Stage B]  Greedy order (2 cands): logexp_dimless_input_log(1000p), logexp_dimless_input_exp(1000p)
[Stage B]  Trying log/exp compound closure dimless_input:log on NN vars=(1, 2): log((x1 * (x2)**-1))
[Stage B] Post-custom-init validation (attempt 0), batch 0, finite: 2000/2000, min: -2.543e+03, max: 1.164e+03, mean: -1.398e+01
[Stage B] Post-custom-init validation (attempt 0), batch 1, finite: 2000/2000, min: -2.645e+03, max: 1.505e+03, mean: -2.038e+01
[Stage B] Post-custom-init validation (attempt 0), batch 2, finite: 2000/2000, min: -1.697e+03, max: 3.419e+03, mean: 2.839e+02
[Stage B] Prediction scale check (attempt 0): pred_median=5.470e+01, true_median=9.826e-02, ratio=5.567e+02
[info] dataloader for provider ASTCompositeAdaptor yields 3 batches (equivalent to a single batch up to floating-point roundoff; minor Python-loop overhead per batch).
[LM][bucket] solving P=385 (trivially separable union)
Validation patience exceeded at epoch 701/2000, nval_worse=500
[Stage B]    Candidate (logexp_dimless_input_log): params=385, val-loss=4.6464e-03
[Stage B]    Reject (logexp_dimless_input_log): simpler-over-budget(thr=9.261e-11) | loss 7.528e-13->4.646e-03 (Δ+4.65e-03) | params 768->385 | cx (0, 0, 0)->(0, 0, 0)
[Stage B]  Trying log/exp compound closure dimless_input:exp on NN vars=(1, 2): exp((x1 * (x2)**-1))
[Stage B] Post-custom-init validation (attempt 0), batch 0, finite: 2000/2000, min: -5.864e+04, max: -1.668e+02, mean: -4.369e+03
[Stage B] Post-custom-init validation (attempt 0), batch 1, finite: 2000/2000, min: -6.182e+04, max: -1.626e+02, mean: -4.654e+03
[Stage B] Post-custom-init validation (attempt 0), batch 2, finite: 2000/2000, min: -5.855e+04, max: -1.471e+02, mean: -3.436e+03
[Stage B] Prediction scale check (attempt 0): pred_median=1.770e+03, true_median=9.826e-02, ratio=1.801e+04
[Stage B] Warning: init scale_ratio extreme; rejecting candidate.
[Stage B]    Candidate (logexp_dimless_input_exp) rejected at init (non-finite loss); trying next.
[Stage B]   target order (arity-asc): [vars=(1, 2)(arity=1), vars=(1,)(arity=1)]
[Stage B]  Greedy order (8 cands): r1_reciprocal(1001p), r1_affine(1001p), r1_inv_square_invsqrt(1001p), r1_square_sqrt(1001p), r1_power_affine_p1_2(1001p), r1_power_affine_p2(1001p), r1_power_affine_p3(1001p), r1_reciprocal_zinv(1001p)
[Stage B R1Cert] Trying r1_reciprocal: reciprocal(y)≈0.000119052*psi(z)+-0.0023773, inverse=reciprocal, rel=8.26e-08, dom=1.000, branch=1.000
[Stage B] Post-custom-init validation (attempt 0), batch 0, finite: 2000/2000, min: 2.803e+04, max: 8.497e+06, mean: 7.023e+05
[Stage B] Post-custom-init validation (attempt 0), batch 1, finite: 2000/2000, min: 2.843e+04, max: 8.885e+06, mean: 7.459e+05
[Stage B] Post-custom-init validation (attempt 0), batch 2, finite: 2000/2000, min: 2.900e+04, max: 8.757e+06, mean: 6.570e+05
[Stage B] Prediction scale check (attempt 0): pred_median=3.031e+05, true_median=9.826e-02, ratio=3.085e+06
[Stage B] Warning: init scale_ratio extreme; rejecting candidate.
[Stage B]    Candidate (r1_reciprocal) rejected at init (non-finite loss); trying next.
[Stage B R1Cert] Trying r1_affine: identity(y)≈-23.2466*psi(z)+-419.585, inverse=identity, rel=3.06e-05, dom=1.000, branch=1.000
[Stage B] Post-custom-init validation (attempt 0), batch 0, finite: 2000/2000, min: 2.803e+04, max: 8.497e+06, mean: 7.023e+05
[Stage B] Post-custom-init validation (attempt 0), batch 1, finite: 2000/2000, min: 2.843e+04, max: 8.885e+06, mean: 7.459e+05
[Stage B] Post-custom-init validation (attempt 0), batch 2, finite: 2000/2000, min: 2.900e+04, max: 8.757e+06, mean: 6.569e+05
[Stage B] Prediction scale check (attempt 0): pred_median=3.031e+05, true_median=9.826e-02, ratio=3.085e+06
[Stage B] Warning: init scale_ratio extreme; rejecting candidate.
[Stage B]    Candidate (r1_affine) rejected at init (non-finite loss); trying next.
[Stage B R1Cert] Trying r1_inv_square_invsqrt: inv_square(y)≈-5.38849e-07*psi(z)+5.63865e-06, inverse=invsqrt, rel=3.07e-05, dom=1.000, branch=1.000
[Stage B] Post-custom-init validation (attempt 0), batch 0, finite: 2000/2000, min: 2.803e+04, max: 8.497e+06, mean: 7.023e+05
[Stage B] Post-custom-init validation (attempt 0), batch 1, finite: 2000/2000, min: 2.843e+04, max: 8.885e+06, mean: 7.459e+05
[Stage B] Post-custom-init validation (attempt 0), batch 2, finite: 2000/2000, min: 2.900e+04, max: 8.758e+06, mean: 6.570e+05
[Stage B] Prediction scale check (attempt 0): pred_median=3.031e+05, true_median=9.826e-02, ratio=3.085e+06
[Stage B] Warning: init scale_ratio extreme; rejecting candidate.
[Stage B]    Candidate (r1_inv_square_invsqrt) rejected at init (non-finite loss); trying next.
[Stage B R1Cert] Trying r1_square_sqrt: square(y)≈20545.4*psi(z)+175559, inverse=sqrt, rel=9.18e-05, dom=1.000, branch=1.000
[Stage B] Post-custom-init validation (attempt 0), batch 0, finite: 2000/2000, min: 2.803e+04, max: 8.497e+06, mean: 7.023e+05
[Stage B] Post-custom-init validation (attempt 0), batch 1, finite: 2000/2000, min: 2.843e+04, max: 8.885e+06, mean: 7.459e+05
[Stage B] Post-custom-init validation (attempt 0), batch 2, finite: 2000/2000, min: 2.899e+04, max: 8.757e+06, mean: 6.569e+05
[Stage B] Prediction scale check (attempt 0): pred_median=3.031e+05, true_median=9.826e-02, ratio=3.085e+06
[Stage B] Warning: init scale_ratio extreme; rejecting candidate.
[Stage B]    Candidate (r1_square_sqrt) rejected at init (non-finite loss); trying next.
[Stage B R1Cert] Trying r1_power_affine_p1_2: identity(y)≈-45.3482*psi(z)+-397.531, inverse=identity, rel=1.85e-04, dom=1.000, branch=1.000
[Stage B] Post-custom-init validation (attempt 0), batch 0, finite: 2000/2000, min: 2.804e+04, max: 8.498e+06, mean: 7.023e+05
[Stage B] Post-custom-init validation (attempt 0), batch 1, finite: 2000/2000, min: 2.843e+04, max: 8.886e+06, mean: 7.460e+05
[Stage B] Post-custom-init validation (attempt 0), batch 2, finite: 2000/2000, min: 2.899e+04, max: 8.756e+06, mean: 6.568e+05
[Stage B] Prediction scale check (attempt 0): pred_median=3.031e+05, true_median=9.826e-02, ratio=3.085e+06
[Stage B] Warning: init scale_ratio extreme; rejecting candidate.
[Stage B]    Candidate (r1_power_affine_p1_2) rejected at init (non-finite loss); trying next.
[Stage B R1Cert] Trying r1_power_affine_p2: identity(y)≈-12.0788*psi(z)+-430.65, inverse=identity, rel=2.73e-04, dom=1.000, branch=1.000
[Stage B] Post-custom-init validation (attempt 0), batch 0, finite: 2000/2000, min: 2.803e+04, max: 8.495e+06, mean: 7.023e+05
[Stage B] Post-custom-init validation (attempt 0), batch 1, finite: 2000/2000, min: 2.842e+04, max: 8.883e+06, mean: 7.459e+05
[Stage B] Post-custom-init validation (attempt 0), batch 2, finite: 2000/2000, min: 2.901e+04, max: 8.759e+06, mean: 6.571e+05
[Stage B] Prediction scale check (attempt 0): pred_median=3.031e+05, true_median=9.826e-02, ratio=3.085e+06
[Stage B] Warning: init scale_ratio extreme; rejecting candidate.
[Stage B]    Candidate (r1_power_affine_p2) rejected at init (non-finite loss); trying next.
[Stage B R1Cert] Trying r1_power_affine_p3: identity(y)≈-8.24727*psi(z)+-434.374, inverse=identity, rel=5.65e-04, dom=1.000, branch=1.000
[Stage B] Post-custom-init validation (attempt 0), batch 0, finite: 2000/2000, min: 2.802e+04, max: 8.493e+06, mean: 7.022e+05
[Stage B] Post-custom-init validation (attempt 0), batch 1, finite: 2000/2000, min: 2.841e+04, max: 8.880e+06, mean: 7.458e+05
[Stage B] Post-custom-init validation (attempt 0), batch 2, finite: 2000/2000, min: 2.902e+04, max: 8.760e+06, mean: 6.574e+05
[Stage B] Prediction scale check (attempt 0): pred_median=3.033e+05, true_median=9.826e-02, ratio=3.087e+06
[Stage B] Warning: init scale_ratio extreme; rejecting candidate.
[Stage B]    Candidate (r1_power_affine_p3) rejected at init (non-finite loss); trying next.
[Stage B R1Cert] Trying r1_reciprocal_zinv: reciprocal(y)≈-0.000105304*psi(z)+-0.00215206, inverse=reciprocal, rel=6.21e-04, dom=1.000, branch=1.000
[Stage B] Post-custom-init validation (attempt 0), batch 0, finite: 2000/2000, min: 2.805e+04, max: 8.502e+06, mean: 7.024e+05
[Stage B] Post-custom-init validation (attempt 0), batch 1, finite: 2000/2000, min: 2.844e+04, max: 8.889e+06, mean: 7.460e+05
[Stage B] Post-custom-init validation (attempt 0), batch 2, finite: 2000/2000, min: 2.898e+04, max: 8.753e+06, mean: 6.567e+05
[Stage B] Prediction scale check (attempt 0): pred_median=3.031e+05, true_median=9.826e-02, ratio=3.085e+06
[Stage B] Warning: init scale_ratio extreme; rejecting candidate.
[Stage B]    Candidate (r1_reciprocal_zinv) rejected at init (non-finite loss); trying next.
[Stage B]   target order (arity-asc): [vars=(1, 2)(arity=1), vars=(1,)(arity=1)]
[Stage B] RuleUnivariateMulPeel: detected [mu=0.05259] on NN vars=(1, 2)
[Stage B]  Greedy order (1 cands): exp_peel_nn_resid(2000p)
[Stage B]  Trying exp-peel + NN residual (mu=0.05259) on NN leaf vars (1, 2)
[Stage B] Post-custom-init validation (attempt 0), batch 0, finite: 2000/2000, min: -3.256e+07, max: -1.073e+05, mean: -2.686e+06
[Stage B] Post-custom-init validation (attempt 0), batch 1, finite: 2000/2000, min: -3.401e+07, max: -1.090e+05, mean: -2.852e+06
[Stage B] Post-custom-init validation (attempt 0), batch 2, finite: 2000/2000, min: -3.341e+07, max: -1.116e+05, mean: -2.526e+06
[Stage B] Prediction scale check (attempt 0): pred_median=1.164e+06, true_median=9.826e-02, ratio=1.185e+07
[Stage B] Warning: init scale_ratio extreme; rejecting candidate.
[Stage B]    Candidate (exp_peel_nn_resid) rejected at init (non-finite loss); trying next.
[Stage B] RuleUnivariateMulPeel: detected [k=1] on NN vars=(1,)
[Stage B]  Greedy order (1 cands): mono_peel_nn_resid(2000p)
[Stage B]  Trying mono-peel + NN residual (k=1) on NN leaf vars (1,)
[Stage B] Post-custom-init validation (attempt 0), batch 0, finite: 2000/2000, min: -1.323e+09, max: -1.432e+05, mean: -4.695e+07
[Stage B] Post-custom-init validation (attempt 0), batch 1, finite: 2000/2000, min: -1.221e+09, max: -1.388e+05, mean: -5.296e+07
[Stage B] Post-custom-init validation (attempt 0), batch 2, finite: 2000/2000, min: -1.173e+09, max: -2.075e+05, mean: -3.590e+07
[Stage B] Prediction scale check (attempt 0): pred_median=4.905e+06, true_median=9.826e-02, ratio=4.992e+07
[Stage B] Warning: init scale_ratio extreme; rejecting candidate.
[Stage B]    Candidate (mono_peel_nn_resid) rejected at init (non-finite loss); trying next.
[Stage B]   target order (arity-asc): [vars=(1,)(arity=1)]
[Stage B]  Greedy order (2 cands): precond_fallback_div(2000p), precond_fallback_add(2001p)
[Stage B]  Precheck reject (units: poly leaf with unitful inputs requires homogeneous basis (min_total=degree=1), but got min_total=0) rule=preconditioner_fallback_nn cand=precond_fallback_div target=nn#leaf2 vars=(1,) attempted=0
[Stage B]  Precheck reject (units: Atom kind 'exp_poly' expects dimensionless inputs; x1 has units T^-1) rule=preconditioner_fallback_nn cand=precond_fallback_add target=nn#leaf2 vars=(1,) attempted=0
[Stage B]   Backtrack: reverted accept (monomial_pow1_3), restored to loss=5.646e-12 (budget=2 remaining)
[Stage B] === Phase 1: Searching for separabilities (additive, multiplicative) ===
[Stage B] Rule nonsense_units_zero_prune found 0 targets
[Stage B] Rule monomial_peel_priority found 3 targets
[Stage B]   target order (arity-asc): [vars=(0,)(arity=1), vars=(1, 2)(arity=1), vars=(1,)(arity=1)]
[Stage B] monomial_peel_priority shortlist: monomial_deg1@nn#leaf1 vars=(1, 2) (k=0.0499, rel=0.0625); monomial_deg1[z_inv]@nn#leaf1 vars=(1, 2) (k=0.0499, rel=0.0625); monomial_deg2@nn#leaf1 vars=(1, 2) (k=0.0499, rel=0.0625); monomial_deg2[z_inv]@nn#leaf1 vars=(1, 2) (k=0.0499, rel=0.0625); monomial_deg3@nn#leaf1 vars=(1, 2) (k=0.0499, rel=0.0625); monomial_deg3[z_inv]@nn#leaf1 vars=(1, 2) (k=0.0499, rel=0.0625); monomial_deg1[z_inv]@nn#leaf2 vars=(1,) (k=0.711, rel=0.259); monomial_deg2[z_inv]@nn#leaf2 vars=(1,) (k=0.711, rel=0.259)
[Stage B] Rule monomial_peel_priority trying 12 globally ranked candidates
[Stage B]  Greedy order (1 cands): monomial_deg1(1998p)
[Stage B]  Priority trying 1D monomial (c·x^1) rewrite on NN leaf vars (1, 2)
[Stage B] Initialising RPolyLeaf for vars (1, 2), tag=leaf1
[info] dataloader for provider ASTCompositeAdaptor yields 3 batches (equivalent to a single batch up to floating-point roundoff; minor Python-loop overhead per batch).
[LM][bucket] solving P=768 (trivially separable union)
Validation patience exceeded at epoch 701/2000, nval_worse=500
[Stage B]    Candidate (monomial_deg1): params=768, val-loss=2.2541e-03
[Stage B]    Reject (monomial_deg1): simpler-over-budget(thr=6.032e-10) | loss 5.646e-12->2.254e-03 (Δ+2.25e-03) | params 1152->768 | cx (0, 0, 0)->(0, 0, 0)
[Stage B]  Greedy order (1 cands): monomial_deg1[z_inv](1998p)
[Stage B]  Priority trying 1D monomial (c·x^1) rewrite on NN leaf vars (1, 2) [coord=1/z]
[Stage B] Initialising RPolyLeaf for vars (1, 2), tag=leaf1
[info] dataloader for provider ASTCompositeAdaptor yields 3 batches (equivalent to a single batch up to floating-point roundoff; minor Python-loop overhead per batch).
Validation patience exceeded at epoch 1001/2000, nval_worse=500
[Stage B]    Candidate (monomial_deg1[z_inv]): params=768, val-loss=4.8759e-04
[Stage B]    Reject (monomial_deg1[z_inv]): simpler-over-budget(thr=6.032e-10) | loss 5.646e-12->4.876e-04 (Δ+4.88e-04) | params 1152->768 | cx (0, 0, 0)->(0, 0, 0)
[Stage B]  Greedy order (1 cands): monomial_deg2(1998p)
[Stage B]  Priority trying 1D monomial (c·x^2) rewrite on NN leaf vars (1, 2)
[Stage B] Initialising RPolyLeaf for vars (1, 2), tag=leaf1
[info] dataloader for provider ASTCompositeAdaptor yields 3 batches (equivalent to a single batch up to floating-point roundoff; minor Python-loop overhead per batch).
Validation patience exceeded at epoch 1801/2000, nval_worse=500
[Stage B]    Candidate (monomial_deg2): params=768, val-loss=6.9030e-03
[Stage B]    Reject (monomial_deg2): simpler-over-budget(thr=6.032e-10) | loss 5.646e-12->6.903e-03 (Δ+6.90e-03) | params 1152->768 | cx (0, 0, 0)->(0, 0, 0)
[Stage B]  Greedy order (1 cands): monomial_deg2[z_inv](1998p)
[Stage B]  Priority trying 1D monomial (c·x^2) rewrite on NN leaf vars (1, 2) [coord=1/z]
[Stage B] Initialising RPolyLeaf for vars (1, 2), tag=leaf1
[info] dataloader for provider ASTCompositeAdaptor yields 3 batches (equivalent to a single batch up to floating-point roundoff; minor Python-loop overhead per batch).
[Stage B]    Candidate (monomial_deg2[z_inv]): params=768, val-loss=2.3516e-03
[Stage B]    Reject (monomial_deg2[z_inv]): simpler-over-budget(thr=6.032e-10) | loss 5.646e-12->2.352e-03 (Δ+2.35e-03) | params 1152->768 | cx (0, 0, 0)->(0, 0, 0)
[Stage B]  Greedy order (1 cands): monomial_deg3(1998p)
[Stage B]  Priority trying 1D monomial (c·x^3) rewrite on NN leaf vars (1, 2)
[Stage B] Initialising RPolyLeaf for vars (1, 2), tag=leaf1
[info] dataloader for provider ASTCompositeAdaptor yields 3 batches (equivalent to a single batch up to floating-point roundoff; minor Python-loop overhead per batch).
Validation patience exceeded at epoch 1001/2000, nval_worse=500
[Stage B]    Candidate (monomial_deg3): params=768, val-loss=1.3952e-02
[Stage B]    Reject (monomial_deg3): simpler-over-budget(thr=6.032e-10) | loss 5.646e-12->1.395e-02 (Δ+1.40e-02) | params 1152->768 | cx (0, 0, 0)->(0, 0, 0)
[Stage B]  Greedy order (1 cands): monomial_deg3[z_inv](1998p)
[Stage B]  Priority trying 1D monomial (c·x^3) rewrite on NN leaf vars (1, 2) [coord=1/z]
[Stage B] Initialising RPolyLeaf for vars (1, 2), tag=leaf1
[info] dataloader for provider ASTCompositeAdaptor yields 3 batches (equivalent to a single batch up to floating-point roundoff; minor Python-loop overhead per batch).
Validation patience exceeded at epoch 601/2000, nval_worse=500
[Stage B]    Candidate (monomial_deg3[z_inv]): params=768, val-loss=4.9529e-03
[Stage B]    Reject (monomial_deg3[z_inv]): simpler-over-budget(thr=6.032e-10) | loss 5.646e-12->4.953e-03 (Δ+4.95e-03) | params 1152->768 | cx (0, 0, 0)->(0, 0, 0)
[Stage B]  Greedy order (1 cands): monomial_deg1[z_inv](1998p)
[Stage B]  Priority trying 1D monomial (c·x^1) rewrite on NN leaf vars (1,) [coord=1/z]
[Stage B] Initialising RPolyLeaf for vars (1,), tag=leaf2
[info] dataloader for provider ASTCompositeAdaptor yields 3 batches (equivalent to a single batch up to floating-point roundoff; minor Python-loop overhead per batch).
Validation patience exceeded at epoch 601/2000, nval_worse=500
[Stage B]    Candidate (monomial_deg1[z_inv]): params=768, val-loss=2.5775e-03
[Stage B]    Reject (monomial_deg1[z_inv]): simpler-over-budget(thr=6.032e-10) | loss 5.646e-12->2.578e-03 (Δ+2.58e-03) | params 1152->768 | cx (0, 0, 0)->(0, 0, 0)
[Stage B]  Greedy order (1 cands): monomial_deg2[z_inv](1998p)
[Stage B]  Priority trying 1D monomial (c·x^2) rewrite on NN leaf vars (1,) [coord=1/z]
[Stage B] Initialising RPolyLeaf for vars (1,), tag=leaf2
[info] dataloader for provider ASTCompositeAdaptor yields 3 batches (equivalent to a single batch up to floating-point roundoff; minor Python-loop overhead per batch).
Validation patience exceeded at epoch 601/2000, nval_worse=500
[Stage B]    Candidate (monomial_deg2[z_inv]): params=768, val-loss=1.7008e-02
[Stage B]    Reject (monomial_deg2[z_inv]): simpler-over-budget(thr=6.032e-10) | loss 5.646e-12->1.701e-02 (Δ+1.70e-02) | params 1152->768 | cx (0, 0, 0)->(0, 0, 0)
[Stage B]  Greedy order (1 cands): monomial_deg3[z_inv](1998p)
[Stage B]  Priority trying 1D monomial (c·x^3) rewrite on NN leaf vars (1,) [coord=1/z]
[Stage B] Initialising RPolyLeaf for vars (1,), tag=leaf2
[info] dataloader for provider ASTCompositeAdaptor yields 3 batches (equivalent to a single batch up to floating-point roundoff; minor Python-loop overhead per batch).
Validation patience exceeded at epoch 601/2000, nval_worse=500
[Stage B]    Candidate (monomial_deg3[z_inv]): params=768, val-loss=2.7811e-02
[Stage B]    Reject (monomial_deg3[z_inv]): simpler-over-budget(thr=6.032e-10) | loss 5.646e-12->2.781e-02 (Δ+2.78e-02) | params 1152->768 | cx (0, 0, 0)->(0, 0, 0)
[Stage B]  Greedy order (1 cands): monomial_deg1[z_inv](1998p)
[Stage B]  Priority trying 1D monomial (c·x^1) rewrite on NN leaf vars (0,) [coord=1/z]
[Stage B] Initialising RPolyLeaf for vars (0,), tag=leaf0
[info] dataloader for provider ASTCompositeAdaptor yields 3 batches (equivalent to a single batch up to floating-point roundoff; minor Python-loop overhead per batch).
Validation patience exceeded at epoch 601/2000, nval_worse=500
[Stage B]    Candidate (monomial_deg1[z_inv]): params=768, val-loss=7.1866e-02
[Stage B]    Reject (monomial_deg1[z_inv]): simpler-over-budget(thr=6.032e-10) | loss 5.646e-12->7.187e-02 (Δ+7.19e-02) | params 1152->768 | cx (0, 0, 0)->(0, 0, 0)
[Stage B]  Greedy order (1 cands): monomial_deg2[z_inv](1998p)
[Stage B]  Priority trying 1D monomial (c·x^2) rewrite on NN leaf vars (0,) [coord=1/z]
[Stage B] Initialising RPolyLeaf for vars (0,), tag=leaf0
[info] dataloader for provider ASTCompositeAdaptor yields 3 batches (equivalent to a single batch up to floating-point roundoff; minor Python-loop overhead per batch).
Validation patience exceeded at epoch 601/2000, nval_worse=500
[Stage B]    Candidate (monomial_deg2[z_inv]): params=768, val-loss=7.2408e-02
[Stage B]    Reject (monomial_deg2[z_inv]): simpler-over-budget(thr=6.032e-10) | loss 5.646e-12->7.241e-02 (Δ+7.24e-02) | params 1152->768 | cx (0, 0, 0)->(0, 0, 0)
[Stage B]  Greedy order (1 cands): monomial_deg3[z_inv](1998p)
[Stage B]  Priority trying 1D monomial (c·x^3) rewrite on NN leaf vars (0,) [coord=1/z]
[Stage B] Initialising RPolyLeaf for vars (0,), tag=leaf0
[info] dataloader for provider ASTCompositeAdaptor yields 3 batches (equivalent to a single batch up to floating-point roundoff; minor Python-loop overhead per batch).
Validation patience exceeded at epoch 601/2000, nval_worse=500
[Stage B]    Candidate (monomial_deg3[z_inv]): params=768, val-loss=7.2518e-02
[Stage B]    Reject (monomial_deg3[z_inv]): simpler-over-budget(thr=6.032e-10) | loss 5.646e-12->7.252e-02 (Δ+7.25e-02) | params 1152->768 | cx (0, 0, 0)->(0, 0, 0)
[Stage B] Rule subtree_separability found 0 targets
[Stage B] Rule last_hard_trig_square found 0 targets
[Stage B] Rule univariate_nn found 3 targets
[Stage B]   target order (arity-asc): [vars=(0,)(arity=1), vars=(1, 2)(arity=1), vars=(1,)(arity=1)]
[Stage B]  one_minus_cos_over_z2 skip NN vars (0,): no trig hint
[Stage B] ratpoly_1d degree probe: no valid pairs, falling back to unconstrained grid, vars=(0,)
[Stage B] ratpoly_1d rejected: best rel_rms=0.0159 > 0.001, deg=(3,2), vars=(0,)
[Stage B] ratpoly_1d degree probe: no valid pairs, falling back to unconstrained grid, vars=(0,)
[Stage B] ratpoly_1d rejected: best rel_rms=0.1868 > 0.001, deg=(0,2), vars=(0,)
[Stage B] ratpoly_1d degree probe: 8 valid pair(s), min_deg=(1,0), vars=(0,)
[Stage B] ratpoly_1d rejected: best rel_rms=0.5522 > 0.001, deg=(1,0), vars=(0,)
[Stage B] ratpoly_1d degree probe: 8 valid pair(s), min_deg=(0,1), vars=(0,)
[Stage B] ratpoly_1d rejected: best rel_rms=1.0001 > 0.001, deg=(2,3), vars=(0,)
[Stage B]  one_minus_cos_over_z2 skip NN vars (0,): no trig hint
[Stage B] ratpoly_1d degree probe: no valid pairs, falling back to unconstrained grid, vars=(0,)
[Stage B] ratpoly_1d rejected: best rel_rms=0.4770 > 0.001, deg=(3,3), vars=(0,)
[Stage B] ratpoly_1d degree probe: no valid pairs, falling back to unconstrained grid, vars=(0,)
[Stage B] ratpoly_1d rejected: best rel_rms=1.0000 > 0.001, deg=(0,1), vars=(0,)
[Stage B] ratpoly_1d degree probe: 8 valid pair(s), min_deg=(0,1), vars=(0,)
[Stage B] ratpoly_1d rejected: best rel_rms=1.0611 > 0.001, deg=(0,1), vars=(0,)
[Stage B] ratpoly_1d degree probe: 8 valid pair(s), min_deg=(1,0), vars=(0,)
[Stage B] ratpoly_1d rejected: best rel_rms=1.0001 > 0.001, deg=(1,0), vars=(0,)
[Stage B] RuleUniNN proposing 13 candidates for NN vars=(0,): ['monomial_deg1', 'monomial_deg2', 'monomial_deg3', 'cf_sharedpref_resid', 'cf_sharedpref_resid', 'cf_sharedpref_resid', 'cf_sharedpref_resid', 'cf_sharedpref_resid', 'cf_sharedpref_resid', 'cf_combo', 'cf_combo', 'cf_combo', 'cf_combo']
[Stage B] RuleUniNN proposing 14 candidates for NN vars=(0,): ['scale', 'monomial_deg1[z_inv]', 'monomial_deg2[z_inv]', 'monomial_deg3[z_inv]', 'cf_sharedpref_resid[z_inv]', 'cf_sharedpref_resid[z_inv]', 'cf_sharedpref_resid[z_inv]', 'cf_sharedpref_resid[z_inv]', 'cf_sharedpref_resid[z_inv]', 'cf_sharedpref_resid[z_inv]', 'cf_combo[z_inv]', 'cf_combo[z_inv]', 'cf_combo[z_inv]', 'cf_combo[z_inv]']
[Stage B]  Greedy order (14 cands): scale(2000p), monomial_deg1[z_inv](1999p), monomial_deg2[z_inv](1999p), monomial_deg3[z_inv](1999p), cf_sharedpref_resid[z_inv](2001p), cf_sharedpref_resid[z_inv](2001p), cf_sharedpref_resid[z_inv](2001p), cf_sharedpref_resid[z_inv](2001p), cf_sharedpref_resid[z_inv](2001p), cf_sharedpref_resid[z_inv](2001p), cf_combo[z_inv](2001p), cf_combo[z_inv](2000p), cf_combo[z_inv](2001p), cf_combo[z_inv](2000p)
[Stage B]  Trying scaling rewrite on NN leaf vars (0,), k≈0.333
[Stage B] Initialising PowerLeaf for vars (0,), tag=leaf0
[info] dataloader for provider ASTCompositeAdaptor yields 3 batches (equivalent to a single batch up to floating-point roundoff; minor Python-loop overhead per batch).
[LM][bucket] solving P=770 (trivially separable union)
[Stage B]    Candidate (scale): params=770, val-loss=6.1316e-09
[Stage B]    Reject (scale): simpler-over-budget(thr=5.372e-10) | loss 5.646e-12->6.132e-09 (Δ+6.13e-09) | params 1152->770 | cx (0, 0, 0)->(0, 0, 0)
[Stage B]  Trying 1D monomial (c·x^1) rewrite on NN leaf vars (0,) [coord=1/z]
[Stage B] Initialising PolyLeaf for vars (0,), tag=leaf0
[info] dataloader for provider ASTCompositeAdaptor yields 3 batches (equivalent to a single batch up to floating-point roundoff; minor Python-loop overhead per batch).
[LM][bucket] solving P=769 (trivially separable union)
Validation patience exceeded at epoch 701/2000, nval_worse=500
[Stage B]    Candidate (monomial_deg1[z_inv]): params=769, val-loss=7.1858e-02
[Stage B]    Reject (monomial_deg1[z_inv]): simpler-over-budget(thr=5.374e-10) | loss 5.646e-12->7.186e-02 (Δ+7.19e-02) | params 1152->769 | cx (0, 0, 0)->(0, 0, 0)
[Stage B]  Trying 1D monomial (c·x^2) rewrite on NN leaf vars (0,) [coord=1/z]
[Stage B] Initialising PolyLeaf for vars (0,), tag=leaf0
[info] dataloader for provider ASTCompositeAdaptor yields 3 batches (equivalent to a single batch up to floating-point roundoff; minor Python-loop overhead per batch).
Validation patience exceeded at epoch 801/2000, nval_worse=500
[Stage B]    Candidate (monomial_deg2[z_inv]): params=769, val-loss=7.2410e-02
[Stage B]    Reject (monomial_deg2[z_inv]): simpler-over-budget(thr=5.374e-10) | loss 5.646e-12->7.241e-02 (Δ+7.24e-02) | params 1152->769 | cx (0, 0, 0)->(0, 0, 0)
[Stage B]  Trying 1D monomial (c·x^3) rewrite on NN leaf vars (0,) [coord=1/z]
[Stage B] Initialising PolyLeaf for vars (0,), tag=leaf0
[info] dataloader for provider ASTCompositeAdaptor yields 3 batches (equivalent to a single batch up to floating-point roundoff; minor Python-loop overhead per batch).
Validation patience exceeded at epoch 601/2000, nval_worse=500
[Stage B]    Candidate (monomial_deg3[z_inv]): params=769, val-loss=7.2520e-02
[Stage B]    Reject (monomial_deg3[z_inv]): simpler-over-budget(thr=5.374e-10) | loss 5.646e-12->7.252e-02 (Δ+7.25e-02) | params 1152->769 | cx (0, 0, 0)->(0, 0, 0)
[Stage B]  Precheck reject (units: units-inconsistent (L)) rule=univariate_nn cand=cf_sharedpref_resid[z_inv] target=nn#leaf0 vars=(0,) attempted=41
[Stage B]  Precheck reject (units: units-inconsistent (L)) rule=univariate_nn cand=cf_sharedpref_resid[z_inv] target=nn#leaf0 vars=(0,) attempted=41
[Stage B]  Precheck reject (units: units-inconsistent (L)) rule=univariate_nn cand=cf_sharedpref_resid[z_inv] target=nn#leaf0 vars=(0,) attempted=41
[Stage B]  Precheck reject (units: units-inconsistent (L)) rule=univariate_nn cand=cf_sharedpref_resid[z_inv] target=nn#leaf0 vars=(0,) attempted=41
[Stage B]  Precheck reject (units: units-inconsistent (L)) rule=univariate_nn cand=cf_sharedpref_resid[z_inv] target=nn#leaf0 vars=(0,) attempted=41
[Stage B]  Precheck reject (units: units-inconsistent (L)) rule=univariate_nn cand=cf_sharedpref_resid[z_inv] target=nn#leaf0 vars=(0,) attempted=41
[Stage B]  Precheck reject (units: units-inconsistent (L)) rule=univariate_nn cand=cf_combo[z_inv] target=nn#leaf0 vars=(0,) attempted=41
[Stage B]  Precheck reject (units: units-inconsistent (L)) rule=univariate_nn cand=cf_combo[z_inv] target=nn#leaf0 vars=(0,) attempted=41
[Stage B]  Precheck reject (units: units-inconsistent (L)) rule=univariate_nn cand=cf_combo[z_inv] target=nn#leaf0 vars=(0,) attempted=41
[Stage B]  Precheck reject (units: units-inconsistent (L)) rule=univariate_nn cand=cf_combo[z_inv] target=nn#leaf0 vars=(0,) attempted=41
[Stage B] symexp_denom_1d accepted: rel_rms=0.0006, scale≈-937, linear≈-0.196, compound vars=(1, 2)
[Stage B] symexp_denom_1d_recip rejected: rel_rms=0.0783 > 0.05, compound vars=(1, 2)
[Stage B] inv_poly: using degree-probe monomials, 3 valid terms, vars=(1, 2)
[Stage B] inv_poly probe: 2 sub-threshold trial(s) for vars=(1, 2): deg=1 rms=0.0000 n=2, deg=2 rms=0.0000 n=3
[Stage B] sqrt_poly: degree-probe active, sqrt=3 terms (probed=True), inv=3 terms (probed=True), vars=(1, 2)
[Stage B]  one_minus_cos_over_z2 skip NN vars (1, 2): screen failed for z=(x1 * (x2)**-1); exact best rel=1.76e+00 at omega≈0.5; affine best rel=3.71e-01, offset_rel=4.48e-03 at omega≈0.5; thresholds rel<=2.00e-02, offset_rel<=1.50e-01
[Stage B]  sparse_factor_1d skip NN vars (1, 2): screen failed for z=(x1 * (x2)**-1); best rel=7.87e-01, threshold=2.00e-02
[Stage B] ratpoly_1d degree probe: 1 valid pair(s), min_deg=(0,0), vars=(1, 2)
[Stage B] ratpoly_1d probe: 16 sub-threshold trial(s) for vars=(1, 2): deg=(0,2)->(0,2) nnz=(1,3) rms=0.0000, deg=(0,3)->(0,3) nnz=(1,4) rms=0.0000, deg=(1,2)->(1,2) nnz=(2,3) rms=0.0000, deg=(3,1)->(3,1) nnz=(3,2) rms=0.0000, deg=(2,4)->(1,4) nnz=(1,4) rms=0.0000, deg=(0,4)->(0,4) nnz=(1,5) rms=0.0000, deg=(1,3)->(1,3) nnz=(2,4) rms=0.0000, deg=(2,2)->(2,2) nnz=(3,3) rms=0.0000, deg=(1,4)->(1,4) nnz=(2,5) rms=0.0000, deg=(2,3)->(2,3) nnz=(3,4) rms=0.0000, deg=(3,2)->(3,2) nnz=(4,3) rms=0.0000, deg=(3,3)->(3,3) nnz=(4,4) rms=0.0000, deg=(4,2)->(4,2) nnz=(5,3) rms=0.0000, deg=(3,4)->(3,4) nnz=(4,5) rms=0.0000, deg=(4,3)->(4,3) nnz=(5,4) rms=0.0000, deg=(4,4)->(4,4) nnz=(5,5) rms=0.0000
[Stage B] ratpoly_1d degree probe: 1 valid pair(s), min_deg=(0,0), vars=(1, 2)
[Stage B] ratpoly_1d probe: 7 sub-threshold trial(s) for vars=(1, 2): deg=(0,2)->(0,2) nnz=(1,3) rms=0.0001, deg=(1,1)->(1,1) nnz=(2,2) rms=0.0000, deg=(2,1)->(2,0) nnz=(3,1) rms=0.0000, deg=(0,3)->(0,3) nnz=(1,4) rms=0.0000, deg=(1,2)->(1,2) nnz=(2,3) rms=0.0000, deg=(0,4)->(0,4) nnz=(1,5) rms=0.0000, deg=(1,3)->(1,3) nnz=(2,4) rms=0.0000
[Stage B] ratpoly_1d degree probe: 1 valid pair(s), min_deg=(0,0), vars=(1, 2)
[Stage B] ratpoly_1d probe: 14 sub-threshold trial(s) for vars=(1, 2): deg=(0,2)->(0,2) nnz=(1,3) rms=0.0000, deg=(0,3)->(0,3) nnz=(1,4) rms=0.0000, deg=(1,2)->(1,2) nnz=(2,3) rms=0.0006, deg=(3,3)->(1,3) nnz=(1,4) rms=0.0000, deg=(0,4)->(0,4) nnz=(1,5) rms=0.0000, deg=(1,3)->(1,3) nnz=(2,4) rms=0.0004, deg=(2,2)->(2,2) nnz=(3,3) rms=0.0000, deg=(1,4)->(1,4) nnz=(2,5) rms=0.0000, deg=(2,3)->(2,3) nnz=(3,4) rms=0.0000, deg=(3,2)->(3,2) nnz=(4,3) rms=0.0000, deg=(2,4)->(2,4) nnz=(3,5) rms=0.0000, deg=(4,2)->(4,2) nnz=(5,3) rms=0.0000, deg=(4,3)->(4,3) nnz=(5,4) rms=0.0000, deg=(4,4)->(4,4) nnz=(5,5) rms=0.0000
[Stage B] ratpoly_1d degree probe: 1 valid pair(s), min_deg=(0,0), vars=(1, 2)
[Stage B] ratpoly_1d probe: 9 sub-threshold trial(s) for vars=(1, 2): deg=(0,2)->(0,2) nnz=(1,3) rms=0.0001, deg=(1,1)->(1,1) nnz=(2,2) rms=0.0000, deg=(2,2)->(2,0) nnz=(3,1) rms=0.0000, deg=(0,3)->(0,3) nnz=(1,4) rms=0.0000, deg=(1,2)->(1,2) nnz=(2,3) rms=0.0000, deg=(2,1)->(2,1) nnz=(3,2) rms=0.0000, deg=(0,4)->(0,4) nnz=(1,5) rms=0.0000, deg=(1,3)->(1,3) nnz=(2,4) rms=0.0000, deg=(1,4)->(1,4) nnz=(2,5) rms=0.0000
[Stage B] ratpoly_1d degree probe: 1 valid pair(s), min_deg=(0,0), vars=(1, 2)
[Stage B] ratpoly_1d probe: 14 sub-threshold trial(s) for vars=(1, 2): deg=(4,1)->(0,1) nnz=(1,2) rms=0.0000, deg=(0,2)->(0,2) nnz=(1,3) rms=0.0000, deg=(1,1)->(1,1) nnz=(2,2) rms=0.0000, deg=(0,3)->(0,3) nnz=(1,4) rms=0.0000, deg=(1,2)->(1,2) nnz=(2,3) rms=0.0000, deg=(2,1)->(2,1) nnz=(3,2) rms=0.0000, deg=(3,2)->(3,1) nnz=(3,2) rms=0.0000, deg=(0,4)->(0,4) nnz=(1,5) rms=0.0000, deg=(1,3)->(1,3) nnz=(2,4) rms=0.0000, deg=(3,1)->(3,1) nnz=(4,2) rms=0.0000, deg=(2,4)->(2,4) nnz=(3,5) rms=0.0000, deg=(3,4)->(3,4) nnz=(4,5) rms=0.0000, deg=(4,3)->(4,3) nnz=(5,4) rms=0.0000, deg=(4,4)->(4,4) nnz=(5,5) rms=0.0000
[Stage B] symexp_denom_1d rejected: rel_rms=0.0783 > 0.05, compound vars=(1, 2)
[Stage B] symexp_denom_1d_recip (poly) accepted: rel_rms=0.0006, scale≈-937, linear≈-2.41, compound vars=(1, 2)
[Stage B] inv_poly: using degree-probe monomials, 3 valid terms, vars=(1, 2)
[Stage B] inv_poly probe: 2 sub-threshold trial(s) for vars=(1, 2): deg=1 rms=0.0006 n=2, deg=2 rms=0.0001 n=3
[Stage B] sqrt_poly: degree-probe active, sqrt=3 terms (probed=True), inv=3 terms (probed=True), vars=(1, 2)
[Stage B]  one_minus_cos_over_z2 skip NN vars (1, 2): screen failed for z=(x2 / x1); exact best rel=1.85e+00 at omega≈0.5; affine best rel=3.93e-01, offset_rel=6.65e-03 at omega≈0.5; thresholds rel<=2.00e-02, offset_rel<=1.50e-01
[Stage B]  sparse_factor_1d skip NN vars (1, 2): screen failed for z=(x2 / x1); best rel=6.73e-01, threshold=2.00e-02
[Stage B] ratpoly_1d degree probe: 1 valid pair(s), min_deg=(0,0), vars=(1, 2)
[Stage B] ratpoly_1d probe: 5 sub-threshold trial(s) for vars=(1, 2): deg=(2,3)->(2,2) nnz=(1,3) rms=0.0000, deg=(0,4)->(0,4) nnz=(1,5) rms=0.0001, deg=(1,4)->(1,4) nnz=(2,5) rms=0.0001, deg=(2,4)->(2,4) nnz=(3,5) rms=0.0001, deg=(4,4)->(4,4) nnz=(5,5) rms=0.0000
[Stage B] ratpoly_1d degree probe: 1 valid pair(s), min_deg=(0,0), vars=(1, 2)
[Stage B] ratpoly_1d probe: 16 sub-threshold trial(s) for vars=(1, 2): deg=(1,1)->(1,1) nnz=(2,2) rms=0.0000, deg=(1,2)->(1,2) nnz=(2,3) rms=0.0000, deg=(2,1)->(2,1) nnz=(3,2) rms=0.0000, deg=(0,4)->(0,4) nnz=(1,5) rms=0.0002, deg=(1,3)->(1,3) nnz=(2,4) rms=0.0000, deg=(2,2)->(2,2) nnz=(3,3) rms=0.0000, deg=(3,1)->(3,1) nnz=(4,2) rms=0.0000, deg=(1,4)->(1,4) nnz=(2,5) rms=0.0000, deg=(2,3)->(2,3) nnz=(3,4) rms=0.0000, deg=(3,2)->(3,2) nnz=(4,3) rms=0.0000, deg=(4,1)->(4,1) nnz=(5,2) rms=0.0000, deg=(2,4)->(2,4) nnz=(3,5) rms=0.0000, deg=(3,3)->(3,3) nnz=(4,4) rms=0.0000, deg=(4,2)->(4,2) nnz=(5,3) rms=0.0000, deg=(3,4)->(3,4) nnz=(4,5) rms=0.0000, deg=(4,3)->(4,3) nnz=(5,4) rms=0.0000
[Stage B] ratpoly_1d degree probe: 1 valid pair(s), min_deg=(0,0), vars=(1, 2)
[Stage B] ratpoly_1d probe: 4 sub-threshold trial(s) for vars=(1, 2): deg=(3,3)->(2,2) nnz=(1,3) rms=0.0000, deg=(3,4)->(3,3) nnz=(1,3) rms=0.0003, deg=(0,4)->(0,4) nnz=(1,5) rms=0.0001, deg=(2,4)->(2,4) nnz=(3,5) rms=0.0001
[Stage B] ratpoly_1d degree probe: 1 valid pair(s), min_deg=(0,0), vars=(1, 2)
[Stage B] ratpoly_1d probe: 14 sub-threshold trial(s) for vars=(1, 2): deg=(1,1)->(1,1) nnz=(2,2) rms=0.0000, deg=(1,2)->(1,2) nnz=(2,3) rms=0.0000, deg=(2,1)->(2,1) nnz=(3,2) rms=0.0000, deg=(0,4)->(0,4) nnz=(1,5) rms=0.0002, deg=(1,3)->(1,3) nnz=(2,4) rms=0.0000, deg=(3,1)->(3,1) nnz=(4,2) rms=0.0000, deg=(1,4)->(1,4) nnz=(2,5) rms=0.0000, deg=(4,1)->(4,1) nnz=(5,2) rms=0.0000, deg=(2,4)->(2,4) nnz=(3,5) rms=0.0000, deg=(3,3)->(3,3) nnz=(4,4) rms=0.0000, deg=(4,2)->(4,2) nnz=(5,3) rms=0.0000, deg=(3,4)->(3,4) nnz=(4,5) rms=0.0000, deg=(4,3)->(4,3) nnz=(5,4) rms=0.0000, deg=(4,4)->(4,4) nnz=(5,5) rms=0.0000
[Stage B] ratpoly_1d degree probe: 1 valid pair(s), min_deg=(0,0), vars=(1, 2)
[Stage B] ratpoly_1d probe: 10 sub-threshold trial(s) for vars=(1, 2): deg=(0,2)->(0,2) nnz=(1,3) rms=0.0115, deg=(2,2)->(2,2) nnz=(1,3) rms=0.0002, deg=(3,4)->(3,3) nnz=(1,3) rms=0.0001, deg=(0,3)->(0,3) nnz=(1,4) rms=0.0013, deg=(0,4)->(0,4) nnz=(1,5) rms=0.0001, deg=(4,1)->(4,1) nnz=(4,2) rms=0.0001, deg=(4,2)->(4,2) nnz=(3,3) rms=0.0002, deg=(3,2)->(3,2) nnz=(4,3) rms=0.0000, deg=(3,3)->(3,3) nnz=(4,4) rms=0.0000, deg=(4,3)->(4,3) nnz=(5,4) rms=0.0001
[Stage B] RuleUniNN proposing 82 candidates for NN vars=(1, 2): ['monomial_deg1', 'monomial_deg2', 'monomial_deg3', 'poly', 'symexp_denom_1d_recip', 'polylog', 'logshifted', 'inv_poly', 'inv_poly[1]', 'sqrt_poly', 'cf_sharedpref_resid', 'cf_sharedpref_resid', 'cf_sharedpref_resid', 'cf_combo', 'cf_combo', 'cf_combo', 'cf_combo', 'cf_combo', 'cf_combo', 'cf_combo', 'sqrt_ratpoly_1d', 'sqrt_ratpoly_1d[1]', 'sqrt_ratpoly_1d[2]', 'sqrt_ratpoly_1d[3]', 'sqrt_ratpoly_1d[4]', 'sqrt_ratpoly_1d[5]', 'sqrt_ratpoly_1d[6]', 'sqrt_ratpoly_1d[7]', 'sqrt_ratpoly_1d[8]', 'sqrt_ratpoly_1d[9]', 'sqrt_ratpoly_1d[10]', 'sqrt_ratpoly_1d[11]', 'sqrt_ratpoly_1d[12]', 'sqrt_ratpoly_1d[13]', 'sqrt_ratpoly_1d[14]', 'sqrt_ratpoly_1d[15]', 'sqrt_ratpoly_1d[16]', 'sqrt_ratpoly_1d[17]', 'sqrt_ratpoly_1d[18]', 'sqrt_ratpoly_1d[19]', 'sqrt_ratpoly_1d[20]', 'cbrt_ratpoly_1d', 'cbrt_ratpoly_1d[1]', 'cbrt_ratpoly_1d[2]', 'cbrt_ratpoly_1d[3]', 'cbrt_ratpoly_1d[4]', 'cbrt_ratpoly_1d[5]', 'cbrt_ratpoly_1d[6]', 'cbrt_ratpoly_1d[7]', 'cbrt_ratpoly_1d[8]', 'cbrt_ratpoly_1d[9]', 'cbrt_ratpoly_1d[10]', 'cbrt_ratpoly_1d[11]', 'cbrt_ratpoly_1d[12]', 'cbrt_ratpoly_1d[13]', 'cbrt_ratpoly_1d[14]', 'cbrt_ratpoly_1d[15]', 'cbrt_ratpoly_1d[16]', 'cbrt_ratpoly_1d[17]', 'ratpoly_1d', 'ratpoly_1d[1]', 'ratpoly_1d[2]', 'ratpoly_1d[3]', 'ratpoly_1d[4]', 'ratpoly_1d[5]', 'ratpoly_1d[6]', 'ratpoly_1d[7]', 'ratpoly_1d[8]', 'ratpoly_1d[9]', 'exp', 'exp_rat', 'tanh', 'trig', 'trig', 'trig', 'trig', 'trig', 'sinc_p2', 'affine_trig', 'leaftr_recip_poly3', 'leaftr_square_poly3', 'leaftr_recip_affine_trig']
[Stage B]  Skipping reciprocal-coordinate alias polylog: closed-under-reciprocal:polylog
[Stage B]  Skipping reciprocal-coordinate alias sqrt_ratpoly_1d: closed-under-reciprocal:sqrt_ratpoly_1d
[Stage B]  Skipping reciprocal-coordinate alias sqrt_ratpoly_1d[1]: closed-under-reciprocal:sqrt_ratpoly_1d
[Stage B]  Skipping reciprocal-coordinate alias sqrt_ratpoly_1d[2]: closed-under-reciprocal:sqrt_ratpoly_1d
[Stage B]  Skipping reciprocal-coordinate alias sqrt_ratpoly_1d[3]: closed-under-reciprocal:sqrt_ratpoly_1d
[Stage B]  Skipping reciprocal-coordinate alias sqrt_ratpoly_1d[4]: closed-under-reciprocal:sqrt_ratpoly_1d
[Stage B]  Skipping reciprocal-coordinate alias sqrt_ratpoly_1d[5]: closed-under-reciprocal:sqrt_ratpoly_1d
[Stage B]  Skipping reciprocal-coordinate alias sqrt_ratpoly_1d[6]: closed-under-reciprocal:sqrt_ratpoly_1d
[Stage B]  Skipping reciprocal-coordinate alias sqrt_ratpoly_1d[7]: closed-under-reciprocal:sqrt_ratpoly_1d
[Stage B]  Skipping reciprocal-coordinate alias sqrt_ratpoly_1d[8]: closed-under-reciprocal:sqrt_ratpoly_1d
[Stage B]  Skipping reciprocal-coordinate alias sqrt_ratpoly_1d[9]: closed-under-reciprocal:sqrt_ratpoly_1d
[Stage B]  Skipping reciprocal-coordinate alias sqrt_ratpoly_1d[10]: closed-under-reciprocal:sqrt_ratpoly_1d
[Stage B]  Skipping reciprocal-coordinate alias sqrt_ratpoly_1d[11]: closed-under-reciprocal:sqrt_ratpoly_1d
[Stage B]  Skipping reciprocal-coordinate alias sqrt_ratpoly_1d[12]: closed-under-reciprocal:sqrt_ratpoly_1d
[Stage B]  Skipping reciprocal-coordinate alias sqrt_ratpoly_1d[13]: closed-under-reciprocal:sqrt_ratpoly_1d
[Stage B]  Skipping reciprocal-coordinate alias sqrt_ratpoly_1d[14]: closed-under-reciprocal:sqrt_ratpoly_1d
[Stage B]  Skipping reciprocal-coordinate alias sqrt_ratpoly_1d[15]: closed-under-reciprocal:sqrt_ratpoly_1d
[Stage B]  Skipping reciprocal-coordinate alias sqrt_ratpoly_1d[16]: closed-under-reciprocal:sqrt_ratpoly_1d
[Stage B]  Skipping reciprocal-coordinate alias sqrt_ratpoly_1d[17]: closed-under-reciprocal:sqrt_ratpoly_1d
[Stage B]  Skipping reciprocal-coordinate alias sqrt_ratpoly_1d[18]: closed-under-reciprocal:sqrt_ratpoly_1d
[Stage B]  Skipping reciprocal-coordinate alias sqrt_ratpoly_1d[19]: closed-under-reciprocal:sqrt_ratpoly_1d
[Stage B]  Skipping reciprocal-coordinate alias sqrt_ratpoly_1d[20]: closed-under-reciprocal:sqrt_ratpoly_1d
[Stage B]  Skipping reciprocal-coordinate alias ratpoly_1d: closed-under-reciprocal:ratpoly_1d
[Stage B]  Skipping reciprocal-coordinate alias ratpoly_1d[1]: closed-under-reciprocal:ratpoly_1d
[Stage B]  Skipping reciprocal-coordinate alias ratpoly_1d[2]: closed-under-reciprocal:ratpoly_1d
[Stage B]  Skipping reciprocal-coordinate alias ratpoly_1d[3]: closed-under-reciprocal:ratpoly_1d
[Stage B]  Skipping reciprocal-coordinate alias ratpoly_1d[4]: closed-under-reciprocal:ratpoly_1d
[Stage B]  Skipping reciprocal-coordinate alias ratpoly_1d[5]: closed-under-reciprocal:ratpoly_1d
[Stage B]  Skipping reciprocal-coordinate alias ratpoly_1d[6]: closed-under-reciprocal:ratpoly_1d
[Stage B]  Skipping reciprocal-coordinate alias ratpoly_1d[7]: closed-under-reciprocal:ratpoly_1d
[Stage B]  Skipping reciprocal-coordinate alias ratpoly_1d[8]: closed-under-reciprocal:ratpoly_1d
[Stage B]  Skipping reciprocal-coordinate alias ratpoly_1d[9]: closed-under-reciprocal:ratpoly_1d
[Stage B]  Skipping reciprocal-coordinate alias exp_rat: closed-under-reciprocal:exp_rat
[Stage B] RuleUniNN proposing 143 candidates for NN vars=(1, 2): ['monomial_deg1', 'monomial_deg1[z_inv]', 'monomial_deg2', 'monomial_deg2[z_inv]', 'monomial_deg3', 'monomial_deg3[z_inv]', 'poly', 'poly[z_inv]', 'expm1', 'symexp_denom_1d', 'polylog', 'logshifted', 'logshifted[z_inv]', 'inv_poly', 'inv_poly[z_inv]', 'inv_poly[1]', 'inv_poly[1][z_inv]', 'sqrt_poly', 'sqrt_poly[z_inv]', 'cf_sharedpref_resid', 'cf_sharedpref_resid[z_inv]', 'cf_sharedpref_resid[z_inv]', 'cf_sharedpref_resid[z_inv]', 'cf_sharedpref_resid', 'cf_sharedpref_resid', 'cf_combo', 'cf_combo[z_inv]', 'cf_combo[z_inv]', 'cf_combo[z_inv]', 'cf_combo[z_inv]', 'cf_combo[z_inv]', 'cf_combo[z_inv]', 'cf_combo[z_inv]', 'cf_combo', 'cf_combo', 'cf_combo', 'cf_combo', 'cf_combo', 'cf_combo', 'sqrt_ratpoly_1d', 'sqrt_ratpoly_1d[1]', 'sqrt_ratpoly_1d[2]', 'sqrt_ratpoly_1d[3]', 'sqrt_ratpoly_1d[4]', 'sqrt_ratpoly_1d[5]', 'sqrt_ratpoly_1d[6]', 'sqrt_ratpoly_1d[7]', 'sqrt_ratpoly_1d[8]', 'sqrt_ratpoly_1d[9]', 'sqrt_ratpoly_1d[10]', 'sqrt_ratpoly_1d[11]', 'sqrt_ratpoly_1d[12]', 'sqrt_ratpoly_1d[13]', 'sqrt_ratpoly_1d[14]', 'sqrt_ratpoly_1d[15]', 'sqrt_ratpoly_1d[16]', 'sqrt_ratpoly_1d[17]', 'sqrt_ratpoly_1d[18]', 'sqrt_ratpoly_1d[19]', 'sqrt_ratpoly_1d[20]', 'sqrt_ratpoly_1d[21]', 'sqrt_ratpoly_1d[22]', 'cbrt_ratpoly_1d', 'cbrt_ratpoly_1d[z_inv]', 'cbrt_ratpoly_1d[1]', 'cbrt_ratpoly_1d[1][z_inv]', 'cbrt_ratpoly_1d[2]', 'cbrt_ratpoly_1d[2][z_inv]', 'cbrt_ratpoly_1d[3]', 'cbrt_ratpoly_1d[3][z_inv]', 'cbrt_ratpoly_1d[4]', 'cbrt_ratpoly_1d[4][z_inv]', 'cbrt_ratpoly_1d[5]', 'cbrt_ratpoly_1d[5][z_inv]', 'cbrt_ratpoly_1d[6]', 'cbrt_ratpoly_1d[6][z_inv]', 'cbrt_ratpoly_1d[7]', 'cbrt_ratpoly_1d[7][z_inv]', 'cbrt_ratpoly_1d[8]', 'cbrt_ratpoly_1d[8][z_inv]', 'cbrt_ratpoly_1d[9]', 'cbrt_ratpoly_1d[9][z_inv]', 'cbrt_ratpoly_1d[10]', 'cbrt_ratpoly_1d[10][z_inv]', 'cbrt_ratpoly_1d[11]', 'cbrt_ratpoly_1d[11][z_inv]', 'cbrt_ratpoly_1d[12]', 'cbrt_ratpoly_1d[12][z_inv]', 'cbrt_ratpoly_1d[13]', 'cbrt_ratpoly_1d[13][z_inv]', 'cbrt_ratpoly_1d[14]', 'cbrt_ratpoly_1d[14][z_inv]', 'cbrt_ratpoly_1d[15]', 'cbrt_ratpoly_1d[15][z_inv]', 'cbrt_ratpoly_1d[16]', 'cbrt_ratpoly_1d[16][z_inv]', 'cbrt_ratpoly_1d[17]', 'cbrt_ratpoly_1d[17][z_inv]', 'cbrt_ratpoly_1d[18]', 'cbrt_ratpoly_1d[19]', 'cbrt_ratpoly_1d[20]', 'cbrt_ratpoly_1d[21]', 'cbrt_ratpoly_1d[22]', 'ratpoly_1d', 'ratpoly_1d[1]', 'ratpoly_1d[2]', 'ratpoly_1d[3]', 'ratpoly_1d[4]', 'ratpoly_1d[5]', 'ratpoly_1d[6]', 'ratpoly_1d[7]', 'ratpoly_1d[8]', 'ratpoly_1d[9]', 'ratpoly_1d[10]', 'ratpoly_1d[11]', 'ratpoly_1d[12]', 'ratpoly_1d[13]', 'exp', 'exp[z_inv]', 'exp_rat', 'tanh', 'tanh[z_inv]', 'trig', 'trig[z_inv]', 'trig[z_inv]', 'trig[z_inv]', 'trig[z_inv]', 'trig[z_inv]', 'trig', 'trig', 'trig', 'trig', 'sinc_p2', 'sinc_p2[z_inv]', 'affine_trig', 'affine_trig[z_inv]', 'leaftr_square_poly3', 'leaftr_square_poly3[z_inv]', 'leaftr_recip_poly3', 'leaftr_recip_poly3[z_inv]', 'leaftr_recip_affine_trig', 'leaftr_recip_affine_trig[z_inv]', 'symexp_denom_1d_recip[z_inv]']
[Stage B]  Greedy order (143 cands): monomial_deg1(1999p), monomial_deg1[z_inv](1999p), monomial_deg2(1999p), monomial_deg2[z_inv](1999p), monomial_deg3(1999p), monomial_deg3[z_inv](1999p), poly(2000p), poly[z_inv](2000p), expm1(2001p), symexp_denom_1d(2004p), polylog(2000p), logshifted(2001p), logshifted[z_inv](2001p), inv_poly(2000p), inv_poly[z_inv](2000p), inv_poly[1](2001p), inv_poly[1][z_inv](2001p), sqrt_poly(2001p), sqrt_poly[z_inv](2001p), cf_sharedpref_resid(2001p), cf_sharedpref_resid[z_inv](2001p), cf_sharedpref_resid[z_inv](2001p), cf_sharedpref_resid[z_inv](2001p), cf_sharedpref_resid(2001p), cf_sharedpref_resid(2001p), cf_combo(2001p), cf_combo[z_inv](2001p), cf_combo[z_inv](2000p), cf_combo[z_inv](2001p), cf_combo[z_inv](2000p), cf_combo[z_inv](2001p), cf_combo[z_inv](2000p), cf_combo[z_inv](2001p), cf_combo(2000p), cf_combo(2001p), cf_combo(2000p), cf_combo(2001p), cf_combo(2000p), cf_combo(2001p), sqrt_ratpoly_1d(2002p), sqrt_ratpoly_1d[1](2003p), sqrt_ratpoly_1d[2](2003p), sqrt_ratpoly_1d[3](2003p), sqrt_ratpoly_1d[4](2003p), sqrt_ratpoly_1d[5](2004p), sqrt_ratpoly_1d[6](2004p), sqrt_ratpoly_1d[7](2004p), sqrt_ratpoly_1d[8](2005p), sqrt_ratpoly_1d[9](2005p), sqrt_ratpoly_1d[10](2005p), sqrt_ratpoly_1d[11](2006p), sqrt_ratpoly_1d[12](2006p), sqrt_ratpoly_1d[13](2007p), sqrt_ratpoly_1d[14](2007p), sqrt_ratpoly_1d[15](2008p), sqrt_ratpoly_1d[16](2002p), sqrt_ratpoly_1d[17](2002p), sqrt_ratpoly_1d[18](2002p), sqrt_ratpoly_1d[19](2003p), sqrt_ratpoly_1d[20](2003p), sqrt_ratpoly_1d[21](2004p), sqrt_ratpoly_1d[22](2004p), cbrt_ratpoly_1d(2002p), cbrt_ratpoly_1d[z_inv](2002p), cbrt_ratpoly_1d[1](2003p), cbrt_ratpoly_1d[1][z_inv](2002p), cbrt_ratpoly_1d[2](2003p), cbrt_ratpoly_1d[2][z_inv](2004p), cbrt_ratpoly_1d[3](2003p), cbrt_ratpoly_1d[3][z_inv](2006p), cbrt_ratpoly_1d[4](2004p), cbrt_ratpoly_1d[4][z_inv](2002p), cbrt_ratpoly_1d[5](2004p), cbrt_ratpoly_1d[5][z_inv](2003p), cbrt_ratpoly_1d[6](2004p), cbrt_ratpoly_1d[6][z_inv](2003p), cbrt_ratpoly_1d[7](2005p), cbrt_ratpoly_1d[7][z_inv](2004p), cbrt_ratpoly_1d[8](2005p), cbrt_ratpoly_1d[8][z_inv](2004p), cbrt_ratpoly_1d[9](2005p), cbrt_ratpoly_1d[9][z_inv](2004p), cbrt_ratpoly_1d[10](2006p), cbrt_ratpoly_1d[10][z_inv](2005p), cbrt_ratpoly_1d[11](2006p), cbrt_ratpoly_1d[11][z_inv](2005p), cbrt_ratpoly_1d[12](2007p), cbrt_ratpoly_1d[12][z_inv](2006p), cbrt_ratpoly_1d[13](2008p), cbrt_ratpoly_1d[13][z_inv](2006p), cbrt_ratpoly_1d[14](2002p), cbrt_ratpoly_1d[14][z_inv](2006p), cbrt_ratpoly_1d[15](2002p), cbrt_ratpoly_1d[15][z_inv](2007p), cbrt_ratpoly_1d[16](2002p), cbrt_ratpoly_1d[16][z_inv](2007p), cbrt_ratpoly_1d[17](2003p), cbrt_ratpoly_1d[17][z_inv](2008p), cbrt_ratpoly_1d[18](2003p), cbrt_ratpoly_1d[19](2003p), cbrt_ratpoly_1d[20](2004p), cbrt_ratpoly_1d[21](2004p), cbrt_ratpoly_1d[22](2005p), ratpoly_1d(2001p), ratpoly_1d[1](2002p), ratpoly_1d[2](2002p), ratpoly_1d[3](2003p), ratpoly_1d[4](2003p), ratpoly_1d[5](2003p), ratpoly_1d[6](2003p), ratpoly_1d[7](2004p), ratpoly_1d[8](2004p), ratpoly_1d[9](2004p), ratpoly_1d[10](2006p), ratpoly_1d[11](2007p), ratpoly_1d[12](2007p), ratpoly_1d[13](2008p), exp(2001p), exp[z_inv](2001p), exp_rat(2004p), tanh(2001p), tanh[z_inv](2001p), trig(2001p), trig[z_inv](2001p), trig[z_inv](2001p), trig[z_inv](2001p), trig[z_inv](2001p), trig[z_inv](2001p), trig(2001p), trig(2001p), trig(2001p), trig(2001p), sinc_p2(2001p), sinc_p2[z_inv](2001p), affine_trig(2002p), affine_trig[z_inv](2002p), leaftr_square_poly3(2002p), leaftr_square_poly3[z_inv](2002p), leaftr_recip_poly3(2002p), leaftr_recip_poly3[z_inv](2002p), leaftr_recip_affine_trig(2002p), leaftr_recip_affine_trig[z_inv](2002p), symexp_denom_1d_recip[z_inv](2004p)
[Stage B]  Trying 1D monomial (c·x^1) rewrite on NN leaf vars (1, 2)
[Stage B] Initialising PolyLeaf for vars (1, 2), tag=leaf1
[info] dataloader for provider ASTCompositeAdaptor yields 3 batches (equivalent to a single batch up to floating-point roundoff; minor Python-loop overhead per batch).
Validation patience exceeded at epoch 601/2000, nval_worse=500
[Stage B]    Candidate (monomial_deg1): params=769, val-loss=2.2320e-03
[Stage B]    Reject (monomial_deg1): simpler-over-budget(thr=5.374e-10) | loss 5.646e-12->2.232e-03 (Δ+2.23e-03) | params 1152->769 | cx (0, 0, 0)->(0, 0, 0)
[Stage B]  Trying 1D monomial (c·x^1) rewrite on NN leaf vars (1, 2) [coord=1/z]
[Stage B] Initialising PolyLeaf for vars (1, 2), tag=leaf1
[info] dataloader for provider ASTCompositeAdaptor yields 3 batches (equivalent to a single batch up to floating-point roundoff; minor Python-loop overhead per batch).
[Stage B]    Candidate (monomial_deg1[z_inv]): params=769, val-loss=5.0107e-04
[Stage B]    Reject (monomial_deg1[z_inv]): simpler-over-budget(thr=5.374e-10) | loss 5.646e-12->5.011e-04 (Δ+5.01e-04) | params 1152->769 | cx (0, 0, 0)->(0, 0, 0)
[Stage B]  Trying 1D monomial (c·x^2) rewrite on NN leaf vars (1, 2)
[Stage B] Initialising PolyLeaf for vars (1, 2), tag=leaf1
[info] dataloader for provider ASTCompositeAdaptor yields 3 batches (equivalent to a single batch up to floating-point roundoff; minor Python-loop overhead per batch).
Validation patience exceeded at epoch 1301/2000, nval_worse=500
[Stage B]    Candidate (monomial_deg2): params=769, val-loss=7.2220e-03
[Stage B]    Reject (monomial_deg2): simpler-over-budget(thr=5.374e-10) | loss 5.646e-12->7.222e-03 (Δ+7.22e-03) | params 1152->769 | cx (0, 0, 0)->(0, 0, 0)
[Stage B]  Trying 1D monomial (c·x^2) rewrite on NN leaf vars (1, 2) [coord=1/z]
[Stage B] Initialising PolyLeaf for vars (1, 2), tag=leaf1
[info] dataloader for provider ASTCompositeAdaptor yields 3 batches (equivalent to a single batch up to floating-point roundoff; minor Python-loop overhead per batch).
Validation patience exceeded at epoch 1001/2000, nval_worse=500
[Stage B]    Candidate (monomial_deg2[z_inv]): params=769, val-loss=2.4925e-03
[Stage B]    Reject (monomial_deg2[z_inv]): simpler-over-budget(thr=5.374e-10) | loss 5.646e-12->2.492e-03 (Δ+2.49e-03) | params 1152->769 | cx (0, 0, 0)->(0, 0, 0)
[Stage B]  Trying 1D monomial (c·x^3) rewrite on NN leaf vars (1, 2)
[Stage B] Initialising PolyLeaf for vars (1, 2), tag=leaf1
[info] dataloader for provider ASTCompositeAdaptor yields 3 batches (equivalent to a single batch up to floating-point roundoff; minor Python-loop overhead per batch).
Validation patience exceeded at epoch 701/2000, nval_worse=500
[Stage B]    Candidate (monomial_deg3): params=769, val-loss=1.4429e-02
[Stage B]    Reject (monomial_deg3): simpler-over-budget(thr=5.374e-10) | loss 5.646e-12->1.443e-02 (Δ+1.44e-02) | params 1152->769 | cx (0, 0, 0)->(0, 0, 0)
[Stage B]  Trying 1D monomial (c·x^3) rewrite on NN leaf vars (1, 2) [coord=1/z]
[Stage B] Initialising PolyLeaf for vars (1, 2), tag=leaf1
[info] dataloader for provider ASTCompositeAdaptor yields 3 batches (equivalent to a single batch up to floating-point roundoff; minor Python-loop overhead per batch).
Validation patience exceeded at epoch 901/2000, nval_worse=500
[Stage B]    Candidate (monomial_deg3[z_inv]): params=769, val-loss=5.0629e-03
[Stage B]    Reject (monomial_deg3[z_inv]): simpler-over-budget(thr=5.374e-10) | loss 5.646e-12->5.063e-03 (Δ+5.06e-03) | params 1152->769 | cx (0, 0, 0)->(0, 0, 0)
[Stage B]  Trying 1D poly rewrite on NN leaf vars (1, 2), degree=1
[Stage B] Initialising PolyLeaf for vars (1, 2), tag=leaf1
[info] dataloader for provider ASTCompositeAdaptor yields 3 batches (equivalent to a single batch up to floating-point roundoff; minor Python-loop overhead per batch).
[LM][bucket] solving P=770 (trivially separable union)
[Stage B]    Candidate (poly): params=770, val-loss=6.2588e-05
[Stage B]    Reject (poly): simpler-over-budget(thr=5.372e-10) | loss 5.646e-12->6.259e-05 (Δ+6.26e-05) | params 1152->770 | cx (0, 0, 0)->(0, 0, 0)
[Stage B]  Trying 1D poly rewrite on NN leaf vars (1, 2), degree=1 [coord=1/z]
[Stage B] Initialising PolyLeaf for vars (1, 2), tag=leaf1
[info] dataloader for provider ASTCompositeAdaptor yields 3 batches (equivalent to a single batch up to floating-point roundoff; minor Python-loop overhead per batch).
[Stage B]    Candidate (poly[z_inv]): params=770, val-loss=1.2992e-04
[Stage B]    Reject (poly[z_inv]): simpler-over-budget(thr=5.372e-10) | loss 5.646e-12->1.299e-04 (Δ+1.30e-04) | params 1152->770 | cx (0, 0, 0)->(0, 0, 0)
[Stage B]  Trying 1D Expm1 rewrite on NN leaf vars (1, 2)
[Stage B custom_init Expm1] compound vars=(1, 2), a≈0.0529, logA≈6.04
[Stage B] Post-custom-init validation (attempt 0), batch 0, finite: 2000/2000, min: -1.319e+09, max: 1.208e+08, mean: -2.330e+07
[Stage B] Post-custom-init validation (attempt 0), batch 1, finite: 2000/2000, min: -1.425e+09, max: 1.174e+08, mean: -2.627e+07
[Stage B] Post-custom-init validation (attempt 0), batch 2, finite: 2000/2000, min: -1.357e+09, max: 8.085e+07, mean: -2.187e+07
[Stage B] Prediction scale check (attempt 0): pred_median=1.190e+07, true_median=9.826e-02, ratio=1.211e+08
[Stage B] Warning: init scale_ratio extreme; rejecting candidate.
[Stage B]    Candidate (expm1) rejected at init (non-finite loss); trying next.
[Stage B]  Trying 1D symexp_denom_1d rewrite (scale/(exp(r)+exp(-r))) on NN leaf vars (1, 2)
[Stage B custom_init symexp_denom_1d] compound vars=(1, 2), scale≈-937, r±(z)≈-0.196*z
[Stage B] Post-custom-init validation (attempt 0), batch 0, finite: 2000/2000, min: -2.129e+09, max: 2.706e+10, mean: 4.633e+08
[Stage B] Post-custom-init validation (attempt 0), batch 1, finite: 2000/2000, min: -2.166e+09, max: 3.005e+10, mean: 5.184e+08
[Stage B] Post-custom-init validation (attempt 0), batch 2, finite: 2000/2000, min: -1.525e+09, max: 2.494e+10, mean: 5.351e+08
[Stage B] Prediction scale check (attempt 0): pred_median=2.599e+08, true_median=9.826e-02, ratio=2.645e+09
[Stage B] Warning: init scale_ratio extreme; rejecting candidate.
[Stage B]    Candidate (symexp_denom_1d) rejected at init (non-finite loss); trying next.
[Stage B]  Trying 1D polylog rewrite on NN leaf vars (1, 2), degree=1
[info] dataloader for provider ASTCompositeAdaptor yields 3 batches (equivalent to a single batch up to floating-point roundoff; minor Python-loop overhead per batch).
Validation patience exceeded at epoch 601/2000, nval_worse=500
[Stage B]    Candidate (polylog): params=770, val-loss=3.4787e-06
[Stage B]    Reject (polylog): simpler-over-budget(thr=5.372e-10) | loss 5.646e-12->3.479e-06 (Δ+3.48e-06) | params 1152->770 | cx (0, 0, 0)->(0, 0, 0)
[Stage B]  Trying 1D shifted-log rewrite on NN leaf vars (1, 2)
[info] dataloader for provider ASTCompositeAdaptor yields 3 batches (equivalent to a single batch up to floating-point roundoff; minor Python-loop overhead per batch).
[LM][bucket] solving P=771 (trivially separable union)
Stopping at epoch 801/2000, lm_opt.state['halt']=True, loss=2.9370e-08, loss_val=4.2655e-08
[Stage B]    Candidate (logshifted): params=771, val-loss=4.2655e-08
[Stage B]    Reject (logshifted): simpler-over-budget(thr=5.370e-10) | loss 5.646e-12->4.266e-08 (Δ+4.26e-08) | params 1152->771 | cx (0, 0, 0)->(0, 0, 0)
[Stage B]  Trying 1D shifted-log rewrite on NN leaf vars (1, 2) [coord=1/z]
[info] dataloader for provider ASTCompositeAdaptor yields 3 batches (equivalent to a single batch up to floating-point roundoff; minor Python-loop overhead per batch).
[Stage B]    Candidate (logshifted[z_inv]): params=771, val-loss=2.1893e-06
[Stage B]    Reject (logshifted[z_inv]): simpler-over-budget(thr=5.370e-10) | loss 5.646e-12->2.189e-06 (Δ+2.19e-06) | params 1152->771 | cx (0, 0, 0)->(0, 0, 0)
[Stage B]  Trying inv_poly degree=1 (1/P(x)) rewrite on NN leaf vars (1, 2)
[Stage B custom_init inv-poly] Init on vars (1, 2): degree=1, rel_rms≈8.24e-08
[Stage B] Post-custom-init validation (attempt 0), batch 0, finite: 2000/2000, min: -2.065e+09, max: 2.594e+10, mean: 4.469e+08
[Stage B] Post-custom-init validation (attempt 0), batch 1, finite: 2000/2000, min: -2.103e+09, max: 2.876e+10, mean: 5.004e+08
[Stage B] Post-custom-init validation (attempt 0), batch 2, finite: 2000/2000, min: -1.449e+09, max: 2.423e+10, mean: 5.081e+08
[Stage B] Prediction scale check (attempt 0): pred_median=2.491e+08, true_median=9.826e-02, ratio=2.535e+09
[Stage B] Warning: init scale_ratio extreme; rejecting candidate.
[Stage B]    Candidate (inv_poly) rejected at init (non-finite loss); trying next.
[Stage B]  Trying inv_poly degree=1 (1/P(x)) rewrite on NN leaf vars (1, 2) [coord=1/z]
[Stage B custom_init inv-poly] Init on vars (1, 2): degree=1, rel_rms≈6.20e-04
[Stage B] Post-custom-init validation (attempt 0), batch 0, finite: 2000/2000, min: -2.065e+09, max: 2.595e+10, mean: 4.469e+08
[Stage B] Post-custom-init validation (attempt 0), batch 1, finite: 2000/2000, min: -2.102e+09, max: 2.877e+10, mean: 5.004e+08
[Stage B] Post-custom-init validation (attempt 0), batch 2, finite: 2000/2000, min: -1.449e+09, max: 2.422e+10, mean: 5.079e+08
[Stage B] Prediction scale check (attempt 0): pred_median=2.491e+08, true_median=9.826e-02, ratio=2.535e+09
[Stage B] Warning: init scale_ratio extreme; rejecting candidate.
[Stage B]    Candidate (inv_poly[z_inv]) rejected at init (non-finite loss); trying next.
[Stage B]  Trying inv_poly degree=2 (1/P(x)) rewrite on NN leaf vars (1, 2)
[Stage B custom_init inv-poly] Init on vars (1, 2): degree=2, rel_rms≈8.22e-08
[Stage B] Post-custom-init validation (attempt 0), batch 0, finite: 2000/2000, min: -2.065e+09, max: 2.594e+10, mean: 4.469e+08
[Stage B] Post-custom-init validation (attempt 0), batch 1, finite: 2000/2000, min: -2.103e+09, max: 2.876e+10, mean: 5.004e+08
[Stage B] Post-custom-init validation (attempt 0), batch 2, finite: 2000/2000, min: -1.449e+09, max: 2.423e+10, mean: 5.081e+08
[Stage B] Prediction scale check (attempt 0): pred_median=2.491e+08, true_median=9.826e-02, ratio=2.535e+09
[Stage B] Warning: init scale_ratio extreme; rejecting candidate.
[Stage B]    Candidate (inv_poly[1]) rejected at init (non-finite loss); trying next.
[Stage B]  Trying inv_poly degree=2 (1/P(x)) rewrite on NN leaf vars (1, 2) [coord=1/z]
[Stage B custom_init inv-poly] Init on vars (1, 2): degree=2, rel_rms≈5.99e-05
[Stage B] Post-custom-init validation (attempt 0), batch 0, finite: 2000/2000, min: -2.065e+09, max: 2.594e+10, mean: 4.469e+08
[Stage B] Post-custom-init validation (attempt 0), batch 1, finite: 2000/2000, min: -2.103e+09, max: 2.876e+10, mean: 5.004e+08
[Stage B] Post-custom-init validation (attempt 0), batch 2, finite: 2000/2000, min: -1.449e+09, max: 2.423e+10, mean: 5.081e+08
[Stage B] Prediction scale check (attempt 0): pred_median=2.491e+08, true_median=9.826e-02, ratio=2.535e+09
[Stage B] Warning: init scale_ratio extreme; rejecting candidate.
[Stage B]    Candidate (inv_poly[1][z_inv]) rejected at init (non-finite loss); trying next.
[Stage B]  Trying sqrt/invsqrt(poly) rewrite on NN leaf vars (1, 2), degree=2
[Stage B] Post-custom-init validation (attempt 0), batch 0, finite: 2000/2000, min: -2.594e+10, max: 2.065e+09, mean: -4.469e+08
[Stage B] Post-custom-init validation (attempt 0), batch 1, finite: 2000/2000, min: -2.876e+10, max: 2.103e+09, mean: -5.004e+08
[Stage B] Post-custom-init validation (attempt 0), batch 2, finite: 2000/2000, min: -2.423e+10, max: 1.449e+09, mean: -5.081e+08
[Stage B] Prediction scale check (attempt 0): pred_median=2.491e+08, true_median=9.826e-02, ratio=2.535e+09
[Stage B] Warning: init scale_ratio extreme; rejecting candidate.
[Stage B]    Candidate (sqrt_poly) rejected at init (non-finite loss); trying next.
[Stage B]  Trying sqrt/invsqrt(poly) rewrite on NN leaf vars (1, 2), degree=2 [coord=1/z]
[Stage B] Post-custom-init validation (attempt 0), batch 0, finite: 2000/2000, min: -2.594e+10, max: 2.065e+09, mean: -4.469e+08
[Stage B] Post-custom-init validation (attempt 0), batch 1, finite: 2000/2000, min: -2.876e+10, max: 2.103e+09, mean: -5.004e+08
[Stage B] Post-custom-init validation (attempt 0), batch 2, finite: 2000/2000, min: -2.423e+10, max: 1.449e+09, mean: -5.081e+08
[Stage B] Prediction scale check (attempt 0): pred_median=2.491e+08, true_median=9.826e-02, ratio=2.535e+09
[Stage B] Warning: init scale_ratio extreme; rejecting candidate.
[Stage B]    Candidate (sqrt_poly[z_inv]) rejected at init (non-finite loss); trying next.
[Stage B]  Trying 1D compound macro shared-prefactor+residual macro on NN leaf vars [1, 2], pref=arg0, macro=sqrt1p(arg0^2), screen_r2=1.000, ok_frac=1.000
[info] dataloader for provider ASTCompositeAdaptor yields 3 batches (equivalent to a single batch up to floating-point roundoff; minor Python-loop overhead per batch).
[Stage B]    Candidate (cf_sharedpref_resid): params=771, val-loss=9.0623e-06
[Stage B]    Reject (cf_sharedpref_resid): simpler-over-budget(thr=5.370e-10) | loss 5.646e-12->9.062e-06 (Δ+9.06e-06) | params 1152->771 | cx (0, 0, 0)->(0, 0, 0)
[Stage B]  Trying 1D compound macro shared-prefactor+residual macro on NN leaf vars [1, 2], pref=arg0, macro=sqrt1p(arg0^2), screen_r2=1.000, ok_frac=1.000 [coord=1/z]
[info] dataloader for provider ASTCompositeAdaptor yields 3 batches (equivalent to a single batch up to floating-point roundoff; minor Python-loop overhead per batch).
[Stage B]    Candidate (cf_sharedpref_resid[z_inv]): params=771, val-loss=5.6836e-07
[Stage B]    Reject (cf_sharedpref_resid[z_inv]): simpler-over-budget(thr=5.370e-10) | loss 5.646e-12->5.684e-07 (Δ+5.68e-07) | params 1152->771 | cx (0, 0, 0)->(0, 0, 0)
[Stage B]  Skipping cf_sharedpref_resid[z_inv] (previously rejected on same target)
[Stage B]  Skipping cf_sharedpref_resid[z_inv] (previously rejected on same target)
[Stage B]  Skipping cf_sharedpref_resid (previously rejected on same target)
[Stage B]  Skipping cf_sharedpref_resid (previously rejected on same target)
[Stage B]  Trying 1D compound macro tier-3 linear combo on NN leaf vars [1, 2], terms=['hypot', 'arg0^2'], screen_r2=1.000, ok_frac=1.000
[info] dataloader for provider ASTCompositeAdaptor yields 3 batches (equivalent to a single batch up to floating-point roundoff; minor Python-loop overhead per batch).
[Stage B]    Candidate (cf_combo): params=771, val-loss=2.9383e-07
[Stage B]    Reject (cf_combo): simpler-over-budget(thr=5.370e-10) | loss 5.646e-12->2.938e-07 (Δ+2.94e-07) | params 1152->771 | cx (0, 0, 0)->(0, 0, 0)
[Stage B]  Trying 1D compound macro tier-3 linear combo on NN leaf vars [1, 2], terms=['hypot', 'arg0^2'], screen_r2=1.000, ok_frac=1.000 [coord=1/z]
[info] dataloader for provider ASTCompositeAdaptor yields 3 batches (equivalent to a single batch up to floating-point roundoff; minor Python-loop overhead per batch).
[Stage B]    Candidate (cf_combo[z_inv]): params=771, val-loss=7.1811e-07
[Stage B]    Reject (cf_combo[z_inv]): simpler-over-budget(thr=5.370e-10) | loss 5.646e-12->7.181e-07 (Δ+7.18e-07) | params 1152->771 | cx (0, 0, 0)->(0, 0, 0)
[Stage B]  Skipping cf_combo[z_inv] (previously rejected on same target)
[Stage B]  Skipping cf_combo[z_inv] (previously rejected on same target)
[Stage B]  Skipping cf_combo[z_inv] (previously rejected on same target)
[Stage B]  Skipping cf_combo[z_inv] (previously rejected on same target)
[Stage B]  Skipping cf_combo[z_inv] (previously rejected on same target)
[Stage B]  Skipping cf_combo[z_inv] (previously rejected on same target)
[Stage B]  Skipping cf_combo (previously rejected on same target)
[Stage B]  Skipping cf_combo (previously rejected on same target)
[Stage B]  Skipping cf_combo (previously rejected on same target)
[Stage B]  Skipping cf_combo (previously rejected on same target)
[Stage B]  Skipping cf_combo (previously rejected on same target)
[Stage B]  Skipping cf_combo (previously rejected on same target)
[Stage B]  Precheck reject (duplicate-signature) rule=univariate_nn cand=sqrt_ratpoly_1d target=nn#leaf1 vars=(1, 2) sig=(960898949, 1, 1, -1, 3, 1, 1, 1) attempted=41
[Stage B]  Precheck reject (duplicate-signature) rule=univariate_nn cand=sqrt_ratpoly_1d[1] target=nn#leaf1 vars=(1, 2) sig=(960898949, 1, 1, -1, 4, 1, 1, 1, 1) attempted=41
[Stage B]  Precheck reject (duplicate-signature) rule=univariate_nn cand=sqrt_ratpoly_1d[2] target=nn#leaf1 vars=(1, 2) sig=(960898949, 2, 1, 1, -1, 3, 1, 1, 1) attempted=41
[Stage B]  Precheck reject (duplicate-signature) rule=univariate_nn cand=sqrt_ratpoly_1d[3] target=nn#leaf1 vars=(1, 2) sig=(960898949, 4, 0, 1, 1, 1, -1, 2, 1, 1) attempted=41
[Stage B]  Precheck reject (duplicate-signature) rule=univariate_nn cand=sqrt_ratpoly_1d[4] target=nn#leaf1 vars=(1, 2) sig=(960898949, 2, 0, 1, -1, 5, 1, 1, 1, 0, 1) attempted=41
[Stage B]  Precheck reject (duplicate-signature) rule=univariate_nn cand=sqrt_ratpoly_1d[5] target=nn#leaf1 vars=(1, 2) sig=(960898949, 1, 1, -1, 5, 1, 1, 1, 1, 1) attempted=41
[Stage B]  Precheck reject (duplicate-signature) rule=univariate_nn cand=sqrt_ratpoly_1d[6] target=nn#leaf1 vars=(1, 2) sig=(960898949, 2, 1, 1, -1, 4, 1, 1, 1, 1) attempted=41
[Stage B]  Precheck reject (duplicate-signature) rule=univariate_nn cand=sqrt_ratpoly_1d[7] target=nn#leaf1 vars=(1, 2) sig=(960898949, 3, 1, 1, 1, -1, 3, 1, 1, 1) attempted=41
[Stage B]  Precheck reject (duplicate-signature) rule=univariate_nn cand=sqrt_ratpoly_1d[8] target=nn#leaf1 vars=(1, 2) sig=(960898949, 2, 1, 1, -1, 5, 1, 1, 1, 1, 1) attempted=41
[Stage B]  Precheck reject (duplicate-signature) rule=univariate_nn cand=sqrt_ratpoly_1d[9] target=nn#leaf1 vars=(1, 2) sig=(960898949, 3, 1, 1, 1, -1, 4, 1, 1, 1, 1) attempted=41
[Stage B]  Precheck reject (duplicate-signature) rule=univariate_nn cand=sqrt_ratpoly_1d[10] target=nn#leaf1 vars=(1, 2) sig=(960898949, 4, 1, 1, 1, 1, -1, 3, 1, 1, 1) attempted=41
[Stage B]  Precheck reject (duplicate-signature) rule=univariate_nn cand=sqrt_ratpoly_1d[11] target=nn#leaf1 vars=(1, 2) sig=(960898949, 4, 1, 1, 1, 1, -1, 4, 1, 1, 1, 1) attempted=41
[Stage B]  Precheck reject (duplicate-signature) rule=univariate_nn cand=sqrt_ratpoly_1d[12] target=nn#leaf1 vars=(1, 2) sig=(960898949, 5, 1, 1, 1, 1, 1, -1, 3, 1, 1, 1) attempted=41
[Stage B]  Precheck reject (duplicate-signature) rule=univariate_nn cand=sqrt_ratpoly_1d[13] target=nn#leaf1 vars=(1, 2) sig=(960898949, 4, 1, 1, 1, 1, -1, 5, 1, 1, 1, 1, 1) attempted=41
[Stage B]  Precheck reject (duplicate-signature) rule=univariate_nn cand=sqrt_ratpoly_1d[14] target=nn#leaf1 vars=(1, 2) sig=(960898949, 5, 1, 1, 1, 1, 1, -1, 4, 1, 1, 1, 1) attempted=41
[Stage B]  Precheck reject (duplicate-signature) rule=univariate_nn cand=sqrt_ratpoly_1d[15] target=nn#leaf1 vars=(1, 2) sig=(960898949, 5, 1, 1, 1, 1, 1, -1, 5, 1, 1, 1, 1, 1) attempted=41
[Stage B]  Precheck reject (duplicate-signature) rule=univariate_nn cand=sqrt_ratpoly_1d[16] target=nn#leaf1 vars=(1, 2) sig=(960898949, 1, 1, -1, 3, 1, 1, 1) attempted=41
[Stage B]  Precheck reject (duplicate-signature) rule=univariate_nn cand=sqrt_ratpoly_1d[17] target=nn#leaf1 vars=(1, 2) sig=(960898949, 2, 1, 1, -1, 2, 1, 1) attempted=41
[Stage B]  Precheck reject (duplicate-signature) rule=univariate_nn cand=sqrt_ratpoly_1d[18] target=nn#leaf1 vars=(1, 2) sig=(960898949, 3, 1, 1, 1, -1, 1, 1) attempted=41
[Stage B]  Precheck reject (duplicate-signature) rule=univariate_nn cand=sqrt_ratpoly_1d[19] target=nn#leaf1 vars=(1, 2) sig=(960898949, 1, 1, -1, 4, 1, 1, 1, 1) attempted=41
[Stage B]  Precheck reject (duplicate-signature) rule=univariate_nn cand=sqrt_ratpoly_1d[20] target=nn#leaf1 vars=(1, 2) sig=(960898949, 2, 1, 1, -1, 3, 1, 1, 1) attempted=41
[Stage B]  Precheck reject (duplicate-signature) rule=univariate_nn cand=sqrt_ratpoly_1d[21] target=nn#leaf1 vars=(1, 2) sig=(960898949, 1, 1, -1, 5, 1, 1, 1, 1, 1) attempted=41
[Stage B]  Precheck reject (duplicate-signature) rule=univariate_nn cand=sqrt_ratpoly_1d[22] target=nn#leaf1 vars=(1, 2) sig=(960898949, 2, 1, 1, -1, 4, 1, 1, 1, 1) attempted=41
[Stage B]  Precheck reject (duplicate-signature) rule=univariate_nn cand=cbrt_ratpoly_1d target=nn#leaf1 vars=(1, 2) sig=(960898949, 1, 1, -1, 3, 1, 1, 1) attempted=41
[Stage B]  Precheck reject (duplicate-signature) rule=univariate_nn cand=cbrt_ratpoly_1d[z_inv] target=nn#leaf1 vars=(1, 2) sig=(2191933987, 3, 0, 0, 1, -1, 3, 1, 1, 1) attempted=41
[Stage B]  Precheck reject (duplicate-signature) rule=univariate_nn cand=cbrt_ratpoly_1d[1] target=nn#leaf1 vars=(1, 2) sig=(960898949, 1, 1, -1, 4, 1, 1, 1, 1) attempted=41
[Stage B]  Precheck reject (duplicate-signature) rule=univariate_nn cand=cbrt_ratpoly_1d[1][z_inv] target=nn#leaf1 vars=(1, 2) sig=(2191933987, 4, 0, 0, 0, 1, -1, 4, 1, 0, 1, 1) attempted=41
[Stage B]  Precheck reject (duplicate-signature) rule=univariate_nn cand=cbrt_ratpoly_1d[2] target=nn#leaf1 vars=(1, 2) sig=(960898949, 2, 1, 1, -1, 3, 1, 1, 1) attempted=41
[Stage B]  Precheck reject (duplicate-signature) rule=univariate_nn cand=cbrt_ratpoly_1d[2][z_inv] target=nn#leaf1 vars=(1, 2) sig=(2191933987, 1, 1, -1, 5, 1, 1, 1, 1, 1) attempted=41
[Stage B]  Precheck reject (duplicate-signature) rule=univariate_nn cand=cbrt_ratpoly_1d[3] target=nn#leaf1 vars=(1, 2) sig=(960898949, 2, 0, 1, -1, 4, 1, 1, 1, 1) attempted=41
[Stage B]  Precheck reject (duplicate-signature) rule=univariate_nn cand=cbrt_ratpoly_1d[3][z_inv] target=nn#leaf1 vars=(1, 2) sig=(2191933987, 3, 1, 1, 1, -1, 5, 1, 1, 1, 1, 1) attempted=41
[Stage B]  Precheck reject (duplicate-signature) rule=univariate_nn cand=cbrt_ratpoly_1d[4] target=nn#leaf1 vars=(1, 2) sig=(960898949, 1, 1, -1, 5, 1, 1, 1, 1, 1) attempted=41
[Stage B]  Precheck reject (duplicate-signature) rule=univariate_nn cand=cbrt_ratpoly_1d[4][z_inv] target=nn#leaf1 vars=(1, 2) sig=(2191933987, 2, 1, 1, -1, 2, 1, 1) attempted=41
[Stage B]  Precheck reject (duplicate-signature) rule=univariate_nn cand=cbrt_ratpoly_1d[5] target=nn#leaf1 vars=(1, 2) sig=(960898949, 2, 1, 1, -1, 4, 1, 1, 1, 1) attempted=41
[Stage B]  Precheck reject (duplicate-signature) rule=univariate_nn cand=cbrt_ratpoly_1d[5][z_inv] target=nn#leaf1 vars=(1, 2) sig=(2191933987, 2, 1, 1, -1, 3, 1, 1, 1) attempted=41
[Stage B]  Precheck reject (duplicate-signature) rule=univariate_nn cand=cbrt_ratpoly_1d[6] target=nn#leaf1 vars=(1, 2) sig=(960898949, 3, 1, 1, 1, -1, 3, 1, 1, 1) attempted=41
[Stage B]  Precheck reject (duplicate-signature) rule=univariate_nn cand=cbrt_ratpoly_1d[6][z_inv] target=nn#leaf1 vars=(1, 2) sig=(2191933987, 3, 1, 1, 1, -1, 2, 1, 1) attempted=41
[Stage B]  Precheck reject (duplicate-signature) rule=univariate_nn cand=cbrt_ratpoly_1d[7] target=nn#leaf1 vars=(1, 2) sig=(960898949, 2, 1, 1, -1, 5, 1, 1, 1, 1, 1) attempted=41
[Stage B]  Precheck reject (duplicate-signature) rule=univariate_nn cand=cbrt_ratpoly_1d[7][z_inv] target=nn#leaf1 vars=(1, 2) sig=(2191933987, 1, 1, -1, 5, 1, 1, 1, 1, 1) attempted=41
[Stage B]  Precheck reject (duplicate-signature) rule=univariate_nn cand=cbrt_ratpoly_1d[8] target=nn#leaf1 vars=(1, 2) sig=(960898949, 3, 1, 1, 1, -1, 4, 1, 1, 1, 1) attempted=41
[Stage B]  Precheck reject (duplicate-signature) rule=univariate_nn cand=cbrt_ratpoly_1d[8][z_inv] target=nn#leaf1 vars=(1, 2) sig=(2191933987, 2, 1, 1, -1, 4, 1, 1, 1, 1) attempted=41
[Stage B]  Precheck reject (duplicate-signature) rule=univariate_nn cand=cbrt_ratpoly_1d[9] target=nn#leaf1 vars=(1, 2) sig=(960898949, 4, 1, 1, 1, 1, -1, 3, 1, 1, 1) attempted=41
[Stage B]  Precheck reject (duplicate-signature) rule=univariate_nn cand=cbrt_ratpoly_1d[9][z_inv] target=nn#leaf1 vars=(1, 2) sig=(2191933987, 4, 1, 1, 1, 1, -1, 2, 1, 1) attempted=41
[Stage B]  Precheck reject (duplicate-signature) rule=univariate_nn cand=cbrt_ratpoly_1d[10] target=nn#leaf1 vars=(1, 2) sig=(960898949, 3, 1, 1, 1, -1, 5, 1, 1, 1, 1, 1) attempted=41
[Stage B]  Precheck reject (duplicate-signature) rule=univariate_nn cand=cbrt_ratpoly_1d[10][z_inv] target=nn#leaf1 vars=(1, 2) sig=(2191933987, 2, 1, 1, -1, 5, 1, 1, 1, 1, 1) attempted=41
[Stage B]  Precheck reject (duplicate-signature) rule=univariate_nn cand=cbrt_ratpoly_1d[11] target=nn#leaf1 vars=(1, 2) sig=(960898949, 5, 1, 1, 1, 1, 1, -1, 3, 1, 1, 1) attempted=41
[Stage B]  Precheck reject (duplicate-signature) rule=univariate_nn cand=cbrt_ratpoly_1d[11][z_inv] target=nn#leaf1 vars=(1, 2) sig=(2191933987, 5, 1, 1, 1, 1, 1, -1, 2, 1, 1) attempted=41
[Stage B]  Precheck reject (duplicate-signature) rule=univariate_nn cand=cbrt_ratpoly_1d[12] target=nn#leaf1 vars=(1, 2) sig=(960898949, 5, 1, 1, 1, 1, 1, -1, 4, 1, 1, 1, 1) attempted=41
[Stage B]  Precheck reject (duplicate-signature) rule=univariate_nn cand=cbrt_ratpoly_1d[12][z_inv] target=nn#leaf1 vars=(1, 2) sig=(2191933987, 3, 1, 1, 1, -1, 5, 1, 1, 1, 1, 1) attempted=41
[Stage B]  Precheck reject (duplicate-signature) rule=univariate_nn cand=cbrt_ratpoly_1d[13] target=nn#leaf1 vars=(1, 2) sig=(960898949, 5, 1, 1, 1, 1, 1, -1, 5, 1, 1, 1, 1, 1) attempted=41
[Stage B]  Precheck reject (duplicate-signature) rule=univariate_nn cand=cbrt_ratpoly_1d[13][z_inv] target=nn#leaf1 vars=(1, 2) sig=(2191933987, 4, 1, 1, 1, 1, -1, 4, 1, 1, 1, 1) attempted=41
[Stage B]  Precheck reject (duplicate-signature) rule=univariate_nn cand=cbrt_ratpoly_1d[14] target=nn#leaf1 vars=(1, 2) sig=(960898949, 1, 1, -1, 3, 1, 1, 1) attempted=41
[Stage B]  Precheck reject (duplicate-signature) rule=univariate_nn cand=cbrt_ratpoly_1d[14][z_inv] target=nn#leaf1 vars=(1, 2) sig=(2191933987, 5, 1, 1, 1, 1, 1, -1, 3, 1, 1, 1) attempted=41
[Stage B]  Precheck reject (duplicate-signature) rule=univariate_nn cand=cbrt_ratpoly_1d[15] target=nn#leaf1 vars=(1, 2) sig=(960898949, 2, 1, 1, -1, 2, 1, 1) attempted=41
[Stage B]  Precheck reject (duplicate-signature) rule=univariate_nn cand=cbrt_ratpoly_1d[15][z_inv] target=nn#leaf1 vars=(1, 2) sig=(2191933987, 4, 1, 1, 1, 1, -1, 5, 1, 1, 1, 1, 1) attempted=41
[Stage B]  Precheck reject (duplicate-signature) rule=univariate_nn cand=cbrt_ratpoly_1d[16] target=nn#leaf1 vars=(1, 2) sig=(960898949, 3, 1, 1, 1, -1, 1, 1) attempted=41
[Stage B]  Precheck reject (duplicate-signature) rule=univariate_nn cand=cbrt_ratpoly_1d[16][z_inv] target=nn#leaf1 vars=(1, 2) sig=(2191933987, 5, 1, 1, 1, 1, 1, -1, 4, 1, 1, 1, 1) attempted=41
[Stage B]  Precheck reject (duplicate-signature) rule=univariate_nn cand=cbrt_ratpoly_1d[17] target=nn#leaf1 vars=(1, 2) sig=(960898949, 1, 1, -1, 4, 1, 1, 1, 1) attempted=41
[Stage B]  Precheck reject (duplicate-signature) rule=univariate_nn cand=cbrt_ratpoly_1d[17][z_inv] target=nn#leaf1 vars=(1, 2) sig=(2191933987, 5, 1, 1, 1, 1, 1, -1, 5, 1, 1, 1, 1, 1) attempted=41
[Stage B]  Precheck reject (duplicate-signature) rule=univariate_nn cand=cbrt_ratpoly_1d[18] target=nn#leaf1 vars=(1, 2) sig=(960898949, 2, 1, 1, -1, 3, 1, 1, 1) attempted=41
[Stage B]  Precheck reject (duplicate-signature) rule=univariate_nn cand=cbrt_ratpoly_1d[19] target=nn#leaf1 vars=(1, 2) sig=(960898949, 3, 1, 1, 1, -1, 2, 1, 1) attempted=41
[Stage B]  Precheck reject (duplicate-signature) rule=univariate_nn cand=cbrt_ratpoly_1d[20] target=nn#leaf1 vars=(1, 2) sig=(960898949, 1, 1, -1, 5, 1, 1, 1, 1, 1) attempted=41
[Stage B]  Precheck reject (duplicate-signature) rule=univariate_nn cand=cbrt_ratpoly_1d[21] target=nn#leaf1 vars=(1, 2) sig=(960898949, 2, 1, 1, -1, 4, 1, 1, 1, 1) attempted=41
[Stage B]  Precheck reject (duplicate-signature) rule=univariate_nn cand=cbrt_ratpoly_1d[22] target=nn#leaf1 vars=(1, 2) sig=(960898949, 2, 1, 1, -1, 5, 1, 1, 1, 1, 1) attempted=41
[Stage B]  Precheck reject (duplicate-signature) rule=univariate_nn cand=ratpoly_1d target=nn#leaf1 vars=(1, 2) sig=(960898949, 1, 1, -1, 2, 1, 1) attempted=41
[Stage B]  Precheck reject (duplicate-signature) rule=univariate_nn cand=ratpoly_1d[1] target=nn#leaf1 vars=(1, 2) sig=(960898949, 1, 1, -1, 3, 1, 1, 1) attempted=41
[Stage B]  Precheck reject (duplicate-signature) rule=univariate_nn cand=ratpoly_1d[2] target=nn#leaf1 vars=(1, 2) sig=(960898949, 2, 1, 1, -1, 2, 1, 1) attempted=41
[Stage B]  Precheck reject (duplicate-signature) rule=univariate_nn cand=ratpoly_1d[3] target=nn#leaf1 vars=(1, 2) sig=(960898949, 1, 1, -1, 4, 1, 1, 1, 1) attempted=41
[Stage B]  Precheck reject (duplicate-signature) rule=univariate_nn cand=ratpoly_1d[4] target=nn#leaf1 vars=(1, 2) sig=(960898949, 2, 1, 1, -1, 3, 1, 1, 1) attempted=41
[Stage B]  Precheck reject (duplicate-signature) rule=univariate_nn cand=ratpoly_1d[5] target=nn#leaf1 vars=(1, 2) sig=(960898949, 3, 1, 1, 1, -1, 2, 1, 1) attempted=41
[Stage B]  Precheck reject (duplicate-signature) rule=univariate_nn cand=ratpoly_1d[6] target=nn#leaf1 vars=(1, 2) sig=(960898949, 4, 0, 1, 1, 1, -1, 2, 1, 1) attempted=41
[Stage B]  Precheck reject (duplicate-signature) rule=univariate_nn cand=ratpoly_1d[7] target=nn#leaf1 vars=(1, 2) sig=(960898949, 1, 1, -1, 5, 1, 1, 1, 1, 1) attempted=41
[Stage B]  Precheck reject (duplicate-signature) rule=univariate_nn cand=ratpoly_1d[8] target=nn#leaf1 vars=(1, 2) sig=(960898949, 2, 1, 1, -1, 4, 1, 1, 1, 1) attempted=41
[Stage B]  Precheck reject (duplicate-signature) rule=univariate_nn cand=ratpoly_1d[9] target=nn#leaf1 vars=(1, 2) sig=(960898949, 4, 1, 1, 1, 1, -1, 2, 1, 1) attempted=41
[Stage B]  Precheck reject (duplicate-signature) rule=univariate_nn cand=ratpoly_1d[10] target=nn#leaf1 vars=(1, 2) sig=(960898949, 3, 1, 1, 1, -1, 5, 1, 1, 1, 1, 1) attempted=41
[Stage B]  Precheck reject (duplicate-signature) rule=univariate_nn cand=ratpoly_1d[11] target=nn#leaf1 vars=(1, 2) sig=(960898949, 4, 1, 1, 1, 1, -1, 5, 1, 1, 1, 1, 1) attempted=41
[Stage B]  Precheck reject (duplicate-signature) rule=univariate_nn cand=ratpoly_1d[12] target=nn#leaf1 vars=(1, 2) sig=(960898949, 5, 1, 1, 1, 1, 1, -1, 4, 1, 1, 1, 1) attempted=41
[Stage B]  Precheck reject (duplicate-signature) rule=univariate_nn cand=ratpoly_1d[13] target=nn#leaf1 vars=(1, 2) sig=(960898949, 5, 1, 1, 1, 1, 1, -1, 5, 1, 1, 1, 1, 1) attempted=41
[Stage B]  Trying exp-poly rewrite on NN leaf vars (1, 2), degree=2
[Stage B] Initialising ExpPolyLeaf for vars (1, 2), tag=leaf1
[info] dataloader for provider ASTCompositeAdaptor yields 3 batches (equivalent to a single batch up to floating-point roundoff; minor Python-loop overhead per batch).
Validation patience exceeded at epoch 1601/2000, nval_worse=500
[Stage B]    Candidate (exp): params=771, val-loss=2.1751e-07
[Stage B]    Reject (exp): simpler-over-budget(thr=5.370e-10) | loss 5.646e-12->2.175e-07 (Δ+2.18e-07) | params 1152->771 | cx (0, 0, 0)->(0, 0, 0)
[Stage B]  Trying exp-poly rewrite on NN leaf vars (1, 2), degree=2 [coord=1/z]
[Stage B] Initialising ExpPolyLeaf for vars (1, 2), tag=leaf1
[info] dataloader for provider ASTCompositeAdaptor yields 3 batches (equivalent to a single batch up to floating-point roundoff; minor Python-loop overhead per batch).
Stopping at epoch 501/2000, lm_opt.state['halt']=True, loss=4.7499e-09, loss_val=8.8135e-09
[Stage B]    Candidate (exp[z_inv]): params=771, val-loss=8.8135e-09
[Stage B]    Reject (exp[z_inv]): simpler-over-budget(thr=5.370e-10) | loss 5.646e-12->8.814e-09 (Δ+8.81e-09) | params 1152->771 | cx (0, 0, 0)->(0, 0, 0)
[Stage B]  Trying exp-ratpoly rewrite on NN leaf vars (1, 2), degs=2/2
[Stage B] Initialising ExpRationalPolyLeaf for vars (1, 2), tag=leaf1
[info] dataloader for provider ASTCompositeAdaptor yields 3 batches (equivalent to a single batch up to floating-point roundoff; minor Python-loop overhead per batch).
[LM][bucket] solving P=774 (trivially separable union)
Stopping at epoch 701/2000, lm_opt.state['halt']=True, loss=7.3555e-12, loss_val=6.0589e-12
[Stage B]    Candidate (exp_rat): params=774, val-loss=6.0589e-12
[Stage B]    [32mAccepted[0m rewrite (exp_rat, loss-below-floor-simpler)
[Stage B]    NN metrics: total=2, multivar=0, max_arity=1
[Stage B]    Current: [35mnn0(x0) * exp_ratpoly0(z=(x1 * x2^-1)) * nn1(x1)[0m
[Stage B] === Phase 1: Searching for separabilities (additive, multiplicative) ===
[Stage B] Rule nonsense_units_zero_prune found 0 targets
[Stage B] Rule monomial_peel_priority found 2 targets
[Stage B]   target order (arity-asc): [vars=(0,)(arity=1), vars=(1,)(arity=1)]
[Stage B] monomial_peel_priority shortlist: monomial_pow2_3[z_inv]@nn#leaf2 vars=(1,) (k=-0.667, rel=1.22e-05); monomial_deg1[z_inv]@nn#leaf2 vars=(1,) (k=-0.667, rel=1.22e-05); monomial_deg2[z_inv]@nn#leaf2 vars=(1,) (k=-0.667, rel=1.22e-05); monomial_deg3[z_inv]@nn#leaf2 vars=(1,) (k=-0.667, rel=1.22e-05); monomial_pow1_3@nn#leaf0 vars=(0,) (k=0.333, rel=2.08e-05); monomial_deg1[z_inv]@nn#leaf0 vars=(0,) (k=0.333, rel=2.08e-05); monomial_deg2[z_inv]@nn#leaf0 vars=(0,) (k=0.333, rel=2.08e-05); monomial_deg3[z_inv]@nn#leaf0 vars=(0,) (k=0.333, rel=2.08e-05)
[Stage B] Rule monomial_peel_priority trying 8 globally ranked candidates
[Stage B]  Greedy order (1 cands): monomial_pow2_3[z_inv](1005p)
[Stage B]  Priority trying fixed third-power monomial (z^0.667, k≈0.667, rel=1.22e-05) on NN leaf vars (1,) [coord=1/z]
[info] dataloader for provider ASTCompositeAdaptor yields 3 batches (equivalent to a single batch up to floating-point roundoff; minor Python-loop overhead per batch).
[LM][bucket] solving P=390 (trivially separable union)
Stopping at epoch 201/2000, lm_opt.state['halt']=True, loss=9.7986e-13, loss_val=1.3844e-12
[Stage B]    Candidate (monomial_pow2_3[z_inv]): params=390, val-loss=1.3844e-12
[Stage B]    [32mAccepted[0m rewrite (monomial_pow2_3[z_inv], loss-below-floor-simpler)
[Stage B]    NN metrics: total=1, multivar=0, max_arity=1
[Stage B]    Current: [35mnn0(x0) * exp_ratpoly0(z=(x1 * x2^-1)) * x1^-1^0.67[0m
[Stage B polish] Running subtree:root.right candidate generation in guarded worker (max_seconds=300.0, mem_fraction=0.2).
[info] dataloader for provider ASTCompositeAdaptor yields 3 batches (equivalent to a single batch up to floating-point roundoff; minor Python-loop overhead per batch).
Stopping at epoch 401/2000, lm_opt.state['halt']=True, loss=4.1014e-11, loss_val=3.4757e-11
[Stage B polish] subtree full-shadow reject root.right: ((x1)**-1)**0.666667 -> (1/x1)**(2/3); val-loss=3.4757e-11 (shadow-full-policy(units-pinned; loss-below-floor-too-much-regression(ratio=2.511e+01, cap=1.384e-11)))
[Stage B] === Phase 1: Searching for separabilities (additive, multiplicative) ===
[Stage B] Rule nonsense_units_zero_prune found 0 targets
[Stage B] Rule monomial_peel_priority found 1 targets
[Stage B]   target order (arity-asc): [vars=(0,)(arity=1)]
[Stage B] monomial_peel_priority shortlist: monomial_deg1[z_inv]@nn#leaf0 vars=(0,) (k=0.457, rel=0.6); monomial_deg2[z_inv]@nn#leaf0 vars=(0,) (k=0.457, rel=0.6); monomial_deg3[z_inv]@nn#leaf0 vars=(0,) (k=0.457, rel=0.6)
[Stage B] Rule monomial_peel_priority trying 3 globally ranked candidates
[Stage B]  Greedy order (1 cands): monomial_deg1[z_inv](6p)
[Stage B]  Precheck reject (units: fixed-units-mismatch) rule=monomial_peel_priority cand=monomial_deg1[z_inv] target=nn#leaf0 vars=(0,) attempted=0
[Stage B]  Greedy order (1 cands): monomial_deg2[z_inv](6p)
[Stage B]  Precheck reject (units: fixed-units-mismatch) rule=monomial_peel_priority cand=monomial_deg2[z_inv] target=nn#leaf0 vars=(0,) attempted=0
[Stage B]  Greedy order (1 cands): monomial_deg3[z_inv](6p)
[Stage B]  Precheck reject (units: fixed-units-mismatch) rule=monomial_peel_priority cand=monomial_deg3[z_inv] target=nn#leaf0 vars=(0,) attempted=0
[Stage B] Rule subtree_separability found 0 targets
[Stage B] Rule last_hard_trig_square found 0 targets
[Stage B] Rule univariate_nn found 1 targets
[Stage B]   target order (arity-asc): [vars=(0,)(arity=1)]
[Stage B]  one_minus_cos_over_z2 skip NN vars (0,): no trig hint
[Stage B] ratpoly_1d degree probe: no valid pairs, falling back to unconstrained grid, vars=(0,)
[Stage B] ratpoly_1d probe: 4 sub-threshold trial(s) for vars=(0,): deg=(4,4)->(4,4) nnz=(1,4) rms=0.0009, deg=(3,3)->(3,3) nnz=(3,3) rms=0.0007, deg=(4,2)->(4,2) nnz=(4,2) rms=0.0008, deg=(4,3)->(4,3) nnz=(5,4) rms=0.0003
[Stage B] ratpoly_1d degree probe: no valid pairs, falling back to unconstrained grid, vars=(0,)
[Stage B] ratpoly_1d rejected: best rel_rms=0.0016 > 0.001, deg=(4,4), vars=(0,)
[Stage B] ratpoly_1d degree probe: 8 valid pair(s), min_deg=(1,0), vars=(0,)
[Stage B] ratpoly_1d rejected: best rel_rms=0.6098 > 0.001, deg=(1,0), vars=(0,)
[Stage B] ratpoly_1d degree probe: 8 valid pair(s), min_deg=(0,1), vars=(0,)
[Stage B] ratpoly_1d rejected: best rel_rms=1.4988 > 0.001, deg=(1,2), vars=(0,)
[Stage B]  one_minus_cos_over_z2 skip NN vars (0,): no trig hint
[Stage B] ratpoly_1d degree probe: no valid pairs, falling back to unconstrained grid, vars=(0,)
[Stage B] ratpoly_1d rejected: best rel_rms=0.2811 > 0.001, deg=(3,3), vars=(0,)
[Stage B] ratpoly_1d degree probe: no valid pairs, falling back to unconstrained grid, vars=(0,)
[Stage B] ratpoly_1d rejected: best rel_rms=0.0229 > 0.001, deg=(3,4), vars=(0,)
[Stage B] ratpoly_1d degree probe: 8 valid pair(s), min_deg=(0,1), vars=(0,)
[Stage B] ratpoly_1d rejected: best rel_rms=0.6421 > 0.001, deg=(0,1), vars=(0,)
[Stage B] ratpoly_1d degree probe: 8 valid pair(s), min_deg=(1,0), vars=(0,)
[Stage B] ratpoly_1d rejected: best rel_rms=1.3811 > 0.001, deg=(1,0), vars=(0,)
[Stage B] RuleUniNN proposing 13 candidates for NN vars=(0,): ['monomial_deg1', 'monomial_deg2', 'monomial_deg3', 'cf_combo', 'cf_combo', 'cf_combo', 'cf_combo', 'cf_combo', 'cf_combo', 'cf_combo', 'cf_combo', 'cf_combo', 'cf_combo']
[Stage B] RuleUniNN proposing 18 candidates for NN vars=(0,): ['sqrt_ratpoly_1d', 'sqrt_ratpoly_1d[1]', 'sqrt_ratpoly_1d[2]', 'sqrt_ratpoly_1d[3]', 'scale', 'monomial_deg1[z_inv]', 'monomial_deg2[z_inv]', 'monomial_deg3[z_inv]', 'cf_combo[z_inv]', 'cf_combo[z_inv]', 'cf_combo[z_inv]', 'cf_combo[z_inv]', 'cf_combo[z_inv]', 'cf_combo[z_inv]', 'cf_combo[z_inv]', 'cf_combo[z_inv]', 'cf_combo[z_inv]', 'cf_combo[z_inv]']
[Stage B]  Exhaustive order (18 cands): monomial_deg1[z_inv](7p), monomial_deg2[z_inv](7p), monomial_deg3[z_inv](7p), scale(8p), cf_combo[z_inv](8p), cf_combo[z_inv](8p), cf_combo[z_inv](8p), cf_combo[z_inv](8p), cf_combo[z_inv](8p), cf_combo[z_inv](9p), cf_combo[z_inv](9p), cf_combo[z_inv](9p), cf_combo[z_inv](9p), cf_combo[z_inv](9p), sqrt_ratpoly_1d(11p), sqrt_ratpoly_1d[1](12p), sqrt_ratpoly_1d[2](12p), sqrt_ratpoly_1d[3](15p)
[Stage B]  Precheck reject (units: fixed-units-mismatch) rule=univariate_nn cand=monomial_deg1[z_inv] target=nn#leaf0 vars=(0,) attempted=41
[Stage B]  Precheck reject (units: fixed-units-mismatch) rule=univariate_nn cand=monomial_deg2[z_inv] target=nn#leaf0 vars=(0,) attempted=41
[Stage B]  Precheck reject (units: fixed-units-mismatch) rule=univariate_nn cand=monomial_deg3[z_inv] target=nn#leaf0 vars=(0,) attempted=41
[Stage B]  Trying scaling rewrite on NN leaf vars (0,), k≈0.333
[Stage B] Initialising PowerLeaf for vars (0,), tag=leaf0
[info] dataloader for provider ASTCompositeAdaptor yields 3 batches (equivalent to a single batch up to floating-point roundoff; minor Python-loop overhead per batch).
[LM][bucket] solving P=8 (trivially separable union)
Stopping at epoch 201/2000, lm_opt.state['halt']=True, loss=7.2502e-14, loss_val=1.7842e-13
[Stage B]    Candidate (scale): params=8, val-loss=1.7842e-13
[Stage B]  Precheck reject (units: fixed-units-mismatch) rule=univariate_nn cand=cf_combo[z_inv] target=nn#leaf0 vars=(0,) attempted=41
[Stage B]  Precheck reject (units: fixed-units-mismatch) rule=univariate_nn cand=cf_combo[z_inv] target=nn#leaf0 vars=(0,) attempted=41
[Stage B]  Precheck reject (units: fixed-units-mismatch) rule=univariate_nn cand=cf_combo[z_inv] target=nn#leaf0 vars=(0,) attempted=41
[Stage B]  Precheck reject (units: fixed-units-mismatch) rule=univariate_nn cand=cf_combo[z_inv] target=nn#leaf0 vars=(0,) attempted=41
[Stage B]  Precheck reject (units: fixed-units-mismatch) rule=univariate_nn cand=cf_combo[z_inv] target=nn#leaf0 vars=(0,) attempted=41
[Stage B]    [32mAccepted[0m rewrite (scale, loss-below-floor-simpler)
[Stage B]    NN metrics: total=0, multivar=0, max_arity=0
[Stage B]    Current: [35mpower0(x0) * exp_ratpoly0(z=(x1 * x2^-1)) * x1^-1^0.67[0m
[Stage B polish] skipped: accepted state is already terminal; deferring cleanup (NN=0, params=8, following_min_params=none, loss=1.784e-13, floor=4.760e-10, noise_floor=0.000e+00, noise_n_eff=2000.0).
[Stage B] Terminal state reached; stopping exhaustive search (NN=0, params=8, following_min_params=9, loss=1.784e-13, floor=4.760e-10, noise_floor=0.000e+00, noise_n_eff=2000.0).
[Stage B] === Phase 1: Searching for separabilities (additive, multiplicative) ===
[Stage B] Rule nonsense_units_zero_prune found 0 targets
[Stage B] Rule monomial_peel_priority found 0 targets
[Stage B] Rule subtree_separability found 0 targets
[Stage B] Rule last_hard_trig_square found 0 targets
[Stage B] Rule univariate_nn found 0 targets
[Stage B] Rule log_ratio found 0 targets
[Stage B] Rule power_product found 0 targets
[Stage B] Rule joint_product_monomial_closure found 0 targets
[Stage B] Rule overlap_prefactor_peel found 0 targets
[Stage B] Rule overlap_counterterm_peel found 0 targets
[Stage B] Rule common_prefactor found 0 targets
[Stage B] Rule additive_gauge_transfer found 0 targets
[Stage B] Rule multiplicative_homogeneity_transfer found 0 targets
[Stage B] Rule univariate_mono found 0 targets
[Stage B] Rule nn_leaf_separability found 0 targets
[Stage B] Rule counterterm_mul_split found 0 targets
[Stage B] Rule counterfactor_add_split found 0 targets
[Stage B] Terminal state reached after accept; done (NN=0, params=8, following_min_params=none, loss=1.784e-13, floor=4.760e-10, noise_floor=0.000e+00, noise_n_eff=2000.0).
[Stage B] Pareto(loss,complexity): front=1 trackable=72 outcomes=['accept', 'reject']
[Stage B]   Pareto step=548 accept scale: loss=1.784e-13 cx=38.000 (ast=38.000, map=0.000:-/none) params=8
[PruneParam] 0 NN atoms, 5 prunable parameters — running per-parameter pruning
[PruneParam]   Param coeffs_den[2] in leaf1 (exp_ratpoly): val=1.095e-01, sig=2.004e+00
[info] dataloader for provider ASTCompositeAdaptor yields 3 batches (equivalent to a single batch up to floating-point roundoff; minor Python-loop overhead per batch).
Stopping at epoch 201/300, lm_opt.state['halt']=True, loss=3.1172e-14, loss_val=6.4119e-14
[PruneParam]   Zeroed coeffs_den[2] in leaf1, refit 300 epochs
[PruneParam]   MSE: 1.784e-13 -> 6.412e-14, AIC: -58693.3 -> -60742.1 — ACCEPTED
[PruneParam]   Param coeffs_num[2] in leaf1 (exp_ratpoly): val=-2.521e-01, sig=1.241e+00
[info] dataloader for provider ASTCompositeAdaptor yields 3 batches (equivalent to a single batch up to floating-point roundoff; minor Python-loop overhead per batch).
Stopping at epoch 201/300, lm_opt.state['halt']=True, loss=3.1267e-14, loss_val=5.9334e-14
[PruneParam]   Zeroed coeffs_num[2] in leaf1, refit 300 epochs
[PruneParam]   MSE: 6.412e-14 -> 4.926e-14, AIC: -60742.1 -> -61271.3 — ACCEPTED
[PruneParam]   Param coeffs_num[0] in leaf1 (exp_ratpoly): val=5.664e-01, sig=4.386e+00
[info] dataloader for provider ASTCompositeAdaptor yields 3 batches (equivalent to a single batch up to floating-point roundoff; minor Python-loop overhead per batch).
Stopping at epoch 201/300, lm_opt.state['halt']=True, loss=3.1158e-14, loss_val=6.2345e-14
[PruneParam]   Zeroed coeffs_num[0] in leaf1, refit 300 epochs
[PruneParam]   MSE: 4.926e-14 -> 6.096e-14, AIC: -61271.3 -> -60847.2 — REJECTED (stop)
[PruneParam] Pruned 2 of 5 parameters. Final: 6 params, MSE=4.926e-14, AIC=-61271.3
[Prune] Skipping: only 1 additive term(s)
[PruneNested] No nested additive sites with >= 2 terms
[Stage B] Shuffle diagnostic skipped: input has only 3 columns, axes=(2, 3) not available.
[Stage B] Phi diagnostic (phi_true=y^2): max|Δ|=0.43, rmse=0.129
[Stage B] y_true stats: min=0.00693, max=1.32, median=0.0968
[Stage B] y_pred stats: min=0.00693, max=1.32, median=0.0968
[Stage C] pretty_print_state FULL expr: 59.131476572689*(x0^0.3333333198213456 * (exp((0.5664452057603959 - 1.226250927586523*(x1*(x2)^-1) - 0.2007762607531677*(x1*(x2)^-1)^2)/(-0.1178187175947954 + 0.2663118397990177*(x1*(x2)^-1) + 0.04507151060569977*(x1*(x2)^-1)^2))) * (1/(x1))**0.6666666666666666)
[Stage C] Running SymPy simplification in guarded worker (max_seconds=300.0, mem_fraction=0.2).
[DEBUG _eval_expr] y_try[:5]=[0.73543696 0.26440941 0.14264476 0.13315719 0.03697739]
[DEBUG _eval_expr] ys_model[:5]=[0.73491439 0.26423099 0.14252109 0.1330761  0.03694783]
[Stage C] Attempting SymPy simplification of φ(y)...
[Stage C] SymPy variable assumptions from data: x0>0, x1>0, x2>0
[Stage C] baseline pretty_print max_err≈0.00119 vs model, tol≈9.68e-10
[Stage C] Pretty_print parse looks wrong (base_err=0.00119 >> strict=9.68e-10); skipping SymPy.
[Stage B] Final model: params=8, val-loss=4.9261e-14
[Stage B] recomputed final MSE: 4.9261e-14 RMS: 1.28105e-07
[Stage B] stored val_loss: 4.9261e-14
[Stage B] Final NN metrics: total=0, multivar=0, max_arity=0
[Stage B] [32mAccepted[0m patterns: exp_rat, monomial_pow2_3[z_inv], scale
[Stage B] After pruning/simplification: 59.131476572689*(x0^0.3333333198213456 * (exp((0.5664452057603959 - 1.226250927586523*(x1*(x2)^-1) - 0.2007762607531677*(x1*(x2)^-1)^2)/(-0.1178187175947954 + 0.2663118397990177*(x1*(x2)^-1) + 0.04507151060569977*(x1*(x2)^-1)^2))) * (1/(x1))**0.6666666666666666)
[36m[Stage B] Final AST:[0m ((power(x0)#leaf0 * exp_ratpoly(x1*(x2)^-1)#leaf1) * ((x1 ** -1) ** 0.666667))
[36m[Stage B] Final expression (in φ(y)-space):[0m 59.131476572689*(x0^0.3333333198213456 * (exp((0.5664452057603959 - 1.226250927586523*(x1*(x2)^-1) - 0.2007762607531677*(x1*(x2)^-1)^2)/(-0.1178187175947954 + 0.2663118397990177*(x1*(x2)^-1) + 0.04507151060569977*(x1*(x2)^-1)^2))) * (1/(x1))**0.6666666666666666)
[36m[Stage B] Final expression (in original y-space):[0m 59.131476572689*(x0^0.3333333198213456 * (exp((0.5664452057603959 - 1.226250927586523*(x1*(x2)^-1) - 0.2007762607531677*(x1*(x2)^-1)^2)/(-0.1178187175947954 + 0.2663118397990177*(x1*(x2)^-1) + 0.04507151060569977*(x1*(x2)^-1)^2))) * (1/(x1))**0.6666666666666666)
[A<->B] Saved after-stageB checkpoint to <WORKSPACE>/NestyNet_SR/results/jacobi_v1_full.state.pkl
[A<->B] No multivariate NN atoms remain; converged.

Elapsed time: 4.279573876516273 hours
[GS] Wrote GS report to <WORKSPACE>/NestyNet_SR/results/jacobi_v1_full.gs_report.json
[Stage A provisional] 1/1 confirmed (confirmed_terminal_stageB)

Wrote JSON report to examples/jacobi_tidal/results/v1_clean_fixed_report.json

=== Pre-Polish Noiseless Ground Truth Check ===
status: skipped (stagec_expression_uncertified)
Wrote simplification path to <WORKSPACE>/NestyNet_SR/results/jacobi_v1_full.path

=== Simplification Path ===

Step 0 [Stage A] pure NN surrogate (y_op=identity)
  NN[x0, x1, x2]
  mse_raw=1.2173e-09 params=960

Step 1 [Stage A] separability/compound detection (y_op=identity)
  (NN[x0] * (NN[(x1 * (x2)**-1)] * NN[x1]))
  mse_raw=2.4666e-11 params=1152
  base_loss=1.2173e-09

Step 2 [Stage prune] parameter pruning (params 8 -> 8)
  ((power(x0) * exp_ratpoly((x1 * (x2)**-1))) * ((x1)**-1)**0.666667)
  mse_raw=4.9261e-14 params=8 ast_cost=38.0
  base_loss=1.7842e-13

=== Final: ((power(x0) * exp_ratpoly((x1 * (x2)**-1))) * ((x1)**-1)**0.666667) ===

--- Accuracy Progression ---
  Stage A      mse_raw=  1.2173e-09  params=  960
  Stage A      mse_raw=  2.4666e-11  params= 1152  (4.9e+01x better)
  Stage prune  mse_raw=  4.9261e-14  params=    8  (5.0e+02x better)
[FinalPolish] Updated JSON report with final_polish: examples/jacobi_tidal/results/v1_clean_fixed_report.json

=== Final Pareto Polish ===
status: skipped
reason: Stage C pretty-print failed numeric verification

=== Final Selected Result ===
source: stageB
expr: 59.131476572689*(x0^0.3333333198213456 * (exp((0.5664452057603959 - 1.226250927586523*(x1*(x2)^-1) - 0.2007762607531677*(x1*(x2)^-1)^2)/(-0.1178187175947954 + 0.2663118397990177*(x1*(x2)^-1) + 0.04507151060569977*(x1*(x2)^-1)^2))) * (1/(x1))**0.6666666666666666)

=== Final Selected Ground Truth Check ===
status: skipped (stagec_expression_uncertified)
