Running on mac.home with device cpu
enforce_units=True, factorized symbolic search=OFF, continuous skeleton refinement=ON, outer-peel-autorun(deprecated)=ON
[GS] Stage-A symmetry layer enabled (mode=propose, policy=augment, known=True, affine=True, unit_torus=False)
[Data] Overrides: batch_size=2000, ndata_train=6000, ndata_val=2000, data_slice=0
Median of y values: 0.11048863000693729
Median absolute deviation of y values: 0.06888620195283074
Number of x variables: 3
MAD^2 of y values: 0.004745308819486181
RMS of y values: 0.25269601114923845
Log-space dynamic range of |y|: 2.59 decades
[Units] Loaded basis=('L', 'T', 'M'); y_units=[1, 0, 0]; x_units=[[3, -2, 0], [0, -1, 0], [0, -1, 0]]
[PhaseScan] Found 6 phase-coordinate hint(s) from the identity training split.
[PhaseScan]   (x1 * (x2)**-1): omega_obs=6.28319, score=9.7e-05, R2_phase=0.00515, R2_trend=0.0045, cycles=0.389, unit=dimensionless, split_R2=0.00221, null_R2=0.00377
[PhaseScan]   (sqrt(x1) * 1/sqrt(x2)): omega_obs=12.5664, score=8.71e-05, R2_phase=0.0051, R2_trend=0.00449, cycles=0.401, unit=dimensionless, split_R2=0.00235, null_R2=0.00377
[PhaseScan]   (1/sqrt(x1) * sqrt(x2)): omega_obs=12.5664, score=3.99e-05, R2_phase=0.00477, R2_trend=0.00451, cycles=0.43, unit=dimensionless, split_R2=0.00258, null_R2=0.00367
[PhaseScan]   ((x1)**2 * (x2)**-2): omega_obs=3.14159, score=2.89e-05, R2_phase=0.00476, R2_trend=0.00453, cycles=0.371, unit=dimensionless, split_R2=0.00208, null_R2=0.00361
[PhaseScan]   ((x1)**-1 * x2): omega_obs=6.28319, score=2e-05, R2_phase=0.00465, R2_trend=0.00453, cycles=0.447, unit=dimensionless, split_R2=0.00263, null_R2=0.00363
[PhaseScan]   ((x1)**-2 * (x2)**2): omega_obs=3.14159, score=1.86e-05, R2_phase=0.0047, R2_trend=0.00459, cycles=0.49, unit=dimensionless, split_R2=0.00256, null_R2=0.00368
[PhaseScan Context] No contextual phase hints found.
[OuterLinkScan] No inverse-link hints found.

Criteria (base, in units of MAD(φ(y))^2): loss acceptable: 1.000000e-03, loss target: 1.000000e-07, chisq_tol: 1.000000e-10, precision derivs d2y: 1.000000e-03

[Units] Skipping y-transforms incompatible with y units (L): log, logneg, sqrt1p, exp, expneg, arctan, arcsin, arccos, sin, cos, tan
[Stage A] Running standard separability search on pure NN expression


Size of datasets: training: 6000, val: 2000
Using MAD-normalised LM thresholds for y_op None: MAD(φ(y))≈0.069, scale=0.00476
Initial model (AST): NN[x0, x1, x2]
Setting number of segments: 16, dual_layer: True

[34mSeparability Pass:1 (full), number of leaves: 1, y-transformation: None(y), trial 1/1, dual_layer: True[0m
Current model: Identity() (NN[x0, x1, x2]), parameters: 960
[info] dataloader for provider ASTCompositeAdaptor yields 3 batches (equivalent to a single batch up to floating-point roundoff; minor Python-loop overhead per batch).
[NestyNet][param_refresh] discovered 1 base model(s):
  #0: wrapper=ASTCompositeAdaptor, base=_Composite, params=960, output_major=False, id=5070683440
[LM][bucket] solving P=960 (trivially separable union)
Stopping at epoch 801/2500, lm_opt.state['halt']=True, loss=9.4499e-10, loss_val=1.2173e-09
acceptable losses (raw) target=4.7604e-10, acceptable=4.7604e-06 (base units: target=1.0000e-07, acceptable=1.0000e-03)
[32mADOPTING[0m best val-loss 1.2173e-09 (trial 1/1, dual_layer=True)
Saving initial model which converged with loss 0.000000
Discovering approximate invariance features from gradients...
Discovered 1 candidate features:
  feat_0_0_1       kind=integer_linear  coeffs=[+0.00, +0.00, +1.00]
Discovering approximate scaling / homogeneity features...
Discovered 3 scaling candidates:
  S=[0]  k≈  0.333  rel_std= 0.018  n=6000
  S=[1,2]  k≈ -0.667  rel_std= 0.005  n=6000
  S=[0,1,2]  k≈ -0.334  rel_std= 0.020  n=6000
    [x1] reciprocal probe (negative-k singularity detected)
    [x1] reciprocal: rel_std=0.1297>0.08, no gradient fallback available
[Oracle Probe] No scaling verified by direct evaluation.
  [Trig Scaling] Sampled 5000 points, probing 3 trivial + 0 compound target(s)
  [Trig Scaling] |F| filter: 4750/5000 points pass (5th-pct=1.273e-02)
  [Trig Scaling] x0: no viable ω candidates (span=43)
  [Trig Scaling] x1: no viable ω candidates (span=204)
  [Trig Scaling] x2: no viable ω candidates (span=181)
  [Trig Scaling] No monomial-in-trig detected.
[Early Compound] Checked 1 single-var scaling specs, 0 qualify (need ≥2 for compound)
[Early PureDiff] No valid power-difference proposals found.
Checking for low-degree polynomial fit in x (degree 2)...
Poly-in-x (deg 2) fit: rms_abs=1.377e-01, rms_rel=5.778e-01, n_terms=10, n=6000
Checking for low-degree polynomial fit in f(x)^2 (degree 2)...
Poly-in-f^2 (deg 2) fit: rms_abs=2.040e-01, rms_rel=7.557e-01, n_terms=10, n=6000
Checking for rational poly/poly fit f(x) ≈ P(x)/Q(x)...
Rational fit rat_degN2_degD2: deg_num=2, deg_den=2, rms_abs=7.621e-02, rms_rel=3.198e-01, n_terms_num=3, n_terms_den=4, n=6000, sigma_min=7.071e-02, sigma_ratio=6.146e-03
Checking for trig-like behaviour along coordinate axes...
  [FFT hint] axis 0: omega~0.22, strength=104, span=[0.0202,28.6]
  [FFT hint] axis 1: omega~0.0491, strength=74.5, span=[2.03,130]
  [FFT hint] axis 2: omega~0.233, strength=55.2, span=[2.03,137]
No oracle-derived trig axis.
Discovering K-based preferred directions...
Found 3 preferred directions from K:
  dir 0: u=[+1.000, +0.000, +0.000]
  dir 1: u=[+0.000, +1.000, +0.000]
  dir 2: u=[+0.000, +0.000, +1.000]
  dir 0: omega≈0.219, trig_strength≈102.5
  dir 1: omega≈0.135, trig_strength≈35.0
  dir 2: omega≈0.228, trig_strength≈56.5
Checking for approximate even/odd parity along coordinate axes...
Detected parity candidates on 3 axes:
  axis= 0  origin≈   0.767  kind=none  rms_rel_even=1.96e+04  rms_rel_odd=1.96e+04  n=6000
  axis= 1  origin≈    17.4  kind=none  rms_rel_even=7.95e+02  rms_rel_odd=7.95e+02  n=6000
  axis= 2  origin≈    18.6  kind=none  rms_rel_even=7.03e+02  rms_rel_odd=7.03e+02  n=6000
Checking for approximately radial dependence over small variable groups...
No clear radial structure detected.
Checking for preferred origins / translation structure along axes...
No strong translation structure detected.
Checking for saturating / sigmoidal behaviour along coordinate axes...
No clear saturating behaviour detected along single axes.
Checking for near-constant directions (parameter-like variables)...
No strongly parameter-like directions detected.
Initial separability check with precision 0.1
symb: [0, 1, 2], index: 0, var_x: torch.Size([6000, 3]), y_vals: torch.Size([6000, 1]), dydx_vals: torch.Size([6000, 1, 3]), d2ydx2_vals: torch.Size([6000, 1, 3, 3])
Trying transformation identity
Median of model: 0.09825851499042343, median absolute deviation: 0.06899551268957099, precision: 0.1, 0.1
All additive for x[0, 1], complement x[2] (in NN[0, 1, 2])
  overlapping candidate: x[0, 1] + x[0, 2], shared=1, max-metric=4.88e-03
  overlapping candidate: x[0, 1] + x[1, 2], shared=1, max-metric=8.81e-03
  overlapping candidate: x[0, 2] + x[1, 2], shared=1, max-metric=3.31e-02
Found separability candidate separability for op identity, 0

Trying transformation square
Median of model: 0.009654735768123266, median absolute deviation: 0.009210593836802823, precision: 0.1, 0.1
All additive for x[0, 1], complement x[2] (in NN[0, 1, 2])
  overlapping candidate: x[0, 1] + x[0, 2], shared=1, max-metric=9.27e-03
  overlapping candidate: x[0, 1] + x[1, 2], shared=1, max-metric=2.60e-02
  overlapping candidate: x[0, 2] + x[1, 2], shared=1, max-metric=9.35e-02
Found separability candidate separability for op square, 1

Trying transformation reciprocal
Median of model: 10.176489441913086, median absolute deviation: 7.057029953795574, precision: 0.1, 0.1
All additive for x[0, 1], complement x[2] (in NN[0, 1, 2])
  overlapping candidate: x[0, 1] + x[0, 2], shared=1, max-metric=2.25e-03
  overlapping candidate: x[0, 1] + x[1, 2], shared=1, max-metric=9.53e-03
  overlapping candidate: x[0, 2] + x[1, 2], shared=1, max-metric=3.53e-02
Found separability candidate separability for op reciprocal, 2

Trying transformation sqrt
Median of model: 0.313462142834543, median absolute deviation: 0.1258906871073719, precision: 0.1, 0.1
All additive for x[0, 1], complement x[2] (in NN[0, 1, 2])
  overlapping candidate: x[0, 1] + x[0, 2], shared=1, max-metric=3.58e-03
  overlapping candidate: x[0, 1] + x[1, 2], shared=1, max-metric=4.01e-03
  overlapping candidate: x[0, 2] + x[1, 2], shared=1, max-metric=1.60e-02
Found separability candidate separability for op sqrt, 3

Recap:
Transformation identity is a candidate for separability: True
Transformation square is a candidate for separability: True
Transformation reciprocal is a candidate for separability: True
Transformation sqrt is a candidate for separability: True

Initial fit suggests separability candidates for y_op None.

======================================================================
  [Stage A] SEPARABILITY SEARCH
======================================================================
All multiplicative for x[0], complement x[1, 2] (in NN[0, 1, 2])
All additive for x[0, 1], complement x[2] (in NN[0, 1, 2])
  overlapping candidate: x[0, 1] + x[0, 2], shared=1, max-metric=4.55e-03
  overlapping candidate: x[0, 1] + x[1, 2], shared=1, max-metric=8.67e-03
[Variable Extension] Detecting compound structure for NN[0, 1, 2]...
[Stage A GS] audited=28, accepted=3, proposals=0
    [x1] reciprocal probe (negative-k singularity detected)
    [x1] reciprocal: rel_std=0.1297>0.08, no gradient fallback available
  [Trig Scaling] Sampled 5000 points, probing 3 trivial + 0 compound target(s)
  [Trig Scaling] |F| filter: 4750/5000 points pass (5th-pct=1.273e-02)
  [Trig Scaling] x0: no viable ω candidates (span=43)
  [Trig Scaling] x1: no viable ω candidates (span=204)
  [Trig Scaling] x2: no viable ω candidates (span=181)
<WORKSPACE>/NestyNet_SR/nestynet_sr/sr_core/separability_math.py:2778: RuntimeWarning: divide by zero encountered in matmul
  coeff = (V @ a_vec) / den
<WORKSPACE>/NestyNet_SR/nestynet_sr/sr_core/separability_math.py:2778: RuntimeWarning: overflow encountered in matmul
  coeff = (V @ a_vec) / den
<WORKSPACE>/NestyNet_SR/nestynet_sr/sr_core/separability_math.py:2778: RuntimeWarning: invalid value encountered in matmul
  coeff = (V @ a_vec) / den
[Compound RetainAxis] Adding wrapper z=((x0 * (x1)**-3) * x2) with extra x0
[Compound RetainAxis] Adding wrapper z=((x0 * (x1)**-3) * x2) with extra x1
[Compound RetainAxis] Adding wrapper z=((x0 * (x1)**-3) * x2) with extra x2
[Compound RetainAxis] Adding wrapper z=((x0 * (x1)**-4) * x2) with extra x0
[Compound RetainAxis] Adding wrapper z=((x0 * (x1)**-4) * x2) with extra x1
[Compound RetainAxis] Adding wrapper z=((x0 * (x1)**-4) * x2) with extra x2
[Compound DiffProd] Gradient-ratio found x1^1 - x2^1, ratio_conf=0.885, trying multiplier variables...
[Compound DiffProd] Testing (x1^1 - x2^1) * x0: conf=0.3406, threshold=0.90, outer_power=0
[Stage A LogExp] Shadowed dimless_ratio:log z=log((x1 * (x2)**-1)) (conf=0.930); coordinate lift is not committed in Stage A
[Shadow] recorded log((x1 * (x2)**-1)) for parent=('tag', 'A0') source=stageA_logexp conf=0.930 unit=unit_valid
[Stage A LogExp] Shadowed dimless_ratio:exp z=exp((x1 * (x2)**-1)) (conf=0.930); coordinate lift is not committed in Stage A
[Shadow] recorded exp((x1 * (x2)**-1)) for parent=('tag', 'A0') source=stageA_logexp conf=0.930 unit=unit_valid
[Stage A LogExp] Shadowed dimless_ratio:log z=log((x2 * (x1)**-1)) (conf=0.930); coordinate lift is not committed in Stage A
[Shadow] recorded log((x2 * (x1)**-1)) for parent=('tag', 'A0') source=stageA_logexp conf=0.930 unit=unit_valid
[Stage A LogExp] Shadowed dimless_ratio:exp z=exp((x2 * (x1)**-1)) (conf=0.930); coordinate lift is not committed in Stage A
[Shadow] recorded exp((x2 * (x1)**-1)) for parent=('tag', 'A0') source=stageA_logexp conf=0.930 unit=unit_valid
[Compound Exhaustion] High-confidence proposal (conf=0.948), trying...
[Compound] Preserving 6 arity-2 backup proposal(s) beyond primary compound shortlist.
[Compound] Normalized proposal shortlist:
[Compound]   1. kind=monomial, conf=0.923, support=3, z=((x0 * (x1)**-3) * x2)
[Compound]   2. kind=monomial, conf=0.920, support=3, z=((x0 * (x1)**-4) * x2)
[Compound]   3. kind=monomial, conf=0.918, support=3, z=((x0 * (x1)**-3) * x2)
[Compound]   4. kind=monomial, conf=0.918, support=3, z=((x0 * (x1)**-3) * x2)
[Compound]   5. kind=monomial, conf=0.918, support=3, z=((x0 * (x1)**-3) * x2)
[Compound]   6. kind=monomial, conf=0.915, support=3, z=((x0 * (x1)**-4) * x2)
[Compound]   7. kind=monomial, conf=0.948, support=2, z=(x1 * (x2)**-1)
[Compound]   8. kind=monomial, conf=0.909, support=2, z=(x0 * x2)
[Compound]   9. kind=monomial, conf=0.909, support=2, z=(x0 * (x1)**-3)
[Compound]   10. kind=monomial, conf=0.909, support=2, z=((x1)**-3 * x2)
[Compound]   11. kind=monomial, conf=0.906, support=2, z=(x0 * (x1)**-4)
[Compound]   12. kind=monomial, conf=0.906, support=2, z=((x1)**-4 * x2)
[Units/Buckingham] Skipping compound after forced monomial probe: compound destroys dimensionless freedom: 1 -> 0 (need >= 1); forces monomial; no small unit-forced monomial power matches target dimension
[Units/Buckingham] Skipping compound after forced monomial probe: compound destroys dimensionless freedom: 1 -> 0 (need >= 1); forces monomial; no small unit-forced monomial power matches target dimension
[Units/Buckingham] Skipping compound after forced monomial probe: compound destroys dimensionless freedom: 1 -> 0 (need >= 1); forces monomial; no small unit-forced monomial power matches target dimension
[Units/Buckingham] Skipping compound after forced monomial probe: compound destroys dimensionless freedom: 1 -> 0 (need >= 1); forces monomial; no small unit-forced monomial power matches target dimension
[Units/Buckingham] Skipping compound after forced monomial probe: compound destroys dimensionless freedom: 1 -> 0 (need >= 1); forces monomial; no small unit-forced monomial power matches target dimension
[Units/Buckingham] Skipping compound after forced monomial probe: compound destroys dimensionless freedom: 1 -> 0 (need >= 1); forces monomial; no small unit-forced monomial power matches target dimension
[Units/Buckingham] Skipping compound before screening: compound reduces dimensional rank: 2 -> 1; remaining variables cannot span output dimension
[Units/Buckingham] Skipping compound after forced monomial probe: compound destroys dimensionless freedom: 1 -> 0 (need >= 1); forces monomial; no small unit-forced monomial power matches target dimension
[Units/Buckingham] Skipping compound after forced monomial probe: compound destroys dimensionless freedom: 1 -> 0 (need >= 1); forces monomial; no small unit-forced monomial power matches target dimension
[Units/Buckingham] Skipping compound after forced monomial probe: compound destroys dimensionless freedom: 1 -> 0 (need >= 1); forces monomial; no small unit-forced monomial power matches target dimension
[Units/Buckingham] Skipping compound after forced monomial probe: compound destroys dimensionless freedom: 1 -> 0 (need >= 1); forces monomial; no small unit-forced monomial power matches target dimension
[Units/Buckingham] Skipping compound after forced monomial probe: compound destroys dimensionless freedom: 1 -> 0 (need >= 1); forces monomial; no small unit-forced monomial power matches target dimension
Checking separability of None(y) in input space with precision 0.001
All multiplicative for x[0], complement x[1, 2] (in NN[0, 1, 2])
All additive for x[0, 1], complement x[2] (in NN[0, 1, 2])
  overlapping candidate: x[0, 1] + x[0, 2], shared=1, max-metric=4.88e-03
  overlapping candidate: x[0, 1] + x[1, 2], shared=1, max-metric=8.81e-03
Setting number of segments: 16 (variant: no_offset)
[Teacher init] Training left factor on 2000 profile samples...
[Teacher init] Left factor trained, final loss: 3.208e+00
[Teacher init] Training right factor on 2000 profile samples...
[Teacher init] Right factor trained, final loss: 6.158e+02
[Teacher init] Scale check: left_rms=1.828e+00, right_rms=2.476e+01, ratio=13.55
[rescale_leaf] left: leaf type=DualSegmentedAdaptor, factor=3.6804
[rescale_leaf] left: scaled a_fit via base_model
[rescale_leaf] left: scaled a_pieces_fixed[15] via base_model
[rescale_leaf] right: leaf type=DualSegmentedAdaptor, factor=0.2717
[rescale_leaf] right: scaled a_fit via base_model
[rescale_leaf] right: scaled a_pieces_fixed[15] via base_model
[Teacher init] Final gauge norm: left x3.68, right x0.27
***Training candidate separable model (variant: no_offset)***, acceptance threshold (raw) 1.2173e-07 (base 1.0000e-03)
    Proposed: (NN[x0] * NN[x1, x2])
[info] dataloader for provider ASTCompositeAdaptor yields 3 batches (equivalent to a single batch up to floating-point roundoff; minor Python-loop overhead per batch).
[LM][bucket] solving P=1024 (trivially separable union)
[trial] Target loss reached at epoch 1224/2500, loss=4.7014e-10 < loss_target=4.7604e-10
[trial] Stopping at epoch 1225/2500, lm_opt.state['halt']=True, loss=4.6120e-10, loss_val=4.8489e-10
[32mAccepted[0m separation (variant: no_offset), val-loss 4.8489e-10
[Stage A]   Current: [35mIdentity()(nn0(x0) * nn1(x1, x2))[0m
[Shadow] pruned stale coordinate evidence after separation: parents=1, shadows=4, consumed=0
Setting number of segments: 16, dual_layer: True

[34mSeparability Pass:2 (full), number of leaves: 2, y-transformation: None(y), trial 1/1, dual_layer: True[0m
Current model: Identity() ((NN[x0] * NN[x1, x2])), parameters: 1024
[info] dataloader for provider ASTCompositeAdaptor yields 3 batches (equivalent to a single batch up to floating-point roundoff; minor Python-loop overhead per batch).
Stopping at epoch 1/2500, lm_opt.state['halt']=True, loss=4.5844e-10, loss_val=4.8215e-10
acceptable losses (raw) target=4.7604e-10, acceptable=4.7604e-06 (base units: target=1.0000e-07, acceptable=1.0000e-03)
[32mADOPTING[0m best val-loss 4.8215e-10 (trial 1/1, dual_layer=True)

======================================================================
  [Stage A] SEPARABILITY SEARCH — restart (pass 2)
======================================================================
All additive for x[1], complement x[2] (in NN[1, 2])
[Stage A Monomial] Trying monomial_deg1 on NN[0] as rpoly (k≈0.333, rel=0.000216); accept_threshold=4.8215e-08
[info] dataloader for provider ASTCompositeAdaptor yields 3 batches (equivalent to a single batch up to floating-point roundoff; minor Python-loop overhead per batch).
[nestynet.optimizer] [95m[LM] Potential K-colinearity issue in rm[0].providers[0] (_Composite, segments=16, outputs=1, seg_width=1): 432/1920 cross-segment channel pairs exceed |cos|>0.95 (worst seg 0/out 3 ↔ seg 9/out 1 |cos|=1.0000). Grouped segment pairs: 0/120 exceed |cos|>0.95 (worst seg 2 ↔ seg 6 |cos|=0.8951). This can make LM/direct_solve ill-conditioned; consider increasing seg_width, reducing segment count, or using a more diversity-preserving initialization. This model uses low-dimensional K-vectors (Nx*seg_width=2), so channel-level directional crowding can appear before whole segments overlap.[0m
[LM][bucket] solving P=640 (trivially separable union)
[trial] Validation patience exceeded at epoch 501/2500, nval_worse=500
[Variable Extension] Detecting compound structure for NN[1, 2]...
[Stage A GS] audited=12, accepted=1, proposals=0
    [x0] reciprocal probe (negative-k singularity detected)
    [x0] reciprocal: rel_std=0.3894>0.08, no gradient fallback available
  [Trig Scaling] Sampled 5000 points, probing 2 trivial + 0 compound target(s)
  [Trig Scaling] |F| filter: 4750/5000 points pass (5th-pct=4.234e-03)
  [Trig Scaling] x0: no viable ω candidates (span=204)
  [Trig Scaling] x1: no viable ω candidates (span=181)
[Compound LogDeriv] Recovered 1 proposal(s) (sigma_ratio=0.004683721525061865) for vars=(1, 2)
[Compound RetainAxis] Adding wrapper z=(x1 * (x2)**-1) with extra x1
[Compound RetainAxis] Adding wrapper z=(x1 * (x2)**-1) with extra x2
[Stage A LogExp] Shadowed dimless_ratio:log z=log((x1 * (x2)**-1)) (conf=0.930); coordinate lift is not committed in Stage A
[Shadow] recorded log((x1 * (x2)**-1)) for parent=('tag', 'A0_R') source=stageA_logexp conf=0.930 unit=unit_valid
[Stage A LogExp] Shadowed dimless_ratio:exp z=exp((x1 * (x2)**-1)) (conf=0.930); coordinate lift is not committed in Stage A
[Shadow] recorded exp((x1 * (x2)**-1)) for parent=('tag', 'A0_R') source=stageA_logexp conf=0.930 unit=unit_valid
[Stage A LogExp] Shadowed dimless_ratio:log z=log((x2 * (x1)**-1)) (conf=0.930); coordinate lift is not committed in Stage A
[Shadow] recorded log((x2 * (x1)**-1)) for parent=('tag', 'A0_R') source=stageA_logexp conf=0.930 unit=unit_valid
[Stage A LogExp] Shadowed dimless_ratio:exp z=exp((x2 * (x1)**-1)) (conf=0.930); coordinate lift is not committed in Stage A
[Shadow] recorded exp((x2 * (x1)**-1)) for parent=('tag', 'A0_R') source=stageA_logexp conf=0.930 unit=unit_valid
[Compound Exhaustion] High-confidence proposal (conf=0.995), trying...
[Compound] Normalized proposal shortlist:
[Compound]   1. kind=monomial, conf=0.995, support=2, z=(x1 * (x2)**-1)
[Compound]   2. kind=linear, conf=0.938, support=2, z=((-2 * x1) + x2)
[Compound]   3. kind=monomial, conf=0.990, support=2, z=(x1 * (x2)**-1)
[Compound]   4. kind=monomial, conf=0.990, support=2, z=(x1 * (x2)**-1)
[Units/Buckingham] Skipping compound before screening: compound reduces dimensional rank: 1 -> 0; remaining variables cannot span output dimension
[Compound] 1D compound detected (all vars in z), boosting segments to 32
[Compound] Proposal (linear) conf 0.938, screen=0.994; trying sq:(((-2 * x1) + x2))**2
[Stage A R1Cert] Rejected r1_outer_acos_zinv for z=(((-2 * x1) + x2))**2: units: units-inconsistent (T)
[Distill] epoch 1/2000: loss=6.4879e+11
[Distill] epoch 1000/2000: loss=5.1222e+07
[Distill] epoch 2000/2000: loss=2.3804e+02
[Distill] Final: loss=2.3804e+02 (did not converge below 1.0000e-04)
[Compound] Training candidate (sq); accept_threshold=4.8215e-08
[Compound] Structural arity reduction target enabled: arity signature (1, 2, 1) → (0, 1, 0), target-quality threshold 4.8215e-08
[info] dataloader for provider ASTCompositeAdaptor yields 3 batches (equivalent to a single batch up to floating-point roundoff; minor Python-loop overhead per batch).
[LM][bucket] solving P=1152 (trivially separable union)
[trial] Validation patience exceeded at epoch 701/2500, nval_worse=500
[Compound] Rejected (sq) (linear) z=(((-2 * x1) + x2))**2, val-loss 4.2072e-04
[Compound] Proposal (linear) conf 0.938, screen=0.994; trying abs:sqrt((((-2 * x1) + x2))**2)
[Distill] epoch 1/2000: loss=5.4504e+05
[Distill] epoch 1000/2000: loss=2.5045e+00
[Distill] epoch 2000/2000: loss=5.2779e+00
[Distill] Final: loss=5.2779e+00 (did not converge below 1.0000e-04)
[Compound] Training candidate (abs); accept_threshold=4.8215e-08
[Compound] Structural arity reduction target enabled: arity signature (1, 2, 1) → (0, 1, 0), target-quality threshold 4.8215e-08
[info] dataloader for provider ASTCompositeAdaptor yields 3 batches (equivalent to a single batch up to floating-point roundoff; minor Python-loop overhead per batch).
[trial] Validation patience exceeded at epoch 701/2500, nval_worse=500
[Compound] Rejected (abs) (linear) z=sqrt((((-2 * x1) + x2))**2), val-loss 4.1318e-04
[Compound] Proposal (linear) conf 0.938, screen=0.994; trying z:((-2 * x1) + x2)
[Distill] epoch 1/2000: loss=1.2208e+07
[Distill] epoch 1000/2000: loss=1.5167e-01
[Distill] epoch 2000/2000: loss=5.7674e-02
[Distill] Final: loss=5.7674e-02 (did not converge below 1.0000e-04)
[Compound] Training candidate (z); accept_threshold=4.8215e-08
[Compound] Structural arity reduction target enabled: arity signature (1, 2, 1) → (0, 1, 0), target-quality threshold 4.8215e-08
[info] dataloader for provider ASTCompositeAdaptor yields 3 batches (equivalent to a single batch up to floating-point roundoff; minor Python-loop overhead per batch).
[trial] Early abandonment at epoch 1001/2500: best_val_loss=4.2087e-04 > 1.2054e-07 (2.5x accept_threshold 4.8215e-08)
[Compound] Rejected (z) (linear) z=((-2 * x1) + x2), val-loss 4.2087e-04
[Compound] Trying same-arity wrapper: arity 2 → 2; will require confirmed separability payoff
[Compound] Proposal (monomial) conf 0.990; trying z:(x1 * (x2)**-1), extras=[1]
[Distill] epoch 1/2000: loss=1.7774e+06
[Distill] epoch 1000/2000: loss=8.4214e-01
[Distill] epoch 2000/2000: loss=1.9720e-01
[Distill] Final: loss=1.9720e-01 (did not converge below 1.0000e-04)
[Compound] Training candidate (z); accept_threshold=4.8215e-08
[info] dataloader for provider ASTCompositeAdaptor yields 3 batches (equivalent to a single batch up to floating-point roundoff; minor Python-loop overhead per batch).
[LM][bucket] solving P=1024 (trivially separable union)
[trial] Stopping at epoch 801/2500, lm_opt.state['halt']=True, loss=2.7386e-10, loss_val=3.5601e-10
[32m[Compound] LM fit passed[0m (z) (monomial) z=(x1 * (x2)**-1), val-loss 3.5601e-10
All additive for x['z'], complement x[1] (in NN['z', 1])
[Compound] Wrapper z enables separability (z separates from extras)
[Compound] Retained-axis overlap confirmed for x1: retained-axis power-like factor k=-0.6666, rel_std=0.0006201, n=5000
[Compound] Skipping rat_inv (redundant: z already accepted)
[Compound] Skipping rat_z2 (redundant: z already accepted)
[32m[Compound] Selected[0m best variant (z) (monomial) z=(x1 * (x2)**-1) (pattern=(1, -1)), val-loss 3.5601e-10
[Stage A]   Current: [35mIdentity()(nn0(x0) * nn1(z=(x1 * x2^-1), x1))[0m
[Stage A Monomial] Trying monomial_deg1 on NN[0] as rpoly (k≈0.333, rel=0.000118); accept_threshold=4.8215e-08
[info] dataloader for provider ASTCompositeAdaptor yields 3 batches (equivalent to a single batch up to floating-point roundoff; minor Python-loop overhead per batch).
[nestynet.optimizer] [95m[LM] Potential K-colinearity issue in rm[0].providers[0] (_Composite, segments=16, outputs=1, seg_width=1): 450/1920 cross-segment channel pairs exceed |cos|>0.95 (worst seg 0/out 0 ↔ seg 8/out 3 |cos|=1.0000). Grouped segment pairs: 0/120 exceed |cos|>0.95 (worst seg 11 ↔ seg 14 |cos|=0.9341). This can make LM/direct_solve ill-conditioned; consider increasing seg_width, reducing segment count, or using a more diversity-preserving initialization. This model uses low-dimensional K-vectors (Nx*seg_width=2), so channel-level directional crowding can appear before whole segments overlap.[0m
[LM][bucket] solving P=640 (trivially separable union)
[trial] Validation patience exceeded at epoch 601/2500, nval_worse=500
All additive for x['z'], complement x[1] (in NN['z', 1])
[Compound] Existing compound separates from extras [1], but checking only extensions that consume the separated coordinate.
[Variable Extension] Checking iterative extension for compound atom NN[1, 2]...
    [x1] reciprocal probe (negative-k singularity detected)
  [Trig Scaling] Sampled 5000 points, probing 2 trivial + 0 compound target(s)
  [Trig Scaling] |F| filter: 4750/5000 points pass (5th-pct=7.572e-03)
  [Trig Scaling] x0: span=0.389, 15 ω candidates
  [Trig Scaling] x0 ACCEPTED: sin(4·z)^0.787  rel_std=0.0700
  [Trig Scaling] x1: no viable ω candidates (span=204)
[Local Oracle] Fresh path: 1 scaling, 1 trig specs
  [Local Oracle] x[1]: k≈-0.704, rel_std=0.0528
  [Local Oracle] leaf z: sin, ω=4, k=0.79, rel_std=0.07
[Shadow] recorded sin((4 * (x1 * (x2)**-1))) for parent=('tag', 'A0_R') source=local_oracle_trig conf=0.930 unit=unit_valid
[Stage A LogExp] Shadowed dimless_input:log z=log((x1 * (x2)**-1)) (conf=0.900); coordinate lift is not committed in Stage A
[Shadow] merged log((x1 * (x2)**-1)) for parent=('tag', 'A0_R') source=stageA_logexp conf=0.930 unit=unit_valid
[Stage A LogExp] Shadowed dimless_input:exp z=exp((x1 * (x2)**-1)) (conf=0.900); coordinate lift is not committed in Stage A
[Shadow] merged exp((x1 * (x2)**-1)) for parent=('tag', 'A0_R') source=stageA_logexp conf=0.930 unit=unit_valid
[Compound Exhaustion] High-confidence proposal (conf=0.900), trying...
[Compound] Normalized proposal shortlist:
[Compound]   1. kind=passthrough, conf=0.900, support=1, z=(x1 * (x2)**-1)
[Compound] Skipping proposal: raw extra(s) x1 already appear inside compound (x1 * (x2)**-1); overlap coordinate splits are Stage-A gauge moves, not confirmed simplifications
Checking separability of None(y) in input space with precision 0.001
All multiplicative for x['z'], complement x[1] (in NN['z', 1])
Setting number of segments: 16 (variant: no_offset)
[Teacher init] Training left factor on 2000 profile samples...
[Teacher init] Left factor trained, final loss: 1.372e-01
[Teacher init] Training right factor on 2000 profile samples...
[Teacher init] Right factor trained, final loss: 1.719e+02
[Teacher init] Scale check: left_rms=4.499e-01, right_rms=1.310e+01, ratio=29.12
[rescale_leaf] left: leaf type=DualSegmentedAdaptor, factor=5.3965
[rescale_leaf] left: scaled a_fit via base_model
[rescale_leaf] left: scaled a_pieces_fixed[15] via base_model
[rescale_leaf] right: leaf type=DualSegmentedAdaptor, factor=0.1853
[rescale_leaf] right: scaled a_fit via base_model
[rescale_leaf] right: scaled a_pieces_fixed[15] via base_model
[Teacher init] Final gauge norm: left x5.40, right x0.19
***Training candidate separable model (variant: no_offset)***, acceptance threshold (raw) 4.8215e-08 (base 1.0000e-03)
    Proposed: (NN[x0] * (NN[(x1 * (x2)**-1)] * NN[x1]))
[info] dataloader for provider ASTCompositeAdaptor yields 3 batches (equivalent to a single batch up to floating-point roundoff; minor Python-loop overhead per batch).
[LM][bucket] solving P=1152 (trivially separable union)
[trial] Stopping at epoch 601/2500, lm_opt.state['halt']=True, loss=4.5299e-11, loss_val=3.8601e-11
[32mAccepted[0m separation (variant: no_offset), val-loss 3.8601e-11
[Stage A]   Current: [35mIdentity()(nn0(x0) * nn1(z=(x1 * x2^-1)) * nn2(x1))[0m
[Shadow] pruned stale coordinate evidence after separation: parents=1, shadows=5, consumed=0
Setting number of segments: 16, dual_layer: True

[34mSeparability Pass:3 (full), number of leaves: 3, y-transformation: None(y), trial 1/1, dual_layer: True[0m
Current model: Identity() ((NN[x0] * (NN[(x1 * (x2)**-1)] * NN[x1]))), parameters: 1152
[info] dataloader for provider ASTCompositeAdaptor yields 3 batches (equivalent to a single batch up to floating-point roundoff; minor Python-loop overhead per batch).
Stopping at epoch 1/2500, lm_opt.state['halt']=True, loss=4.5249e-11, loss_val=3.8607e-11
acceptable losses (raw) target=4.7604e-10, acceptable=4.7604e-06 (base units: target=1.0000e-07, acceptable=1.0000e-03)
[32mADOPTING[0m best val-loss 3.8607e-11 (trial 1/1, dual_layer=True)

======================================================================
  [Stage A] SEPARABILITY SEARCH — restart (pass 3)
======================================================================
[Stage A Monomial] Trying monomial_deg1 on NN[0] as rpoly (k≈0.333, rel=0.000123); accept_threshold=4.7604e-08
[info] dataloader for provider ASTCompositeAdaptor yields 3 batches (equivalent to a single batch up to floating-point roundoff; minor Python-loop overhead per batch).
[LM][bucket] solving P=768 (trivially separable union)
[trial] Validation patience exceeded at epoch 601/2500, nval_worse=500
[Stage A Monomial] Skipping NN[1, 2]: shared multiplicative NN support; leaving gauge-sensitive peel to Stage B.
[Stage A Monomial] Skipping NN[1]: shared multiplicative NN support; leaving gauge-sensitive peel to Stage B.
[Units] Stage A summary (identity): skipped 14 unit-incompatible proposal(s).
[Units]   - compound_buckingham: 13
[Units]       11× compound destroys dimensionless freedom: 1 -> 0 (need >= 1); forces monomial; no small unit-forced monomial power matches target dimension
[Units]       1× compound reduces dimensional rank: 2 -> 1; remaining variables cannot span output dimension
[Units]       1× compound reduces dimensional rank: 1 -> 0; remaining variables cannot span output dimension
[Units]   - stageA_r1_operator_certificate: 1
[Units]       1× units-inconsistent (T)
[Reference] Saved pre-separability model to <WORKSPACE>/NestyNet_SR/results_ref/jacobi_v1_full.mod
[Stage A] Using identity separability results

Saved Stage-A checkpoint to <WORKSPACE>/NestyNet_SR/results/jacobi_v1_full.state.pkl
[36mFinal model: Identity() ((NN[x0] * (NN[(x1 * (x2)**-1)] * NN[x1]))), rest: None, None[0m
[Stage B] y-transform adjudication shortlist:
  - identity     source=baseline
[Units] Enforcing units in Stage B (policy=free_const_only, y_transform=identity).

======================================================================
  [Stage B] ANALYTICAL REWRITING — identity(y)-space
======================================================================


Size of datasets: training: 6000, val: 2000
[Stage B] Using MAD-normalised thresholds: MAD(y)≈0.069, scale=0.00476
[DBG-candfit] analytic-init: starting
[DBG-candfit] analytic-init: done
[info] dataloader for provider ASTCompositeAdaptor yields 3 batches (equivalent to a single batch up to floating-point roundoff; minor Python-loop overhead per batch).
[LM][bucket] solving P=1152 (trivially separable union)
Stopping at epoch 1/2000, lm_opt.state['halt']=True, loss=4.5240e-11, loss_val=3.8615e-11

[Stage B] Initial model: params=1152, val-loss=3.8615e-11
[Stage B] Initial NN metrics: total=3, multivar=0, max_arity=1
[Stage B] Found 3 scaling candidates:
  axis 0: k≈0.333, rel_std=0.003, n=6000
  joint [1,2]: k≈-0.667, rel_std=0.000, n=6000
  joint [0,1,2]: k≈-0.333, rel_std=0.003, n=6000
[Stage B] FFT trig-axis candidates (informational):
[Stage B]   axis 0: omega≈0.220, strength=106.9, span=[0.0202,28.6]
[Stage B]   axis 1: omega≈0.049, strength=82.9, span=[2.03,130]
[Stage B] Found 1 nontrivial target(s) for trig probing:
[Stage B]   x1*x2**-1 (kind=ratio, indices=(1, 2))
    [x1] reciprocal probe (negative-k singularity detected)
    [x1] reciprocal: rel_std=0.0830>0.08, no gradient fallback available
    [x1*x2**-1] reciprocal probe (negative-k singularity detected)
  [Trig Scaling] Sampled 5000 points, probing 2 trivial + 1 compound target(s) (skipping axes [0] as polynomial)
  [Trig Scaling] |F| filter: 4750/5000 points pass (5th-pct=1.273e-02)
  [Trig Scaling] x1: no viable ω candidates (span=204)
  [Trig Scaling] x2: no viable ω candidates (span=181)
  [Trig Scaling] x1*x2**-1: span=0.389, 15 ω candidates
  [Trig Scaling] x1*x2**-1 ACCEPTED: sin(4·z)^0.902  rel_std=0.0693
[Stage B] Oracle trig probe found 1 spec(s):
[Stage B]   x1*x2**-1: sin(ω=4)^0.90, rel_std=0.069
[Stage B] Using 1 oracle trig spec(s)
[Stage B] trig_by_axis: [1]
[Stage B] Trig argument-structure hints:
  axis 1: none
[Stage B]   Separability rules: ['nonsense_units_zero_prune', 'monomial_peel_priority', 'subtree_separability', 'last_hard_trig_square', 'univariate_nn', 'log_ratio', 'power_product', 'joint_product_monomial_closure', 'overlap_prefactor_peel', 'overlap_counterterm_peel', 'common_prefactor', 'additive_gauge_transfer', 'multiplicative_homogeneity_transfer', 'univariate_mono', 'nn_leaf_separability', 'counterterm_mul_split', 'counterfactor_add_split']
[Stage B]   Specialized rules: ['compound_fn_macros', 'inverse_trig_outer_rational_closure', 'monomial_prefactor_compound', 'compound_planck', 'affine_decomp', 'nonlinear_substitution', 'univariate_oracle_invariants', 'homogeneity_peel', 'product_homogeneity', 'ratio_invariance', 'coupled_leaf_ratio', 'metric_distance', 'inverse_trig_outer_closure', 'phase_hint_trig_closure', 'phase_hint_reciprocal_trig_power', 'phase_context_trig_closure', 'barycentric', 'logexp_compound', 'r1_operator_certificate', 'univariate_mul_peel', 'outer_transform_split_nn', 'multid_nn', 'poly_split', 'preconditioner_fallback_nn', 'last_hard_trig_power', 'last_hard_atom_rescue']
[Stage B] === Phase 1: Searching for separabilities (additive, multiplicative) ===
[Stage B] Rule nonsense_units_zero_prune found 0 targets
[Stage B] Rule monomial_peel_priority found 3 targets
[Stage B]   target order (arity-asc): [vars=(0,)(arity=1), vars=(1, 2)(arity=1), vars=(1,)(arity=1)]
[Stage B] monomial_peel_priority shortlist: monomial_pow2_3[z_inv]@nn#leaf2 vars=(1,) (k=-0.667, rel=5.85e-06); monomial_deg1[z_inv]@nn#leaf2 vars=(1,) (k=-0.667, rel=5.85e-06); monomial_deg2[z_inv]@nn#leaf2 vars=(1,) (k=-0.667, rel=5.85e-06); monomial_deg3[z_inv]@nn#leaf2 vars=(1,) (k=-0.667, rel=5.85e-06); monomial_pow1_3@nn#leaf0 vars=(0,) (k=0.333, rel=0.000123); monomial_deg1[z_inv]@nn#leaf0 vars=(0,) (k=0.333, rel=0.000123); monomial_deg2[z_inv]@nn#leaf0 vars=(0,) (k=0.333, rel=0.000123); monomial_deg3[z_inv]@nn#leaf0 vars=(0,) (k=0.333, rel=0.000123)
[Stage B] Rule monomial_peel_priority trying 14 globally ranked candidates
[Stage B]  Greedy order (1 cands): monomial_pow2_3[z_inv](1998p)
[Stage B]  Priority trying fixed third-power monomial (z^0.667, k≈0.667, rel=5.85e-06) on NN leaf vars (1,) [coord=1/z]
[DBG-candfit] analytic-init: starting
[DBG-candfit] analytic-init: done
[info] dataloader for provider ASTCompositeAdaptor yields 3 batches (equivalent to a single batch up to floating-point roundoff; minor Python-loop overhead per batch).
[LM][bucket] solving P=768 (trivially separable union)
Stopping at epoch 201/2000, lm_opt.state['halt']=True, loss=3.0989e-11, loss_val=4.4784e-11
[Stage B]    Candidate (monomial_pow2_3[z_inv]): params=768, val-loss=4.4784e-11
[Stage B]    [32mAccepted[0m rewrite (monomial_pow2_3[z_inv], loss-below-floor-simpler)
[Stage B]    NN metrics: total=2, multivar=0, max_arity=1
[Stage B]    Current: [35mnn0(x0) * nn1(z=(x1 * x2^-1)) * x1^-1^0.67[0m
[Stage B polish] Running subtree:root.right candidate generation in guarded worker (max_seconds=300.0, mem_fraction=0.2).
[DBG-candfit] analytic-init: starting
[DBG-candfit] analytic-init: done
[info] dataloader for provider ASTCompositeAdaptor yields 3 batches (equivalent to a single batch up to floating-point roundoff; minor Python-loop overhead per batch).
Stopping at epoch 1/2000, lm_opt.state['halt']=True, loss=3.0419e-11, loss_val=4.3586e-11
[Stage B polish] subtree full-shadow reject root.right: ((x1)**-1)**0.666667 -> (1/x1)**(2/3); val-loss=4.3586e-11 (shadow-full-policy(units-pinned; loss-below-floor-not-simpler))
[Stage B] === Phase 1: Searching for separabilities (additive, multiplicative) ===
[Stage B] Rule nonsense_units_zero_prune found 0 targets
[Stage B] Rule monomial_peel_priority found 2 targets
[Stage B]   target order (arity-asc): [vars=(0,)(arity=1), vars=(1, 2)(arity=1)]
[Stage B] monomial_peel_priority shortlist: monomial_pow1_3@nn#leaf0 vars=(0,) (k=0.333, rel=5.56e-05); monomial_deg1[z_inv]@nn#leaf0 vars=(0,) (k=0.333, rel=5.56e-05); monomial_deg2[z_inv]@nn#leaf0 vars=(0,) (k=0.333, rel=5.56e-05); monomial_deg3[z_inv]@nn#leaf0 vars=(0,) (k=0.333, rel=5.56e-05); monomial_deg1[z_inv]@nn#leaf1 vars=(1, 2) (k=-0.272, rel=0.17); monomial_deg1@nn#leaf1 vars=(1, 2) (k=-0.272, rel=0.17); monomial_deg2[z_inv]@nn#leaf1 vars=(1, 2) (k=-0.272, rel=0.17); monomial_deg2@nn#leaf1 vars=(1, 2) (k=-0.272, rel=0.17)
[Stage B] Rule monomial_peel_priority trying 10 globally ranked candidates
[Stage B]  Greedy order (1 cands): monomial_pow1_3(999p)
[Stage B]  Priority trying fixed third-power monomial (z^0.333, k≈0.333, rel=5.56e-05) on NN leaf vars (0,)
[DBG-candfit] analytic-init: starting
[DBG-candfit] analytic-init: done
[info] dataloader for provider ASTCompositeAdaptor yields 3 batches (equivalent to a single batch up to floating-point roundoff; minor Python-loop overhead per batch).
[nestynet.optimizer] [95m[LM] Potential K-colinearity issue in rm[0].providers[0] (_Composite, segments=16, outputs=1, seg_width=1): 1080/1080 cross-segment channel pairs exceed |cos|>0.95 (worst seg 8/out 0 ↔ seg 12/out 0 |cos|=1.0000). Grouped segment pairs: 6/120 exceed |cos|>0.95 (worst seg 13 ↔ seg 15 |cos|=0.9896). This can make LM/direct_solve ill-conditioned; consider increasing seg_width, reducing segment count, or using a more diversity-preserving initialization. This model uses low-dimensional K-vectors (Nx*seg_width=1), so channel-level directional crowding can appear before whole segments overlap.[0m
[LM][bucket] solving P=384 (trivially separable union)
Stopping at epoch 201/2000, lm_opt.state['halt']=True, loss=3.5707e-15, loss_val=6.7029e-15
[Stage B]    Candidate (monomial_pow1_3): params=384, val-loss=6.7029e-15
[Stage B]    [32mAccepted[0m rewrite (monomial_pow1_3, loss-below-floor-simpler)
[Stage B]    NN metrics: total=1, multivar=0, max_arity=1
[Stage B]    Current: [35mx0^0.33 * nn0(z=(x1 * x2^-1)) * x1^-1^0.67[0m
[Stage B] === Phase 1: Searching for separabilities (additive, multiplicative) ===
[Stage B] Rule nonsense_units_zero_prune found 0 targets
[Stage B] Rule monomial_peel_priority found 1 targets
[Stage B]   target order (arity-asc): [vars=(1, 2)(arity=1)]
[Stage B] monomial_peel_priority shortlist: monomial_deg1[z_inv]@nn#leaf1 vars=(1, 2) (k=-0.272, rel=0.17); monomial_deg1@nn#leaf1 vars=(1, 2) (k=-0.272, rel=0.17); monomial_deg2[z_inv]@nn#leaf1 vars=(1, 2) (k=-0.272, rel=0.17); monomial_deg2@nn#leaf1 vars=(1, 2) (k=-0.272, rel=0.17); monomial_deg3[z_inv]@nn#leaf1 vars=(1, 2) (k=-0.272, rel=0.17); monomial_deg3@nn#leaf1 vars=(1, 2) (k=-0.272, rel=0.17)
[Stage B] Rule monomial_peel_priority trying 6 globally ranked candidates
[Stage B]  Greedy order (1 cands): monomial_deg1[z_inv](0p)
[Stage B]  Priority trying 1D monomial (c·x^1) rewrite on NN leaf vars (1, 2) [coord=1/z]
[DBG-candfit] analytic-init: starting
[Stage B] Initialising RPolyLeaf for vars (1, 2), tag=leaf1
[DBG-candfit] analytic-init: done
[Stage B]    Candidate (monomial_deg1[z_inv]): params=0, val-loss=3.1545e-02
[Stage B]    Reject (monomial_deg1[z_inv]): simpler-over-budget(thr=4.483e-12) | loss 6.703e-15->3.155e-02 (Δ+3.15e-02) | params 384->0 | cx (0, 0, 0)->(0, 0, 0)
[Stage B]  Greedy order (1 cands): monomial_deg1(0p)
[Stage B]  Priority trying 1D monomial (c·x^1) rewrite on NN leaf vars (1, 2)
[DBG-candfit] analytic-init: starting
[Stage B] Initialising RPolyLeaf for vars (1, 2), tag=leaf1
[DBG-candfit] analytic-init: done
[Stage B]    Candidate (monomial_deg1): params=0, val-loss=1.3350e-03
[Stage B]    Reject (monomial_deg1): simpler-over-budget(thr=4.483e-12) | loss 6.703e-15->1.335e-03 (Δ+1.34e-03) | params 384->0 | cx (0, 0, 0)->(0, 0, 0)
[Stage B]  Greedy order (1 cands): monomial_deg2[z_inv](0p)
[Stage B]  Priority trying 1D monomial (c·x^2) rewrite on NN leaf vars (1, 2) [coord=1/z]
[DBG-candfit] analytic-init: starting
[Stage B] Initialising RPolyLeaf for vars (1, 2), tag=leaf1
[DBG-candfit] analytic-init: done
[Stage B]    Candidate (monomial_deg2[z_inv]): params=0, val-loss=7.8299e-02
[Stage B]    Reject (monomial_deg2[z_inv]): simpler-over-budget(thr=4.483e-12) | loss 6.703e-15->7.830e-02 (Δ+7.83e-02) | params 384->0 | cx (0, 0, 0)->(0, 0, 0)
[Stage B]  Greedy order (1 cands): monomial_deg2(0p)
[Stage B]  Priority trying 1D monomial (c·x^2) rewrite on NN leaf vars (1, 2)
[DBG-candfit] analytic-init: starting
[Stage B] Initialising RPolyLeaf for vars (1, 2), tag=leaf1
[DBG-candfit] analytic-init: done
[Stage B]    Candidate (monomial_deg2): params=0, val-loss=1.2602e-03
[Stage B]    Reject (monomial_deg2): simpler-over-budget(thr=4.483e-12) | loss 6.703e-15->1.260e-03 (Δ+1.26e-03) | params 384->0 | cx (0, 0, 0)->(0, 0, 0)
[Stage B]  Greedy order (1 cands): monomial_deg3[z_inv](0p)
[Stage B]  Priority trying 1D monomial (c·x^3) rewrite on NN leaf vars (1, 2) [coord=1/z]
[DBG-candfit] analytic-init: starting
[Stage B] Initialising RPolyLeaf for vars (1, 2), tag=leaf1
[DBG-candfit] analytic-init: done
[Stage B]    Candidate (monomial_deg3[z_inv]): params=0, val-loss=1.6662e-01
[Stage B]    Reject (monomial_deg3[z_inv]): simpler-over-budget(thr=4.483e-12) | loss 6.703e-15->1.666e-01 (Δ+1.67e-01) | params 384->0 | cx (0, 0, 0)->(0, 0, 0)
[Stage B]  Greedy order (1 cands): monomial_deg3(0p)
[Stage B]  Priority trying 1D monomial (c·x^3) rewrite on NN leaf vars (1, 2)
[DBG-candfit] analytic-init: starting
[Stage B] Initialising RPolyLeaf for vars (1, 2), tag=leaf1
[DBG-candfit] analytic-init: done
[Stage B]    Candidate (monomial_deg3): params=0, val-loss=5.3633e-03
[Stage B]    Reject (monomial_deg3): simpler-over-budget(thr=4.483e-12) | loss 6.703e-15->5.363e-03 (Δ+5.36e-03) | params 384->0 | cx (0, 0, 0)->(0, 0, 0)
[Stage B] Rule subtree_separability found 0 targets
[Stage B] Rule last_hard_trig_square found 1 targets
[Stage B]   target order (arity-asc): [vars=(1, 2)(arity=1)]
[Stage B PhaseScan] local atom hint target=NN vars=(1, 2): z=(x0)**2, R2=1, omega≈3.142
[Stage B PhaseScan] local atom hint target=NN vars=(1, 2): z=(x0)**-2, R2=1, omega≈3.142
[Stage B] RuleLastHardTrigSquare1D proposing 1 candidate(s) for final NN vars=(1, 2): ['last_trig_square_sin']
[Stage B] RuleLastHardTrigSquare1D proposing 1 candidate(s) for final NN vars=(1, 2): ['last_trig_square_sin[z_inv]']
[Stage B]  Exhaustive order (1 cands): last_trig_square_sin[z_inv](3p)
[Stage B]  Trying last-hard trig-square sin(ωz+φ)^2 on NN vars=(1, 2): ω≈0.125, φ≈-0.07183, scale≈13.01, rel=1.11e-02 [coord=1/z]
[DBG-candfit] analytic-init: starting
[DBG-candfit] analytic-init: done
[DBG-candfit] root: (((scale()#leaf1_lhtrigsq_scale * (x0 ** 0.333333)) * (sin(poly((x1*(x2)^-1)^-1)#leaf1_lhtrigsq_arg) ** 2)) * ((x1 ** -1) ** 0.666667))
[DBG-candfit] reuse keys: ['leaf1']
[DBG-candfit] leafval scale#leaf1_lhtrigsq_scale med=1.3011e+01 min=1.301e+01 max=1.301e+01
[DBG-candfit] leafval var#None med=6.4717e-01 min=1.370e-02 max=4.291e+01
[DBG-candfit] leafval poly#leaf1_lhtrigsq_arg med=5.3172e-02 min=3.720e-02 max=6.729e-02
[DBG-candfit] leafval var#None med=1.6337e+01 min=1.259e+00 max=2.051e+02
[DBG-candfit] model_out med=5.1479e-03
[DBG-candfit] target   med=1.0100e-01
[DBG-candfit] leaf[0] AutogradAdaptor/FreeConstLeaf deg=(None,None) cnum=None cden=None scale=[13.01080626593607]
[DBG-candfit] leaf[1] AutogradAdaptor/VarLeaf deg=(None,None) cnum=None cden=None scale=None
[DBG-candfit] leaf[2] AutogradAdaptor/PolyLeaf deg=(None,None) cnum=None cden=None scale=None
[DBG-candfit] leaf[3] AutogradAdaptor/VarLeaf deg=(None,None) cnum=None cden=None scale=None
[Stage B] Post-custom-init validation (attempt 0), batch 0, finite: 2000/2000, min: 1.750e-04, max: 1.026e-01, mean: 9.892e-03
[Stage B] Post-custom-init validation (attempt 0), batch 1, finite: 2000/2000, min: 1.754e-04, max: 1.115e-01, mean: 1.047e-02
[Stage B] Post-custom-init validation (attempt 0), batch 2, finite: 2000/2000, min: 2.565e-04, max: 1.588e-01, mean: 1.954e-02
[Stage B] Prediction scale check (attempt 0): pred_median=6.668e-03, true_median=9.826e-02, ratio=6.786e-02
[info] dataloader for provider ASTCompositeAdaptor yields 3 batches (equivalent to a single batch up to floating-point roundoff; minor Python-loop overhead per batch).
[LM][bucket] solving P=3 (trivially separable union)
Stopping at epoch 801/2000, lm_opt.state['halt']=True, loss=1.0890e-06, loss_val=1.5723e-06
[Stage B]    Candidate (last_trig_square_sin[z_inv]): params=3, val-loss=1.5723e-06
[Stage B]    Reject (last_trig_square_sin[z_inv]): simpler-over-budget(thr=2.874e-12) | loss 6.703e-15->1.572e-06 (Δ+1.57e-06) | params 384->3 | cx (0, 0, 0)->(0, 0, 0)
[Stage B] Rule univariate_nn found 1 targets
[Stage B]   target order (arity-asc): [vars=(1, 2)(arity=1)]
[Stage B] symexp_denom_1d rejected: rel_rms=0.2967 > 0.05, compound vars=(1, 2)
[Stage B] symexp_denom_1d_recip (poly) accepted: rel_rms=0.0051, scale≈1.6, linear≈-1.35, compound vars=(1, 2)
[Stage B] inv_poly: using degree-probe monomials, 3 valid terms, vars=(1, 2)
[Stage B] inv_poly rejected: best rel_rms=0.0010 > 0.001, degree=2, vars=(1, 2)
[Stage B] sqrt_poly: degree-probe active, sqrt=3 terms (probed=True), inv=3 terms (probed=True), vars=(1, 2)
[Stage B]  one_minus_cos_over_z2 skip NN vars (1, 2): screen failed for z=(x1 * (x2)**-1); exact best rel=4.99e-01 at omega≈1; affine best rel=9.58e-02, offset_rel=1.47e-02 at omega≈0.5; thresholds rel<=2.00e-02, offset_rel<=1.50e-01
[Stage B]  sparse_factor_1d skip NN vars (1, 2): screen failed for z=(x1 * (x2)**-1); best rel=2.68e-01, threshold=2.00e-02
[Stage B] ratpoly_1d degree probe: 1 valid pair(s), min_deg=(0,0), vars=(1, 2)
[Stage B] ratpoly_1d probe: 6 sub-threshold trial(s) for vars=(1, 2): deg=(3,4)->(3,3) nnz=(2,3) rms=0.0001, deg=(0,4)->(0,4) nnz=(1,5) rms=0.0007, deg=(3,3)->(3,3) nnz=(2,4) rms=0.0000, deg=(2,3)->(2,3) nnz=(3,4) rms=0.0000, deg=(3,2)->(3,2) nnz=(4,3) rms=0.0000, deg=(4,2)->(4,2) nnz=(4,3) rms=0.0004
[Stage B] ratpoly_1d degree probe: 1 valid pair(s), min_deg=(0,0), vars=(1, 2)
[Stage B] ratpoly_1d probe: 3 sub-threshold trial(s) for vars=(1, 2): deg=(2,2)->(2,2) nnz=(2,3) rms=0.0002, deg=(4,1)->(4,0) nnz=(5,1) rms=0.0007, deg=(1,4)->(1,4) nnz=(2,4) rms=0.0002
[Stage B] ratpoly_1d degree probe: 1 valid pair(s), min_deg=(0,0), vars=(1, 2)
[Stage B] ratpoly_1d probe: 3 sub-threshold trial(s) for vars=(1, 2): deg=(0,4)->(0,4) nnz=(1,5) rms=0.0004, deg=(4,3)->(4,2) nnz=(3,3) rms=0.0001, deg=(3,4)->(3,4) nnz=(4,5) rms=0.0000
[Stage B] ratpoly_1d degree probe: 1 valid pair(s), min_deg=(0,0), vars=(1, 2)
[Stage B] ratpoly_1d probe: 6 sub-threshold trial(s) for vars=(1, 2): deg=(1,3)->(1,3) nnz=(2,3) rms=0.0008, deg=(2,3)->(2,2) nnz=(2,3) rms=0.0001, deg=(4,4)->(3,3) nnz=(2,3) rms=0.0002, deg=(2,2)->(2,2) nnz=(3,3) rms=0.0000, deg=(4,1)->(4,0) nnz=(5,1) rms=0.0004, deg=(1,4)->(1,4) nnz=(2,4) rms=0.0000
[Stage B] ratpoly_1d degree probe: 1 valid pair(s), min_deg=(0,0), vars=(1, 2)
[Stage B] ratpoly_1d probe: 9 sub-threshold trial(s) for vars=(1, 2): deg=(3,1)->(3,0) nnz=(4,1) rms=0.0097, deg=(0,4)->(0,4) nnz=(1,4) rms=0.0104, deg=(4,1)->(4,0) nnz=(5,1) rms=0.0020, deg=(3,3)->(3,3) nnz=(2,4) rms=0.0000, deg=(4,4)->(4,4) nnz=(3,3) rms=0.0000, deg=(2,3)->(2,3) nnz=(3,4) rms=0.0000, deg=(3,2)->(3,2) nnz=(4,3) rms=0.0000, deg=(2,4)->(2,4) nnz=(2,5) rms=0.0001, deg=(4,2)->(4,2) nnz=(4,3) rms=0.0000
[Stage B] symexp_denom_1d accepted: rel_rms=0.0051, scale≈1.6, linear≈-0.5, compound vars=(1, 2)
[Stage B] symexp_denom_1d_recip rejected: rel_rms=0.2967 > 0.05, compound vars=(1, 2)
[Stage B] inv_poly: using degree-probe monomials, 3 valid terms, vars=(1, 2)
[Stage B] inv_poly probe: 1 sub-threshold trial(s) for vars=(1, 2): deg=2 rms=0.0001 n=3
[Stage B] sqrt_poly: degree-probe active, sqrt=3 terms (probed=True), inv=3 terms (probed=True), vars=(1, 2)
[Stage B]  one_minus_cos_over_z2 skip NN vars (1, 2): screen failed for z=(x2 / x1); exact best rel=2.71e-01 at omega≈1; affine best rel=9.75e-02, offset_rel=1.13e-02 at omega≈0.5; thresholds rel<=2.00e-02, offset_rel<=1.50e-01
[Stage B]  sparse_factor_1d skip NN vars (1, 2): screen failed for z=(x2 / x1); best rel=2.22e-01, threshold=2.00e-02
[Stage B] ratpoly_1d degree probe: 1 valid pair(s), min_deg=(0,0), vars=(1, 2)
[Stage B] ratpoly_1d probe: 6 sub-threshold trial(s) for vars=(1, 2): deg=(0,3)->(0,3) nnz=(1,4) rms=0.0002, deg=(1,2)->(1,2) nnz=(2,3) rms=0.0001, deg=(2,1)->(2,1) nnz=(3,2) rms=0.0002, deg=(0,4)->(0,4) nnz=(1,4) rms=0.0001, deg=(2,2)->(2,2) nnz=(3,2) rms=0.0001, deg=(3,4)->(3,3) nnz=(3,2) rms=0.0000
[Stage B] ratpoly_1d degree probe: 1 valid pair(s), min_deg=(0,0), vars=(1, 2)
[Stage B] ratpoly_1d probe: 6 sub-threshold trial(s) for vars=(1, 2): deg=(1,3)->(1,2) nnz=(2,3) rms=0.0002, deg=(3,1)->(2,1) nnz=(3,2) rms=0.0001, deg=(2,2)->(2,2) nnz=(2,3) rms=0.0001, deg=(2,4)->(2,4) nnz=(2,3) rms=0.0000, deg=(4,2)->(4,2) nnz=(3,2) rms=0.0000, deg=(0,4)->(0,4) nnz=(1,5) rms=0.0002
[Stage B] ratpoly_1d degree probe: 1 valid pair(s), min_deg=(0,0), vars=(1, 2)
[Stage B] ratpoly_1d probe: 4 sub-threshold trial(s) for vars=(1, 2): deg=(1,3)->(0,2) nnz=(1,2) rms=0.0000, deg=(2,1)->(2,1) nnz=(3,2) rms=0.0001, deg=(4,4)->(0,4) nnz=(1,4) rms=0.0001, deg=(0,4)->(0,4) nnz=(1,5) rms=0.0000
[Stage B] ratpoly_1d degree probe: 1 valid pair(s), min_deg=(0,0), vars=(1, 2)
[Stage B] ratpoly_1d probe: 5 sub-threshold trial(s) for vars=(1, 2): deg=(2,1)->(2,0) nnz=(2,1) rms=0.0000, deg=(4,2)->(4,2) nnz=(2,2) rms=0.0000, deg=(1,2)->(1,2) nnz=(2,3) rms=0.0001, deg=(0,4)->(0,4) nnz=(1,5) rms=0.0003, deg=(2,2)->(2,2) nnz=(3,3) rms=0.0000
[Stage B] ratpoly_1d degree probe: 1 valid pair(s), min_deg=(0,0), vars=(1, 2)
[Stage B] ratpoly_1d probe: 9 sub-threshold trial(s) for vars=(1, 2): deg=(0,2)->(0,2) nnz=(1,3) rms=0.0049, deg=(1,1)->(1,1) nnz=(2,2) rms=0.0023, deg=(0,3)->(0,3) nnz=(1,4) rms=0.0005, deg=(1,2)->(1,2) nnz=(2,3) rms=0.0002, deg=(2,1)->(2,1) nnz=(3,2) rms=0.0002, deg=(2,2)->(2,2) nnz=(3,2) rms=0.0001, deg=(4,2)->(4,2) nnz=(3,2) rms=0.0000, deg=(0,4)->(0,4) nnz=(1,5) rms=0.0000, deg=(4,4)->(4,3) nnz=(4,2) rms=0.0000
[Stage B] RuleUniNN proposing 67 candidates for NN vars=(1, 2): ['monomial_deg1', 'monomial_deg2', 'monomial_deg3', 'poly', 'planck_p1', 'planck_p2', 'expm1', 'symexp_denom_1d', '1d_powexp', 'polylog', 'logshifted', 'inv_poly', 'sqrt_poly', 'cf_combo', 'cf_combo', 'cf_combo', 'cf_combo', 'cf_combo', 'cf_combo', 'cf_combo', 'cf_combo', 'cf_sharedpref_resid', 'cf_combo', 'sqrt_ratpoly_1d', 'sqrt_ratpoly_1d[1]', 'sqrt_ratpoly_1d[2]', 'sqrt_ratpoly_1d[3]', 'sqrt_ratpoly_1d[4]', 'sqrt_ratpoly_1d[5]', 'sqrt_ratpoly_1d[6]', 'sqrt_ratpoly_1d[7]', 'sqrt_ratpoly_1d[8]', 'sqrt_ratpoly_1d[9]', 'sqrt_ratpoly_1d[10]', 'sqrt_ratpoly_1d[11]', 'cbrt_ratpoly_1d', 'cbrt_ratpoly_1d[1]', 'cbrt_ratpoly_1d[2]', 'cbrt_ratpoly_1d[3]', 'cbrt_ratpoly_1d[4]', 'cbrt_ratpoly_1d[5]', 'cbrt_ratpoly_1d[6]', 'cbrt_ratpoly_1d[7]', 'cbrt_ratpoly_1d[8]', 'ratpoly_1d', 'ratpoly_1d[1]', 'ratpoly_1d[2]', 'ratpoly_1d[3]', 'ratpoly_1d[4]', 'ratpoly_1d[5]', 'ratpoly_1d[6]', 'ratpoly_1d[7]', 'ratpoly_1d[8]', 'exp', 'exp_rat', 'log_ratpoly', 'tanh', 'trig', 'trig', 'trig', 'trig', 'trig', 'sinc_p2', 'affine_trig', 'leaftr_recip_poly3', 'leaftr_log_poly3', 'leaftr_sqrt_poly3']
[Stage B]  Skipping reciprocal-coordinate alias polylog: closed-under-reciprocal:polylog
[Stage B]  Skipping reciprocal-coordinate alias sqrt_ratpoly_1d: closed-under-reciprocal:sqrt_ratpoly_1d
[Stage B]  Skipping reciprocal-coordinate alias sqrt_ratpoly_1d[1]: closed-under-reciprocal:sqrt_ratpoly_1d
[Stage B]  Skipping reciprocal-coordinate alias sqrt_ratpoly_1d[2]: closed-under-reciprocal:sqrt_ratpoly_1d
[Stage B]  Skipping reciprocal-coordinate alias sqrt_ratpoly_1d[3]: closed-under-reciprocal:sqrt_ratpoly_1d
[Stage B]  Skipping reciprocal-coordinate alias sqrt_ratpoly_1d[4]: closed-under-reciprocal:sqrt_ratpoly_1d
[Stage B]  Skipping reciprocal-coordinate alias sqrt_ratpoly_1d[5]: closed-under-reciprocal:sqrt_ratpoly_1d
[Stage B]  Skipping reciprocal-coordinate alias sqrt_ratpoly_1d[6]: closed-under-reciprocal:sqrt_ratpoly_1d
[Stage B]  Skipping reciprocal-coordinate alias sqrt_ratpoly_1d[7]: closed-under-reciprocal:sqrt_ratpoly_1d
[Stage B]  Skipping reciprocal-coordinate alias sqrt_ratpoly_1d[8]: closed-under-reciprocal:sqrt_ratpoly_1d
[Stage B]  Skipping reciprocal-coordinate alias sqrt_ratpoly_1d[9]: closed-under-reciprocal:sqrt_ratpoly_1d
[Stage B]  Skipping reciprocal-coordinate alias sqrt_ratpoly_1d[10]: closed-under-reciprocal:sqrt_ratpoly_1d
[Stage B]  Skipping reciprocal-coordinate alias sqrt_ratpoly_1d[11]: closed-under-reciprocal:sqrt_ratpoly_1d
[Stage B]  Skipping reciprocal-coordinate alias cbrt_ratpoly_1d: closed-under-reciprocal:cbrt_ratpoly_1d
[Stage B]  Skipping reciprocal-coordinate alias cbrt_ratpoly_1d[1]: closed-under-reciprocal:cbrt_ratpoly_1d
[Stage B]  Skipping reciprocal-coordinate alias cbrt_ratpoly_1d[2]: closed-under-reciprocal:cbrt_ratpoly_1d
[Stage B]  Skipping reciprocal-coordinate alias cbrt_ratpoly_1d[3]: closed-under-reciprocal:cbrt_ratpoly_1d
[Stage B]  Skipping reciprocal-coordinate alias cbrt_ratpoly_1d[4]: closed-under-reciprocal:cbrt_ratpoly_1d
[Stage B]  Skipping reciprocal-coordinate alias cbrt_ratpoly_1d[5]: closed-under-reciprocal:cbrt_ratpoly_1d
[Stage B]  Skipping reciprocal-coordinate alias cbrt_ratpoly_1d[6]: closed-under-reciprocal:cbrt_ratpoly_1d
[Stage B]  Skipping reciprocal-coordinate alias cbrt_ratpoly_1d[7]: closed-under-reciprocal:cbrt_ratpoly_1d
[Stage B]  Skipping reciprocal-coordinate alias cbrt_ratpoly_1d[8]: closed-under-reciprocal:cbrt_ratpoly_1d
[Stage B]  Skipping reciprocal-coordinate alias ratpoly_1d: closed-under-reciprocal:ratpoly_1d
[Stage B]  Skipping reciprocal-coordinate alias ratpoly_1d[1]: closed-under-reciprocal:ratpoly_1d
[Stage B]  Skipping reciprocal-coordinate alias ratpoly_1d[2]: closed-under-reciprocal:ratpoly_1d
[Stage B]  Skipping reciprocal-coordinate alias ratpoly_1d[3]: closed-under-reciprocal:ratpoly_1d
[Stage B]  Skipping reciprocal-coordinate alias ratpoly_1d[4]: closed-under-reciprocal:ratpoly_1d
[Stage B]  Skipping reciprocal-coordinate alias ratpoly_1d[5]: closed-under-reciprocal:ratpoly_1d
[Stage B]  Skipping reciprocal-coordinate alias ratpoly_1d[6]: closed-under-reciprocal:ratpoly_1d
[Stage B]  Skipping reciprocal-coordinate alias ratpoly_1d[7]: closed-under-reciprocal:ratpoly_1d
[Stage B]  Skipping reciprocal-coordinate alias ratpoly_1d[8]: closed-under-reciprocal:ratpoly_1d
[Stage B]  Skipping reciprocal-coordinate alias exp_rat: closed-under-reciprocal:exp_rat
[Stage B]  Skipping reciprocal-coordinate alias log_ratpoly: closed-under-reciprocal:log_ratpoly
[Stage B] RuleUniNN proposing 97 candidates for NN vars=(1, 2): ['monomial_deg1', 'monomial_deg1[z_inv]', 'monomial_deg2', 'monomial_deg2[z_inv]', 'monomial_deg3', 'monomial_deg3[z_inv]', 'poly', 'poly[z_inv]', 'planck_p0', 'planck_p1', 'planck_p1[z_inv]', 'planck_p2', 'planck_p2[z_inv]', 'symexp_denom_1d_recip', '1d_powexp', '1d_powexp[z_inv]', 'polylog', 'logshifted', 'logshifted[z_inv]', 'sqrt_poly', 'sqrt_poly[z_inv]', 'cf_combo', 'cf_combo[z_inv]', 'cf_combo[z_inv]', 'cf_combo[z_inv]', 'cf_combo[z_inv]', 'cf_combo[z_inv]', 'cf_combo[z_inv]', 'cf_combo[z_inv]', 'cf_combo[z_inv]', 'cf_combo[z_inv]', 'cf_combo', 'cf_combo', 'cf_combo', 'cf_combo', 'cf_combo', 'cf_combo', 'cf_combo', 'cf_combo', 'cf_combo', 'sqrt_ratpoly_1d', 'sqrt_ratpoly_1d[1]', 'sqrt_ratpoly_1d[2]', 'sqrt_ratpoly_1d[3]', 'sqrt_ratpoly_1d[4]', 'sqrt_ratpoly_1d[5]', 'sqrt_ratpoly_1d[6]', 'sqrt_ratpoly_1d[7]', 'sqrt_ratpoly_1d[8]', 'cbrt_ratpoly_1d', 'cbrt_ratpoly_1d[1]', 'cbrt_ratpoly_1d[2]', 'cbrt_ratpoly_1d[3]', 'cbrt_ratpoly_1d[4]', 'cbrt_ratpoly_1d[5]', 'cbrt_ratpoly_1d[6]', 'cbrt_ratpoly_1d[7]', 'cbrt_ratpoly_1d[8]', 'ratpoly_1d', 'ratpoly_1d[1]', 'ratpoly_1d[2]', 'ratpoly_1d[3]', 'ratpoly_1d[4]', 'ratpoly_1d[5]', 'ratpoly_1d[6]', 'ratpoly_1d[7]', 'ratpoly_1d[8]', 'exp', 'exp[z_inv]', 'exp_rat', 'log_ratpoly', 'tanh', 'tanh[z_inv]', 'trig', 'trig[z_inv]', 'trig[z_inv]', 'trig[z_inv]', 'trig[z_inv]', 'trig[z_inv]', 'trig', 'trig', 'trig', 'trig', 'sinc_p2', 'sinc_p2[z_inv]', 'affine_trig', 'affine_trig[z_inv]', 'leaftr_recip_poly3', 'leaftr_recip_poly3[z_inv]', 'leaftr_log_poly3', 'leaftr_log_poly3[z_inv]', 'leaftr_sqrt_poly3', 'leaftr_sqrt_poly3[z_inv]', 'expm1[z_inv]', 'symexp_denom_1d[z_inv]', 'inv_poly[z_inv]', 'cf_sharedpref_resid[z_inv]']
[Stage B]  Exhaustive order (97 cands): monomial_deg1(1p), monomial_deg1[z_inv](1p), monomial_deg2(1p), monomial_deg2[z_inv](1p), monomial_deg3(1p), monomial_deg3[z_inv](1p), poly(2p), poly[z_inv](2p), planck_p0(2p), planck_p1(2p), planck_p1[z_inv](2p), planck_p2(2p), planck_p2[z_inv](2p), polylog(2p), cf_combo[z_inv](2p), cf_combo[z_inv](2p), cf_combo[z_inv](2p), cf_combo[z_inv](2p), cf_combo(2p), cf_combo(2p), cf_combo(2p), cf_combo(2p), cf_combo(2p), logshifted(3p), logshifted[z_inv](3p), sqrt_poly(3p), sqrt_poly[z_inv](3p), cf_combo(3p), cf_combo[z_inv](3p), cf_combo[z_inv](3p), cf_combo[z_inv](3p), cf_combo[z_inv](3p), cf_combo[z_inv](3p), cf_combo(3p), cf_combo(3p), cf_combo(3p), cf_combo(3p), exp(3p), exp[z_inv](3p), log_ratpoly(3p), tanh(3p), tanh[z_inv](3p), trig(3p), trig[z_inv](3p), trig[z_inv](3p), trig[z_inv](3p), trig[z_inv](3p), trig[z_inv](3p), trig(3p), trig(3p), trig(3p), trig(3p), sinc_p2(3p), sinc_p2[z_inv](3p), expm1[z_inv](3p), inv_poly[z_inv](3p), cf_sharedpref_resid[z_inv](3p), affine_trig(4p), affine_trig[z_inv](4p), leaftr_recip_poly3(4p), leaftr_recip_poly3[z_inv](4p), leaftr_log_poly3(4p), leaftr_log_poly3[z_inv](4p), leaftr_sqrt_poly3(4p), leaftr_sqrt_poly3[z_inv](4p), 1d_powexp(5p), 1d_powexp[z_inv](5p), sqrt_ratpoly_1d(5p), sqrt_ratpoly_1d[6](5p), cbrt_ratpoly_1d[3](5p), cbrt_ratpoly_1d[4](5p), cbrt_ratpoly_1d[5](5p), ratpoly_1d(5p), ratpoly_1d[1](5p), symexp_denom_1d_recip(6p), sqrt_ratpoly_1d[1](6p), sqrt_ratpoly_1d[2](6p), sqrt_ratpoly_1d[7](6p), sqrt_ratpoly_1d[8](6p), cbrt_ratpoly_1d(6p), cbrt_ratpoly_1d[1](6p), cbrt_ratpoly_1d[6](6p), cbrt_ratpoly_1d[7](6p), cbrt_ratpoly_1d[8](6p), ratpoly_1d[2](6p), ratpoly_1d[3](6p), ratpoly_1d[4](6p), exp_rat(6p), symexp_denom_1d[z_inv](6p), sqrt_ratpoly_1d[3](7p), sqrt_ratpoly_1d[4](7p), sqrt_ratpoly_1d[5](7p), ratpoly_1d[5](7p), ratpoly_1d[6](7p), ratpoly_1d[7](7p), ratpoly_1d[8](7p), cbrt_ratpoly_1d[2](9p)
[Stage B]  Trying 1D monomial (c·x^1) rewrite on NN leaf vars (1, 2)
[DBG-candfit] analytic-init: starting
[Stage B] Initialising PolyLeaf for vars (1, 2), tag=leaf1
[DBG-candfit] analytic-init: done
[info] dataloader for provider ASTCompositeAdaptor yields 3 batches (equivalent to a single batch up to floating-point roundoff; minor Python-loop overhead per batch).
[LM][bucket] solving P=1 (trivially separable union)
[nestynet.optimizer] [LM] **** Too many rejects at lam_max; halting. self.lam_max=1000000000000.0 lam_new=1000000000000.0, iteration 53
Stopping at epoch 54/2000, lm_opt.state['halt']=True, loss=1.6753e-03, loss_val=3.3967e-03
[Stage B]    Candidate (monomial_deg1): params=1, val-loss=3.3967e-03
[Stage B]    Reject (monomial_deg1): simpler-over-budget(thr=3.995e-12) | loss 6.703e-15->3.397e-03 (Δ+3.40e-03) | params 384->1 | cx (0, 0, 0)->(0, 0, 0)
[Stage B]  Trying 1D monomial (c·x^1) rewrite on NN leaf vars (1, 2) [coord=1/z]
[DBG-candfit] analytic-init: starting
[Stage B] Initialising PolyLeaf for vars (1, 2), tag=leaf1
[DBG-candfit] analytic-init: done
[info] dataloader for provider ASTCompositeAdaptor yields 3 batches (equivalent to a single batch up to floating-point roundoff; minor Python-loop overhead per batch).
[nestynet.optimizer] [LM] **** Too many rejects at lam_max; halting. self.lam_max=1000000000000.0 lam_new=1000000000000.0, iteration 53
Stopping at epoch 54/2000, lm_opt.state['halt']=True, loss=6.0531e-04, loss_val=9.6170e-04
[Stage B]    Candidate (monomial_deg1[z_inv]): params=1, val-loss=9.6170e-04
[Stage B]    Reject (monomial_deg1[z_inv]): simpler-over-budget(thr=3.995e-12) | loss 6.703e-15->9.617e-04 (Δ+9.62e-04) | params 384->1 | cx (0, 0, 0)->(0, 0, 0)
[Stage B]  Trying 1D monomial (c·x^2) rewrite on NN leaf vars (1, 2)
[DBG-candfit] analytic-init: starting
[Stage B] Initialising PolyLeaf for vars (1, 2), tag=leaf1
[DBG-candfit] analytic-init: done
[info] dataloader for provider ASTCompositeAdaptor yields 3 batches (equivalent to a single batch up to floating-point roundoff; minor Python-loop overhead per batch).
[nestynet.optimizer] [LM] **** Too many rejects at lam_max; halting. self.lam_max=1000000000000.0 lam_new=1000000000000.0, iteration 53
Stopping at epoch 54/2000, lm_opt.state['halt']=True, loss=4.9281e-03, loss_val=9.9620e-03
[Stage B]    Candidate (monomial_deg2): params=1, val-loss=9.9620e-03
[Stage B]    Reject (monomial_deg2): simpler-over-budget(thr=3.995e-12) | loss 6.703e-15->9.962e-03 (Δ+9.96e-03) | params 384->1 | cx (0, 0, 0)->(0, 0, 0)
[Stage B]  Trying 1D monomial (c·x^2) rewrite on NN leaf vars (1, 2) [coord=1/z]
[DBG-candfit] analytic-init: starting
[Stage B] Initialising PolyLeaf for vars (1, 2), tag=leaf1
[DBG-candfit] analytic-init: done
[info] dataloader for provider ASTCompositeAdaptor yields 3 batches (equivalent to a single batch up to floating-point roundoff; minor Python-loop overhead per batch).
[nestynet.optimizer] [LM] **** Too many rejects at lam_max; halting. self.lam_max=1000000000000.0 lam_new=1000000000000.0, iteration 51
Stopping at epoch 52/2000, lm_opt.state['halt']=True, loss=3.4344e-03, loss_val=5.1259e-03
[Stage B]    Candidate (monomial_deg2[z_inv]): params=1, val-loss=5.1259e-03
[Stage B]    Reject (monomial_deg2[z_inv]): simpler-over-budget(thr=3.995e-12) | loss 6.703e-15->5.126e-03 (Δ+5.13e-03) | params 384->1 | cx (0, 0, 0)->(0, 0, 0)
[Stage B]  Trying 1D monomial (c·x^3) rewrite on NN leaf vars (1, 2)
[DBG-candfit] analytic-init: starting
[Stage B] Initialising PolyLeaf for vars (1, 2), tag=leaf1
[DBG-candfit] analytic-init: done
[info] dataloader for provider ASTCompositeAdaptor yields 3 batches (equivalent to a single batch up to floating-point roundoff; minor Python-loop overhead per batch).
[nestynet.optimizer] [LM] **** Too many rejects at lam_max; halting. self.lam_max=1000000000000.0 lam_new=1000000000000.0, iteration 51
Stopping at epoch 52/2000, lm_opt.state['halt']=True, loss=9.2968e-03, loss_val=1.8548e-02
[Stage B]    Candidate (monomial_deg3): params=1, val-loss=1.8548e-02
[Stage B]    Reject (monomial_deg3): simpler-over-budget(thr=3.995e-12) | loss 6.703e-15->1.855e-02 (Δ+1.85e-02) | params 384->1 | cx (0, 0, 0)->(0, 0, 0)
[Stage B]  Trying 1D monomial (c·x^3) rewrite on NN leaf vars (1, 2) [coord=1/z]
[DBG-candfit] analytic-init: starting
[Stage B] Initialising PolyLeaf for vars (1, 2), tag=leaf1
[DBG-candfit] analytic-init: done
[info] dataloader for provider ASTCompositeAdaptor yields 3 batches (equivalent to a single batch up to floating-point roundoff; minor Python-loop overhead per batch).
[nestynet.optimizer] [LM] **** Too many rejects at lam_max; halting. self.lam_max=1000000000000.0 lam_new=1000000000000.0, iteration 53
Stopping at epoch 54/2000, lm_opt.state['halt']=True, loss=8.3945e-03, loss_val=1.0961e-02
[Stage B]    Candidate (monomial_deg3[z_inv]): params=1, val-loss=1.0961e-02
[Stage B]    Reject (monomial_deg3[z_inv]): simpler-over-budget(thr=3.995e-12) | loss 6.703e-15->1.096e-02 (Δ+1.10e-02) | params 384->1 | cx (0, 0, 0)->(0, 0, 0)
[Stage B]  Trying 1D poly rewrite on NN leaf vars (1, 2), degree=1
[DBG-candfit] analytic-init: starting
[Stage B] Initialising PolyLeaf for vars (1, 2), tag=leaf1
[DBG-candfit] analytic-init: done
[info] dataloader for provider ASTCompositeAdaptor yields 3 batches (equivalent to a single batch up to floating-point roundoff; minor Python-loop overhead per batch).
[LM][bucket] solving P=2 (trivially separable union)
[nestynet.optimizer] [LM] **** Too many rejects at lam_max; halting. self.lam_max=1000000000000.0 lam_new=1000000000000.0, iteration 60
Stopping at epoch 61/2000, lm_opt.state['halt']=True, loss=4.5569e-06, loss_val=7.1552e-06
[Stage B]    Candidate (poly): params=2, val-loss=7.1037e-06
[Stage B]    Reject (poly): simpler-over-budget(thr=3.245e-12) | loss 6.703e-15->7.104e-06 (Δ+7.10e-06) | params 384->2 | cx (0, 0, 0)->(0, 0, 0)
[Stage B]  Trying 1D poly rewrite on NN leaf vars (1, 2), degree=1 [coord=1/z]
[DBG-candfit] analytic-init: starting
[Stage B] Initialising PolyLeaf for vars (1, 2), tag=leaf1
[DBG-candfit] analytic-init: done
[info] dataloader for provider ASTCompositeAdaptor yields 3 batches (equivalent to a single batch up to floating-point roundoff; minor Python-loop overhead per batch).
[nestynet.optimizer] [LM] **** Too many rejects at lam_max; halting. self.lam_max=1000000000000.0 lam_new=1000000000000.0, iteration 63
Stopping at epoch 64/2000, lm_opt.state['halt']=True, loss=1.2421e-06, loss_val=1.8229e-06
[Stage B]    Candidate (poly[z_inv]): params=2, val-loss=1.7355e-06
[Stage B]    Reject (poly[z_inv]): simpler-over-budget(thr=3.245e-12) | loss 6.703e-15->1.736e-06 (Δ+1.74e-06) | params 384->2 | cx (0, 0, 0)->(0, 0, 0)
[Stage B]  Trying reduced 1D Planck rewrite on NN leaf vars (1, 2) (p=0, tail_rms≈0.0755)
[Stage B custom_init Planck] compound vars=(1, 2), p=0, a≈0.184, logA≈-0.183, tail_rms≈0.0755
[DBG-candfit] root: (((x0 ** 0.333333) * planck(x1*(x2)^-1)) * ((x1 ** -1) ** 0.666667))
[DBG-candfit] reuse keys: ['leaf1']
[DBG-candfit] leafval var#None med=6.4717e-01 min=1.370e-02 max=4.291e+01
[DBG-candfit] leafval planck#None med=4.1295e+00 min=3.552e+00 max=4.640e+00
[DBG-candfit] leafval var#None med=1.6337e+01 min=1.259e+00 max=2.051e+02
[DBG-candfit] model_out med=6.1239e-01
[DBG-candfit] target   med=1.0100e-01
[DBG-candfit] leaf[0] AutogradAdaptor/VarLeaf deg=(None,None) cnum=None cden=None scale=None
[DBG-candfit] leaf[1] AutogradAdaptor/PlanckLeaf deg=(None,None) cnum=None cden=None scale=None
[DBG-candfit] leaf[2] AutogradAdaptor/VarLeaf deg=(None,None) cnum=None cden=None scale=None
[Stage B] Post-custom-init validation (attempt 0), batch 0, finite: 2000/2000, min: 2.932e-02, max: 1.112e+01, mean: 1.108e+00
[Stage B] Post-custom-init validation (attempt 0), batch 1, finite: 2000/2000, min: 2.926e-02, max: 1.008e+01, mean: 1.172e+00
[Stage B] Post-custom-init validation (attempt 0), batch 2, finite: 2000/2000, min: 4.686e-02, max: 9.590e+00, mean: 1.197e+00
[Stage B] Prediction scale check (attempt 0): pred_median=6.222e-01, true_median=9.826e-02, ratio=6.332e+00
[DBG-candfit] analytic-init: starting
[DBG-candfit] analytic-init: done
[info] dataloader for provider ASTCompositeAdaptor yields 3 batches (equivalent to a single batch up to floating-point roundoff; minor Python-loop overhead per batch).
[nestynet.optimizer] [LM] **** Too many rejects at lam_max; halting. self.lam_max=1000000000000.0 lam_new=1000000000000.0, iteration 96
Stopping at epoch 97/2000, lm_opt.state['halt']=True, loss=3.4769e-06, loss_val=5.1097e-06
[Stage B]    Candidate (planck_p0): params=2, val-loss=5.1097e-06
[Stage B]    Reject (planck_p0): simpler-over-budget(thr=3.245e-12) | loss 6.703e-15->5.110e-06 (Δ+5.11e-06) | params 384->2 | cx (0, 0, 0)->(0, 0, 0)
[Stage B]  Trying reduced 1D Planck rewrite on NN leaf vars (1, 2) (p=1, tail_rms≈0.184)
[Stage B custom_init Planck] compound vars=(1, 2), p=1, a≈1.13, logA≈0.764, tail_rms≈0.184
[DBG-candfit] root: (((x0 ** 0.333333) * planck(x1*(x2)^-1)) * ((x1 ** -1) ** 0.666667))
[DBG-candfit] reuse keys: ['leaf1']
[DBG-candfit] leafval var#None med=6.4717e-01 min=1.370e-02 max=4.291e+01
[DBG-candfit] leafval planck#None med=1.0233e+00 min=9.267e-01 max=1.095e+00
[DBG-candfit] leafval var#None med=1.6337e+01 min=1.259e+00 max=2.051e+02
[DBG-candfit] model_out med=1.5054e-01
[DBG-candfit] target   med=1.0100e-01
[DBG-candfit] leaf[0] AutogradAdaptor/VarLeaf deg=(None,None) cnum=None cden=None scale=None
[DBG-candfit] leaf[1] AutogradAdaptor/PlanckLeaf deg=(None,None) cnum=None cden=None scale=None
[DBG-candfit] leaf[2] AutogradAdaptor/VarLeaf deg=(None,None) cnum=None cden=None scale=None
[Stage B] Post-custom-init validation (attempt 0), batch 0, finite: 2000/2000, min: 7.557e-03, max: 2.858e+00, mean: 2.747e-01
[Stage B] Post-custom-init validation (attempt 0), batch 1, finite: 2000/2000, min: 7.539e-03, max: 2.468e+00, mean: 2.904e-01
[Stage B] Post-custom-init validation (attempt 0), batch 2, finite: 2000/2000, min: 1.164e-02, max: 2.155e+00, mean: 2.700e-01
[Stage B] Prediction scale check (attempt 0): pred_median=1.478e-01, true_median=9.826e-02, ratio=1.504e+00
[DBG-candfit] analytic-init: starting
[DBG-candfit] analytic-init: done
[info] dataloader for provider ASTCompositeAdaptor yields 3 batches (equivalent to a single batch up to floating-point roundoff; minor Python-loop overhead per batch).
[nestynet.optimizer] [LM] **** Too many rejects at lam_max; halting. self.lam_max=1000000000000.0 lam_new=1000000000000.0, iteration 66
Stopping at epoch 67/2000, lm_opt.state['halt']=True, loss=4.1569e-06, loss_val=6.3733e-06
[Stage B]    Candidate (planck_p1): params=2, val-loss=6.3733e-06
[Stage B]    Reject (planck_p1): simpler-over-budget(thr=3.245e-12) | loss 6.703e-15->6.373e-06 (Δ+6.37e-06) | params 384->2 | cx (0, 0, 0)->(0, 0, 0)
[Stage B]  Trying reduced 1D Planck rewrite on NN leaf vars (1, 2) (p=1, tail_rms≈0.149) [coord=1/z]
[Stage B custom_init Planck] compound vars=(1, 2), p=1, a≈0.568, logA≈0.19, tail_rms≈0.149
[DBG-candfit] root: (((x0 ** 0.333333) * planck((x1*(x2)^-1)^-1)) * ((x1 ** -1) ** 0.666667))
[DBG-candfit] reuse keys: ['leaf1']
[DBG-candfit] leafval var#None med=6.4717e-01 min=1.370e-02 max=4.291e+01
[DBG-candfit] leafval planck#None med=1.5826e+00 min=1.528e+00 max=1.646e+00
[DBG-candfit] leafval var#None med=1.6337e+01 min=1.259e+00 max=2.051e+02
[DBG-candfit] model_out med=2.2765e-01
[DBG-candfit] target   med=1.0100e-01
[DBG-candfit] leaf[0] AutogradAdaptor/VarLeaf deg=(None,None) cnum=None cden=None scale=None
[DBG-candfit] leaf[1] AutogradAdaptor/PlanckLeaf deg=(None,None) cnum=None cden=None scale=None
[DBG-candfit] leaf[2] AutogradAdaptor/VarLeaf deg=(None,None) cnum=None cden=None scale=None
[Stage B] Post-custom-init validation (attempt 0), batch 0, finite: 2000/2000, min: 1.293e-02, max: 4.854e+00, mean: 4.288e-01
[Stage B] Post-custom-init validation (attempt 0), batch 1, finite: 2000/2000, min: 1.225e-02, max: 4.220e+00, mean: 4.530e-01
[Stage B] Post-custom-init validation (attempt 0), batch 2, finite: 2000/2000, min: 1.448e-02, max: 3.285e+00, mean: 3.496e-01
[Stage B] Prediction scale check (attempt 0): pred_median=2.155e-01, true_median=9.826e-02, ratio=2.193e+00
[DBG-candfit] analytic-init: starting
[DBG-candfit] analytic-init: done
[info] dataloader for provider ASTCompositeAdaptor yields 3 batches (equivalent to a single batch up to floating-point roundoff; minor Python-loop overhead per batch).
[nestynet.optimizer] [LM] **** Too many rejects at lam_max; halting. self.lam_max=1000000000000.0 lam_new=1000000000000.0, iteration 98
Stopping at epoch 99/2000, lm_opt.state['halt']=True, loss=3.4769e-06, loss_val=5.1097e-06
[Stage B]    Candidate (planck_p1[z_inv]): params=2, val-loss=5.1097e-06
[Stage B]    Reject (planck_p1[z_inv]): simpler-over-budget(thr=3.245e-12) | loss 6.703e-15->5.110e-06 (Δ+5.11e-06) | params 384->2 | cx (0, 0, 0)->(0, 0, 0)
[Stage B]  Trying reduced 1D Planck rewrite on NN leaf vars (1, 2) (p=2, tail_rms≈0.293)
[Stage B custom_init Planck] compound vars=(1, 2), p=2, a≈2.08, logA≈1.71, tail_rms≈0.293
[DBG-candfit] root: (((x0 ** 0.333333) * planck(x1*(x2)^-1)) * ((x1 ** -1) ** 0.666667))
[DBG-candfit] reuse keys: ['leaf1']
[DBG-candfit] leafval var#None med=6.4717e-01 min=1.370e-02 max=4.291e+01
[DBG-candfit] leafval planck#None med=7.9193e-01 min=7.400e-01 max=8.169e-01
[DBG-candfit] leafval var#None med=1.6337e+01 min=1.259e+00 max=2.051e+02
[DBG-candfit] model_out med=1.1417e-01
[DBG-candfit] target   med=1.0100e-01
[DBG-candfit] leaf[0] AutogradAdaptor/VarLeaf deg=(None,None) cnum=None cden=None scale=None
[DBG-candfit] leaf[1] AutogradAdaptor/PlanckLeaf deg=(None,None) cnum=None cden=None scale=None
[DBG-candfit] leaf[2] AutogradAdaptor/VarLeaf deg=(None,None) cnum=None cden=None scale=None
[Stage B] Post-custom-init validation (attempt 0), batch 0, finite: 2000/2000, min: 5.996e-03, max: 2.264e+00, mean: 2.125e-01
[Stage B] Post-custom-init validation (attempt 0), batch 1, finite: 2000/2000, min: 5.981e-03, max: 1.904e+00, mean: 2.247e-01
[Stage B] Post-custom-init validation (attempt 0), batch 2, finite: 2000/2000, min: 8.278e-03, max: 1.547e+00, mean: 1.944e-01
[Stage B] Prediction scale check (attempt 0): pred_median=1.113e-01, true_median=9.826e-02, ratio=1.133e+00
[DBG-candfit] analytic-init: starting
[DBG-candfit] analytic-init: done
[info] dataloader for provider ASTCompositeAdaptor yields 3 batches (equivalent to a single batch up to floating-point roundoff; minor Python-loop overhead per batch).
[nestynet.optimizer] [LM] **** Too many rejects at lam_max; halting. self.lam_max=1000000000000.0 lam_new=1000000000000.0, iteration 63
Stopping at epoch 64/2000, lm_opt.state['halt']=True, loss=1.9146e-05, loss_val=2.7673e-05
[Stage B]    Candidate (planck_p2): params=2, val-loss=2.7673e-05
[Stage B]    Reject (planck_p2): simpler-over-budget(thr=3.245e-12) | loss 6.703e-15->2.767e-05 (Δ+2.77e-05) | params 384->2 | cx (0, 0, 0)->(0, 0, 0)
[Stage B]  Trying reduced 1D Planck rewrite on NN leaf vars (1, 2) (p=2, tail_rms≈0.236) [coord=1/z]
[Stage B custom_init Planck] compound vars=(1, 2), p=2, a≈1.43, logA≈1.05, tail_rms≈0.236
[DBG-candfit] root: (((x0 ** 0.333333) * planck((x1*(x2)^-1)^-1)) * ((x1 ** -1) ** 0.666667))
[DBG-candfit] reuse keys: ['leaf1']
[DBG-candfit] leafval var#None med=6.4717e-01 min=1.370e-02 max=4.291e+01
[DBG-candfit] leafval planck#None med=8.9450e-01 min=8.720e-01 max=9.004e-01
[DBG-candfit] leafval var#None med=1.6337e+01 min=1.259e+00 max=2.051e+02
[DBG-candfit] model_out med=1.2989e-01
[DBG-candfit] target   med=1.0100e-01
[DBG-candfit] leaf[0] AutogradAdaptor/VarLeaf deg=(None,None) cnum=None cden=None scale=None
[DBG-candfit] leaf[1] AutogradAdaptor/PlanckLeaf deg=(None,None) cnum=None cden=None scale=None
[DBG-candfit] leaf[2] AutogradAdaptor/VarLeaf deg=(None,None) cnum=None cden=None scale=None
[Stage B] Post-custom-init validation (attempt 0), batch 0, finite: 2000/2000, min: 6.976e-03, max: 2.628e+00, mean: 2.409e-01
[Stage B] Post-custom-init validation (attempt 0), batch 1, finite: 2000/2000, min: 6.825e-03, max: 2.240e+00, mean: 2.546e-01
[Stage B] Post-custom-init validation (attempt 0), batch 2, finite: 2000/2000, min: 8.879e-03, max: 1.746e+00, mean: 2.109e-01
[Stage B] Prediction scale check (attempt 0): pred_median=1.242e-01, true_median=9.826e-02, ratio=1.264e+00
[DBG-candfit] analytic-init: starting
[DBG-candfit] analytic-init: done
[info] dataloader for provider ASTCompositeAdaptor yields 3 batches (equivalent to a single batch up to floating-point roundoff; minor Python-loop overhead per batch).
[nestynet.optimizer] [LM] **** Too many rejects at lam_max; halting. self.lam_max=1000000000000.0 lam_new=1000000000000.0, iteration 68
Stopping at epoch 69/2000, lm_opt.state['halt']=True, loss=9.5465e-06, loss_val=1.1650e-05
[Stage B]    Candidate (planck_p2[z_inv]): params=2, val-loss=1.1650e-05
[Stage B]    Reject (planck_p2[z_inv]): simpler-over-budget(thr=3.245e-12) | loss 6.703e-15->1.165e-05 (Δ+1.17e-05) | params 384->2 | cx (0, 0, 0)->(0, 0, 0)
[Stage B]  Trying 1D polylog rewrite on NN leaf vars (1, 2), degree=1
[DBG-candfit] analytic-init: starting
[DBG-candfit] analytic-init: done
[info] dataloader for provider ASTCompositeAdaptor yields 3 batches (equivalent to a single batch up to floating-point roundoff; minor Python-loop overhead per batch).
[nestynet.optimizer] [LM] **** Too many rejects at lam_max; halting. self.lam_max=1000000000000.0 lam_new=1000000000000.0, iteration 58
Stopping at epoch 59/2000, lm_opt.state['halt']=True, loss=2.6575e-06, loss_val=4.0090e-06
[Stage B]    Candidate (polylog): params=2, val-loss=4.0090e-06
[Stage B]    Reject (polylog): simpler-over-budget(thr=3.245e-12) | loss 6.703e-15->4.009e-06 (Δ+4.01e-06) | params 384->2 | cx (0, 0, 0)->(0, 0, 0)
[Stage B]  Trying 1D compound macro tier-3 linear combo on NN leaf vars [1, 2], terms=['inv_sin_half4 *(arg0)', 'cos_half_sq *(inv_sin_half4(arg0))'], screen_r2=1.000, ok_frac=1.000 [coord=1/z]
[DBG-candfit] analytic-init: starting
[DBG-candfit] analytic-init: done
[info] dataloader for provider ASTCompositeAdaptor yields 3 batches (equivalent to a single batch up to floating-point roundoff; minor Python-loop overhead per batch).
[nestynet.optimizer] [LM] **** Too many rejects at lam_max; halting. self.lam_max=1000000000000.0 lam_new=1000000000000.0, iteration 66
Stopping at epoch 67/2000, lm_opt.state['halt']=True, loss=4.1636e-05, loss_val=8.3966e-05
[Stage B]    Candidate (cf_combo[z_inv]): params=2, val-loss=8.3966e-05
[Stage B]    Reject (cf_combo[z_inv]): simpler-over-budget(thr=3.245e-12) | loss 6.703e-15->8.397e-05 (Δ+8.40e-05) | params 384->2 | cx (0, 0, 0)->(0, 0, 0)
[Stage B]  Skipping cf_combo[z_inv] (previously rejected on same target)
[Stage B]  Skipping cf_combo[z_inv] (previously rejected on same target)
[Stage B]  Skipping cf_combo[z_inv] (previously rejected on same target)
[Stage B]  Trying 1D compound macro tier-3 linear combo on NN leaf vars [1, 2], terms=['hypot *(inv_sin_half4(arg0))', 'cos_half_sq *(inv_sin_half4(arg0))'], screen_r2=1.000, ok_frac=1.000
[DBG-candfit] analytic-init: starting
[DBG-candfit] analytic-init: done
[info] dataloader for provider ASTCompositeAdaptor yields 3 batches (equivalent to a single batch up to floating-point roundoff; minor Python-loop overhead per batch).
[nestynet.optimizer] [LM] **** Too many rejects at lam_max; halting. self.lam_max=1000000000000.0 lam_new=1000000000000.0, iteration 65
Stopping at epoch 66/2000, lm_opt.state['halt']=True, loss=6.6109e-05, loss_val=1.5088e-04
[Stage B]    Candidate (cf_combo): params=2, val-loss=1.5088e-04
[Stage B]    Reject (cf_combo): simpler-over-budget(thr=3.245e-12) | loss 6.703e-15->1.509e-04 (Δ+1.51e-04) | params 384->2 | cx (0, 0, 0)->(0, 0, 0)
[Stage B]  Skipping cf_combo (previously rejected on same target)
[Stage B]  Skipping cf_combo (previously rejected on same target)
[Stage B]  Skipping cf_combo (previously rejected on same target)
[Stage B]  Skipping cf_combo (previously rejected on same target)
[Stage B]  Trying 1D shifted-log rewrite on NN leaf vars (1, 2)
[DBG-candfit] analytic-init: starting
[DBG-candfit] analytic-init: done
[info] dataloader for provider ASTCompositeAdaptor yields 3 batches (equivalent to a single batch up to floating-point roundoff; minor Python-loop overhead per batch).
[LM][bucket] solving P=3 (trivially separable union)
[nestynet.optimizer] [LM] **** Too many rejects at lam_max; halting. self.lam_max=1000000000000.0 lam_new=1000000000000.0, iteration 125
Stopping at epoch 126/2000, lm_opt.state['halt']=True, loss=3.3552e-08, loss_val=4.8499e-08
[Stage B]    Candidate (logshifted): params=3, val-loss=4.8499e-08
[Stage B]    Reject (logshifted): simpler-over-budget(thr=2.874e-12) | loss 6.703e-15->4.850e-08 (Δ+4.85e-08) | params 384->3 | cx (0, 0, 0)->(0, 0, 0)
[Stage B]  Trying 1D shifted-log rewrite on NN leaf vars (1, 2) [coord=1/z]
[DBG-candfit] analytic-init: starting
[DBG-candfit] analytic-init: done
[info] dataloader for provider ASTCompositeAdaptor yields 3 batches (equivalent to a single batch up to floating-point roundoff; minor Python-loop overhead per batch).
[Stage B]    Candidate (logshifted[z_inv]): params=3, val-loss=1.8374e-06
[Stage B]    Reject (logshifted[z_inv]): simpler-over-budget(thr=2.874e-12) | loss 6.703e-15->1.837e-06 (Δ+1.84e-06) | params 384->3 | cx (0, 0, 0)->(0, 0, 0)
[Stage B]  Trying sqrt/invsqrt(poly) rewrite on NN leaf vars (1, 2), degree=2
[DBG-candfit] root: (((x0 ** 0.333333) * (poly(x1*(x2)^-1) ** -0.5)) * ((x1 ** -1) ** 0.666667))
[DBG-candfit] reuse keys: ['leaf1']
[DBG-candfit] leafval var#None med=6.4717e-01 min=1.370e-02 max=4.291e+01
[DBG-candfit] leafval poly#None med=2.0825e+00 min=1.964e+00 max=2.182e+00
[DBG-candfit] leafval var#None med=1.6337e+01 min=1.259e+00 max=2.051e+02
[DBG-candfit] model_out med=1.0117e-01
[DBG-candfit] target   med=1.0100e-01
[DBG-candfit] leaf[0] AutogradAdaptor/VarLeaf deg=(None,None) cnum=None cden=None scale=None
[DBG-candfit] leaf[1] AutogradAdaptor/PolyLeaf deg=(None,None) cnum=None cden=None scale=None
[DBG-candfit] leaf[2] AutogradAdaptor/VarLeaf deg=(None,None) cnum=None cden=None scale=None
[Stage B] Post-custom-init validation (attempt 0), batch 0, finite: 2000/2000, min: 5.394e-03, max: 2.031e+00, mean: 1.874e-01
[Stage B] Post-custom-init validation (attempt 0), batch 1, finite: 2000/2000, min: 5.273e-03, max: 1.738e+00, mean: 1.980e-01
[Stage B] Post-custom-init validation (attempt 0), batch 2, finite: 2000/2000, min: 7.473e-03, max: 1.376e+00, mean: 1.732e-01
[Stage B] Prediction scale check (attempt 0): pred_median=9.819e-02, true_median=9.826e-02, ratio=9.993e-01
[DBG-candfit] analytic-init: starting
[DBG-candfit] analytic-init: done
[Stage B] Lifted prefit enabled: link=inv_square, base_link=identity, prefit_epochs=200
[info] dataloader for provider ASTCompositeAdaptor yields 3 batches (equivalent to a single batch up to floating-point roundoff; minor Python-loop overhead per batch).
epochs_min=50 does not align with iter_check=100; the validation-based check will run at the next fresh validation epoch (100).
[nestynet.optimizer] [LM] **** Too many rejects at lam_max; halting. self.lam_max=1000000000000.0 lam_new=1000000000000.0, iteration 66
Stopping at epoch 67/200, lm_opt.state['halt']=True, loss=2.0569e+01, loss_val=3.3068e+01
[info] dataloader for provider ASTCompositeAdaptor yields 3 batches (equivalent to a single batch up to floating-point roundoff; minor Python-loop overhead per batch).
epochs_min=50 does not align with iter_check=100; the validation-based check will run at the next fresh validation epoch (100).
Stopping at epoch 1/200, lm_opt.state['halt']=True, loss=7.0420e-08, loss_val=1.2256e-07
[Stage B]    Candidate (sqrt_poly): params=3, val-loss=1.2256e-07
[Stage B]    Reject (sqrt_poly): simpler-over-budget(thr=2.874e-12) | loss 6.703e-15->1.226e-07 (Δ+1.23e-07) | params 384->3 | cx (0, 0, 0)->(0, 0, 0)
[Stage B]  Trying sqrt/invsqrt(poly) rewrite on NN leaf vars (1, 2), degree=2 [coord=1/z]
[DBG-candfit] root: (((x0 ** 0.333333) * (poly((x1*(x2)^-1)^-1) ** -0.5)) * ((x1 ** -1) ** 0.666667))
[DBG-candfit] reuse keys: ['leaf1']
[DBG-candfit] leafval var#None med=6.4717e-01 min=1.370e-02 max=4.291e+01
[DBG-candfit] leafval poly#None med=2.0802e+00 min=1.968e+00 max=2.189e+00
[DBG-candfit] leafval var#None med=1.6337e+01 min=1.259e+00 max=2.051e+02
[DBG-candfit] model_out med=1.0108e-01
[DBG-candfit] target   med=1.0100e-01
[DBG-candfit] leaf[0] AutogradAdaptor/VarLeaf deg=(None,None) cnum=None cden=None scale=None
[DBG-candfit] leaf[1] AutogradAdaptor/PolyLeaf deg=(None,None) cnum=None cden=None scale=None
[DBG-candfit] leaf[2] AutogradAdaptor/VarLeaf deg=(None,None) cnum=None cden=None scale=None
[Stage B] Post-custom-init validation (attempt 0), batch 0, finite: 2000/2000, min: 5.393e-03, max: 2.031e+00, mean: 1.874e-01
[Stage B] Post-custom-init validation (attempt 0), batch 1, finite: 2000/2000, min: 5.277e-03, max: 1.736e+00, mean: 1.980e-01
[Stage B] Post-custom-init validation (attempt 0), batch 2, finite: 2000/2000, min: 7.464e-03, max: 1.375e+00, mean: 1.732e-01
[Stage B] Prediction scale check (attempt 0): pred_median=9.825e-02, true_median=9.826e-02, ratio=1.000e+00
[DBG-candfit] analytic-init: starting
[DBG-candfit] analytic-init: done
[Stage B] Lifted prefit enabled: link=inv_square, base_link=identity, prefit_epochs=200
[info] dataloader for provider ASTCompositeAdaptor yields 3 batches (equivalent to a single batch up to floating-point roundoff; minor Python-loop overhead per batch).
epochs_min=50 does not align with iter_check=100; the validation-based check will run at the next fresh validation epoch (100).
[nestynet.optimizer] [LM] **** Too many rejects at lam_max; halting. self.lam_max=1000000000000.0 lam_new=1000000000000.0, iteration 77
Stopping at epoch 78/200, lm_opt.state['halt']=True, loss=1.2767e-01, loss_val=2.4845e-01
[info] dataloader for provider ASTCompositeAdaptor yields 3 batches (equivalent to a single batch up to floating-point roundoff; minor Python-loop overhead per batch).
epochs_min=50 does not align with iter_check=100; the validation-based check will run at the next fresh validation epoch (100).
Stopping at epoch 1/200, lm_opt.state['halt']=True, loss=4.6654e-10, loss_val=9.2438e-10
[Stage B]    Candidate (sqrt_poly[z_inv]): params=3, val-loss=9.2438e-10
[Stage B]    Reject (sqrt_poly[z_inv]): simpler-over-budget(thr=2.874e-12) | loss 6.703e-15->9.244e-10 (Δ+9.24e-10) | params 384->3 | cx (0, 0, 0)->(0, 0, 0)
[Stage B]  Skipping cf_combo (previously rejected on same target)
[Stage B]  Skipping cf_combo[z_inv] (previously rejected on same target)
[Stage B]  Skipping cf_combo[z_inv] (previously rejected on same target)
[Stage B]  Skipping cf_combo[z_inv] (previously rejected on same target)
[Stage B]  Skipping cf_combo[z_inv] (previously rejected on same target)
[Stage B]  Skipping cf_combo[z_inv] (previously rejected on same target)
[Stage B]  Skipping cf_combo (previously rejected on same target)
[Stage B]  Skipping cf_combo (previously rejected on same target)
[Stage B]  Skipping cf_combo (previously rejected on same target)
[Stage B]  Skipping cf_combo (previously rejected on same target)
[Stage B]  Trying exp-poly rewrite on NN leaf vars (1, 2), degree=2
[DBG-candfit] analytic-init: starting
[Stage B] Initialising ExpPolyLeaf for vars (1, 2), tag=leaf1
[DBG-candfit] analytic-init: done
[info] dataloader for provider ASTCompositeAdaptor yields 3 batches (equivalent to a single batch up to floating-point roundoff; minor Python-loop overhead per batch).
Stopping at epoch 1/2000, lm_opt.state['halt']=True, loss=1.3687e-07, loss_val=2.1840e-07
[Stage B]    Candidate (exp): params=3, val-loss=2.1840e-07
[Stage B]    Reject (exp): simpler-over-budget(thr=2.874e-12) | loss 6.703e-15->2.184e-07 (Δ+2.18e-07) | params 384->3 | cx (0, 0, 0)->(0, 0, 0)
[Stage B]  Trying exp-poly rewrite on NN leaf vars (1, 2), degree=2 [coord=1/z]
[DBG-candfit] analytic-init: starting
[Stage B] Initialising ExpPolyLeaf for vars (1, 2), tag=leaf1
[DBG-candfit] analytic-init: done
[info] dataloader for provider ASTCompositeAdaptor yields 3 batches (equivalent to a single batch up to floating-point roundoff; minor Python-loop overhead per batch).
Stopping at epoch 1/2000, lm_opt.state['halt']=True, loss=5.2606e-09, loss_val=9.5516e-09
[Stage B]    Candidate (exp[z_inv]): params=3, val-loss=9.5516e-09
[Stage B]    Reject (exp[z_inv]): simpler-over-budget(thr=2.874e-12) | loss 6.703e-15->9.552e-09 (Δ+9.55e-09) | params 384->3 | cx (0, 0, 0)->(0, 0, 0)
[Stage B]  Trying log(ratpoly) rewrite on NN leaf vars (1, 2)
[DBG-candfit] root: (((x0 ** 0.333333) * log(ratpoly(x1*(x2)^-1))) * ((x1 ** -1) ** 0.666667))
[DBG-candfit] reuse keys: ['leaf1']
[DBG-candfit] leafval var#None med=6.4717e-01 min=1.370e-02 max=4.291e+01
[DBG-candfit] leafval ratpoly#None med=2.0061e+00 min=1.950e+00 max=2.047e+00
[DBG-candfit] leafval var#None med=1.6337e+01 min=1.259e+00 max=2.051e+02
[DBG-candfit] model_out med=1.0048e-01
[DBG-candfit] target   med=1.0100e-01
[DBG-candfit] leaf[0] AutogradAdaptor/VarLeaf deg=(None,None) cnum=None cden=None scale=None
[DBG-candfit] leaf[1] AutogradAdaptor/RationalPolyLeaf deg=(0,1) cnum=[2.500517438993674] cden=[1.0, 0.24648481250573884] scale=None
[DBG-candfit] leaf[2] AutogradAdaptor/VarLeaf deg=(None,None) cnum=None cden=None scale=None
[Stage B] Post-custom-init validation (attempt 0), batch 0, finite: 2000/2000, min: 5.358e-03, max: 2.020e+00, mean: 1.876e-01
[Stage B] Post-custom-init validation (attempt 0), batch 1, finite: 2000/2000, min: 5.286e-03, max: 1.716e+00, mean: 1.983e-01
[Stage B] Post-custom-init validation (attempt 0), batch 2, finite: 2000/2000, min: 7.382e-03, max: 1.369e+00, mean: 1.722e-01
[Stage B] Prediction scale check (attempt 0): pred_median=9.808e-02, true_median=9.826e-02, ratio=9.982e-01
[DBG-candfit] analytic-init: starting
[DBG-candfit] analytic-init: done
[Stage B] Lifted prefit enabled: link=exp, base_link=identity, prefit_epochs=200
[info] dataloader for provider ASTCompositeAdaptor yields 3 batches (equivalent to a single batch up to floating-point roundoff; minor Python-loop overhead per batch).
epochs_min=50 does not align with iter_check=100; the validation-based check will run at the next fresh validation epoch (100).
[nestynet.optimizer] [LM] **** Too many rejects at lam_max; halting. self.lam_max=1000000000000.0 lam_new=1000000000000.0, iteration 65
Stopping at epoch 66/200, lm_opt.state['halt']=True, loss=2.5775e-05, loss_val=5.2349e-05
[info] dataloader for provider ASTCompositeAdaptor yields 3 batches (equivalent to a single batch up to floating-point roundoff; minor Python-loop overhead per batch).
epochs_min=50 does not align with iter_check=100; the validation-based check will run at the next fresh validation epoch (100).
[nestynet.optimizer] [LM] **** Too many rejects at lam_max; halting. self.lam_max=1000000000000.0 lam_new=1000000000000.0, iteration 70
Stopping at epoch 71/200, lm_opt.state['halt']=True, loss=4.1639e-06, loss_val=6.3878e-06
[Stage B]    Candidate (log_ratpoly): params=3, val-loss=6.3878e-06
[Stage B]    Reject (log_ratpoly): simpler-over-budget(thr=2.874e-12) | loss 6.703e-15->6.388e-06 (Δ+6.39e-06) | params 384->3 | cx (0, 0, 0)->(0, 0, 0)
[Stage B]  Trying tanh rewrite on NN leaf vars (1, 2)
[DBG-candfit] analytic-init: starting
[Stage B] Initialising TanhLinearLeaf for vars (1, 2), tag=leaf1
[DBG-candfit] analytic-init: done
[info] dataloader for provider ASTCompositeAdaptor yields 3 batches (equivalent to a single batch up to floating-point roundoff; minor Python-loop overhead per batch).
Stopping at epoch 1101/2000, lm_opt.state['halt']=True, loss=4.5576e-06, loss_val=7.1565e-06
[Stage B]    Candidate (tanh): params=3, val-loss=7.1535e-06
[Stage B]    Reject (tanh): simpler-over-budget(thr=2.874e-12) | loss 6.703e-15->7.153e-06 (Δ+7.15e-06) | params 384->3 | cx (0, 0, 0)->(0, 0, 0)
[Stage B]  Trying tanh rewrite on NN leaf vars (1, 2) [coord=1/z]
[DBG-candfit] analytic-init: starting
[Stage B] Initialising TanhLinearLeaf for vars (1, 2), tag=leaf1
[DBG-candfit] analytic-init: done
[info] dataloader for provider ASTCompositeAdaptor yields 3 batches (equivalent to a single batch up to floating-point roundoff; minor Python-loop overhead per batch).
Stopping at epoch 1101/2000, lm_opt.state['halt']=True, loss=1.2426e-06, loss_val=1.8237e-06
[Stage B]    Candidate (tanh[z_inv]): params=3, val-loss=1.8237e-06
[Stage B]    Reject (tanh[z_inv]): simpler-over-budget(thr=2.874e-12) | loss 6.703e-15->1.824e-06 (Δ+1.82e-06) | params 384->3 | cx (0, 0, 0)->(0, 0, 0)
[Stage B]  Trying trig on NN vars (1, 2), omega≈25.209, amp≈0.012
[DBG-candfit] analytic-init: starting
[Stage B] Initialising SinLinearLeaf for vars (1, 2), tag=leaf1
[DBG-candfit] analytic-init: done
[DBG-candfit] root: (((x0 ** 0.333333) * sin_linear(x1*(x2)^-1)#leaf1) * ((x1 ** -1) ** 0.666667))
[DBG-candfit] reuse keys: ['leaf1']
[DBG-candfit] leafval var#None med=6.4717e-01 min=1.370e-02 max=4.291e+01
[DBG-candfit] leafval sin_linear#leaf1 med=7.6097e-03 min=-1.158e-02 max=1.158e-02
[DBG-candfit] leafval var#None med=1.6337e+01 min=1.259e+00 max=2.051e+02
[DBG-candfit] model_out med=9.1178e-04
[DBG-candfit] target   med=1.0100e-01
[DBG-candfit] leaf[0] AutogradAdaptor/VarLeaf deg=(None,None) cnum=None cden=None scale=None
[DBG-candfit] leaf[1] AutogradAdaptor/SinLinearLeaf deg=(None,None) cnum=None cden=None scale=None
[DBG-candfit] leaf[2] AutogradAdaptor/VarLeaf deg=(None,None) cnum=None cden=None scale=None
[Stage B] Post-custom-init validation (attempt 0), batch 0, finite: 2000/2000, min: -2.437e-02, max: 3.127e-02, mean: -8.894e-05
[Stage B] Post-custom-init validation (attempt 0), batch 1, finite: 2000/2000, min: -2.478e-02, max: 2.742e-02, mean: -3.045e-04
[Stage B] Post-custom-init validation (attempt 0), batch 2, finite: 2000/2000, min: -1.281e-02, max: 2.257e-02, mean: 5.723e-04
[Stage B] Prediction scale check (attempt 0): pred_median=8.439e-04, true_median=9.826e-02, ratio=8.588e-03
[info] dataloader for provider ASTCompositeAdaptor yields 3 batches (equivalent to a single batch up to floating-point roundoff; minor Python-loop overhead per batch).
[nestynet.optimizer] [LM] **** Too many rejects at lam_max; halting. self.lam_max=1000000000000.0 lam_new=1000000000000.0, iteration 111
Stopping at epoch 112/2000, lm_opt.state['halt']=True, loss=8.9109e-02, loss_val=6.1149e-02
[Stage B]    Candidate (trig): params=3, val-loss=6.1149e-02
[Stage B]    Reject (trig): simpler-over-budget(thr=2.874e-12) | loss 6.703e-15->6.115e-02 (Δ+6.11e-02) | params 384->3 | cx (0, 0, 0)->(0, 0, 0)
[Stage B]  Trying trig on NN vars (1, 2), omega≈25.966, amp≈0.012 [coord=1/z]
[DBG-candfit] analytic-init: starting
[Stage B] Initialising SinLinearLeaf for vars (1, 2), tag=leaf1
[DBG-candfit] analytic-init: done
[DBG-candfit] root: (((x0 ** 0.333333) * sin_linear((x1*(x2)^-1)^-1)#leaf1) * ((x1 ** -1) ** 0.666667))
[DBG-candfit] reuse keys: ['leaf1']
[DBG-candfit] leafval var#None med=6.4717e-01 min=1.370e-02 max=4.291e+01
[DBG-candfit] leafval sin_linear#leaf1 med=8.5265e-03 min=-1.178e-02 max=1.178e-02
[DBG-candfit] leafval var#None med=1.6337e+01 min=1.259e+00 max=2.051e+02
[DBG-candfit] model_out med=9.1379e-04
[DBG-candfit] target   med=1.0100e-01
[DBG-candfit] leaf[0] AutogradAdaptor/VarLeaf deg=(None,None) cnum=None cden=None scale=None
[DBG-candfit] leaf[1] AutogradAdaptor/SinLinearLeaf deg=(None,None) cnum=None cden=None scale=None
[DBG-candfit] leaf[2] AutogradAdaptor/VarLeaf deg=(None,None) cnum=None cden=None scale=None
[Stage B] Post-custom-init validation (attempt 0), batch 0, finite: 2000/2000, min: -2.639e-02, max: 2.821e-02, mean: -1.002e-04
[Stage B] Post-custom-init validation (attempt 0), batch 1, finite: 2000/2000, min: -2.439e-02, max: 2.765e-02, mean: 6.544e-05
[Stage B] Post-custom-init validation (attempt 0), batch 2, finite: 2000/2000, min: -1.716e-02, max: 2.133e-02, mean: 5.399e-04
[Stage B] Prediction scale check (attempt 0): pred_median=8.432e-04, true_median=9.826e-02, ratio=8.581e-03
[info] dataloader for provider ASTCompositeAdaptor yields 3 batches (equivalent to a single batch up to floating-point roundoff; minor Python-loop overhead per batch).
Stopping at epoch 901/2000, lm_opt.state['halt']=True, loss=1.2425e-06, loss_val=1.8236e-06
[Stage B]    Candidate (trig[z_inv]): params=3, val-loss=1.8236e-06
[Stage B]    Reject (trig[z_inv]): simpler-over-budget(thr=2.874e-12) | loss 6.703e-15->1.824e-06 (Δ+1.82e-06) | params 384->3 | cx (0, 0, 0)->(0, 0, 0)
[Stage B]  Skipping trig[z_inv] (previously rejected on same target)
[Stage B]  Skipping trig[z_inv] (previously rejected on same target)
[Stage B]  Skipping trig[z_inv] (previously rejected on same target)
[Stage B]  Skipping trig[z_inv] (previously rejected on same target)
[Stage B]  Skipping trig (previously rejected on same target)
[Stage B]  Skipping trig (previously rejected on same target)
[Stage B]  Skipping trig (previously rejected on same target)
[Stage B]  Skipping trig (previously rejected on same target)
[Stage B]  Trying sinc_p2 on compound nn vars=(1, 2) (poly: 1D degree=1, seed: k0*z)
[DBG-candfit] analytic-init: starting
[DBG-candfit] analytic-init: done
[DBG-candfit] root: (((((x0 ** 0.333333) * poly(x1)#tr_sinc_s_p2_1_2_axis_linear_0) * (sin(poly(x1*(x2)^-1)#tr_sinc_p_sin_p2_deg2_1_2_axis_linear_0) ** 2)) * (poly(x1*(x2)^-1)#tr_sinc_p_den_p2_deg2_1_2_axis_linear_0 ** -2)) * ((x1 ** -1) **
[DBG-candfit] reuse keys: ['leaf1']
[DBG-candfit] leafval var#None med=6.4717e-01 min=1.370e-02 max=4.291e+01
[DBG-candfit] leafval poly#tr_sinc_s_p2_1_2_axis_linear_0 med=7.5577e-01 min=7.558e-01 max=7.558e-01
[DBG-candfit] leafval poly#tr_sinc_p_sin_p2_deg2_1_2_axis_linear_0 med=4.9992e-01 min=4.492e-01 max=5.732e-01
[DBG-candfit] leafval poly#tr_sinc_p_den_p2_deg2_1_2_axis_linear_0 med=4.9992e-01 min=4.492e-01 max=5.732e-01
[DBG-candfit] leafval var#None med=1.6337e+01 min=1.259e+00 max=2.051e+02
[DBG-candfit] model_out med=1.0127e-01
[DBG-candfit] target   med=1.0100e-01
[DBG-candfit] leaf[0] AutogradAdaptor/VarLeaf deg=(None,None) cnum=None cden=None scale=None
[DBG-candfit] leaf[1] AutogradAdaptor/PolyLeaf deg=(None,None) cnum=None cden=None scale=None
[DBG-candfit] leaf[2] AutogradAdaptor/PolyLeaf deg=(None,None) cnum=None cden=None scale=None
[DBG-candfit] leaf[3] AutogradAdaptor/PolyLeaf deg=(None,None) cnum=None cden=None scale=None
[DBG-candfit] leaf[4] AutogradAdaptor/VarLeaf deg=(None,None) cnum=None cden=None scale=None
[Stage B] Post-custom-init validation (attempt 0), batch 0, finite: 2000/2000, min: 5.409e-03, max: 2.037e+00, mean: 1.874e-01
[Stage B] Post-custom-init validation (attempt 0), batch 1, finite: 2000/2000, min: 5.295e-03, max: 1.738e+00, mean: 1.980e-01
[Stage B] Post-custom-init validation (attempt 0), batch 2, finite: 2000/2000, min: 7.162e-03, max: 1.355e+00, mean: 1.681e-01
[Stage B] Prediction scale check (attempt 0): pred_median=9.725e-02, true_median=9.826e-02, ratio=9.898e-01
<HOME>:51: UserWarning: optimizer contains a parameter group with duplicate parameters; in future, this will cause an error; see github.com/pytorch/pytorch/issues/40967 for more information
  return disable_fn(*args, **kwargs)
[info] dataloader for provider ASTCompositeAdaptor yields 3 batches (equivalent to a single batch up to floating-point roundoff; minor Python-loop overhead per batch).
[LM][bucket] solving P=5 (trivially separable union)
[nestynet.optimizer] [LM] **** Too many rejects at lam_max; halting. self.lam_max=1000000000000.0 lam_new=1000000000000.0, iteration 84
Stopping at epoch 85/2000, lm_opt.state['halt']=True, loss=2.1449e-05, loss_val=6.1931e-05
[Stage B]    Candidate (sinc_p2): params=5, val-loss=6.1931e-05
[Stage B]    Reject (sinc_p2): simpler-over-budget(thr=2.465e-12) | loss 6.703e-15->6.193e-05 (Δ+6.19e-05) | params 384->5 | cx (0, 0, 0)->(0, 0, 0)
[Stage B]  Precheck reject (duplicate-signature) rule=univariate_nn cand=sinc_p2[z_inv] target=nn#leaf1 vars=(1, 2) sig=(2, 2, 1, -1, -1, 0) attempted=6
[Stage B]  Trying 1D Expm1 rewrite on NN leaf vars (1, 2) [coord=1/z]
[Stage B custom_init Expm1] compound vars=(1, 2), a≈0.295, logA≈-0.666
[DBG-candfit] root: (((x0 ** 0.333333) * expm1((x1*(x2)^-1)^-1)) * ((x1 ** -1) ** 0.666667))
[DBG-candfit] reuse keys: ['leaf1']
[DBG-candfit] leafval var#None med=6.4717e-01 min=1.370e-02 max=4.291e+01
[DBG-candfit] leafval expm1#None med=1.7654e-01 min=1.510e-01 max=2.000e-01
[DBG-candfit] leafval var#None med=1.6337e+01 min=1.259e+00 max=2.051e+02
[DBG-candfit] model_out med=2.6278e-02
[DBG-candfit] target   med=1.0100e-01
[DBG-candfit] leaf[0] AutogradAdaptor/VarLeaf deg=(None,None) cnum=None cden=None scale=None
[DBG-candfit] leaf[1] AutogradAdaptor/Expm1Leaf deg=(None,None) cnum=None cden=None scale=None
[DBG-candfit] leaf[2] AutogradAdaptor/VarLeaf deg=(None,None) cnum=None cden=None scale=None
[Stage B] Post-custom-init validation (attempt 0), batch 0, finite: 2000/2000, min: 1.248e-03, max: 4.731e-01, mean: 4.739e-02
[Stage B] Post-custom-init validation (attempt 0), batch 1, finite: 2000/2000, min: 1.245e-03, max: 4.316e-01, mean: 5.011e-02
[Stage B] Post-custom-init validation (attempt 0), batch 2, finite: 2000/2000, min: 1.993e-03, max: 4.172e-01, mean: 5.204e-02
[Stage B] Prediction scale check (attempt 0): pred_median=2.677e-02, true_median=9.826e-02, ratio=2.724e-01
[DBG-candfit] analytic-init: starting
[DBG-candfit] analytic-init: done
[info] dataloader for provider ASTCompositeAdaptor yields 3 batches (equivalent to a single batch up to floating-point roundoff; minor Python-loop overhead per batch).
[LM][bucket] solving P=3 (trivially separable union)
Stopping at epoch 401/2000, lm_opt.state['halt']=True, loss=9.4197e-07, loss_val=1.3365e-06
[Stage B]    Candidate (expm1[z_inv]): params=3, val-loss=1.3365e-06
[Stage B]    Reject (expm1[z_inv]): simpler-over-budget(thr=2.874e-12) | loss 6.703e-15->1.336e-06 (Δ+1.34e-06) | params 384->3 | cx (0, 0, 0)->(0, 0, 0)
[Stage B]  Trying inv_poly degree=2 (1/P(x)) rewrite on NN leaf vars (1, 2) [coord=1/z]
[Stage B custom_init inv-poly] Init on vars (1, 2): degree=2, rel_rms≈1.44e-04
[DBG-candfit] root: (((x0 ** 0.333333) * (poly((x1*(x2)^-1)^-1) ** -1)) * ((x1 ** -1) ** 0.666667))
[DBG-candfit] reuse keys: ['leaf1']
[DBG-candfit] leafval var#None med=6.4717e-01 min=1.370e-02 max=4.291e+01
[DBG-candfit] leafval poly#None med=1.4424e+00 min=1.403e+00 max=1.479e+00
[DBG-candfit] leafval var#None med=1.6337e+01 min=1.259e+00 max=2.051e+02
[DBG-candfit] model_out med=1.0109e-01
[DBG-candfit] target   med=1.0100e-01
[DBG-candfit] leaf[0] AutogradAdaptor/VarLeaf deg=(None,None) cnum=None cden=None scale=None
[DBG-candfit] leaf[1] AutogradAdaptor/PolyLeaf deg=(None,None) cnum=None cden=None scale=None
[DBG-candfit] leaf[2] AutogradAdaptor/VarLeaf deg=(None,None) cnum=None cden=None scale=None
[Stage B] Post-custom-init validation (attempt 0), batch 0, finite: 2000/2000, min: 5.394e-03, max: 2.031e+00, mean: 1.874e-01
[Stage B] Post-custom-init validation (attempt 0), batch 1, finite: 2000/2000, min: 5.277e-03, max: 1.736e+00, mean: 1.980e-01
[Stage B] Post-custom-init validation (attempt 0), batch 2, finite: 2000/2000, min: 7.465e-03, max: 1.376e+00, mean: 1.732e-01
[Stage B] Prediction scale check (attempt 0): pred_median=9.825e-02, true_median=9.826e-02, ratio=9.999e-01
[DBG-candfit] analytic-init: starting
[DBG-candfit] analytic-init: done
[Stage B] Lifted prefit enabled: link=recip, base_link=identity, prefit_epochs=200
[info] dataloader for provider ASTCompositeAdaptor yields 3 batches (equivalent to a single batch up to floating-point roundoff; minor Python-loop overhead per batch).
epochs_min=50 does not align with iter_check=100; the validation-based check will run at the next fresh validation epoch (100).
[nestynet.optimizer] [LM] **** Too many rejects at lam_max; halting. self.lam_max=1000000000000.0 lam_new=1000000000000.0, iteration 70
Stopping at epoch 71/200, lm_opt.state['halt']=True, loss=2.1720e-05, loss_val=4.0614e-05
[info] dataloader for provider ASTCompositeAdaptor yields 3 batches (equivalent to a single batch up to floating-point roundoff; minor Python-loop overhead per batch).
epochs_min=50 does not align with iter_check=100; the validation-based check will run at the next fresh validation epoch (100).
Stopping at epoch 1/200, lm_opt.state['halt']=True, loss=2.0846e-09, loss_val=3.4942e-09
[Stage B]    Candidate (inv_poly[z_inv]): params=3, val-loss=3.4942e-09
[Stage B]    Reject (inv_poly[z_inv]): simpler-over-budget(thr=2.874e-12) | loss 6.703e-15->3.494e-09 (Δ+3.49e-09) | params 384->3 | cx (0, 0, 0)->(0, 0, 0)
[Stage B]  Trying 1D compound macro shared-prefactor+residual macro on NN leaf vars [1, 2], pref=1/arg0, macro=inv_sin_half4(arg0), screen_r2=1.000, ok_frac=1.000 [coord=1/z]
[DBG-candfit] analytic-init: starting
[DBG-candfit] analytic-init: done
[info] dataloader for provider ASTCompositeAdaptor yields 3 batches (equivalent to a single batch up to floating-point roundoff; minor Python-loop overhead per batch).
[nestynet.optimizer] [LM] **** Too many rejects at lam_max; halting. self.lam_max=1000000000000.0 lam_new=1000000000000.0, iteration 68
Stopping at epoch 69/2000, lm_opt.state['halt']=True, loss=3.7799e-07, loss_val=6.3124e-07
[Stage B]    Candidate (cf_sharedpref_resid[z_inv]): params=3, val-loss=6.3124e-07
[Stage B]    Reject (cf_sharedpref_resid[z_inv]): simpler-over-budget(thr=2.874e-12) | loss 6.703e-15->6.312e-07 (Δ+6.31e-07) | params 384->3 | cx (0, 0, 0)->(0, 0, 0)
[Stage B]  Trying affine trig (c + A*sin) on NN leaf vars (1, 2), omega≈25.209, amp≈0.012, offset≈0.691
[DBG-candfit] analytic-init: starting
[Stage B] Initialising SinLinearLeaf for vars (1, 2), tag=leaf1
[DBG-candfit] analytic-init: done
[DBG-candfit] root: (((x0 ** 0.333333) * (scale()#leaf1_c + sin_linear(x1*(x2)^-1)#leaf1)) * ((x1 ** -1) ** 0.666667))
[DBG-candfit] reuse keys: ['leaf1']
[DBG-candfit] leafval var#None med=6.4717e-01 min=1.370e-02 max=4.291e+01
[DBG-candfit] leafval scale#leaf1_c med=6.9146e-01 min=6.915e-01 max=6.915e-01
[DBG-candfit] leafval sin_linear#leaf1 med=7.6097e-03 min=-1.158e-02 max=1.158e-02
[DBG-candfit] leafval var#None med=1.6337e+01 min=1.259e+00 max=2.051e+02
[DBG-candfit] model_out med=9.9678e-02
[DBG-candfit] target   med=1.0100e-01
[DBG-candfit] leaf[0] AutogradAdaptor/VarLeaf deg=(None,None) cnum=None cden=None scale=None
[DBG-candfit] leaf[1] AutogradAdaptor/FreeConstLeaf deg=(None,None) cnum=None cden=None scale=[0.6914550564546427]
[DBG-candfit] leaf[2] AutogradAdaptor/SinLinearLeaf deg=(None,None) cnum=None cden=None scale=None
[DBG-candfit] leaf[3] AutogradAdaptor/VarLeaf deg=(None,None) cnum=None cden=None scale=None
[Stage B] Post-custom-init validation (attempt 0), batch 0, finite: 2000/2000, min: 5.574e-03, max: 2.094e+00, mean: 1.868e-01
[Stage B] Post-custom-init validation (attempt 0), batch 1, finite: 2000/2000, min: 5.256e-03, max: 1.798e+00, mean: 1.972e-01
[Stage B] Post-custom-init validation (attempt 0), batch 2, finite: 2000/2000, min: 6.842e-03, max: 1.402e+00, mean: 1.636e-01
[Stage B] Prediction scale check (attempt 0): pred_median=9.620e-02, true_median=9.826e-02, ratio=9.791e-01
[info] dataloader for provider ASTCompositeAdaptor yields 3 batches (equivalent to a single batch up to floating-point roundoff; minor Python-loop overhead per batch).
[LM][bucket] solving P=4 (trivially separable union)
[nestynet.optimizer] [LM] **** Too many rejects at lam_max; halting. self.lam_max=1000000000000.0 lam_new=1000000000000.0, iteration 82
Stopping at epoch 83/2000, lm_opt.state['halt']=True, loss=7.3890e-05, loss_val=1.4203e-04
[Stage B]    Candidate (affine_trig): params=4, val-loss=1.4203e-04
[Stage B]    Reject (affine_trig): simpler-over-budget(thr=2.636e-12) | loss 6.703e-15->1.420e-04 (Δ+1.42e-04) | params 384->4 | cx (0, 0, 0)->(0, 0, 0)
[Stage B]  Trying affine trig (c + A*sin) on NN leaf vars (1, 2), omega≈25.966, amp≈0.012, offset≈0.693 [coord=1/z]
[DBG-candfit] analytic-init: starting
[Stage B] Initialising SinLinearLeaf for vars (1, 2), tag=leaf1
[DBG-candfit] analytic-init: done
[DBG-candfit] root: (((x0 ** 0.333333) * (scale()#leaf1_c + sin_linear((x1*(x2)^-1)^-1)#leaf1)) * ((x1 ** -1) ** 0.666667))
[DBG-candfit] reuse keys: ['leaf1']
[DBG-candfit] leafval var#None med=6.4717e-01 min=1.370e-02 max=4.291e+01
[DBG-candfit] leafval scale#leaf1_c med=6.9295e-01 min=6.929e-01 max=6.929e-01
[DBG-candfit] leafval sin_linear#leaf1 med=8.5265e-03 min=-1.178e-02 max=1.178e-02
[DBG-candfit] leafval var#None med=1.6337e+01 min=1.259e+00 max=2.051e+02
[DBG-candfit] model_out med=9.9351e-02
[DBG-candfit] target   med=1.0100e-01
[DBG-candfit] leaf[0] AutogradAdaptor/VarLeaf deg=(None,None) cnum=None cden=None scale=None
[DBG-candfit] leaf[1] AutogradAdaptor/FreeConstLeaf deg=(None,None) cnum=None cden=None scale=[0.6929450990506212]
[DBG-candfit] leaf[2] AutogradAdaptor/SinLinearLeaf deg=(None,None) cnum=None cden=None scale=None
[DBG-candfit] leaf[3] AutogradAdaptor/VarLeaf deg=(None,None) cnum=None cden=None scale=None
[Stage B] Post-custom-init validation (attempt 0), batch 0, finite: 2000/2000, min: 5.483e-03, max: 2.068e+00, mean: 1.872e-01
[Stage B] Post-custom-init validation (attempt 0), batch 1, finite: 2000/2000, min: 5.401e-03, max: 1.755e+00, mean: 1.980e-01
[Stage B] Post-custom-init validation (attempt 0), batch 2, finite: 2000/2000, min: 6.903e-03, max: 1.368e+00, mean: 1.639e-01
[Stage B] Prediction scale check (attempt 0): pred_median=9.632e-02, true_median=9.826e-02, ratio=9.803e-01
[info] dataloader for provider ASTCompositeAdaptor yields 3 batches (equivalent to a single batch up to floating-point roundoff; minor Python-loop overhead per batch).
[nestynet.optimizer] [LM] **** Too many rejects at lam_max; halting. self.lam_max=1000000000000.0 lam_new=1000000000000.0, iteration 58
Stopping at epoch 59/2000, lm_opt.state['halt']=True, loss=7.0900e-05, loss_val=1.6097e-04
[Stage B]    Candidate (affine_trig[z_inv]): params=4, val-loss=1.6097e-04
[Stage B]    Reject (affine_trig[z_inv]): simpler-over-budget(thr=2.636e-12) | loss 6.703e-15->1.610e-04 (Δ+1.61e-04) | params 384->4 | cx (0, 0, 0)->(0, 0, 0)
[Stage B]  Leaf-transform 'recip' poly(deg=3): rms≈0.000
[DBG-candfit] analytic-init: starting
[DBG-candfit] analytic-init: done
[DBG-candfit] root: (((x0 ** 0.333333) * (poly(x1*(x2)^-1)#leaf1_leaftr_recip_poly3 ** -1)) * ((x1 ** -1) ** 0.666667))
[DBG-candfit] reuse keys: ['leaf1']
[DBG-candfit] leafval var#None med=6.4717e-01 min=1.370e-02 max=4.291e+01
[DBG-candfit] leafval poly#leaf1_leaftr_recip_poly3 med=1.4423e+00 min=1.403e+00 max=1.480e+00
[DBG-candfit] leafval var#None med=1.6337e+01 min=1.259e+00 max=2.051e+02
[DBG-candfit] model_out med=1.0106e-01
[DBG-candfit] target   med=1.0100e-01
[DBG-candfit] leaf[0] AutogradAdaptor/VarLeaf deg=(None,None) cnum=None cden=None scale=None
[DBG-candfit] leaf[1] AutogradAdaptor/PolyLeaf deg=(None,None) cnum=None cden=None scale=None
[DBG-candfit] leaf[2] AutogradAdaptor/VarLeaf deg=(None,None) cnum=None cden=None scale=None
[Stage B] Post-custom-init validation (attempt 0), batch 0, finite: 2000/2000, min: 5.394e-03, max: 2.031e+00, mean: 1.873e-01
[Stage B] Post-custom-init validation (attempt 0), batch 1, finite: 2000/2000, min: 5.278e-03, max: 1.735e+00, mean: 1.980e-01
[Stage B] Post-custom-init validation (attempt 0), batch 2, finite: 2000/2000, min: 7.465e-03, max: 1.376e+00, mean: 1.732e-01
[Stage B] Prediction scale check (attempt 0): pred_median=9.827e-02, true_median=9.826e-02, ratio=1.000e+00
[info] dataloader for provider ASTCompositeAdaptor yields 3 batches (equivalent to a single batch up to floating-point roundoff; minor Python-loop overhead per batch).
Stopping at epoch 1/2000, lm_opt.state['halt']=True, loss=3.2585e-09, loss_val=6.3416e-09
[Stage B]    Candidate (leaftr_recip_poly3): params=4, val-loss=6.3416e-09
[Stage B]    Reject (leaftr_recip_poly3): simpler-over-budget(thr=2.636e-12) | loss 6.703e-15->6.342e-09 (Δ+6.34e-09) | params 384->4 | cx (0, 0, 0)->(0, 0, 0)
[Stage B]  Leaf-transform 'recip' poly(deg=3): rms≈0.000 [coord=1/z]
[DBG-candfit] analytic-init: starting
[DBG-candfit] analytic-init: done
[DBG-candfit] root: (((x0 ** 0.333333) * (poly((x1*(x2)^-1)^-1)#leaf1_leaftr_recip_poly3 ** -1)) * ((x1 ** -1) ** 0.666667))
[DBG-candfit] reuse keys: ['leaf1']
[DBG-candfit] leafval var#None med=6.4717e-01 min=1.370e-02 max=4.291e+01
[DBG-candfit] leafval poly#leaf1_leaftr_recip_poly3 med=1.4422e+00 min=1.403e+00 max=1.480e+00
[DBG-candfit] leafval var#None med=1.6337e+01 min=1.259e+00 max=2.051e+02
[DBG-candfit] model_out med=1.0107e-01
[DBG-candfit] target   med=1.0100e-01
[DBG-candfit] leaf[0] AutogradAdaptor/VarLeaf deg=(None,None) cnum=None cden=None scale=None
[DBG-candfit] leaf[1] AutogradAdaptor/PolyLeaf deg=(None,None) cnum=None cden=None scale=None
[DBG-candfit] leaf[2] AutogradAdaptor/VarLeaf deg=(None,None) cnum=None cden=None scale=None
[Stage B] Post-custom-init validation (attempt 0), batch 0, finite: 2000/2000, min: 5.393e-03, max: 2.031e+00, mean: 1.874e-01
[Stage B] Post-custom-init validation (attempt 0), batch 1, finite: 2000/2000, min: 5.277e-03, max: 1.736e+00, mean: 1.980e-01
[Stage B] Post-custom-init validation (attempt 0), batch 2, finite: 2000/2000, min: 7.463e-03, max: 1.375e+00, mean: 1.732e-01
[Stage B] Prediction scale check (attempt 0): pred_median=9.826e-02, true_median=9.826e-02, ratio=1.000e+00
[info] dataloader for provider ASTCompositeAdaptor yields 3 batches (equivalent to a single batch up to floating-point roundoff; minor Python-loop overhead per batch).
Stopping at epoch 1/2000, lm_opt.state['halt']=True, loss=1.6937e-11, loss_val=3.0375e-11
[Stage B]    Candidate (leaftr_recip_poly3[z_inv]): params=4, val-loss=3.0375e-11
[Stage B]    Reject (leaftr_recip_poly3[z_inv]): simpler-over-budget(thr=2.636e-12) | loss 6.703e-15->3.038e-11 (Δ+3.04e-11) | params 384->4 | cx (0, 0, 0)->(0, 0, 0)
[Stage B]  Leaf-transform 'log' poly(deg=3): rms≈0.000
[DBG-candfit] analytic-init: starting
[DBG-candfit] analytic-init: done
[DBG-candfit] root: (((x0 ** 0.333333) * exp(poly(x1*(x2)^-1)#leaf1_leaftr_log_poly3)) * ((x1 ** -1) ** 0.666667))
[DBG-candfit] reuse keys: ['leaf1']
[DBG-candfit] leafval var#None med=6.4717e-01 min=1.370e-02 max=4.291e+01
[DBG-candfit] leafval poly#leaf1_leaftr_log_poly3 med=3.6622e-01 min=-3.923e-01 max=-3.385e-01
[DBG-candfit] leafval var#None med=1.6337e+01 min=1.259e+00 max=2.051e+02
[DBG-candfit] model_out med=1.0105e-01
[DBG-candfit] target   med=1.0100e-01
[DBG-candfit] leaf[0] AutogradAdaptor/VarLeaf deg=(None,None) cnum=None cden=None scale=None
[DBG-candfit] leaf[1] AutogradAdaptor/PolyLeaf deg=(None,None) cnum=None cden=None scale=None
[DBG-candfit] leaf[2] AutogradAdaptor/VarLeaf deg=(None,None) cnum=None cden=None scale=None
[Stage B] Post-custom-init validation (attempt 0), batch 0, finite: 2000/2000, min: 5.394e-03, max: 2.031e+00, mean: 1.873e-01
[Stage B] Post-custom-init validation (attempt 0), batch 1, finite: 2000/2000, min: 5.278e-03, max: 1.735e+00, mean: 1.980e-01
[Stage B] Post-custom-init validation (attempt 0), batch 2, finite: 2000/2000, min: 7.466e-03, max: 1.376e+00, mean: 1.732e-01
[Stage B] Prediction scale check (attempt 0): pred_median=9.827e-02, true_median=9.826e-02, ratio=1.000e+00
[info] dataloader for provider ASTCompositeAdaptor yields 3 batches (equivalent to a single batch up to floating-point roundoff; minor Python-loop overhead per batch).
Stopping at epoch 1/2000, lm_opt.state['halt']=True, loss=5.2869e-09, loss_val=9.8488e-09
[Stage B]    Candidate (leaftr_log_poly3): params=4, val-loss=9.8488e-09
[Stage B]    Reject (leaftr_log_poly3): simpler-over-budget(thr=2.636e-12) | loss 6.703e-15->9.849e-09 (Δ+9.85e-09) | params 384->4 | cx (0, 0, 0)->(0, 0, 0)
[Stage B]  Leaf-transform 'log' poly(deg=3): rms≈0.000 [coord=1/z]
[DBG-candfit] analytic-init: starting
[DBG-candfit] analytic-init: done
[DBG-candfit] root: (((x0 ** 0.333333) * exp(poly((x1*(x2)^-1)^-1)#leaf1_leaftr_log_poly3)) * ((x1 ** -1) ** 0.666667))
[DBG-candfit] reuse keys: ['leaf1']
[DBG-candfit] leafval var#None med=6.4717e-01 min=1.370e-02 max=4.291e+01
[DBG-candfit] leafval poly#leaf1_leaftr_log_poly3 med=3.6616e-01 min=-3.918e-01 max=-3.386e-01
[DBG-candfit] leafval var#None med=1.6337e+01 min=1.259e+00 max=2.051e+02
[DBG-candfit] model_out med=1.0107e-01
[DBG-candfit] target   med=1.0100e-01
[DBG-candfit] leaf[0] AutogradAdaptor/VarLeaf deg=(None,None) cnum=None cden=None scale=None
[DBG-candfit] leaf[1] AutogradAdaptor/PolyLeaf deg=(None,None) cnum=None cden=None scale=None
[DBG-candfit] leaf[2] AutogradAdaptor/VarLeaf deg=(None,None) cnum=None cden=None scale=None
[Stage B] Post-custom-init validation (attempt 0), batch 0, finite: 2000/2000, min: 5.393e-03, max: 2.031e+00, mean: 1.874e-01
[Stage B] Post-custom-init validation (attempt 0), batch 1, finite: 2000/2000, min: 5.277e-03, max: 1.736e+00, mean: 1.980e-01
[Stage B] Post-custom-init validation (attempt 0), batch 2, finite: 2000/2000, min: 7.463e-03, max: 1.375e+00, mean: 1.732e-01
[Stage B] Prediction scale check (attempt 0): pred_median=9.826e-02, true_median=9.826e-02, ratio=1.000e+00
[info] dataloader for provider ASTCompositeAdaptor yields 3 batches (equivalent to a single batch up to floating-point roundoff; minor Python-loop overhead per batch).
Stopping at epoch 1/2000, lm_opt.state['halt']=True, loss=5.3515e-11, loss_val=9.0074e-11
[Stage B]    Candidate (leaftr_log_poly3[z_inv]): params=4, val-loss=9.0074e-11
[Stage B]    Reject (leaftr_log_poly3[z_inv]): simpler-over-budget(thr=2.636e-12) | loss 6.703e-15->9.007e-11 (Δ+9.01e-11) | params 384->4 | cx (0, 0, 0)->(0, 0, 0)
[Stage B]  Leaf-transform 'sqrt' poly(deg=3): rms≈0.000
[DBG-candfit] analytic-init: starting
[DBG-candfit] analytic-init: done
[DBG-candfit] root: (((x0 ** 0.333333) * (poly(x1*(x2)^-1)#leaf1_leaftr_sqrt_poly3 ** 2)) * ((x1 ** -1) ** 0.666667))
[DBG-candfit] reuse keys: ['leaf1']
[DBG-candfit] leafval var#None med=6.4717e-01 min=1.370e-02 max=4.291e+01
[DBG-candfit] leafval poly#leaf1_leaftr_sqrt_poly3 med=8.3266e-01 min=8.219e-01 max=8.443e-01
[DBG-candfit] leafval var#None med=1.6337e+01 min=1.259e+00 max=2.051e+02
[DBG-candfit] model_out med=1.0105e-01
[DBG-candfit] target   med=1.0100e-01
[DBG-candfit] leaf[0] AutogradAdaptor/VarLeaf deg=(None,None) cnum=None cden=None scale=None
[DBG-candfit] leaf[1] AutogradAdaptor/PolyLeaf deg=(None,None) cnum=None cden=None scale=None
[DBG-candfit] leaf[2] AutogradAdaptor/VarLeaf deg=(None,None) cnum=None cden=None scale=None
[Stage B] Post-custom-init validation (attempt 0), batch 0, finite: 2000/2000, min: 5.394e-03, max: 2.031e+00, mean: 1.873e-01
[Stage B] Post-custom-init validation (attempt 0), batch 1, finite: 2000/2000, min: 5.278e-03, max: 1.735e+00, mean: 1.980e-01
[Stage B] Post-custom-init validation (attempt 0), batch 2, finite: 2000/2000, min: 7.466e-03, max: 1.376e+00, mean: 1.732e-01
[Stage B] Prediction scale check (attempt 0): pred_median=9.827e-02, true_median=9.826e-02, ratio=1.000e+00
[info] dataloader for provider ASTCompositeAdaptor yields 3 batches (equivalent to a single batch up to floating-point roundoff; minor Python-loop overhead per batch).
Stopping at epoch 1/2000, lm_opt.state['halt']=True, loss=6.5790e-09, loss_val=1.1964e-08
[Stage B]    Candidate (leaftr_sqrt_poly3): params=4, val-loss=1.1964e-08
[Stage B]    Reject (leaftr_sqrt_poly3): simpler-over-budget(thr=2.636e-12) | loss 6.703e-15->1.196e-08 (Δ+1.20e-08) | params 384->4 | cx (0, 0, 0)->(0, 0, 0)
[Stage B]  Leaf-transform 'sqrt' poly(deg=3): rms≈0.000 [coord=1/z]
[DBG-candfit] analytic-init: starting
[DBG-candfit] analytic-init: done
[DBG-candfit] root: (((x0 ** 0.333333) * (poly((x1*(x2)^-1)^-1)#leaf1_leaftr_sqrt_poly3 ** 2)) * ((x1 ** -1) ** 0.666667))
[DBG-candfit] reuse keys: ['leaf1']
[DBG-candfit] leafval var#None med=6.4717e-01 min=1.370e-02 max=4.291e+01
[DBG-candfit] leafval poly#leaf1_leaftr_sqrt_poly3 med=8.3269e-01 min=8.221e-01 max=8.443e-01
[DBG-candfit] leafval var#None med=1.6337e+01 min=1.259e+00 max=2.051e+02
[DBG-candfit] model_out med=1.0107e-01
[DBG-candfit] target   med=1.0100e-01
[DBG-candfit] leaf[0] AutogradAdaptor/VarLeaf deg=(None,None) cnum=None cden=None scale=None
[DBG-candfit] leaf[1] AutogradAdaptor/PolyLeaf deg=(None,None) cnum=None cden=None scale=None
[DBG-candfit] leaf[2] AutogradAdaptor/VarLeaf deg=(None,None) cnum=None cden=None scale=None
[Stage B] Post-custom-init validation (attempt 0), batch 0, finite: 2000/2000, min: 5.393e-03, max: 2.031e+00, mean: 1.874e-01
[Stage B] Post-custom-init validation (attempt 0), batch 1, finite: 2000/2000, min: 5.277e-03, max: 1.736e+00, mean: 1.980e-01
[Stage B] Post-custom-init validation (attempt 0), batch 2, finite: 2000/2000, min: 7.463e-03, max: 1.375e+00, mean: 1.732e-01
[Stage B] Prediction scale check (attempt 0): pred_median=9.826e-02, true_median=9.826e-02, ratio=1.000e+00
[info] dataloader for provider ASTCompositeAdaptor yields 3 batches (equivalent to a single batch up to floating-point roundoff; minor Python-loop overhead per batch).
Stopping at epoch 1/2000, lm_opt.state['halt']=True, loss=8.5293e-11, loss_val=1.3879e-10
[Stage B]    Candidate (leaftr_sqrt_poly3[z_inv]): params=4, val-loss=1.3879e-10
[Stage B]    Reject (leaftr_sqrt_poly3[z_inv]): simpler-over-budget(thr=2.636e-12) | loss 6.703e-15->1.388e-10 (Δ+1.39e-10) | params 384->4 | cx (0, 0, 0)->(0, 0, 0)
[Stage B]  Trying 1D power*exp-poly rewrite on NN leaf vars (1, 2)
[Stage B custom_init 1D] Power*exp-poly init on (x1 * (x2)**-1): A=6.952e-01, p=-0.272
[DBG-candfit] root: ((((x0 ** 0.333333) * power(x1*(x2)^-1)) * exp_poly(x1*(x2)^-1)) * ((x1 ** -1) ** 0.666667))
[DBG-candfit] reuse keys: ['leaf1']
[DBG-candfit] leafval var#None med=6.4717e-01 min=1.370e-02 max=4.291e+01
[DBG-candfit] leafval power#None med=6.9521e-01 min=6.698e-01 max=7.157e-01
[DBG-candfit] leafval exp_poly#None med=1.0120e+00 min=1.009e+00 max=1.017e+00
[DBG-candfit] leafval var#None med=1.6337e+01 min=1.259e+00 max=2.051e+02
[DBG-candfit] model_out med=1.0196e-01
[DBG-candfit] target   med=1.0100e-01
[DBG-candfit] leaf[0] AutogradAdaptor/VarLeaf deg=(None,None) cnum=None cden=None scale=None
[DBG-candfit] leaf[1] AutogradAdaptor/PowerLeaf deg=(None,None) cnum=None cden=None scale=None
[DBG-candfit] leaf[2] AutogradAdaptor/ExpPolyLeaf deg=(None,None) cnum=None cden=None scale=None
[DBG-candfit] leaf[3] AutogradAdaptor/VarLeaf deg=(None,None) cnum=None cden=None scale=None
[Stage B] Post-custom-init validation (attempt 0), batch 0, finite: 2000/2000, min: 5.449e-03, max: 2.053e+00, mean: 1.898e-01
[Stage B] Post-custom-init validation (attempt 0), batch 1, finite: 2000/2000, min: 5.350e-03, max: 1.750e+00, mean: 2.006e-01
[Stage B] Post-custom-init validation (attempt 0), batch 2, finite: 2000/2000, min: 7.453e-03, max: 1.381e+00, mean: 1.737e-01
[Stage B] Prediction scale check (attempt 0): pred_median=9.910e-02, true_median=9.826e-02, ratio=1.009e+00
[DBG-candfit] analytic-init: starting
[DBG-candfit] analytic-init: done
[info] dataloader for provider ASTCompositeAdaptor yields 3 batches (equivalent to a single batch up to floating-point roundoff; minor Python-loop overhead per batch).
[LM][bucket] solving P=5 (trivially separable union)
[nestynet.optimizer] [LM] **** Too many rejects at lam_max; halting. self.lam_max=1000000000000.0 lam_new=1000000000000.0, iteration 403
Stopping at epoch 404/2000, lm_opt.state['halt']=True, loss=1.8165e-09, loss_val=2.8364e-09
[Stage B]    Candidate (1d_powexp): params=5, val-loss=2.8364e-09
[Stage B]    Reject (1d_powexp): simpler-over-budget(thr=2.465e-12) | loss 6.703e-15->2.836e-09 (Δ+2.84e-09) | params 384->5 | cx (0, 0, 0)->(0, 0, 0)
[Stage B]  Trying 1D power*exp-poly rewrite on NN leaf vars (1, 2) [coord=1/z]
[Stage B custom_init 1D] Power*exp-poly init on (x2 / x1): A=6.952e-01, p=0.272
[DBG-candfit] root: ((((x0 ** 0.333333) * power((x1*(x2)^-1)^-1)) * exp_poly((x1*(x2)^-1)^-1)) * ((x1 ** -1) ** 0.666667))
[DBG-candfit] reuse keys: ['leaf1']
[DBG-candfit] leafval var#None med=6.4717e-01 min=1.370e-02 max=4.291e+01
[DBG-candfit] leafval power#None med=6.9521e-01 min=6.698e-01 max=7.157e-01
[DBG-candfit] leafval exp_poly#None med=1.0132e+00 min=1.013e+00 max=1.014e+00
[DBG-candfit] leafval var#None med=1.6337e+01 min=1.259e+00 max=2.051e+02
[DBG-candfit] model_out med=1.0166e-01
[DBG-candfit] target   med=1.0100e-01
[DBG-candfit] leaf[0] AutogradAdaptor/VarLeaf deg=(None,None) cnum=None cden=None scale=None
[DBG-candfit] leaf[1] AutogradAdaptor/PowerLeaf deg=(None,None) cnum=None cden=None scale=None
[DBG-candfit] leaf[2] AutogradAdaptor/ExpPolyLeaf deg=(None,None) cnum=None cden=None scale=None
[DBG-candfit] leaf[3] AutogradAdaptor/VarLeaf deg=(None,None) cnum=None cden=None scale=None
[Stage B] Post-custom-init validation (attempt 0), batch 0, finite: 2000/2000, min: 5.435e-03, max: 2.048e+00, mean: 1.900e-01
[Stage B] Post-custom-init validation (attempt 0), batch 1, finite: 2000/2000, min: 5.350e-03, max: 1.743e+00, mean: 2.008e-01
[Stage B] Post-custom-init validation (attempt 0), batch 2, finite: 2000/2000, min: 7.521e-03, max: 1.391e+00, mean: 1.750e-01
[Stage B] Prediction scale check (attempt 0): pred_median=9.945e-02, true_median=9.826e-02, ratio=1.012e+00
[DBG-candfit] analytic-init: starting
[DBG-candfit] analytic-init: done
[info] dataloader for provider ASTCompositeAdaptor yields 3 batches (equivalent to a single batch up to floating-point roundoff; minor Python-loop overhead per batch).
[nestynet.optimizer] [LM] **** Too many rejects at lam_max; halting. self.lam_max=1000000000000.0 lam_new=1000000000000.0, iteration 179
Stopping at epoch 180/2000, lm_opt.state['halt']=True, loss=1.6751e-10, loss_val=2.5138e-10
[Stage B]    Candidate (1d_powexp[z_inv]): params=5, val-loss=2.5138e-10
[Stage B]    Reject (1d_powexp[z_inv]): simpler-over-budget(thr=2.465e-12) | loss 6.703e-15->2.514e-10 (Δ+2.51e-10) | params 384->5 | cx (0, 0, 0)->(0, 0, 0)
[Stage B]  Trying 1D sqrt-ratpoly (sqrt) deg=(3,4)->(3,3) nnz=(2,3) on NN leaf vars (1, 2)
[DBG-candfit] analytic-init: starting
[DBG-candfit] analytic-init: done
[Stage B custom_init ratpoly_1d] Init on vars (1, 2): deg=(3,4)->(3,3), nnz=(2,3), rel_rms≈5.38e-05
[DBG-candfit] root: (((x0 ** 0.333333) * ((scale()#ratpoly1d_scale_leaf1_v1_2_sn3_sd4_n3_d3_mn0_md0 * rratpoly(x1*(x2)^-1)#leaf1) ** 0.5)) * ((x1 ** -1) ** 0.666667))
[DBG-candfit] reuse keys: []
[DBG-candfit] leafval var#None med=6.4717e-01 min=1.370e-02 max=4.291e+01
[DBG-candfit] leafval scale#ratpoly1d_scale_leaf1_v1_2_sn3_sd4_n3_d3_mn0_md0 med=2.7608e+01 min=2.761e+01 max=2.761e+01
[DBG-candfit] leafval rratpoly#leaf1 med=1.7414e-02 min=1.655e-02 max=1.840e-02
[DBG-candfit] leafval var#None med=1.6337e+01 min=1.259e+00 max=2.051e+02
[DBG-candfit] model_out med=1.0107e-01
[DBG-candfit] target   med=1.0100e-01
[DBG-candfit] leaf[0] AutogradAdaptor/VarLeaf deg=(None,None) cnum=None cden=None scale=None
[DBG-candfit] leaf[1] AutogradAdaptor/FreeConstLeaf deg=(None,None) cnum=None cden=None scale=[27.607513927123545]
[DBG-candfit] leaf[2] AutogradAdaptor/RRationalPolyLeaf deg=(3,3) cnum=[-0.08043733202315177] cden=[1.0, -17.852935311950056, 69.65967508276168] scale=None
[DBG-candfit] leaf[3] AutogradAdaptor/VarLeaf deg=(None,None) cnum=None cden=None scale=None
[Stage B] Post-custom-init validation (attempt 0), batch 0, finite: 2000/2000, min: 5.393e-03, max: 2.031e+00, mean: 1.874e-01
[Stage B] Post-custom-init validation (attempt 0), batch 1, finite: 2000/2000, min: 5.277e-03, max: 1.736e+00, mean: 1.980e-01
[Stage B] Post-custom-init validation (attempt 0), batch 2, finite: 2000/2000, min: 7.463e-03, max: 1.375e+00, mean: 1.732e-01
[Stage B] Prediction scale check (attempt 0): pred_median=9.826e-02, true_median=9.826e-02, ratio=1.000e+00
[Stage B] Lifted prefit enabled: link=square, base_link=identity, prefit_epochs=200
[info] dataloader for provider ASTCompositeAdaptor yields 3 batches (equivalent to a single batch up to floating-point roundoff; minor Python-loop overhead per batch).
epochs_min=50 does not align with iter_check=100; the validation-based check will run at the next fresh validation epoch (100).
Stopping at epoch 1/200, lm_opt.state['halt']=True, loss=4.5425e-13, loss_val=1.0502e-12
[info] dataloader for provider ASTCompositeAdaptor yields 3 batches (equivalent to a single batch up to floating-point roundoff; minor Python-loop overhead per batch).
epochs_min=50 does not align with iter_check=100; the validation-based check will run at the next fresh validation epoch (100).
Stopping at epoch 1/200, lm_opt.state['halt']=True, loss=2.0989e-13, loss_val=5.4565e-13
[Stage B]    Candidate (sqrt_ratpoly_1d): params=5, val-loss=5.4565e-13
[Stage B]    Reject (sqrt_ratpoly_1d): loss-below-floor-too-much-regression(ratio=8.140e+01, cap=6.703e-14) | loss 6.703e-15->5.456e-13 (Δ+5.39e-13) | params 384->5 | cx (0, 0, 0)->(0, 0, 0)
[Stage B]  Trying 1D sqrt-ratpoly (inv_sqrt) deg=(2,2)->(2,2) nnz=(2,3) on NN leaf vars (1, 2)
[DBG-candfit] analytic-init: starting
[DBG-candfit] analytic-init: done
[Stage B custom_init ratpoly_1d] Init on vars (1, 2): deg=(2,2)->(2,2), nnz=(2,3), rel_rms≈1.76e-04
[DBG-candfit] root: (((x0 ** 0.333333) * ((scale()#ratpoly1d_scale_leaf1_v1_2_sn2_sd2_n2_d2_mn0_md0 * rratpoly(x1*(x2)^-1)#leaf1) ** -0.5)) * ((x1 ** -1) ** 0.666667))
[DBG-candfit] reuse keys: []
[DBG-candfit] leafval var#None med=6.4717e-01 min=1.370e-02 max=4.291e+01
[DBG-candfit] leafval scale#ratpoly1d_scale_leaf1_v1_2_sn2_sd2_n2_d2_mn0_md0 med=4.5620e+01 min=4.562e+01 max=4.562e+01
[DBG-candfit] leafval rratpoly#leaf1 med=4.5593e-02 min=4.314e-02 max=4.799e-02
[DBG-candfit] leafval var#None med=1.6337e+01 min=1.259e+00 max=2.051e+02
[DBG-candfit] model_out med=1.0107e-01
[DBG-candfit] target   med=1.0100e-01
[DBG-candfit] leaf[0] AutogradAdaptor/VarLeaf deg=(None,None) cnum=None cden=None scale=None
[DBG-candfit] leaf[1] AutogradAdaptor/FreeConstLeaf deg=(None,None) cnum=None cden=None scale=[45.61950500758162]
[DBG-candfit] leaf[2] AutogradAdaptor/RRationalPolyLeaf deg=(2,2) cnum=[-0.46373728760774724] cden=[1.0, -6.945040111121058, 17.706117034175147] scale=None
[DBG-candfit] leaf[3] AutogradAdaptor/VarLeaf deg=(None,None) cnum=None cden=None scale=None
[Stage B] Post-custom-init validation (attempt 0), batch 0, finite: 2000/2000, min: 5.393e-03, max: 2.031e+00, mean: 1.874e-01
[Stage B] Post-custom-init validation (attempt 0), batch 1, finite: 2000/2000, min: 5.277e-03, max: 1.736e+00, mean: 1.980e-01
[Stage B] Post-custom-init validation (attempt 0), batch 2, finite: 2000/2000, min: 7.463e-03, max: 1.375e+00, mean: 1.732e-01
[Stage B] Prediction scale check (attempt 0): pred_median=9.826e-02, true_median=9.826e-02, ratio=1.000e+00
[Stage B] Lifted prefit enabled: link=inv_square, base_link=identity, prefit_epochs=200
[info] dataloader for provider ASTCompositeAdaptor yields 3 batches (equivalent to a single batch up to floating-point roundoff; minor Python-loop overhead per batch).
epochs_min=50 does not align with iter_check=100; the validation-based check will run at the next fresh validation epoch (100).
[nestynet.optimizer] [LM] **** Too many rejects at lam_max; halting. self.lam_max=1000000000000.0 lam_new=1000000000000.0, iteration 79
Stopping at epoch 80/200, lm_opt.state['halt']=True, loss=5.2409e-04, loss_val=8.8996e-04
[info] dataloader for provider ASTCompositeAdaptor yields 3 batches (equivalent to a single batch up to floating-point roundoff; minor Python-loop overhead per batch).
epochs_min=50 does not align with iter_check=100; the validation-based check will run at the next fresh validation epoch (100).
Stopping at epoch 1/200, lm_opt.state['halt']=True, loss=1.9737e-12, loss_val=3.6439e-12
[Stage B]    Candidate (sqrt_ratpoly_1d[6]): params=5, val-loss=3.6423e-12
[Stage B]    Reject (sqrt_ratpoly_1d[6]): simpler-over-budget(thr=2.465e-12) | loss 6.703e-15->3.642e-12 (Δ+3.64e-12) | params 384->5 | cx (0, 0, 0)->(0, 0, 0)
[Stage B]  Trying 1D cbrt-ratpoly (inv_cbrt) deg=(1,3)->(1,3) nnz=(2,3) on NN leaf vars (1, 2)
[DBG-candfit] analytic-init: starting
[DBG-candfit] analytic-init: done
[Stage B custom_init ratpoly_1d] Init on vars (1, 2): deg=(1,3)->(1,3), nnz=(2,3), rel_rms≈8.08e-04
[DBG-candfit] root: (((x0 ** 0.333333) * ((scale()#ratpoly1d_scale_leaf1_v1_2_sn1_sd3_n1_d3_mn0_md0 * rratpoly(x1*(x2)^-1)#leaf1) ** -0.333333)) * ((x1 ** -1) ** 0.666667))
[DBG-candfit] reuse keys: []
[DBG-candfit] leafval var#None med=6.4717e-01 min=1.370e-02 max=4.291e+01
[DBG-candfit] leafval scale#ratpoly1d_scale_leaf1_v1_2_sn1_sd3_n1_d3_mn0_md0 med=2.5543e+01 min=2.554e+01 max=2.554e+01
[DBG-candfit] leafval rratpoly#leaf1 med=1.1744e-01 min=1.081e-01 max=1.268e-01
[DBG-candfit] leafval var#None med=1.6337e+01 min=1.259e+00 max=2.051e+02
[DBG-candfit] model_out med=1.0107e-01
[DBG-candfit] target   med=1.0100e-01
[DBG-candfit] leaf[0] AutogradAdaptor/VarLeaf deg=(None,None) cnum=None cden=None scale=None
[DBG-candfit] leaf[1] AutogradAdaptor/FreeConstLeaf deg=(None,None) cnum=None cden=None scale=[25.5427549220985]
[DBG-candfit] leaf[2] AutogradAdaptor/RRationalPolyLeaf deg=(1,3) cnum=[-0.47789109413746855] cden=[1.0, 4.7800466606167475, -1.3347522152780642] scale=None
[DBG-candfit] leaf[3] AutogradAdaptor/VarLeaf deg=(None,None) cnum=None cden=None scale=None
[Stage B] Post-custom-init validation (attempt 0), batch 0, finite: 2000/2000, min: 5.393e-03, max: 2.031e+00, mean: 1.874e-01
[Stage B] Post-custom-init validation (attempt 0), batch 1, finite: 2000/2000, min: 5.277e-03, max: 1.736e+00, mean: 1.980e-01
[Stage B] Post-custom-init validation (attempt 0), batch 2, finite: 2000/2000, min: 7.463e-03, max: 1.375e+00, mean: 1.732e-01
[Stage B] Prediction scale check (attempt 0): pred_median=9.826e-02, true_median=9.826e-02, ratio=1.000e+00
[info] dataloader for provider ASTCompositeAdaptor yields 3 batches (equivalent to a single batch up to floating-point roundoff; minor Python-loop overhead per batch).
Stopping at epoch 1/2000, lm_opt.state['halt']=True, loss=6.6497e-11, loss_val=1.6312e-10
[Stage B]    Candidate (cbrt_ratpoly_1d[3]): params=5, val-loss=1.6312e-10
[Stage B]    Reject (cbrt_ratpoly_1d[3]): simpler-over-budget(thr=2.465e-12) | loss 6.703e-15->1.631e-10 (Δ+1.63e-10) | params 384->5 | cx (0, 0, 0)->(0, 0, 0)
[Stage B]  Trying 1D cbrt-ratpoly (inv_cbrt) deg=(2,3)->(2,2) nnz=(2,3) on NN leaf vars (1, 2)
[DBG-candfit] analytic-init: starting
[DBG-candfit] analytic-init: done
[Stage B custom_init ratpoly_1d] Init on vars (1, 2): deg=(2,3)->(2,2), nnz=(2,3), rel_rms≈1.14e-04
[DBG-candfit] root: (((x0 ** 0.333333) * ((scale()#ratpoly1d_scale_leaf1_v1_2_sn2_sd3_n2_d2_mn0_md0 * rratpoly(x1*(x2)^-1)#leaf1) ** -0.333333)) * ((x1 ** -1) ** 0.666667))
[DBG-candfit] reuse keys: []
[DBG-candfit] leafval var#None med=6.4717e-01 min=1.370e-02 max=4.291e+01
[DBG-candfit] leafval scale#ratpoly1d_scale_leaf1_v1_2_sn2_sd3_n2_d2_mn0_md0 med=4.4723e+01 min=4.472e+01 max=4.472e+01
[DBG-candfit] leafval rratpoly#leaf1 med=6.7073e-02 min=6.174e-02 max=7.243e-02
[DBG-candfit] leafval var#None med=1.6337e+01 min=1.259e+00 max=2.051e+02
[DBG-candfit] model_out med=1.0107e-01
[DBG-candfit] target   med=1.0100e-01
[DBG-candfit] leaf[0] AutogradAdaptor/VarLeaf deg=(None,None) cnum=None cden=None scale=None
[DBG-candfit] leaf[1] AutogradAdaptor/FreeConstLeaf deg=(None,None) cnum=None cden=None scale=[44.72299865800573]
[DBG-candfit] leaf[2] AutogradAdaptor/RRationalPolyLeaf deg=(2,2) cnum=[-0.4921361777535801] cden=[1.0, -4.290354555418663, 10.86141260165933] scale=None
[DBG-candfit] leaf[3] AutogradAdaptor/VarLeaf deg=(None,None) cnum=None cden=None scale=None
[Stage B] Post-custom-init validation (attempt 0), batch 0, finite: 2000/2000, min: 5.393e-03, max: 2.031e+00, mean: 1.874e-01
[Stage B] Post-custom-init validation (attempt 0), batch 1, finite: 2000/2000, min: 5.277e-03, max: 1.736e+00, mean: 1.980e-01
[Stage B] Post-custom-init validation (attempt 0), batch 2, finite: 2000/2000, min: 7.463e-03, max: 1.375e+00, mean: 1.732e-01
[Stage B] Prediction scale check (attempt 0): pred_median=9.826e-02, true_median=9.826e-02, ratio=1.000e+00
[info] dataloader for provider ASTCompositeAdaptor yields 3 batches (equivalent to a single batch up to floating-point roundoff; minor Python-loop overhead per batch).
Stopping at epoch 1/2000, lm_opt.state['halt']=True, loss=1.3691e-12, loss_val=3.6275e-12
[Stage B]    Candidate (cbrt_ratpoly_1d[4]): params=5, val-loss=3.6275e-12
[Stage B]    Reject (cbrt_ratpoly_1d[4]): simpler-over-budget(thr=2.465e-12) | loss 6.703e-15->3.628e-12 (Δ+3.62e-12) | params 384->5 | cx (0, 0, 0)->(0, 0, 0)
[Stage B]  Trying 1D cbrt-ratpoly (inv_cbrt) deg=(4,4)->(3,3) nnz=(2,3) on NN leaf vars (1, 2)
[DBG-candfit] analytic-init: starting
[DBG-candfit] analytic-init: done
[Stage B custom_init ratpoly_1d] Init on vars (1, 2): deg=(4,4)->(3,3), nnz=(2,3), rel_rms≈1.53e-04
[DBG-candfit] root: (((x0 ** 0.333333) * ((scale()#ratpoly1d_scale_leaf1_v1_2_sn4_sd4_n3_d3_mn0_md0 * rratpoly(x1*(x2)^-1)#leaf1) ** -0.333333)) * ((x1 ** -1) ** 0.666667))
[DBG-candfit] reuse keys: []
[DBG-candfit] leafval var#None med=6.4717e-01 min=1.370e-02 max=4.291e+01
[DBG-candfit] leafval scale#ratpoly1d_scale_leaf1_v1_2_sn4_sd4_n3_d3_mn0_md0 med=1.0218e+02 min=1.022e+02 max=1.022e+02
[DBG-candfit] leafval rratpoly#leaf1 med=2.9357e-02 min=2.702e-02 max=3.170e-02
[DBG-candfit] leafval var#None med=1.6337e+01 min=1.259e+00 max=2.051e+02
[DBG-candfit] model_out med=1.0107e-01
[DBG-candfit] target   med=1.0100e-01
[DBG-candfit] leaf[0] AutogradAdaptor/VarLeaf deg=(None,None) cnum=None cden=None scale=None
[DBG-candfit] leaf[1] AutogradAdaptor/FreeConstLeaf deg=(None,None) cnum=None cden=None scale=[102.17859118852142]
[DBG-candfit] leaf[2] AutogradAdaptor/RRationalPolyLeaf deg=(3,3) cnum=[-0.1194735083433917] cden=[1.0, 4.780539688601956, 24.20970709853207] scale=None
[DBG-candfit] leaf[3] AutogradAdaptor/VarLeaf deg=(None,None) cnum=None cden=None scale=None
[Stage B] Post-custom-init validation (attempt 0), batch 0, finite: 2000/2000, min: 5.393e-03, max: 2.031e+00, mean: 1.874e-01
[Stage B] Post-custom-init validation (attempt 0), batch 1, finite: 2000/2000, min: 5.277e-03, max: 1.736e+00, mean: 1.980e-01
[Stage B] Post-custom-init validation (attempt 0), batch 2, finite: 2000/2000, min: 7.463e-03, max: 1.375e+00, mean: 1.732e-01
[Stage B] Prediction scale check (attempt 0): pred_median=9.826e-02, true_median=9.826e-02, ratio=1.000e+00
[info] dataloader for provider ASTCompositeAdaptor yields 3 batches (equivalent to a single batch up to floating-point roundoff; minor Python-loop overhead per batch).
Stopping at epoch 1/2000, lm_opt.state['halt']=True, loss=2.5304e-12, loss_val=6.9075e-12
[Stage B]    Candidate (cbrt_ratpoly_1d[5]): params=5, val-loss=6.9075e-12
[Stage B]    Reject (cbrt_ratpoly_1d[5]): simpler-over-budget(thr=2.465e-12) | loss 6.703e-15->6.907e-12 (Δ+6.90e-12) | params 384->5 | cx (0, 0, 0)->(0, 0, 0)
[Stage B]  Trying 1D ratpoly deg=(3,1)->(3,0) nnz=(4,1) (scale*P_red(x)/Q(x)) rewrite on NN leaf vars (1, 2)
[Stage B custom_init ratpoly_1d] Init on vars (1, 2): deg=(3,1)->(3,0), nnz=(4,1), rel_rms≈9.74e-03
[DBG-candfit] root: (((scale()#ratpoly1d_scale_leaf1_v1_2_sn3_sd1_n3_d0_mn0_md0 * (x0 ** 0.333333)) * rratpoly(x1*(x2)^-1)#leaf1) * ((x1 ** -1) ** 0.666667))
[DBG-candfit] reuse keys: []
[DBG-candfit] leafval scale#ratpoly1d_scale_leaf1_v1_2_sn3_sd1_n3_d0_mn0_md0 med=9.0268e-01 min=-9.027e-01 max=-9.027e-01
[DBG-candfit] leafval var#None med=6.4717e-01 min=1.370e-02 max=4.291e+01
[DBG-candfit] leafval rratpoly#leaf1 med=7.6807e-01 min=-7.897e-01 max=-7.482e-01
[DBG-candfit] leafval var#None med=1.6337e+01 min=1.259e+00 max=2.051e+02
[DBG-candfit] model_out med=1.0105e-01
[DBG-candfit] target   med=1.0100e-01
[DBG-candfit] leaf[0] AutogradAdaptor/FreeConstLeaf deg=(None,None) cnum=None cden=None scale=[-0.9026779724600362]
[DBG-candfit] leaf[1] AutogradAdaptor/VarLeaf deg=(None,None) cnum=None cden=None scale=None
[DBG-candfit] leaf[2] AutogradAdaptor/RRationalPolyLeaf deg=(3,0) cnum=[-2.289386180640148, 3.876431212015614, -3.3551131505406313] cden=[1.0] scale=None
[DBG-candfit] leaf[3] AutogradAdaptor/VarLeaf deg=(None,None) cnum=None cden=None scale=None
[Stage B] Post-custom-init validation (attempt 0), batch 0, finite: 2000/2000, min: 5.394e-03, max: 2.031e+00, mean: 1.873e-01
[Stage B] Post-custom-init validation (attempt 0), batch 1, finite: 2000/2000, min: 5.278e-03, max: 1.735e+00, mean: 1.980e-01
[Stage B] Post-custom-init validation (attempt 0), batch 2, finite: 2000/2000, min: 7.467e-03, max: 1.376e+00, mean: 1.732e-01
[Stage B] Prediction scale check (attempt 0): pred_median=9.827e-02, true_median=9.826e-02, ratio=1.000e+00
[DBG-candfit] analytic-init: starting
[DBG-candfit] analytic-init: done
[info] dataloader for provider ASTCompositeAdaptor yields 3 batches (equivalent to a single batch up to floating-point roundoff; minor Python-loop overhead per batch).
Stopping at epoch 1/2000, lm_opt.state['halt']=True, loss=8.0863e-09, loss_val=1.4329e-08
[Stage B]    Candidate (ratpoly_1d): params=5, val-loss=1.4329e-08
[DBG-candfit] root: (((scale()#ratpoly1d_scale_leaf1_v1_2_sn3_sd1_n3_d0_mn0_md0 * (x0 ** 0.333333)) * rratpoly(x1*(x2)^-1)#leaf1) * ((x1 ** -1) ** 0.666667))
[DBG-candfit] reuse keys: []
[DBG-candfit] leafval scale#ratpoly1d_scale_leaf1_v1_2_sn3_sd1_n3_d0_mn0_md0 med=9.0268e-01 min=-9.027e-01 max=-9.027e-01
[DBG-candfit] leafval var#None med=6.4717e-01 min=1.370e-02 max=4.291e+01
[DBG-candfit] leafval rratpoly#leaf1 med=1.5213e+00 min=1.500e+00 max=1.541e+00
[DBG-candfit] leafval var#None med=1.6337e+01 min=1.259e+00 max=2.051e+02
[DBG-candfit] model_out med=1.9718e-01
[DBG-candfit] target   med=1.0100e-01
[DBG-candfit] leaf[0] AutogradAdaptor/FreeConstLeaf deg=(None,None) cnum=None cden=None scale=[-0.902677812255695]
[DBG-candfit] leaf[1] AutogradAdaptor/VarLeaf deg=(None,None) cnum=None cden=None scale=None
[DBG-candfit] leaf[2] AutogradAdaptor/RRationalPolyLeaf deg=(3,0) cnum=[3.876431348114989, -3.3551130516518906] cden=[1.00000014461293] scale=None
[DBG-candfit] leaf[3] AutogradAdaptor/VarLeaf deg=(None,None) cnum=None cden=None scale=None
[Stage B] Post-custom-init validation (attempt 0), batch 0, finite: 2000/2000, min: -4.134e+00, max: -1.100e-02, mean: -3.713e-01
[Stage B] Post-custom-init validation (attempt 0), batch 1, finite: 2000/2000, min: -3.569e+00, max: -1.056e-02, mean: -3.923e-01
[Stage B] Post-custom-init validation (attempt 0), batch 2, finite: 2000/2000, min: -2.780e+00, max: -1.313e-02, mean: -3.141e-01
[Stage B] Prediction scale check (attempt 0): pred_median=1.892e-01, true_median=9.826e-02, ratio=1.926e+00
[DBG-candfit] analytic-init: starting
[DBG-candfit] analytic-init: done
[info] dataloader for provider ASTCompositeAdaptor yields 3 batches (equivalent to a single batch up to floating-point roundoff; minor Python-loop overhead per batch).
[LM][bucket] solving P=4 (trivially separable union)
[nestynet.optimizer] [LM] **** Too many rejects at lam_max; halting. self.lam_max=1000000000000.0 lam_new=1000000000000.0, iteration 96
Stopping at epoch 97/2000, lm_opt.state['halt']=True, loss=1.2209e-06, loss_val=1.9311e-06
[DBG-candfit] root: (((scale()#ratpoly1d_scale_leaf1_v1_2_sn3_sd1_n3_d0_mn0_md0 * (x0 ** 0.333333)) * rratpoly(x1*(x2)^-1)#leaf1) * ((x1 ** -1) ** 0.666667))
[DBG-candfit] reuse keys: []
[DBG-candfit] leafval scale#ratpoly1d_scale_leaf1_v1_2_sn3_sd1_n3_d0_mn0_md0 med=9.0268e-01 min=-9.027e-01 max=-9.027e-01
[DBG-candfit] leafval var#None med=6.4717e-01 min=1.370e-02 max=4.291e+01
[DBG-candfit] leafval rratpoly#leaf1 med=4.6439e+00 min=-5.192e+00 max=-4.272e+00
[DBG-candfit] leafval var#None med=1.6337e+01 min=1.259e+00 max=2.051e+02
[DBG-candfit] model_out med=6.0466e-01
[DBG-candfit] target   med=1.0100e-01
[DBG-candfit] leaf[0] AutogradAdaptor/FreeConstLeaf deg=(None,None) cnum=None cden=None scale=[-0.902677812255695]
[DBG-candfit] leaf[1] AutogradAdaptor/VarLeaf deg=(None,None) cnum=None cden=None scale=None
[DBG-candfit] leaf[2] AutogradAdaptor/RRationalPolyLeaf deg=(3,0) cnum=[-2.289386010748942, -3.3551130516518906] cden=[1.00000014461293] scale=None
[DBG-candfit] leaf[3] AutogradAdaptor/VarLeaf deg=(None,None) cnum=None cden=None scale=None
[Stage B] Post-custom-init validation (attempt 0), batch 0, finite: 2000/2000, min: 3.605e-02, max: 1.349e+01, mean: 1.145e+00
[Stage B] Post-custom-init validation (attempt 0), batch 1, finite: 2000/2000, min: 3.298e-02, max: 1.199e+01, mean: 1.208e+00
[Stage B] Post-custom-init validation (attempt 0), batch 2, finite: 2000/2000, min: 3.483e-02, max: 9.316e+00, mean: 8.589e-01
[Stage B] Prediction scale check (attempt 0): pred_median=5.513e-01, true_median=9.826e-02, ratio=5.610e+00
[DBG-candfit] analytic-init: starting
[DBG-candfit] analytic-init: done
[info] dataloader for provider ASTCompositeAdaptor yields 3 batches (equivalent to a single batch up to floating-point roundoff; minor Python-loop overhead per batch).
Stopping at epoch 2001/2000, lm_opt.state['halt']=True, loss=6.8724e-06, loss_val=1.1271e-05
[DBG-candfit] root: (((scale()#ratpoly1d_scale_leaf1_v1_2_sn3_sd1_n3_d0_mn0_md0 * (x0 ** 0.333333)) * rratpoly(x1*(x2)^-1)#leaf1) * ((x1 ** -1) ** 0.666667))
[DBG-candfit] reuse keys: []
[DBG-candfit] leafval scale#ratpoly1d_scale_leaf1_v1_2_sn3_sd1_n3_d0_mn0_md0 med=9.0268e-01 min=-9.027e-01 max=-9.027e-01
[DBG-candfit] leafval var#None med=6.4717e-01 min=1.370e-02 max=4.291e+01
[DBG-candfit] leafval rratpoly#leaf1 med=2.5860e+00 min=1.919e+00 max=3.661e+00
[DBG-candfit] leafval var#None med=1.6337e+01 min=1.259e+00 max=2.051e+02
[DBG-candfit] model_out med=3.3467e-01
[DBG-candfit] target   med=1.0100e-01
[DBG-candfit] leaf[0] AutogradAdaptor/FreeConstLeaf deg=(None,None) cnum=None cden=None scale=[-0.902677812255695]
[DBG-candfit] leaf[1] AutogradAdaptor/VarLeaf deg=(None,None) cnum=None cden=None scale=None
[DBG-candfit] leaf[2] AutogradAdaptor/RRationalPolyLeaf deg=(3,0) cnum=[-2.289386010748942, 3.876431348114989] cden=[1.00000014461293] scale=None
[DBG-candfit] leaf[3] AutogradAdaptor/VarLeaf deg=(None,None) cnum=None cden=None scale=None
[Stage B] Post-custom-init validation (attempt 0), batch 0, finite: 2000/2000, min: -9.446e+00, max: -1.643e-02, mean: -6.557e-01
[Stage B] Post-custom-init validation (attempt 0), batch 1, finite: 2000/2000, min: -8.392e+00, max: -1.639e-02, mean: -6.900e-01
[Stage B] Post-custom-init validation (attempt 0), batch 2, finite: 2000/2000, min: -6.493e+00, max: -1.107e-02, mean: -3.226e-01
[Stage B] Prediction scale check (attempt 0): pred_median=2.692e-01, true_median=9.826e-02, ratio=2.740e+00
[DBG-candfit] analytic-init: starting
[DBG-candfit] analytic-init: done
[info] dataloader for provider ASTCompositeAdaptor yields 3 batches (equivalent to a single batch up to floating-point roundoff; minor Python-loop overhead per batch).
Stopping at epoch 1801/2000, lm_opt.state['halt']=True, loss=4.5574e-06, loss_val=7.1558e-06
[Stage B]    Reject (ratpoly_1d): simpler-over-budget(thr=2.465e-12) | loss 6.703e-15->1.433e-08 (Δ+1.43e-08) | params 384->5 | cx (0, 0, 0)->(0, 0, 0)
[Stage B]  Trying 1D ratpoly deg=(0,4)->(0,4) nnz=(1,4) (scale*P_red(x)/Q(x)) rewrite on NN leaf vars (1, 2)
[Stage B custom_init ratpoly_1d] Init on vars (1, 2): deg=(0,4)->(0,4), nnz=(1,4), rel_rms≈1.04e-02
[DBG-candfit] root: (((scale()#ratpoly1d_scale_leaf1_v1_2_sn0_sd4_n0_d4_mn0_md0 * (x0 ** 0.333333)) * rratpoly(x1*(x2)^-1)#leaf1) * ((x1 ** -1) ** 0.666667))
[DBG-candfit] reuse keys: []
[DBG-candfit] leafval scale#ratpoly1d_scale_leaf1_v1_2_sn0_sd4_n0_d4_mn0_md0 med=1.9220e+00 min=1.922e+00 max=1.922e+00
[DBG-candfit] leafval var#None med=6.4717e-01 min=1.370e-02 max=4.291e+01
[DBG-candfit] leafval rratpoly#leaf1 med=3.6070e-01 min=3.514e-01 max=3.709e-01
[DBG-candfit] leafval var#None med=1.6337e+01 min=1.259e+00 max=2.051e+02
[DBG-candfit] model_out med=1.0106e-01
[DBG-candfit] target   med=1.0100e-01
[DBG-candfit] leaf[0] AutogradAdaptor/FreeConstLeaf deg=(None,None) cnum=None cden=None scale=[1.9220322640805698]
[DBG-candfit] leaf[1] AutogradAdaptor/VarLeaf deg=(None,None) cnum=None cden=None scale=None
[DBG-candfit] leaf[2] AutogradAdaptor/RRationalPolyLeaf deg=(0,4) cnum=[] cden=[1.0, 7.6330232860913565, -8.779189468265004, 2.9185593224842976] scale=None
[DBG-candfit] leaf[3] AutogradAdaptor/VarLeaf deg=(None,None) cnum=None cden=None scale=None
[Stage B] Post-custom-init validation (attempt 0), batch 0, finite: 2000/2000, min: 5.394e-03, max: 2.031e+00, mean: 1.873e-01
[Stage B] Post-custom-init validation (attempt 0), batch 1, finite: 2000/2000, min: 5.278e-03, max: 1.735e+00, mean: 1.980e-01
[Stage B] Post-custom-init validation (attempt 0), batch 2, finite: 2000/2000, min: 7.467e-03, max: 1.376e+00, mean: 1.732e-01
[Stage B] Prediction scale check (attempt 0): pred_median=9.826e-02, true_median=9.826e-02, ratio=1.000e+00
[DBG-candfit] analytic-init: starting
[DBG-candfit] analytic-init: done
[info] dataloader for provider ASTCompositeAdaptor yields 3 batches (equivalent to a single batch up to floating-point roundoff; minor Python-loop overhead per batch).
[LM][bucket] solving P=5 (trivially separable union)
Stopping at epoch 1/2000, lm_opt.state['halt']=True, loss=9.2018e-09, loss_val=2.0042e-08
[Stage B]    Candidate (ratpoly_1d[1]): params=5, val-loss=2.0042e-08
[DBG-candfit] root: (((scale()#ratpoly1d_scale_leaf1_v1_2_sn0_sd4_n0_d4_mn0_md0 * (x0 ** 0.333333)) * rratpoly(x1*(x2)^-1)#leaf1) * ((x1 ** -1) ** 0.666667))
[DBG-candfit] reuse keys: []
[DBG-candfit] leafval scale#ratpoly1d_scale_leaf1_v1_2_sn0_sd4_n0_d4_mn0_md0 med=1.9220e+00 min=1.922e+00 max=1.922e+00
[DBG-candfit] leafval var#None med=6.4717e-01 min=1.370e-02 max=4.291e+01
[DBG-candfit] leafval rratpoly#leaf1 med=1.0000e+08 min=1.000e+08 max=1.000e+08
[DBG-candfit] leafval var#None med=1.6337e+01 min=1.259e+00 max=2.051e+02
[DBG-candfit] model_out med=2.7824e+07
[DBG-candfit] target   med=1.0100e-01
[DBG-candfit] leaf[0] AutogradAdaptor/FreeConstLeaf deg=(None,None) cnum=None cden=None scale=[1.9220317736811214]
[DBG-candfit] leaf[1] AutogradAdaptor/VarLeaf deg=(None,None) cnum=None cden=None scale=None
[DBG-candfit] leaf[2] AutogradAdaptor/RRationalPolyLeaf deg=(0,4) cnum=[] cden=[1.0000007234326795, -8.779189123176701, 2.9185595598817247] scale=None
[DBG-candfit] leaf[3] AutogradAdaptor/VarLeaf deg=(None,None) cnum=None cden=None scale=None
[Stage B] Post-custom-init validation (attempt 0), batch 0, finite: 2000/2000, min: 1.525e+06, max: 5.734e+08, mean: 5.196e+07
[Stage B] Post-custom-init validation (attempt 0), batch 1, finite: 2000/2000, min: 1.473e+06, max: 4.933e+08, mean: 5.490e+07
[Stage B] Post-custom-init validation (attempt 0), batch 2, finite: 2000/2000, min: 1.917e+06, max: 3.843e+08, mean: 4.532e+07
[Stage B] Prediction scale check (attempt 0): pred_median=2.672e+07, true_median=9.826e-02, ratio=2.720e+08
[Stage B] Warning: init scale_ratio extreme; rejecting candidate.
[DBG-candfit] root: (((scale()#ratpoly1d_scale_leaf1_v1_2_sn0_sd4_n0_d4_mn0_md0 * (x0 ** 0.333333)) * rratpoly(x1*(x2)^-1)#leaf1) * ((x1 ** -1) ** 0.666667))
[DBG-candfit] reuse keys: []
[DBG-candfit] leafval scale#ratpoly1d_scale_leaf1_v1_2_sn0_sd4_n0_d4_mn0_md0 med=1.9220e+00 min=1.922e+00 max=1.922e+00
[DBG-candfit] leafval var#None med=6.4717e-01 min=1.370e-02 max=4.291e+01
[DBG-candfit] leafval rratpoly#leaf1 med=8.6576e-02 min=6.222e-02 max=1.103e-01
[DBG-candfit] leafval var#None med=1.6337e+01 min=1.259e+00 max=2.051e+02
[DBG-candfit] model_out med=2.4217e-02
[DBG-candfit] target   med=1.0100e-01
[DBG-candfit] leaf[0] AutogradAdaptor/FreeConstLeaf deg=(None,None) cnum=None cden=None scale=[1.9220317736811214]
[DBG-candfit] leaf[1] AutogradAdaptor/VarLeaf deg=(None,None) cnum=None cden=None scale=None
[DBG-candfit] leaf[2] AutogradAdaptor/RRationalPolyLeaf deg=(0,4) cnum=[] cden=[1.0000007234326795, 7.633023747023561, 2.9185595598817247] scale=None
[DBG-candfit] leaf[3] AutogradAdaptor/VarLeaf deg=(None,None) cnum=None cden=None scale=None
[Stage B] Post-custom-init validation (attempt 0), batch 0, finite: 2000/2000, min: 1.037e-03, max: 4.154e-01, mean: 4.448e-02
[Stage B] Post-custom-init validation (attempt 0), batch 1, finite: 2000/2000, min: 1.036e-03, max: 4.253e-01, mean: 4.707e-02
[Stage B] Post-custom-init validation (attempt 0), batch 2, finite: 2000/2000, min: 1.614e-03, max: 4.839e-01, mean: 5.987e-02
[Stage B] Prediction scale check (attempt 0): pred_median=2.678e-02, true_median=9.826e-02, ratio=2.725e-01
[DBG-candfit] analytic-init: starting
[DBG-candfit] analytic-init: done
[info] dataloader for provider ASTCompositeAdaptor yields 3 batches (equivalent to a single batch up to floating-point roundoff; minor Python-loop overhead per batch).
[LM][bucket] solving P=4 (trivially separable union)
[nestynet.optimizer] [LM] **** Too many rejects at lam_max; halting. self.lam_max=1000000000000.0 lam_new=1000000000000.0, iteration 75
Stopping at epoch 76/2000, lm_opt.state['halt']=True, loss=2.9889e-07, loss_val=4.8937e-07
[Stage B]    Reject (ratpoly_1d[1]): simpler-over-budget(thr=2.465e-12) | loss 6.703e-15->2.004e-08 (Δ+2.00e-08) | params 384->5 | cx (0, 0, 0)->(0, 0, 0)
[Stage B]  Trying 1D symexp_denom_1d_recip rewrite (scale/(exp(r)+exp(-r))) on NN leaf vars (1, 2)
[DBG-candfit] analytic-init: starting
[DBG-candfit] analytic-init: done
[Stage B custom_init symexp_denom_1d_recip] compound vars=(1, 2), scale≈1.6, r±(z)≈-1.35*z
[DBG-candfit] root: (((scale()#symexp1d_scale_1_2_recip * (x0 ** 0.333333)) * ((exp((scale()#symexp1d_cp_1_2_recip * poly(x1*(x2)^-1)#symexp1d_rp_1_2_recip)) + exp((scale()#symexp1d_m1_1_2_recip * poly(x1*(x2)^-1)#symexp1d_rm_1_2_recip))) *
[DBG-candfit] reuse keys: ['leaf1']
[DBG-candfit] leafval scale#symexp1d_scale_1_2_recip med=1.5956e+00 min=1.596e+00 max=1.596e+00
[DBG-candfit] leafval var#None med=6.4717e-01 min=1.370e-02 max=4.291e+01
[DBG-candfit] leafval scale#symexp1d_cp_1_2_recip med=1.0000e+00 min=1.000e+00 max=1.000e+00
[DBG-candfit] leafval poly#symexp1d_rp_1_2_recip med=1.3493e+00 min=-1.547e+00 max=-1.212e+00
[DBG-candfit] leafval scale#symexp1d_m1_1_2_recip med=1.0000e+00 min=-1.000e+00 max=-1.000e+00
[DBG-candfit] leafval poly#symexp1d_rm_1_2_recip med=1.3493e+00 min=-1.547e+00 max=-1.212e+00
[DBG-candfit] leafval var#None med=1.6337e+01 min=1.259e+00 max=2.051e+02
[DBG-candfit] model_out med=5.7551e-02
[DBG-candfit] target   med=1.0100e-01
[DBG-candfit] leaf[0] AutogradAdaptor/FreeConstLeaf deg=(None,None) cnum=None cden=None scale=[1.5956456784182713]
[DBG-candfit] leaf[1] AutogradAdaptor/VarLeaf deg=(None,None) cnum=None cden=None scale=None
[DBG-candfit] leaf[2] AutogradAdaptor/FreeConstLeaf deg=(None,None) cnum=None cden=None scale=[1.0]
[DBG-candfit] leaf[3] AutogradAdaptor/PolyLeaf deg=(None,None) cnum=None cden=None scale=None
[DBG-candfit] leaf[4] AutogradAdaptor/FreeConstLeaf deg=(None,None) cnum=None cden=None scale=[-1.0]
[DBG-candfit] leaf[5] AutogradAdaptor/PolyLeaf deg=(None,None) cnum=None cden=None scale=None
[DBG-candfit] leaf[6] AutogradAdaptor/VarLeaf deg=(None,None) cnum=None cden=None scale=None
[Stage B] Post-custom-init validation (attempt 0), batch 0, finite: 2000/2000, min: 2.709e-03, max: 1.029e+00, mean: 1.036e-01
[Stage B] Post-custom-init validation (attempt 0), batch 1, finite: 2000/2000, min: 2.704e-03, max: 9.481e-01, mean: 1.096e-01
[Stage B] Post-custom-init validation (attempt 0), batch 2, finite: 2000/2000, min: 4.307e-03, max: 8.902e-01, mean: 1.109e-01
[Stage B] Prediction scale check (attempt 0): pred_median=5.795e-02, true_median=9.826e-02, ratio=5.897e-01
[info] dataloader for provider ASTCompositeAdaptor yields 3 batches (equivalent to a single batch up to floating-point roundoff; minor Python-loop overhead per batch).
[LM][bucket] solving P=5 (trivially separable union)
Stopping at epoch 201/2000, lm_opt.state['halt']=True, loss=4.0041e-06, loss_val=6.0884e-06
[Stage B]    Candidate (symexp_denom_1d_recip): params=5, val-loss=6.0782e-06
[Stage B]    Reject (symexp_denom_1d_recip): simpler-over-budget(thr=2.465e-12) | loss 6.703e-15->6.078e-06 (Δ+6.08e-06) | params 384->5 | cx (0, 0, 0)->(0, 0, 0)
[Stage B]  Trying 1D sqrt-ratpoly (sqrt) deg=(0,4)->(0,4) nnz=(1,5) on NN leaf vars (1, 2)
[DBG-candfit] analytic-init: starting
[DBG-candfit] analytic-init: done
[Stage B custom_init ratpoly_1d] Init on vars (1, 2): deg=(0,4)->(0,4), nnz=(1,5), rel_rms≈7.01e-04
[DBG-candfit] root: (((x0 ** 0.333333) * ((scale()#ratpoly1d_scale_leaf1_v1_2_sn0_sd4_n0_d4_mn0_md0 * rratpoly(x1*(x2)^-1)#leaf1) ** 0.5)) * ((x1 ** -1) ** 0.666667))
[DBG-candfit] reuse keys: []
[DBG-candfit] leafval var#None med=6.4717e-01 min=1.370e-02 max=4.291e+01
[DBG-candfit] leafval scale#ratpoly1d_scale_leaf1_v1_2_sn0_sd4_n0_d4_mn0_md0 med=1.3123e-01 min=1.312e-01 max=1.312e-01
[DBG-candfit] leafval rratpoly#leaf1 med=3.6637e+00 min=3.481e+00 max=3.872e+00
[DBG-candfit] leafval var#None med=1.6337e+01 min=1.259e+00 max=2.051e+02
[DBG-candfit] model_out med=1.0107e-01
[DBG-candfit] target   med=1.0100e-01
[DBG-candfit] leaf[0] AutogradAdaptor/VarLeaf deg=(None,None) cnum=None cden=None scale=None
[DBG-candfit] leaf[1] AutogradAdaptor/FreeConstLeaf deg=(None,None) cnum=None cden=None scale=[0.13122841176373756]
[DBG-candfit] leaf[2] AutogradAdaptor/RRationalPolyLeaf deg=(0,4) cnum=[] cden=[-1.0, 4.054398305797384, -5.079885356665233, 2.967063750568978] scale=None
[DBG-candfit] leaf[3] AutogradAdaptor/VarLeaf deg=(None,None) cnum=None cden=None scale=None
[Stage B] Post-custom-init validation (attempt 0), batch 0, finite: 2000/2000, min: 5.393e-03, max: 2.031e+00, mean: 1.874e-01
[Stage B] Post-custom-init validation (attempt 0), batch 1, finite: 2000/2000, min: 5.277e-03, max: 1.736e+00, mean: 1.980e-01
[Stage B] Post-custom-init validation (attempt 0), batch 2, finite: 2000/2000, min: 7.463e-03, max: 1.375e+00, mean: 1.732e-01
[Stage B] Prediction scale check (attempt 0): pred_median=9.826e-02, true_median=9.826e-02, ratio=1.000e+00
[Stage B] Lifted prefit enabled: link=square, base_link=identity, prefit_epochs=200
[info] dataloader for provider ASTCompositeAdaptor yields 3 batches (equivalent to a single batch up to floating-point roundoff; minor Python-loop overhead per batch).
epochs_min=50 does not align with iter_check=100; the validation-based check will run at the next fresh validation epoch (100).
[LM][bucket] solving P=6 (trivially separable union)
Stopping at epoch 1/200, lm_opt.state['halt']=True, loss=1.5157e-10, loss_val=1.0584e-10
[info] dataloader for provider ASTCompositeAdaptor yields 3 batches (equivalent to a single batch up to floating-point roundoff; minor Python-loop overhead per batch).
epochs_min=50 does not align with iter_check=100; the validation-based check will run at the next fresh validation epoch (100).
Stopping at epoch 1/200, lm_opt.state['halt']=True, loss=3.9771e-11, loss_val=5.1442e-11
[Stage B]    Candidate (sqrt_ratpoly_1d[1]): params=6, val-loss=5.1442e-11
[Stage B]    Reject (sqrt_ratpoly_1d[1]): simpler-over-budget(thr=2.334e-12) | loss 6.703e-15->5.144e-11 (Δ+5.14e-11) | params 384->6 | cx (0, 0, 0)->(0, 0, 0)
[Stage B]  Trying 1D sqrt-ratpoly (sqrt) deg=(3,3)->(3,3) nnz=(2,4) on NN leaf vars (1, 2)
[DBG-candfit] analytic-init: starting
[DBG-candfit] analytic-init: done
[Stage B custom_init ratpoly_1d] Init on vars (1, 2): deg=(3,3)->(3,3), nnz=(2,4), rel_rms≈7.42e-06
[DBG-candfit] root: (((x0 ** 0.333333) * ((scale()#ratpoly1d_scale_leaf1_v1_2_sn3_sd3_n3_d3_mn0_md0 * rratpoly(x1*(x2)^-1)#leaf1) ** 0.5)) * ((x1 ** -1) ** 0.666667))
[DBG-candfit] reuse keys: []
[DBG-candfit] leafval var#None med=6.4717e-01 min=1.370e-02 max=4.291e+01
[DBG-candfit] leafval scale#ratpoly1d_scale_leaf1_v1_2_sn3_sd3_n3_d3_mn0_md0 med=7.2166e+00 min=7.217e+00 max=7.217e+00
[DBG-candfit] leafval rratpoly#leaf1 med=6.6619e-02 min=6.330e-02 max=7.041e-02
[DBG-candfit] leafval var#None med=1.6337e+01 min=1.259e+00 max=2.051e+02
[DBG-candfit] model_out med=1.0107e-01
[DBG-candfit] target   med=1.0100e-01
[DBG-candfit] leaf[0] AutogradAdaptor/VarLeaf deg=(None,None) cnum=None cden=None scale=None
[DBG-candfit] leaf[1] AutogradAdaptor/FreeConstLeaf deg=(None,None) cnum=None cden=None scale=[7.216554625789381]
[DBG-candfit] leaf[2] AutogradAdaptor/RRationalPolyLeaf deg=(3,3) cnum=[-0.38890715110398927] cden=[1.0, -2.896734765002842, -7.121400590891312, 18.191273407334826] scale=None
[DBG-candfit] leaf[3] AutogradAdaptor/VarLeaf deg=(None,None) cnum=None cden=None scale=None
[Stage B] Post-custom-init validation (attempt 0), batch 0, finite: 2000/2000, min: 5.393e-03, max: 2.031e+00, mean: 1.874e-01
[Stage B] Post-custom-init validation (attempt 0), batch 1, finite: 2000/2000, min: 5.277e-03, max: 1.736e+00, mean: 1.980e-01
[Stage B] Post-custom-init validation (attempt 0), batch 2, finite: 2000/2000, min: 7.463e-03, max: 1.375e+00, mean: 1.732e-01
[Stage B] Prediction scale check (attempt 0): pred_median=9.826e-02, true_median=9.826e-02, ratio=1.000e+00
[Stage B] Lifted prefit enabled: link=square, base_link=identity, prefit_epochs=200
[info] dataloader for provider ASTCompositeAdaptor yields 3 batches (equivalent to a single batch up to floating-point roundoff; minor Python-loop overhead per batch).
epochs_min=50 does not align with iter_check=100; the validation-based check will run at the next fresh validation epoch (100).
Stopping at epoch 1/200, lm_opt.state['halt']=True, loss=8.2074e-16, loss_val=1.4715e-15
[info] dataloader for provider ASTCompositeAdaptor yields 3 batches (equivalent to a single batch up to floating-point roundoff; minor Python-loop overhead per batch).
epochs_min=50 does not align with iter_check=100; the validation-based check will run at the next fresh validation epoch (100).
Stopping at epoch 1/200, lm_opt.state['halt']=True, loss=3.3357e-16, loss_val=7.7830e-16
[Stage B]    Candidate (sqrt_ratpoly_1d[2]): params=6, val-loss=7.7830e-16
[Stage B]  Trying 1D sqrt-ratpoly (inv_sqrt) deg=(4,1)->(4,0) nnz=(5,1) on NN leaf vars (1, 2)
[DBG-candfit] analytic-init: starting
[DBG-candfit] analytic-init: done
[Stage B custom_init ratpoly_1d] Init on vars (1, 2): deg=(4,1)->(4,0), nnz=(5,1), rel_rms≈6.95e-04
[DBG-candfit] root: (((x0 ** 0.333333) * ((scale()#ratpoly1d_scale_leaf1_v1_2_sn4_sd1_n4_d0_mn0_md0 * rratpoly(x1*(x2)^-1)#leaf1) ** -0.5)) * ((x1 ** -1) ** 0.666667))
[DBG-candfit] reuse keys: []
[DBG-candfit] leafval var#None med=6.4717e-01 min=1.370e-02 max=4.291e+01
[DBG-candfit] leafval scale#ratpoly1d_scale_leaf1_v1_2_sn4_sd1_n4_d0_mn0_md0 med=4.9172e+00 min=-4.917e+00 max=-4.917e+00
[DBG-candfit] leafval rratpoly#leaf1 med=4.2298e-01 min=-4.452e-01 max=-4.003e-01
[DBG-candfit] leafval var#None med=1.6337e+01 min=1.259e+00 max=2.051e+02
[DBG-candfit] model_out med=1.0107e-01
[DBG-candfit] target   med=1.0100e-01
[DBG-candfit] leaf[0] AutogradAdaptor/VarLeaf deg=(None,None) cnum=None cden=None scale=None
[DBG-candfit] leaf[1] AutogradAdaptor/FreeConstLeaf deg=(None,None) cnum=None cden=None scale=[-4.917184343705204]
[DBG-candfit] leaf[2] AutogradAdaptor/RRationalPolyLeaf deg=(4,0) cnum=[1.5202770987220107, -6.158078929348944, 7.674261980228927, -4.459467872001798] cden=[1.0] scale=None
[DBG-candfit] leaf[3] AutogradAdaptor/VarLeaf deg=(None,None) cnum=None cden=None scale=None
[Stage B] Post-custom-init validation (attempt 0), batch 0, finite: 2000/2000, min: 5.393e-03, max: 2.031e+00, mean: 1.874e-01
[Stage B] Post-custom-init validation (attempt 0), batch 1, finite: 2000/2000, min: 5.277e-03, max: 1.736e+00, mean: 1.980e-01
[Stage B] Post-custom-init validation (attempt 0), batch 2, finite: 2000/2000, min: 7.463e-03, max: 1.375e+00, mean: 1.732e-01
[Stage B] Prediction scale check (attempt 0): pred_median=9.826e-02, true_median=9.826e-02, ratio=1.000e+00
[Stage B] Lifted prefit enabled: link=inv_square, base_link=identity, prefit_epochs=200
[info] dataloader for provider ASTCompositeAdaptor yields 3 batches (equivalent to a single batch up to floating-point roundoff; minor Python-loop overhead per batch).
epochs_min=50 does not align with iter_check=100; the validation-based check will run at the next fresh validation epoch (100).
[nestynet.optimizer] [LM] **** Too many rejects at lam_max; halting. self.lam_max=1000000000000.0 lam_new=1000000000000.0, iteration 91
Stopping at epoch 92/200, lm_opt.state['halt']=True, loss=1.2434e-02, loss_val=2.2781e-02
[info] dataloader for provider ASTCompositeAdaptor yields 3 batches (equivalent to a single batch up to floating-point roundoff; minor Python-loop overhead per batch).
epochs_min=50 does not align with iter_check=100; the validation-based check will run at the next fresh validation epoch (100).
Stopping at epoch 1/200, lm_opt.state['halt']=True, loss=3.9313e-11, loss_val=6.8703e-11
[Stage B]    Candidate (sqrt_ratpoly_1d[7]): params=6, val-loss=6.8703e-11
[Stage B]    Reject (sqrt_ratpoly_1d[7]): simpler-over-budget(thr=2.334e-12) | loss 6.703e-15->6.870e-11 (Δ+6.87e-11) | params 384->6 | cx (0, 0, 0)->(0, 0, 0)
[Stage B]  Trying 1D sqrt-ratpoly (inv_sqrt) deg=(1,4)->(1,4) nnz=(2,4) on NN leaf vars (1, 2)
[DBG-candfit] analytic-init: starting
[DBG-candfit] analytic-init: done
[Stage B custom_init ratpoly_1d] Init on vars (1, 2): deg=(1,4)->(1,4), nnz=(2,4), rel_rms≈2.11e-04
[DBG-candfit] root: (((x0 ** 0.333333) * ((scale()#ratpoly1d_scale_leaf1_v1_2_sn1_sd4_n1_d4_mn0_md0 * rratpoly(x1*(x2)^-1)#leaf1) ** -0.5)) * ((x1 ** -1) ** 0.666667))
[DBG-candfit] reuse keys: []
[DBG-candfit] leafval var#None med=6.4717e-01 min=1.370e-02 max=4.291e+01
[DBG-candfit] leafval scale#ratpoly1d_scale_leaf1_v1_2_sn1_sd4_n1_d4_mn0_md0 med=1.2515e+02 min=1.251e+02 max=1.251e+02
[DBG-candfit] leafval rratpoly#leaf1 med=1.6620e-02 min=1.573e-02 max=1.749e-02
[DBG-candfit] leafval var#None med=1.6337e+01 min=1.259e+00 max=2.051e+02
[DBG-candfit] model_out med=1.0107e-01
[DBG-candfit] target   med=1.0100e-01
[DBG-candfit] leaf[0] AutogradAdaptor/VarLeaf deg=(None,None) cnum=None cden=None scale=None
[DBG-candfit] leaf[1] AutogradAdaptor/FreeConstLeaf deg=(None,None) cnum=None cden=None scale=[125.14805368083078]
[DBG-candfit] leaf[2] AutogradAdaptor/RRationalPolyLeaf deg=(1,4) cnum=[-0.45583032822732966] cden=[1.0, 56.71159565020861, -32.08143204800567, 7.109847026730765] scale=None
[DBG-candfit] leaf[3] AutogradAdaptor/VarLeaf deg=(None,None) cnum=None cden=None scale=None
[Stage B] Post-custom-init validation (attempt 0), batch 0, finite: 2000/2000, min: 5.393e-03, max: 2.031e+00, mean: 1.874e-01
[Stage B] Post-custom-init validation (attempt 0), batch 1, finite: 2000/2000, min: 5.277e-03, max: 1.736e+00, mean: 1.980e-01
[Stage B] Post-custom-init validation (attempt 0), batch 2, finite: 2000/2000, min: 7.463e-03, max: 1.375e+00, mean: 1.732e-01
[Stage B] Prediction scale check (attempt 0): pred_median=9.826e-02, true_median=9.826e-02, ratio=1.000e+00
[Stage B] Lifted prefit enabled: link=inv_square, base_link=identity, prefit_epochs=200
[info] dataloader for provider ASTCompositeAdaptor yields 3 batches (equivalent to a single batch up to floating-point roundoff; minor Python-loop overhead per batch).
epochs_min=50 does not align with iter_check=100; the validation-based check will run at the next fresh validation epoch (100).
[nestynet.optimizer] [LM] **** Too many rejects at lam_max; halting. self.lam_max=1000000000000.0 lam_new=1000000000000.0, iteration 85
Stopping at epoch 86/200, lm_opt.state['halt']=True, loss=3.2135e-04, loss_val=5.5754e-04
[info] dataloader for provider ASTCompositeAdaptor yields 3 batches (equivalent to a single batch up to floating-point roundoff; minor Python-loop overhead per batch).
epochs_min=50 does not align with iter_check=100; the validation-based check will run at the next fresh validation epoch (100).
Stopping at epoch 1/200, lm_opt.state['halt']=True, loss=1.0564e-12, loss_val=2.1128e-12
[Stage B]    Candidate (sqrt_ratpoly_1d[8]): params=6, val-loss=2.1128e-12
[Stage B]  Trying 1D cbrt-ratpoly (cbrt) deg=(0,4)->(0,4) nnz=(1,5) on NN leaf vars (1, 2)
[DBG-candfit] analytic-init: starting
[DBG-candfit] analytic-init: done
[Stage B custom_init ratpoly_1d] Init on vars (1, 2): deg=(0,4)->(0,4), nnz=(1,5), rel_rms≈3.92e-04
[DBG-candfit] root: (((x0 ** 0.333333) * ((scale()#ratpoly1d_scale_leaf1_v1_2_sn0_sd4_n0_d4_mn0_md0 * rratpoly(x1*(x2)^-1)#leaf1) ** 0.333333)) * ((x1 ** -1) ** 0.666667))
[DBG-candfit] reuse keys: []
[DBG-candfit] leafval var#None med=6.4717e-01 min=1.370e-02 max=4.291e+01
[DBG-candfit] leafval scale#ratpoly1d_scale_leaf1_v1_2_sn0_sd4_n0_d4_mn0_md0 med=7.4391e-02 min=7.439e-02 max=7.439e-02
[DBG-candfit] leafval rratpoly#leaf1 med=4.4811e+00 min=4.151e+00 max=4.868e+00
[DBG-candfit] leafval var#None med=1.6337e+01 min=1.259e+00 max=2.051e+02
[DBG-candfit] model_out med=1.0107e-01
[DBG-candfit] target   med=1.0100e-01
[DBG-candfit] leaf[0] AutogradAdaptor/VarLeaf deg=(None,None) cnum=None cden=None scale=None
[DBG-candfit] leaf[1] AutogradAdaptor/FreeConstLeaf deg=(None,None) cnum=None cden=None scale=[0.07439086383584544]
[DBG-candfit] leaf[2] AutogradAdaptor/RRationalPolyLeaf deg=(0,4) cnum=[] cden=[-1.0, 3.7044844012315026, -4.440528974212522, 2.5114763102854973] scale=None
[DBG-candfit] leaf[3] AutogradAdaptor/VarLeaf deg=(None,None) cnum=None cden=None scale=None
[Stage B] Post-custom-init validation (attempt 0), batch 0, finite: 2000/2000, min: 5.393e-03, max: 2.031e+00, mean: 1.874e-01
[Stage B] Post-custom-init validation (attempt 0), batch 1, finite: 2000/2000, min: 5.277e-03, max: 1.736e+00, mean: 1.980e-01
[Stage B] Post-custom-init validation (attempt 0), batch 2, finite: 2000/2000, min: 7.463e-03, max: 1.375e+00, mean: 1.732e-01
[Stage B] Prediction scale check (attempt 0): pred_median=9.826e-02, true_median=9.826e-02, ratio=1.000e+00
[info] dataloader for provider ASTCompositeAdaptor yields 3 batches (equivalent to a single batch up to floating-point roundoff; minor Python-loop overhead per batch).
Stopping at epoch 1/2000, lm_opt.state['halt']=True, loss=1.2475e-11, loss_val=1.5896e-11
[Stage B]    Candidate (cbrt_ratpoly_1d): params=6, val-loss=1.5896e-11
[Stage B]    Reject (cbrt_ratpoly_1d): simpler-over-budget(thr=2.334e-12) | loss 6.703e-15->1.590e-11 (Δ+1.59e-11) | params 384->6 | cx (0, 0, 0)->(0, 0, 0)
[Stage B]  Trying 1D cbrt-ratpoly (cbrt) deg=(4,3)->(4,2) nnz=(3,3) on NN leaf vars (1, 2)
[DBG-candfit] analytic-init: starting
[DBG-candfit] analytic-init: done
[Stage B custom_init ratpoly_1d] Init on vars (1, 2): deg=(4,3)->(4,2), nnz=(3,3), rel_rms≈1.27e-04
[DBG-candfit] root: (((x0 ** 0.333333) * ((scale()#ratpoly1d_scale_leaf1_v1_2_sn4_sd3_n4_d2_mn0_md0 * rratpoly(x1*(x2)^-1)#leaf1) ** 0.333333)) * ((x1 ** -1) ** 0.666667))
[DBG-candfit] reuse keys: []
[DBG-candfit] leafval var#None med=6.4717e-01 min=1.370e-02 max=4.291e+01
[DBG-candfit] leafval scale#ratpoly1d_scale_leaf1_v1_2_sn4_sd3_n4_d2_mn0_md0 med=1.3788e-01 min=-1.379e-01 max=-1.379e-01
[DBG-candfit] leafval rratpoly#leaf1 med=2.4176e+00 min=-2.627e+00 max=-2.239e+00
[DBG-candfit] leafval var#None med=1.6337e+01 min=1.259e+00 max=2.051e+02
[DBG-candfit] model_out med=1.0107e-01
[DBG-candfit] target   med=1.0100e-01
[DBG-candfit] leaf[0] AutogradAdaptor/VarLeaf deg=(None,None) cnum=None cden=None scale=None
[DBG-candfit] leaf[1] AutogradAdaptor/FreeConstLeaf deg=(None,None) cnum=None cden=None scale=[-0.13787919935642062]
[DBG-candfit] leaf[2] AutogradAdaptor/RRationalPolyLeaf deg=(4,2) cnum=[0.5400971058988797, -4.549368978706514] cden=[1.0, -4.3311381840706, 4.575893855988632] scale=None
[DBG-candfit] leaf[3] AutogradAdaptor/VarLeaf deg=(None,None) cnum=None cden=None scale=None
[Stage B] Post-custom-init validation (attempt 0), batch 0, finite: 2000/2000, min: 5.393e-03, max: 2.031e+00, mean: 1.874e-01
[Stage B] Post-custom-init validation (attempt 0), batch 1, finite: 2000/2000, min: 5.277e-03, max: 1.736e+00, mean: 1.980e-01
[Stage B] Post-custom-init validation (attempt 0), batch 2, finite: 2000/2000, min: 7.463e-03, max: 1.375e+00, mean: 1.732e-01
[Stage B] Prediction scale check (attempt 0): pred_median=9.826e-02, true_median=9.826e-02, ratio=1.000e+00
[info] dataloader for provider ASTCompositeAdaptor yields 3 batches (equivalent to a single batch up to floating-point roundoff; minor Python-loop overhead per batch).
Stopping at epoch 1/2000, lm_opt.state['halt']=True, loss=9.7160e-13, loss_val=2.6022e-12
[Stage B]    Candidate (cbrt_ratpoly_1d[1]): params=6, val-loss=2.6022e-12
[Stage B]    Reject (cbrt_ratpoly_1d[1]): simpler-over-budget(thr=2.334e-12) | loss 6.703e-15->2.602e-12 (Δ+2.60e-12) | params 384->6 | cx (0, 0, 0)->(0, 0, 0)
[Stage B]  Trying 1D cbrt-ratpoly (inv_cbrt) deg=(2,2)->(2,2) nnz=(3,3) on NN leaf vars (1, 2)
[DBG-candfit] analytic-init: starting
[DBG-candfit] analytic-init: done
[Stage B custom_init ratpoly_1d] Init on vars (1, 2): deg=(2,2)->(2,2), nnz=(3,3), rel_rms≈6.51e-06
[DBG-candfit] root: (((x0 ** 0.333333) * ((scale()#ratpoly1d_scale_leaf1_v1_2_sn2_sd2_n2_d2_mn0_md0 * rratpoly(x1*(x2)^-1)#leaf1) ** -0.333333)) * ((x1 ** -1) ** 0.666667))
[DBG-candfit] reuse keys: []
[DBG-candfit] leafval var#None med=6.4717e-01 min=1.370e-02 max=4.291e+01
[DBG-candfit] leafval scale#ratpoly1d_scale_leaf1_v1_2_sn2_sd2_n2_d2_mn0_md0 med=3.1326e+03 min=3.133e+03 max=3.133e+03
[DBG-candfit] leafval rratpoly#leaf1 med=9.5758e-04 min=8.814e-04 max=1.034e-03
[DBG-candfit] leafval var#None med=1.6337e+01 min=1.259e+00 max=2.051e+02
[DBG-candfit] model_out med=1.0107e-01
[DBG-candfit] target   med=1.0100e-01
[DBG-candfit] leaf[0] AutogradAdaptor/VarLeaf deg=(None,None) cnum=None cden=None scale=None
[DBG-candfit] leaf[1] AutogradAdaptor/FreeConstLeaf deg=(None,None) cnum=None cden=None scale=[3132.5916072695286]
[DBG-candfit] leaf[2] AutogradAdaptor/RRationalPolyLeaf deg=(2,2) cnum=[-0.2464318599214008, -0.007023130323985006] cden=[1.0, -4.28777925524069, 782.8279823153603] scale=None
[DBG-candfit] leaf[3] AutogradAdaptor/VarLeaf deg=(None,None) cnum=None cden=None scale=None
[Stage B] Post-custom-init validation (attempt 0), batch 0, finite: 2000/2000, min: 5.393e-03, max: 2.031e+00, mean: 1.874e-01
[Stage B] Post-custom-init validation (attempt 0), batch 1, finite: 2000/2000, min: 5.277e-03, max: 1.736e+00, mean: 1.980e-01
[Stage B] Post-custom-init validation (attempt 0), batch 2, finite: 2000/2000, min: 7.463e-03, max: 1.375e+00, mean: 1.732e-01
[Stage B] Prediction scale check (attempt 0): pred_median=9.826e-02, true_median=9.826e-02, ratio=1.000e+00
[info] dataloader for provider ASTCompositeAdaptor yields 3 batches (equivalent to a single batch up to floating-point roundoff; minor Python-loop overhead per batch).
Stopping at epoch 1/2000, lm_opt.state['halt']=True, loss=1.4110e-16, loss_val=3.6125e-16
[Stage B]    Candidate (cbrt_ratpoly_1d[6]): params=6, val-loss=3.6125e-16
[Stage B]  Trying 1D cbrt-ratpoly (inv_cbrt) deg=(4,1)->(4,0) nnz=(5,1) on NN leaf vars (1, 2)
[DBG-candfit] analytic-init: starting
[DBG-candfit] analytic-init: done
[Stage B custom_init ratpoly_1d] Init on vars (1, 2): deg=(4,1)->(4,0), nnz=(5,1), rel_rms≈3.91e-04
[DBG-candfit] root: (((x0 ** 0.333333) * ((scale()#ratpoly1d_scale_leaf1_v1_2_sn4_sd1_n4_d0_mn0_md0 * rratpoly(x1*(x2)^-1)#leaf1) ** -0.333333)) * ((x1 ** -1) ** 0.666667))
[DBG-candfit] reuse keys: []
[DBG-candfit] leafval var#None med=6.4717e-01 min=1.370e-02 max=4.291e+01
[DBG-candfit] leafval scale#ratpoly1d_scale_leaf1_v1_2_sn4_sd1_n4_d0_mn0_md0 med=7.1827e+00 min=-7.183e+00 max=-7.183e+00
[DBG-candfit] leafval rratpoly#leaf1 med=4.1761e-01 min=-4.509e-01 max=-3.844e-01
[DBG-candfit] leafval var#None med=1.6337e+01 min=1.259e+00 max=2.051e+02
[DBG-candfit] model_out med=1.0107e-01
[DBG-candfit] target   med=1.0100e-01
[DBG-candfit] leaf[0] AutogradAdaptor/VarLeaf deg=(None,None) cnum=None cden=None scale=None
[DBG-candfit] leaf[1] AutogradAdaptor/FreeConstLeaf deg=(None,None) cnum=None cden=None scale=[-7.182741808639492]
[DBG-candfit] leaf[2] AutogradAdaptor/RRationalPolyLeaf deg=(4,0) cnum=[1.8441919834852631, -6.8168956412913895, 8.126639707055062, -4.571590990759871] cden=[1.0] scale=None
[DBG-candfit] leaf[3] AutogradAdaptor/VarLeaf deg=(None,None) cnum=None cden=None scale=None
[Stage B] Post-custom-init validation (attempt 0), batch 0, finite: 2000/2000, min: 5.393e-03, max: 2.031e+00, mean: 1.874e-01
[Stage B] Post-custom-init validation (attempt 0), batch 1, finite: 2000/2000, min: 5.277e-03, max: 1.736e+00, mean: 1.980e-01
[Stage B] Post-custom-init validation (attempt 0), batch 2, finite: 2000/2000, min: 7.463e-03, max: 1.375e+00, mean: 1.732e-01
[Stage B] Prediction scale check (attempt 0): pred_median=9.826e-02, true_median=9.826e-02, ratio=1.000e+00
[info] dataloader for provider ASTCompositeAdaptor yields 3 batches (equivalent to a single batch up to floating-point roundoff; minor Python-loop overhead per batch).
Stopping at epoch 1/2000, lm_opt.state['halt']=True, loss=1.2625e-11, loss_val=2.2711e-11
[Stage B]    Candidate (cbrt_ratpoly_1d[7]): params=6, val-loss=2.2711e-11
[Stage B]    Reject (cbrt_ratpoly_1d[7]): simpler-over-budget(thr=2.334e-12) | loss 6.703e-15->2.271e-11 (Δ+2.27e-11) | params 384->6 | cx (0, 0, 0)->(0, 0, 0)
[Stage B]  Trying 1D cbrt-ratpoly (inv_cbrt) deg=(1,4)->(1,4) nnz=(2,4) on NN leaf vars (1, 2)
[DBG-candfit] analytic-init: starting
[DBG-candfit] analytic-init: done
[Stage B custom_init ratpoly_1d] Init on vars (1, 2): deg=(1,4)->(1,4), nnz=(2,4), rel_rms≈4.70e-05
[DBG-candfit] root: (((x0 ** 0.333333) * ((scale()#ratpoly1d_scale_leaf1_v1_2_sn1_sd4_n1_d4_mn0_md0 * rratpoly(x1*(x2)^-1)#leaf1) ** -0.333333)) * ((x1 ** -1) ** 0.666667))
[DBG-candfit] reuse keys: []
[DBG-candfit] leafval var#None med=6.4717e-01 min=1.370e-02 max=4.291e+01
[DBG-candfit] leafval scale#ratpoly1d_scale_leaf1_v1_2_sn1_sd4_n1_d4_mn0_md0 med=5.7119e+01 min=5.712e+01 max=5.712e+01
[DBG-candfit] leafval rratpoly#leaf1 med=5.2516e-02 min=4.834e-02 max=5.671e-02
[DBG-candfit] leafval var#None med=1.6337e+01 min=1.259e+00 max=2.051e+02
[DBG-candfit] model_out med=1.0107e-01
[DBG-candfit] target   med=1.0100e-01
[DBG-candfit] leaf[0] AutogradAdaptor/VarLeaf deg=(None,None) cnum=None cden=None scale=None
[DBG-candfit] leaf[1] AutogradAdaptor/FreeConstLeaf deg=(None,None) cnum=None cden=None scale=[57.11947931789405]
[DBG-candfit] leaf[2] AutogradAdaptor/RRationalPolyLeaf deg=(1,4) cnum=[-0.49476768599841886] cden=[1.0, 15.024425101264818, -8.197506832099554, 1.7926479225524417] scale=None
[DBG-candfit] leaf[3] AutogradAdaptor/VarLeaf deg=(None,None) cnum=None cden=None scale=None
[Stage B] Post-custom-init validation (attempt 0), batch 0, finite: 2000/2000, min: 5.393e-03, max: 2.031e+00, mean: 1.874e-01
[Stage B] Post-custom-init validation (attempt 0), batch 1, finite: 2000/2000, min: 5.277e-03, max: 1.736e+00, mean: 1.980e-01
[Stage B] Post-custom-init validation (attempt 0), batch 2, finite: 2000/2000, min: 7.463e-03, max: 1.375e+00, mean: 1.732e-01
[Stage B] Prediction scale check (attempt 0): pred_median=9.826e-02, true_median=9.826e-02, ratio=1.000e+00
[info] dataloader for provider ASTCompositeAdaptor yields 3 batches (equivalent to a single batch up to floating-point roundoff; minor Python-loop overhead per batch).
Stopping at epoch 1/2000, lm_opt.state['halt']=True, loss=1.9781e-13, loss_val=4.6308e-13
[Stage B]    Candidate (cbrt_ratpoly_1d[8]): params=6, val-loss=4.6308e-13
[Stage B]    Reject (cbrt_ratpoly_1d[8]): loss-below-floor-too-much-regression(ratio=6.909e+01, cap=6.703e-14) | loss 6.703e-15->4.631e-13 (Δ+4.56e-13) | params 384->6 | cx (0, 0, 0)->(0, 0, 0)
[Stage B]  Precheck reject (duplicate-signature) rule=univariate_nn cand=ratpoly_1d[2] target=nn#leaf1 vars=(1, 2) sig=(960898949, 5, 1, 1, 1, 1, 1, -1, 1, 1) attempted=22
[Stage B]  Precheck reject (duplicate-signature) rule=univariate_nn cand=ratpoly_1d[3] target=nn#leaf1 vars=(1, 2) sig=(960898949, 4, 0, 0, 1, 1, -1, 4, 1, 1, 1, 1) attempted=22
[Stage B]  Trying 1D ratpoly deg=(4,4)->(4,4) nnz=(3,3) (scale*P_red(x)/Q(x)) rewrite on NN leaf vars (1, 2)
[Stage B custom_init ratpoly_1d] Init on vars (1, 2): deg=(4,4)->(4,4), nnz=(3,3), rel_rms≈1.09e-05
[DBG-candfit] root: (((scale()#ratpoly1d_scale_leaf1_v1_2_sn4_sd4_n4_d4_mn0_md0 * (x0 ** 0.333333)) * rratpoly(x1*(x2)^-1)#leaf1) * ((x1 ** -1) ** 0.666667))
[DBG-candfit] reuse keys: []
[DBG-candfit] leafval scale#ratpoly1d_scale_leaf1_v1_2_sn4_sd4_n4_d4_mn0_md0 med=2.2729e+01 min=2.273e+01 max=2.273e+01
[DBG-candfit] leafval var#None med=6.4717e-01 min=1.370e-02 max=4.291e+01
[DBG-candfit] leafval rratpoly#leaf1 med=3.0507e-02 min=2.974e-02 max=3.136e-02
[DBG-candfit] leafval var#None med=1.6337e+01 min=1.259e+00 max=2.051e+02
[DBG-candfit] model_out med=1.0107e-01
[DBG-candfit] target   med=1.0100e-01
[DBG-candfit] leaf[0] AutogradAdaptor/FreeConstLeaf deg=(None,None) cnum=None cden=None scale=[22.728506411347528]
[DBG-candfit] leaf[1] AutogradAdaptor/VarLeaf deg=(None,None) cnum=None cden=None scale=None
[DBG-candfit] leaf[2] AutogradAdaptor/RRationalPolyLeaf deg=(4,4) cnum=[-0.08470333632787412, 0.044727644496931576] cden=[1.0, -5.952292668081109, 36.42206457177919] scale=None
[DBG-candfit] leaf[3] AutogradAdaptor/VarLeaf deg=(None,None) cnum=None cden=None scale=None
[Stage B] Post-custom-init validation (attempt 0), batch 0, finite: 2000/2000, min: 5.393e-03, max: 2.031e+00, mean: 1.874e-01
[Stage B] Post-custom-init validation (attempt 0), batch 1, finite: 2000/2000, min: 5.277e-03, max: 1.736e+00, mean: 1.980e-01
[Stage B] Post-custom-init validation (attempt 0), batch 2, finite: 2000/2000, min: 7.463e-03, max: 1.375e+00, mean: 1.732e-01
[Stage B] Prediction scale check (attempt 0): pred_median=9.826e-02, true_median=9.826e-02, ratio=1.000e+00
[DBG-candfit] analytic-init: starting
[DBG-candfit] analytic-init: done
[info] dataloader for provider ASTCompositeAdaptor yields 3 batches (equivalent to a single batch up to floating-point roundoff; minor Python-loop overhead per batch).
Stopping at epoch 1/2000, lm_opt.state['halt']=True, loss=4.1605e-15, loss_val=1.1508e-14
[Stage B]    Candidate (ratpoly_1d[4]): params=6, val-loss=1.1508e-14
[DBG-candfit] root: (((scale()#ratpoly1d_scale_leaf1_v1_2_sn4_sd4_n4_d4_mn0_md0 * (x0 ** 0.333333)) * rratpoly(x1*(x2)^-1)#leaf1) * ((x1 ** -1) ** 0.666667))
[DBG-candfit] reuse keys: []
[DBG-candfit] leafval scale#ratpoly1d_scale_leaf1_v1_2_sn4_sd4_n4_d4_mn0_md0 med=2.2729e+01 min=2.273e+01 max=2.273e+01
[DBG-candfit] leafval var#None med=6.4717e-01 min=1.370e-02 max=4.291e+01
[DBG-candfit] leafval rratpoly#leaf1 med=3.3198e-02 min=3.144e-02 max=3.529e-02
[DBG-candfit] leafval var#None med=1.6337e+01 min=1.259e+00 max=2.051e+02
[DBG-candfit] model_out med=1.1036e-01
[DBG-candfit] target   med=1.0100e-01
[DBG-candfit] leaf[0] AutogradAdaptor/FreeConstLeaf deg=(None,None) cnum=None cden=None scale=[22.728506415204755]
[DBG-candfit] leaf[1] AutogradAdaptor/VarLeaf deg=(None,None) cnum=None cden=None scale=None
[DBG-candfit] leaf[2] AutogradAdaptor/RRationalPolyLeaf deg=(4,4) cnum=[0.04472764465869667] cden=[0.9999999961765018, -5.9522926723580305, 36.42206456880776] scale=None
[DBG-candfit] leaf[3] AutogradAdaptor/VarLeaf deg=(None,None) cnum=None cden=None scale=None
[Stage B] Post-custom-init validation (attempt 0), batch 0, finite: 2000/2000, min: 5.739e-03, max: 2.164e+00, mean: 2.039e-01
[Stage B] Post-custom-init validation (attempt 0), batch 1, finite: 2000/2000, min: 5.697e-03, max: 1.836e+00, mean: 2.155e-01
[Stage B] Post-custom-init validation (attempt 0), batch 2, finite: 2000/2000, min: 8.616e-03, max: 1.611e+00, mean: 2.025e-01
[Stage B] Prediction scale check (attempt 0): pred_median=1.099e-01, true_median=9.826e-02, ratio=1.118e+00
[DBG-candfit] analytic-init: starting
[DBG-candfit] analytic-init: done
[info] dataloader for provider ASTCompositeAdaptor yields 3 batches (equivalent to a single batch up to floating-point roundoff; minor Python-loop overhead per batch).
[LM][bucket] solving P=5 (trivially separable union)
[nestynet.optimizer] [LM] **** Too many rejects at lam_max; halting. self.lam_max=1000000000000.0 lam_new=1000000000000.0, iteration 99
Stopping at epoch 100/2000, lm_opt.state['halt']=True, loss=1.1133e-11, loss_val=1.5943e-11
[DBG-candfit] root: (((scale()#ratpoly1d_scale_leaf1_v1_2_sn4_sd4_n4_d4_mn0_md0 * (x0 ** 0.333333)) * rratpoly(x1*(x2)^-1)#leaf1) * ((x1 ** -1) ** 0.666667))
[DBG-candfit] reuse keys: []
[DBG-candfit] leafval scale#ratpoly1d_scale_leaf1_v1_2_sn4_sd4_n4_d4_mn0_md0 med=2.2729e+01 min=2.273e+01 max=2.273e+01
[DBG-candfit] leafval var#None med=6.4717e-01 min=1.370e-02 max=4.291e+01
[DBG-candfit] leafval rratpoly#leaf1 med=2.9085e-02 min=2.856e-02 max=2.969e-02
[DBG-candfit] leafval var#None med=1.6337e+01 min=1.259e+00 max=2.051e+02
[DBG-candfit] model_out med=9.6716e-02
[DBG-candfit] target   med=1.0100e-01
[DBG-candfit] leaf[0] AutogradAdaptor/FreeConstLeaf deg=(None,None) cnum=None cden=None scale=[22.728506415204755]
[DBG-candfit] leaf[1] AutogradAdaptor/VarLeaf deg=(None,None) cnum=None cden=None scale=None
[DBG-candfit] leaf[2] AutogradAdaptor/RRationalPolyLeaf deg=(4,4) cnum=[-0.08470333618658446] cden=[0.9999999961765018, -5.9522926723580305, 36.42206456880776] scale=None
[DBG-candfit] leaf[3] AutogradAdaptor/VarLeaf deg=(None,None) cnum=None cden=None scale=None
[Stage B] Post-custom-init validation (attempt 0), batch 0, finite: 2000/2000, min: 5.170e-03, max: 1.946e+00, mean: 1.787e-01
[Stage B] Post-custom-init validation (attempt 0), batch 1, finite: 2000/2000, min: 5.041e-03, max: 1.667e+00, mean: 1.888e-01
[Stage B] Post-custom-init validation (attempt 0), batch 2, finite: 2000/2000, min: 6.997e-03, max: 1.299e+00, mean: 1.628e-01
[Stage B] Prediction scale check (attempt 0): pred_median=9.323e-02, true_median=9.826e-02, ratio=9.489e-01
[DBG-candfit] analytic-init: starting
[DBG-candfit] analytic-init: done
[info] dataloader for provider ASTCompositeAdaptor yields 3 batches (equivalent to a single batch up to floating-point roundoff; minor Python-loop overhead per batch).
[nestynet.optimizer] [LM] **** Too many rejects at lam_max; halting. self.lam_max=1000000000000.0 lam_new=1000000000000.0, iteration 96
Stopping at epoch 97/2000, lm_opt.state['halt']=True, loss=1.9978e-11, loss_val=2.3102e-11
[DBG-candfit] root: (((scale()#ratpoly1d_scale_leaf1_v1_2_sn4_sd4_n4_d4_mn0_md0 * (x0 ** 0.333333)) * rratpoly(x1*(x2)^-1)#leaf1) * ((x1 ** -1) ** 0.666667))
[DBG-candfit] reuse keys: []
[DBG-candfit] leafval scale#ratpoly1d_scale_leaf1_v1_2_sn4_sd4_n4_d4_mn0_md0 med=2.2729e+01 min=2.273e+01 max=2.273e+01
[DBG-candfit] leafval var#None med=6.4717e-01 min=1.370e-02 max=4.291e+01
[DBG-candfit] leafval rratpoly#leaf1 med=2.5653e-02 min=2.458e-02 max=2.656e-02
[DBG-candfit] leafval var#None med=1.6337e+01 min=1.259e+00 max=2.051e+02
[DBG-candfit] model_out med=8.3764e-02
[DBG-candfit] target   med=1.0100e-01
[DBG-candfit] leaf[0] AutogradAdaptor/FreeConstLeaf deg=(None,None) cnum=None cden=None scale=[22.728506415204755]
[DBG-candfit] leaf[1] AutogradAdaptor/VarLeaf deg=(None,None) cnum=None cden=None scale=None
[DBG-candfit] leaf[2] AutogradAdaptor/RRationalPolyLeaf deg=(4,4) cnum=[-0.08470333618658446, 0.04472764465869667] cden=[0.9999999961765018, 36.42206456880776] scale=None
[DBG-candfit] leaf[3] AutogradAdaptor/VarLeaf deg=(None,None) cnum=None cden=None scale=None
[Stage B] Post-custom-init validation (attempt 0), batch 0, finite: 2000/2000, min: 4.753e-03, max: 1.785e+00, mean: 1.577e-01
[Stage B] Post-custom-init validation (attempt 0), batch 1, finite: 2000/2000, min: 4.513e-03, max: 1.548e+00, mean: 1.666e-01
[Stage B] Post-custom-init validation (attempt 0), batch 2, finite: 2000/2000, min: 5.112e-03, max: 1.205e+00, mean: 1.253e-01
[Stage B] Prediction scale check (attempt 0): pred_median=7.825e-02, true_median=9.826e-02, ratio=7.964e-01
[DBG-candfit] analytic-init: starting
[DBG-candfit] analytic-init: done
[info] dataloader for provider ASTCompositeAdaptor yields 3 batches (equivalent to a single batch up to floating-point roundoff; minor Python-loop overhead per batch).
[nestynet.optimizer] [LM] **** Too many rejects at lam_max; halting. self.lam_max=1000000000000.0 lam_new=1000000000000.0, iteration 75
Stopping at epoch 76/2000, lm_opt.state['halt']=True, loss=1.3670e-11, loss_val=1.8554e-11
[Stage B]  Trying exp-ratpoly rewrite on NN leaf vars (1, 2), degs=2/2
[DBG-candfit] analytic-init: starting
[Stage B] Initialising ExpRationalPolyLeaf for vars (1, 2), tag=leaf1
[DBG-candfit] analytic-init: done
[info] dataloader for provider ASTCompositeAdaptor yields 3 batches (equivalent to a single batch up to floating-point roundoff; minor Python-loop overhead per batch).
[LM][bucket] solving P=6 (trivially separable union)
Stopping at epoch 1/2000, lm_opt.state['halt']=True, loss=5.5891e-12, loss_val=1.4877e-11
[Stage B]    Candidate (exp_rat): params=6, val-loss=1.4877e-11
[Stage B]    Reject (exp_rat): simpler-over-budget(thr=2.334e-12) | loss 6.703e-15->1.488e-11 (Δ+1.49e-11) | params 384->6 | cx (0, 0, 0)->(0, 0, 0)
[Stage B]  Trying 1D symexp_denom_1d rewrite (scale/(exp(r)+exp(-r))) on NN leaf vars (1, 2) [coord=1/z]
[DBG-candfit] analytic-init: starting
[DBG-candfit] analytic-init: done
[Stage B custom_init symexp_denom_1d] compound vars=(1, 2), scale≈1.6, r±(z)≈-0.5*z
[DBG-candfit] root: (((scale()#symexp1d_scale_1_2 * (x0 ** 0.333333)) * ((exp((scale()#symexp1d_cp_1_2 * poly((x1*(x2)^-1)^-1)#symexp1d_rp_1_2)) + exp((scale()#symexp1d_m1_1_2 * poly((x1*(x2)^-1)^-1)#symexp1d_rm_1_2))) ** -1)) * ((x1 ** -1)
[DBG-candfit] reuse keys: ['leaf1']
[DBG-candfit] leafval scale#symexp1d_scale_1_2 med=1.5956e+00 min=1.596e+00 max=1.596e+00
[DBG-candfit] leafval var#None med=6.4717e-01 min=1.370e-02 max=4.291e+01
[DBG-candfit] leafval scale#symexp1d_cp_1_2 med=1.0000e+00 min=1.000e+00 max=1.000e+00
[DBG-candfit] leafval poly#symexp1d_rp_1_2 med=4.9992e-01 min=-5.564e-01 max=-4.361e-01
[DBG-candfit] leafval scale#symexp1d_m1_1_2 med=1.0000e+00 min=-1.000e+00 max=-1.000e+00
[DBG-candfit] leafval poly#symexp1d_rm_1_2 med=4.9992e-01 min=-5.564e-01 max=-4.361e-01
[DBG-candfit] leafval var#None med=1.6337e+01 min=1.259e+00 max=2.051e+02
[DBG-candfit] model_out med=1.0199e-01
[DBG-candfit] target   med=1.0100e-01
[DBG-candfit] leaf[0] AutogradAdaptor/FreeConstLeaf deg=(None,None) cnum=None cden=None scale=[1.5956456784182713]
[DBG-candfit] leaf[1] AutogradAdaptor/VarLeaf deg=(None,None) cnum=None cden=None scale=None
[DBG-candfit] leaf[2] AutogradAdaptor/FreeConstLeaf deg=(None,None) cnum=None cden=None scale=[1.0]
[DBG-candfit] leaf[3] AutogradAdaptor/PolyLeaf deg=(None,None) cnum=None cden=None scale=None
[DBG-candfit] leaf[4] AutogradAdaptor/FreeConstLeaf deg=(None,None) cnum=None cden=None scale=[-1.0]
[DBG-candfit] leaf[5] AutogradAdaptor/PolyLeaf deg=(None,None) cnum=None cden=None scale=None
[DBG-candfit] leaf[6] AutogradAdaptor/VarLeaf deg=(None,None) cnum=None cden=None scale=None
[Stage B] Post-custom-init validation (attempt 0), batch 0, finite: 2000/2000, min: 5.733e-03, max: 2.153e+00, mean: 1.915e-01
[Stage B] Post-custom-init validation (attempt 0), batch 1, finite: 2000/2000, min: 5.462e-03, max: 1.866e+00, mean: 2.023e-01
[Stage B] Post-custom-init validation (attempt 0), batch 2, finite: 2000/2000, min: 6.575e-03, max: 1.453e+00, mean: 1.583e-01
[Stage B] Prediction scale check (attempt 0): pred_median=9.660e-02, true_median=9.826e-02, ratio=9.831e-01
[info] dataloader for provider ASTCompositeAdaptor yields 3 batches (equivalent to a single batch up to floating-point roundoff; minor Python-loop overhead per batch).
[LM][bucket] solving P=5 (trivially separable union)
Stopping at epoch 201/2000, lm_opt.state['halt']=True, loss=9.4197e-07, loss_val=1.3365e-06
[Stage B]    Candidate (symexp_denom_1d[z_inv]): params=5, val-loss=1.3364e-06
[Stage B]    Reject (symexp_denom_1d[z_inv]): simpler-over-budget(thr=2.465e-12) | loss 6.703e-15->1.336e-06 (Δ+1.34e-06) | params 384->5 | cx (0, 0, 0)->(0, 0, 0)
[Stage B]    [32mAccepted[0m rewrite (cbrt_ratpoly_1d[6], loss-below-floor-simpler; homogeneous-gauge-scope-improved HomogeneousGaugeGlobalScore(total_unresolved_scopes=1, total_ratio_nn_atoms_inside_unresolved_scopes=1, sum_effective_arity_sq_inside_unresolved_scopes=1, max_effective_arity_inside_unresolved_scopes=1, analytic_factor_count_inside_unresolved_scopes=2, analytic_complexity_inside_unresolved_scopes=5)->HomogeneousGaugeGlobalScore(total_unresolved_scopes=0, total_ratio_nn_atoms_inside_unresolved_scopes=0, sum_effective_arity_sq_inside_unresolved_scopes=0, max_effective_arity_inside_unresolved_scopes=0, analytic_factor_count_inside_unresolved_scopes=0, analytic_complexity_inside_unresolved_scopes=0))
[Stage B]    NN metrics: total=0, multivar=0, max_arity=0
[Stage B]    Current: [35mx0^0.33 * (scale0() * rratpoly0(z=(x1 * x2^-1)))^-0.33 * x1^-1^0.67[0m
[Stage B polish] skipped: accepted state is already terminal; deferring cleanup (NN=0, params=6, following_min_params=none, loss=3.612e-16, floor=4.760e-10, noise_floor=0.000e+00, noise_n_eff=2000.0).
[Stage B]  Overriding floor-lock for sqrt_ratpoly_1d[3] (precheck rel_rms=7.82e-06 < 1e-3)
[Stage B]  Trying 1D sqrt-ratpoly (sqrt) deg=(2,3)->(2,3) nnz=(3,4) on NN leaf vars (1, 2)
[DBG-candfit] analytic-init: starting
[DBG-candfit] analytic-init: done
[Stage B custom_init ratpoly_1d] Init on vars (1, 2): deg=(2,3)->(2,3), nnz=(3,4), rel_rms≈7.82e-06
[DBG-candfit] root: (((x0 ** 0.333333) * ((scale()#ratpoly1d_scale_leaf1_v1_2_sn2_sd3_n2_d3_mn0_md0 * rratpoly(x1*(x2)^-1)#leaf1) ** 0.5)) * ((x1 ** -1) ** 0.666667))
[DBG-candfit] reuse keys: ['ratpoly1d_scale_leaf1_v1_2_sn2_sd2_n2_d2_mn0_md0']
[DBG-candfit] leafval var#None med=6.4717e-01 min=1.370e-02 max=4.291e+01
[DBG-candfit] leafval scale#ratpoly1d_scale_leaf1_v1_2_sn2_sd3_n2_d3_mn0_md0 med=3.0546e-01 min=-3.055e-01 max=-3.055e-01
[DBG-candfit] leafval rratpoly#leaf1 med=1.5739e+00 min=-1.663e+00 max=-1.495e+00
[DBG-candfit] leafval var#None med=1.6337e+01 min=1.259e+00 max=2.051e+02
[DBG-candfit] model_out med=1.0107e-01
[DBG-candfit] target   med=1.0100e-01
[DBG-candfit] leaf[0] AutogradAdaptor/VarLeaf deg=(None,None) cnum=None cden=None scale=None
[DBG-candfit] leaf[1] AutogradAdaptor/FreeConstLeaf deg=(None,None) cnum=None cden=None scale=[-0.305462184293535]
[DBG-candfit] leaf[2] AutogradAdaptor/RRationalPolyLeaf deg=(2,3) cnum=[0.6968632348266409, -2.6193851948779505] cden=[-1.0, 2.5700565657422207, -1.0357028371979853, 0.05180488690777362] scale=None
[DBG-candfit] leaf[3] AutogradAdaptor/VarLeaf deg=(None,None) cnum=None cden=None scale=None
[Stage B] Post-custom-init validation (attempt 0), batch 0, finite: 2000/2000, min: 5.393e-03, max: 2.031e+00, mean: 1.874e-01
[Stage B] Post-custom-init validation (attempt 0), batch 1, finite: 2000/2000, min: 5.277e-03, max: 1.736e+00, mean: 1.980e-01
[Stage B] Post-custom-init validation (attempt 0), batch 2, finite: 2000/2000, min: 7.463e-03, max: 1.375e+00, mean: 1.732e-01
[Stage B] Prediction scale check (attempt 0): pred_median=9.826e-02, true_median=9.826e-02, ratio=1.000e+00
[Stage B] Lifted prefit enabled: link=square, base_link=identity, prefit_epochs=200
[info] dataloader for provider ASTCompositeAdaptor yields 3 batches (equivalent to a single batch up to floating-point roundoff; minor Python-loop overhead per batch).
epochs_min=50 does not align with iter_check=100; the validation-based check will run at the next fresh validation epoch (100).
[LM][bucket] solving P=7 (trivially separable union)
Stopping at epoch 1/200, lm_opt.state['halt']=True, loss=1.0678e-14, loss_val=1.5732e-15
[info] dataloader for provider ASTCompositeAdaptor yields 3 batches (equivalent to a single batch up to floating-point roundoff; minor Python-loop overhead per batch).
epochs_min=50 does not align with iter_check=100; the validation-based check will run at the next fresh validation epoch (100).
Stopping at epoch 1/200, lm_opt.state['halt']=True, loss=2.1234e-15, loss_val=7.5161e-16
[Stage B]    Candidate (sqrt_ratpoly_1d[3]): params=7, val-loss=7.5161e-16
[Stage B]  Overriding floor-lock for sqrt_ratpoly_1d[4] (precheck rel_rms=7.82e-06 < 1e-3)
[Stage B]  Trying 1D sqrt-ratpoly (sqrt) deg=(3,2)->(3,2) nnz=(4,3) on NN leaf vars (1, 2)
[DBG-candfit] analytic-init: starting
[DBG-candfit] analytic-init: done
[Stage B custom_init ratpoly_1d] Init on vars (1, 2): deg=(3,2)->(3,2), nnz=(4,3), rel_rms≈7.82e-06
[DBG-candfit] root: (((x0 ** 0.333333) * ((scale()#ratpoly1d_scale_leaf1_v1_2_sn3_sd2_n3_d2_mn0_md0 * rratpoly(x1*(x2)^-1)#leaf1) ** 0.5)) * ((x1 ** -1) ** 0.666667))
[DBG-candfit] reuse keys: ['ratpoly1d_scale_leaf1_v1_2_sn2_sd2_n2_d2_mn0_md0']
[DBG-candfit] leafval var#None med=6.4717e-01 min=1.370e-02 max=4.291e+01
[DBG-candfit] leafval scale#ratpoly1d_scale_leaf1_v1_2_sn3_sd2_n3_d2_mn0_md0 med=2.0356e-02 min=-2.036e-02 max=-2.036e-02
[DBG-candfit] leafval rratpoly#leaf1 med=2.3618e+01 min=-2.496e+01 max=-2.244e+01
[DBG-candfit] leafval var#None med=1.6337e+01 min=1.259e+00 max=2.051e+02
[DBG-candfit] model_out med=1.0107e-01
[DBG-candfit] target   med=1.0100e-01
[DBG-candfit] leaf[0] AutogradAdaptor/VarLeaf deg=(None,None) cnum=None cden=None scale=None
[DBG-candfit] leaf[1] AutogradAdaptor/FreeConstLeaf deg=(None,None) cnum=None cden=None scale=[-0.020355640685041712]
[DBG-candfit] leaf[2] AutogradAdaptor/RRationalPolyLeaf deg=(3,2) cnum=[10.420558377136432, -39.09230345730439, 14.274681968268219] cden=[-1.0, 2.5630103515142757, -0.9957592258753807] scale=None
[DBG-candfit] leaf[3] AutogradAdaptor/VarLeaf deg=(None,None) cnum=None cden=None scale=None
[Stage B] Post-custom-init validation (attempt 0), batch 0, finite: 2000/2000, min: 5.393e-03, max: 2.031e+00, mean: 1.874e-01
[Stage B] Post-custom-init validation (attempt 0), batch 1, finite: 2000/2000, min: 5.277e-03, max: 1.736e+00, mean: 1.980e-01
[Stage B] Post-custom-init validation (attempt 0), batch 2, finite: 2000/2000, min: 7.463e-03, max: 1.375e+00, mean: 1.732e-01
[Stage B] Prediction scale check (attempt 0): pred_median=9.826e-02, true_median=9.826e-02, ratio=1.000e+00
[Stage B] Lifted prefit enabled: link=square, base_link=identity, prefit_epochs=200
[info] dataloader for provider ASTCompositeAdaptor yields 3 batches (equivalent to a single batch up to floating-point roundoff; minor Python-loop overhead per batch).
epochs_min=50 does not align with iter_check=100; the validation-based check will run at the next fresh validation epoch (100).
Stopping at epoch 1/200, lm_opt.state['halt']=True, loss=1.1001e-14, loss_val=1.5055e-15
[info] dataloader for provider ASTCompositeAdaptor yields 3 batches (equivalent to a single batch up to floating-point roundoff; minor Python-loop overhead per batch).
epochs_min=50 does not align with iter_check=100; the validation-based check will run at the next fresh validation epoch (100).
Stopping at epoch 1/200, lm_opt.state['halt']=True, loss=2.1626e-15, loss_val=7.2515e-16
[Stage B]    Candidate (sqrt_ratpoly_1d[4]): params=7, val-loss=7.2515e-16
[Stage B]  Overriding floor-lock for sqrt_ratpoly_1d[5] (precheck rel_rms=3.57e-04 < 1e-3)
[Stage B]  Trying 1D sqrt-ratpoly (sqrt) deg=(4,2)->(4,2) nnz=(4,3) on NN leaf vars (1, 2)
[DBG-candfit] analytic-init: starting
[DBG-candfit] analytic-init: done
[Stage B custom_init ratpoly_1d] Init on vars (1, 2): deg=(4,2)->(4,2), nnz=(4,3), rel_rms≈3.57e-04
[DBG-candfit] root: (((x0 ** 0.333333) * ((scale()#ratpoly1d_scale_leaf1_v1_2_sn4_sd2_n4_d2_mn0_md0 * rratpoly(x1*(x2)^-1)#leaf1) ** 0.5)) * ((x1 ** -1) ** 0.666667))
[DBG-candfit] reuse keys: ['ratpoly1d_scale_leaf1_v1_2_sn2_sd2_n2_d2_mn0_md0']
[DBG-candfit] leafval var#None med=6.4717e-01 min=1.370e-02 max=4.291e+01
[DBG-candfit] leafval scale#ratpoly1d_scale_leaf1_v1_2_sn4_sd2_n4_d2_mn0_md0 med=1.5568e-01 min=-1.557e-01 max=-1.557e-01
[DBG-candfit] leafval rratpoly#leaf1 med=3.0880e+00 min=-3.264e+00 max=-2.934e+00
[DBG-candfit] leafval var#None med=1.6337e+01 min=1.259e+00 max=2.051e+02
[DBG-candfit] model_out med=1.0107e-01
[DBG-candfit] target   med=1.0100e-01
[DBG-candfit] leaf[0] AutogradAdaptor/VarLeaf deg=(None,None) cnum=None cden=None scale=None
[DBG-candfit] leaf[1] AutogradAdaptor/FreeConstLeaf deg=(None,None) cnum=None cden=None scale=[-0.1556840696477898]
[DBG-candfit] leaf[2] AutogradAdaptor/RRationalPolyLeaf deg=(4,2) cnum=[2.43377519738273, -1.255693567045012, -4.529212767773441] cden=[1.0, -3.945572560948274, 3.7069593544997814] scale=None
[DBG-candfit] leaf[3] AutogradAdaptor/VarLeaf deg=(None,None) cnum=None cden=None scale=None
[Stage B] Post-custom-init validation (attempt 0), batch 0, finite: 2000/2000, min: 5.393e-03, max: 2.031e+00, mean: 1.874e-01
[Stage B] Post-custom-init validation (attempt 0), batch 1, finite: 2000/2000, min: 5.277e-03, max: 1.736e+00, mean: 1.980e-01
[Stage B] Post-custom-init validation (attempt 0), batch 2, finite: 2000/2000, min: 7.463e-03, max: 1.375e+00, mean: 1.732e-01
[Stage B] Prediction scale check (attempt 0): pred_median=9.826e-02, true_median=9.826e-02, ratio=1.000e+00
[Stage B] Lifted prefit enabled: link=square, base_link=identity, prefit_epochs=200
[info] dataloader for provider ASTCompositeAdaptor yields 3 batches (equivalent to a single batch up to floating-point roundoff; minor Python-loop overhead per batch).
epochs_min=50 does not align with iter_check=100; the validation-based check will run at the next fresh validation epoch (100).
Stopping at epoch 1/200, lm_opt.state['halt']=True, loss=1.3650e-11, loss_val=4.6266e-11
[info] dataloader for provider ASTCompositeAdaptor yields 3 batches (equivalent to a single batch up to floating-point roundoff; minor Python-loop overhead per batch).
epochs_min=50 does not align with iter_check=100; the validation-based check will run at the next fresh validation epoch (100).
Stopping at epoch 1/200, lm_opt.state['halt']=True, loss=7.7713e-12, loss_val=2.3547e-11
[Stage B]    Candidate (sqrt_ratpoly_1d[5]): params=7, val-loss=2.3547e-11
[Stage B]    Reject (sqrt_ratpoly_1d[5]): reject-no-improvement | loss 3.612e-16->2.355e-11 (Δ+2.35e-11) | params 6->7 | cx (0, 0, 0)->(0, 0, 0)
[Stage B]  Overriding floor-lock for ratpoly_1d[5] (precheck rel_rms=1.52e-05 < 1e-3)
[Stage B]  Precheck reject (duplicate-signature) rule=univariate_nn cand=ratpoly_1d[5] target=nn#leaf1 vars=(1, 2) sig=(960898949, 3, 1, 1, 1, -1, 4, 1, 1, 1, 1) attempted=26
[Stage B]  Overriding floor-lock for ratpoly_1d[6] (precheck rel_rms=1.71e-05 < 1e-3)
[Stage B]  Precheck reject (duplicate-signature) rule=univariate_nn cand=ratpoly_1d[6] target=nn#leaf1 vars=(1, 2) sig=(960898949, 4, 1, 1, 1, 1, -1, 3, 1, 1, 1) attempted=26
[Stage B]  Overriding floor-lock for ratpoly_1d[7] (precheck rel_rms=6.25e-05 < 1e-3)
[Stage B]  Trying 1D ratpoly deg=(2,4)->(2,4) nnz=(2,5) (scale*P_red(x)/Q(x)) rewrite on NN leaf vars (1, 2)
[Stage B custom_init ratpoly_1d] Init on vars (1, 2): deg=(2,4)->(2,4), nnz=(2,5), rel_rms≈6.25e-05
[DBG-candfit] root: (((scale()#ratpoly1d_scale_leaf1_v1_2_sn2_sd4_n2_d4_mn0_md0 * (x0 ** 0.333333)) * rratpoly(x1*(x2)^-1)#leaf1) * ((x1 ** -1) ** 0.666667))
[DBG-candfit] reuse keys: ['ratpoly1d_scale_leaf1_v1_2_sn2_sd2_n2_d2_mn0_md0']
[DBG-candfit] leafval scale#ratpoly1d_scale_leaf1_v1_2_sn2_sd4_n2_d4_mn0_md0 med=7.4569e+00 min=7.457e+00 max=7.457e+00
[DBG-candfit] leafval var#None med=6.4717e-01 min=1.370e-02 max=4.291e+01
[DBG-candfit] leafval rratpoly#leaf1 med=9.2983e-02 min=9.064e-02 max=9.559e-02
[DBG-candfit] leafval var#None med=1.6337e+01 min=1.259e+00 max=2.051e+02
[DBG-candfit] model_out med=1.0107e-01
[DBG-candfit] target   med=1.0100e-01
[DBG-candfit] leaf[0] AutogradAdaptor/FreeConstLeaf deg=(None,None) cnum=None cden=None scale=[7.4569447670018985]
[DBG-candfit] leaf[1] AutogradAdaptor/VarLeaf deg=(None,None) cnum=None cden=None scale=None
[DBG-candfit] leaf[2] AutogradAdaptor/RRationalPolyLeaf deg=(2,4) cnum=[-0.4404813762680661] cden=[1.0, -9.548001035060357, 16.596172485654172, -2.587829076627326] scale=None
[DBG-candfit] leaf[3] AutogradAdaptor/VarLeaf deg=(None,None) cnum=None cden=None scale=None
[Stage B] Post-custom-init validation (attempt 0), batch 0, finite: 2000/2000, min: 5.393e-03, max: 2.031e+00, mean: 1.874e-01
[Stage B] Post-custom-init validation (attempt 0), batch 1, finite: 2000/2000, min: 5.277e-03, max: 1.736e+00, mean: 1.980e-01
[Stage B] Post-custom-init validation (attempt 0), batch 2, finite: 2000/2000, min: 7.463e-03, max: 1.375e+00, mean: 1.732e-01
[Stage B] Prediction scale check (attempt 0): pred_median=9.826e-02, true_median=9.826e-02, ratio=1.000e+00
[DBG-candfit] analytic-init: starting
[DBG-candfit] analytic-init: done
[info] dataloader for provider ASTCompositeAdaptor yields 3 batches (equivalent to a single batch up to floating-point roundoff; minor Python-loop overhead per batch).
Stopping at epoch 1/2000, lm_opt.state['halt']=True, loss=2.7359e-13, loss_val=6.7305e-13
[Stage B]    Candidate (ratpoly_1d[7]): params=7, val-loss=6.7305e-13
[DBG-candfit] root: (((scale()#ratpoly1d_scale_leaf1_v1_2_sn2_sd4_n2_d4_mn0_md0 * (x0 ** 0.333333)) * rratpoly(x1*(x2)^-1)#leaf1) * ((x1 ** -1) ** 0.666667))
[DBG-candfit] reuse keys: []
[DBG-candfit] leafval scale#ratpoly1d_scale_leaf1_v1_2_sn2_sd4_n2_d4_mn0_md0 med=7.4569e+00 min=7.457e+00 max=7.457e+00
[DBG-candfit] leafval var#None med=6.4717e-01 min=1.370e-02 max=4.291e+01
[DBG-candfit] leafval rratpoly#leaf1 med=1.6619e-01 min=1.472e-01 max=1.875e-01
[DBG-candfit] leafval var#None med=1.6337e+01 min=1.259e+00 max=2.051e+02
[DBG-candfit] model_out med=1.8402e-01
[DBG-candfit] target   med=1.0100e-01
[DBG-candfit] leaf[0] AutogradAdaptor/FreeConstLeaf deg=(None,None) cnum=None cden=None scale=[7.4569447710576]
[DBG-candfit] leaf[1] AutogradAdaptor/VarLeaf deg=(None,None) cnum=None cden=None scale=None
[DBG-candfit] leaf[2] AutogradAdaptor/RRationalPolyLeaf deg=(2,4) cnum=[] cden=[0.9999999945363799, -9.54800104088333, 16.596172479710095, -2.587829081862067] scale=None
[DBG-candfit] leaf[3] AutogradAdaptor/VarLeaf deg=(None,None) cnum=None cden=None scale=None
[Stage B] Post-custom-init validation (attempt 0), batch 0, finite: 2000/2000, min: 8.963e-03, max: 3.392e+00, mean: 3.344e-01
[Stage B] Post-custom-init validation (attempt 0), batch 1, finite: 2000/2000, min: 8.942e-03, max: 3.020e+00, mean: 3.534e-01
[Stage B] Post-custom-init validation (attempt 0), batch 2, finite: 2000/2000, min: 1.440e-02, max: 2.978e+00, mean: 3.729e-01
[Stage B] Prediction scale check (attempt 0): pred_median=1.891e-01, true_median=9.826e-02, ratio=1.924e+00
[DBG-candfit] analytic-init: starting
[DBG-candfit] analytic-init: done
[info] dataloader for provider ASTCompositeAdaptor yields 3 batches (equivalent to a single batch up to floating-point roundoff; minor Python-loop overhead per batch).
[LM][bucket] solving P=6 (trivially separable union)
[nestynet.optimizer] [LM] **** Too many rejects at lam_max; halting. self.lam_max=1000000000000.0 lam_new=1000000000000.0, iteration 87
Stopping at epoch 88/2000, lm_opt.state['halt']=True, loss=2.6174e-12, loss_val=4.6048e-12
[Stage B]    ratpoly trim accept (num) drop degree 1: num=[1, 2], den=[0, 1, 2, 3, 4] -> num=[2], den=[0, 1, 2, 3, 4], loss 6.7305e-13->4.6048e-12
[DBG-candfit] root: (((scale()#ratpoly1d_scale_leaf1_v1_2_sn2_sd4_n2_d4_mn0_md0 * (x0 ** 0.333333)) * rratpoly(x1*(x2)^-1)#leaf1) * ((x1 ** -1) ** 0.666667))
[DBG-candfit] reuse keys: []
[DBG-candfit] leafval scale#ratpoly1d_scale_leaf1_v1_2_sn2_sd4_n2_d4_mn0_md0 med=1.1433e+01 min=1.143e+01 max=1.143e+01
[DBG-candfit] leafval var#None med=6.4717e-01 min=1.370e-02 max=4.291e+01
[DBG-candfit] leafval rratpoly#leaf1 med=9.9970e+07 min=8.072e+07 max=1.314e+08
[DBG-candfit] leafval var#None med=1.6337e+01 min=1.259e+00 max=2.051e+02
[DBG-candfit] model_out med=1.6427e+08
[DBG-candfit] target   med=1.0100e-01
[DBG-candfit] leaf[0] AutogradAdaptor/FreeConstLeaf deg=(None,None) cnum=None cden=None scale=[11.433024598139427]
[DBG-candfit] leaf[1] AutogradAdaptor/VarLeaf deg=(None,None) cnum=None cden=None scale=None
[DBG-candfit] leaf[2] AutogradAdaptor/RRationalPolyLeaf deg=(2,4) cnum=[] cden=[-7.485943815538251, -8.365184532284605, 16.15834725687606, -3.761090478564481] scale=None
[DBG-candfit] leaf[3] AutogradAdaptor/VarLeaf deg=(None,None) cnum=None cden=None scale=None
[Stage B] Post-custom-init validation (attempt 0), batch 0, finite: 2000/2000, min: 8.700e+06, max: 4.302e+09, mean: 3.183e+08
[Stage B] Post-custom-init validation (attempt 0), batch 1, finite: 2000/2000, min: 8.538e+06, max: 3.823e+09, mean: 3.352e+08
[Stage B] Post-custom-init validation (attempt 0), batch 2, finite: 2000/2000, min: 7.002e+06, max: 2.962e+09, mean: 1.872e+08
[Stage B] Prediction scale check (attempt 0): pred_median=1.397e+08, true_median=9.826e-02, ratio=1.422e+09
[Stage B] Warning: init scale_ratio extreme; rejecting candidate.
[DBG-candfit] root: (((scale()#ratpoly1d_scale_leaf1_v1_2_sn2_sd4_n2_d4_mn0_md0 * (x0 ** 0.333333)) * rratpoly(x1*(x2)^-1)#leaf1) * ((x1 ** -1) ** 0.666667))
[DBG-candfit] reuse keys: []
[DBG-candfit] leafval scale#ratpoly1d_scale_leaf1_v1_2_sn2_sd4_n2_d4_mn0_md0 med=1.1433e+01 min=1.143e+01 max=1.143e+01
[DBG-candfit] leafval var#None med=6.4717e-01 min=1.370e-02 max=4.291e+01
[DBG-candfit] leafval rratpoly#leaf1 med=4.0235e-02 min=3.956e-02 max=4.098e-02
[DBG-candfit] leafval var#None med=1.6337e+01 min=1.259e+00 max=2.051e+02
[DBG-candfit] model_out med=6.7271e-02
[DBG-candfit] target   med=1.0100e-01
[DBG-candfit] leaf[0] AutogradAdaptor/FreeConstLeaf deg=(None,None) cnum=None cden=None scale=[11.433024598139427]
[DBG-candfit] leaf[1] AutogradAdaptor/VarLeaf deg=(None,None) cnum=None cden=None scale=None
[DBG-candfit] leaf[2] AutogradAdaptor/RRationalPolyLeaf deg=(2,4) cnum=[] cden=[-7.485943815538251, 19.9430663022387, 16.15834725687606, -3.761090478564481] scale=None
[DBG-candfit] leaf[3] AutogradAdaptor/VarLeaf deg=(None,None) cnum=None cden=None scale=None
[Stage B] Post-custom-init validation (attempt 0), batch 0, finite: 2000/2000, min: 3.602e-03, max: 1.356e+00, mean: 1.243e-01
[Stage B] Post-custom-init validation (attempt 0), batch 1, finite: 2000/2000, min: 3.509e-03, max: 1.161e+00, mean: 1.313e-01
[Stage B] Post-custom-init validation (attempt 0), batch 2, finite: 2000/2000, min: 4.831e-03, max: 9.049e-01, mean: 1.126e-01
[Stage B] Prediction scale check (attempt 0): pred_median=6.477e-02, true_median=9.826e-02, ratio=6.591e-01
[DBG-candfit] analytic-init: starting
[DBG-candfit] analytic-init: done
[info] dataloader for provider ASTCompositeAdaptor yields 3 batches (equivalent to a single batch up to floating-point roundoff; minor Python-loop overhead per batch).
[LM][bucket] solving P=5 (trivially separable union)
[nestynet.optimizer] [LM] **** Too many rejects at lam_max; halting. self.lam_max=1000000000000.0 lam_new=1000000000000.0, iteration 79
Stopping at epoch 80/2000, lm_opt.state['halt']=True, loss=1.5817e-11, loss_val=3.1465e-11
[Stage B]    ratpoly trim accept (den) drop degree 2: num=[2], den=[0, 1, 2, 3, 4] -> num=[2], den=[0, 1, 3, 4], loss 4.6048e-12->3.1465e-11
[DBG-candfit] root: (((scale()#ratpoly1d_scale_leaf1_v1_2_sn2_sd4_n2_d4_mn0_md0 * (x0 ** 0.333333)) * rratpoly(x1*(x2)^-1)#leaf1) * ((x1 ** -1) ** 0.666667))
[DBG-candfit] reuse keys: []
[DBG-candfit] leafval scale#ratpoly1d_scale_leaf1_v1_2_sn2_sd4_n2_d4_mn0_md0 med=1.4288e+01 min=1.429e+01 max=1.429e+01
[DBG-candfit] leafval var#None med=6.4717e-01 min=1.370e-02 max=4.291e+01
[DBG-candfit] leafval rratpoly#leaf1 med=4.5589e-01 min=1.969e-01 max=8.346e+07
[DBG-candfit] leafval var#None med=1.6337e+01 min=1.259e+00 max=2.051e+02
[DBG-candfit] model_out med=1.1926e+00
[DBG-candfit] target   med=1.0100e-01
[DBG-candfit] leaf[0] AutogradAdaptor/FreeConstLeaf deg=(None,None) cnum=None cden=None scale=[14.288212629801672]
[DBG-candfit] leaf[1] AutogradAdaptor/VarLeaf deg=(None,None) cnum=None cden=None scale=None
[DBG-candfit] leaf[2] AutogradAdaptor/RRationalPolyLeaf deg=(2,4) cnum=[] cden=[-7.844101230622711, 12.778202384154616, -2.739714883032681] scale=None
[DBG-candfit] leaf[3] AutogradAdaptor/VarLeaf deg=(None,None) cnum=None cden=None scale=None
[Stage B] Post-custom-init validation (attempt 0), batch 0, finite: 2000/2000, min: 2.595e-02, max: 1.960e+09, mean: 2.767e+07
[Stage B] Post-custom-init validation (attempt 0), batch 1, finite: 2000/2000, min: 2.598e-02, max: 1.913e+09, mean: 2.277e+07
[Stage B] Post-custom-init validation (attempt 0), batch 2, finite: 2000/2000, min: 3.892e-02, max: 2.032e+09, mean: 2.156e+08
[Stage B] Prediction scale check (attempt 0): pred_median=3.993e+00, true_median=9.826e-02, ratio=4.064e+01
[DBG-candfit] analytic-init: starting
[DBG-candfit] analytic-init: done
[info] dataloader for provider ASTCompositeAdaptor yields 3 batches (equivalent to a single batch up to floating-point roundoff; minor Python-loop overhead per batch).
[LM][bucket] solving P=4 (trivially separable union)
[nestynet.optimizer] [LM] **** Too many rejects at lam_max; halting. self.lam_max=1000000000000.0 lam_new=1000000000000.0, iteration 58
Stopping at epoch 59/2000, lm_opt.state['halt']=True, loss=4.9281e-03, loss_val=9.9620e-03
[DBG-candfit] root: (((scale()#ratpoly1d_scale_leaf1_v1_2_sn2_sd4_n2_d4_mn0_md0 * (x0 ** 0.333333)) * rratpoly(x1*(x2)^-1)#leaf1) * ((x1 ** -1) ** 0.666667))
[DBG-candfit] reuse keys: []
[DBG-candfit] leafval scale#ratpoly1d_scale_leaf1_v1_2_sn2_sd4_n2_d4_mn0_md0 med=1.4288e+01 min=1.429e+01 max=1.429e+01
[DBG-candfit] leafval var#None med=6.4717e-01 min=1.370e-02 max=4.291e+01
[DBG-candfit] leafval rratpoly#leaf1 med=1.2771e-01 min=1.168e-01 max=1.540e-01
[DBG-candfit] leafval var#None med=1.6337e+01 min=1.259e+00 max=2.051e+02
[DBG-candfit] model_out med=2.6513e-01
[DBG-candfit] target   med=1.0100e-01
[DBG-candfit] leaf[0] AutogradAdaptor/FreeConstLeaf deg=(None,None) cnum=None cden=None scale=[14.288212629801672]
[DBG-candfit] leaf[1] AutogradAdaptor/VarLeaf deg=(None,None) cnum=None cden=None scale=None
[DBG-candfit] leaf[2] AutogradAdaptor/RRationalPolyLeaf deg=(2,4) cnum=[] cden=[-7.844101230622711, 18.412704508330332, -2.739714883032681] scale=None
[DBG-candfit] leaf[3] AutogradAdaptor/VarLeaf deg=(None,None) cnum=None cden=None scale=None
[Stage B] Post-custom-init validation (attempt 0), batch 0, finite: 2000/2000, min: 1.558e-02, max: 6.308e+00, mean: 5.057e-01
[Stage B] Post-custom-init validation (attempt 0), batch 1, finite: 2000/2000, min: 1.450e-02, max: 5.606e+00, mean: 5.329e-01
[Stage B] Post-custom-init validation (attempt 0), batch 2, finite: 2000/2000, min: 1.577e-02, max: 4.347e+00, mean: 3.816e-01
[Stage B] Prediction scale check (attempt 0): pred_median=2.437e-01, true_median=9.826e-02, ratio=2.481e+00
[DBG-candfit] analytic-init: starting
[DBG-candfit] analytic-init: done
[info] dataloader for provider ASTCompositeAdaptor yields 3 batches (equivalent to a single batch up to floating-point roundoff; minor Python-loop overhead per batch).
[nestynet.optimizer] [LM] **** Too many rejects at lam_max; halting. self.lam_max=1000000000000.0 lam_new=1000000000000.0, iteration 73
Stopping at epoch 74/2000, lm_opt.state['halt']=True, loss=5.3602e-08, loss_val=7.2236e-08
[Stage B]    ratpoly trim fixed-point: 2 accepted drop(s), num=[2], den=[0, 1, 3, 4]
[Stage B]    ratpoly trim fallback: both variants rejected (raw=reject-no-improvement, trimmed=simpler-over-budget(thr=3.816e-14))
[Stage B]    Reject (ratpoly_1d[7]): reject-no-improvement | loss 3.612e-16->6.730e-13 (Δ+6.73e-13) | params 6->7 | cx (0, 0, 0)->(0, 0, 0)
[Stage B]  Overriding floor-lock for ratpoly_1d[8] (precheck rel_rms=4.94e-05 < 1e-3)
[Stage B]  Precheck reject (duplicate-signature) rule=univariate_nn cand=ratpoly_1d[8] target=nn#leaf1 vars=(1, 2) sig=(960898949, 5, 0, 1, 1, 1, 1, -1, 3, 1, 1, 1) attempted=27
[Stage B]    [32mAccepted[0m rewrite (sqrt_ratpoly_1d[4], loss-below-floor-simpler; homogeneous-gauge-scope-improved HomogeneousGaugeGlobalScore(total_unresolved_scopes=1, total_ratio_nn_atoms_inside_unresolved_scopes=1, sum_effective_arity_sq_inside_unresolved_scopes=1, max_effective_arity_inside_unresolved_scopes=1, analytic_factor_count_inside_unresolved_scopes=2, analytic_complexity_inside_unresolved_scopes=5)->HomogeneousGaugeGlobalScore(total_unresolved_scopes=0, total_ratio_nn_atoms_inside_unresolved_scopes=0, sum_effective_arity_sq_inside_unresolved_scopes=0, max_effective_arity_inside_unresolved_scopes=0, analytic_factor_count_inside_unresolved_scopes=0, analytic_complexity_inside_unresolved_scopes=0))
[Stage B]    NN metrics: total=0, multivar=0, max_arity=0
[Stage B]    Current: [35mx0^0.33 * (scale0() * rratpoly0(z=(x1 * x2^-1)))^0.5 * x1^-1^0.67[0m
[Stage B polish] skipped: accepted state is already terminal; deferring cleanup (NN=0, params=7, following_min_params=none, loss=7.252e-16, floor=4.760e-10, noise_floor=0.000e+00, noise_n_eff=2000.0).
[Stage B]  Skipping cbrt_ratpoly_1d[2] (baseline below floor; candidate minimum complexity cannot beat incumbent)
[Stage B] === Phase 1: Searching for separabilities (additive, multiplicative) ===
[Stage B] Rule nonsense_units_zero_prune found 0 targets
[Stage B] Rule monomial_peel_priority found 0 targets
[Stage B] Rule subtree_separability found 1 targets
[Stage B]   target order (arity-asc): [vars=?(arity=0)]
[SubtreeSeparability] called on _SubtreeModel, vars=[1, 2]
[Stage B] Rule last_hard_trig_square found 0 targets
[Stage B] Rule univariate_nn found 0 targets
[Stage B] Rule log_ratio found 0 targets
[Stage B] Rule power_product found 0 targets
[Stage B] Rule joint_product_monomial_closure found 0 targets
[Stage B] Rule overlap_prefactor_peel found 0 targets
[Stage B] Rule overlap_counterterm_peel found 0 targets
[Stage B] Rule common_prefactor found 0 targets
[Stage B] Rule additive_gauge_transfer found 0 targets
[Stage B] Rule multiplicative_homogeneity_transfer found 0 targets
[Stage B] Rule univariate_mono found 0 targets
[Stage B] Rule nn_leaf_separability found 0 targets
[Stage B] Rule counterterm_mul_split found 0 targets
[Stage B] Rule counterfactor_add_split found 0 targets
[Stage B] Terminal state reached after accept; done (NN=0, params=7, following_min_params=none, loss=7.252e-16, floor=4.760e-10, noise_floor=0.000e+00, noise_n_eff=2000.0).
[Stage B]   Keeping current state (both<=floor_cmp(3.612e-14); keeping current complexity (36.7, 7) <= best (38.85, 6))
[Stage B] Pareto(loss,complexity): front=8 trackable=70 outcomes=['accept', 'reject']
[Stage B]   Pareto step=96 accept cbrt_ratpoly_1d[6]: loss=3.612e-16 cx=38.850 (ast=38.850, map=0.000:-/none) params=6
[Stage B]   Pareto step=102 accept sqrt_ratpoly_1d[4]: loss=7.252e-16 cx=36.700 (ast=36.700, map=0.000:-/none) params=7
[Stage B]   Pareto step=100 reject ratpoly_1d[7]: loss=6.730e-13 cx=35.200 (ast=35.200, map=0.000:-/none) params=7
[Stage B]   Pareto step=71 reject leaftr_recip_poly3[z_inv]: loss=3.038e-11 cx=28.900 (ast=28.900, map=0.000:-/none) params=4
[Stage B]   Pareto step=75 reject leaftr_sqrt_poly3[z_inv]: loss=1.388e-10 cx=27.900 (ast=27.900, map=0.000:-/none) params=4
[Stage B]   Pareto step=66 reject inv_poly[z_inv]: loss=3.494e-09 cx=27.700 (ast=27.700, map=0.000:-/none) params=3
[Stage B]   Pareto step=70 reject leaftr_recip_poly3: loss=6.342e-09 cx=26.400 (ast=26.400, map=0.000:-/none) params=4
[Stage B]   Pareto step=74 reject leaftr_sqrt_poly3: loss=1.196e-08 cx=25.400 (ast=25.400, map=0.000:-/none) params=4
[PruneParam] 0 NN atoms, 5 prunable parameters — running per-parameter pruning
[PruneParam]   Param coeffs_num[2] in leaf1 (ratpoly): val=1.427e+01, sig=2.232e+01
[DBG-candfit] analytic-init: starting
[DBG-candfit] analytic-init: done
[info] dataloader for provider ASTCompositeAdaptor yields 3 batches (equivalent to a single batch up to floating-point roundoff; minor Python-loop overhead per batch).
[LM][bucket] solving P=7 (trivially separable union)
Stopping at epoch 201/300, lm_opt.state['halt']=True, loss=2.7573e-14, loss_val=4.4442e-14
[PruneParam]   Zeroed coeffs_num[2] in leaf1, refit 300 epochs
[PruneParam]   MSE: 7.252e-16 -> 4.444e-14, AIC: -69706.3 -> -61477.2 — REJECTED (stop)
[PruneParam] No parameters pruned
[Prune] Skipping: only 1 additive term(s)
[PruneNested] No nested additive sites with >= 2 terms
[Stage B] Shuffle diagnostic skipped: input has only 3 columns, axes=(2, 3) not available.
[Stage B] Phi diagnostic (phi_true=y^2): max|Δ|=0.43, rmse=0.129
[Stage B] y_true stats: min=0.00693, max=1.32, median=0.0968
[Stage B] y_pred stats: min=0.00693, max=1.32, median=0.0968
[Stage C] pretty_print_state FULL expr: (x0)**0.3333333333333333 * (sqrt(-0.02035564070527088*(((10.42055837711341 - 39.09230345732893*(x1*(x2)^-1) + 14.27468196824169*(x1*(x2)^-1)^2 + (x1*(x2)^-1)^3)/(-1 + 2.563010350954887*(x1*(x2)^-1) - 0.9957592264819067*(x1*(x2)^-1)^2))))) * (1/(x1))**0.6666666666666666
[Stage C] Running SymPy simplification in guarded worker (max_seconds=300.0, mem_fraction=0.2).
[Stage C] Attempting SymPy simplification of φ(y)...
[Stage C] SymPy variable assumptions from data: x0>0, x1>0, x2>0
[Stage C] baseline pretty_print max_err≈7.54e-10 vs model, tol≈9.68e-10
[SymPy] _nsimplify_floats() hit recursion limit; skipping
[SymPy] together+cancel increased complexity (37→65 ops); reverting
[SymPy] After trigsimp, budget remaining: 59.7s
[SymPy] Starting simplify()...
[SymPy] simplify() completed
[SymPy] aggressive_simplify result: 554*sqrt(1889593928027421)*x0**(1/3)*sqrt((6773690167934576040*x1**5 + 79257297343269911660*x1**4*x2 - 506875345472227065920*x1**3*x2**2 + 849263059570776876262*x1**2*x2**3 - 447609066328221999705*x1*x2**4 + 70886245799715372180*x2**5)/(511497464675921409770335069456*x1**8 - 5266226001995905778541195782560*x1**7*x2 + 22387015521768891686867192351960*x1**6*x2**2 - 50755203168383524308387144356200*x1**5*x2**3 + 66383568136046983723498776004225*x1**4*x2**4 - 50971360785943613503820583218000*x1**3*x2**5 + 22578106410269400307701436316000*x1**2*x2**6 - 5333796791667256392788068640000*x1*x2**7 + 520266803286398873973964960000*x2**8))*Abs(26743046*x1**2 - 68834615*x1*x2 + 26856940*x2**2)/(16391949095907*x1**(2/3)*sqrt(x2))
[Stage C] aggressive_simplify completed, budget remaining: 59.5s
[Stage C] [32mAccepted[0m SymPy candidate: parsed, ops=54, abs=0, abs_extra=0, score=149, max_err=7.54e-10, tol≈4.84e-09
[Stage B] Final model: params=7, val-loss=7.2515e-16
[Stage B] recomputed final MSE: 7.25152e-16 RMS: 1.52483e-08
[Stage B] stored val_loss: 7.2515e-16
[Stage B] Final NN metrics: total=0, multivar=0, max_arity=0
[Stage B] [32mAccepted[0m patterns: monomial_pow2_3[z_inv], monomial_pow1_3, cbrt_ratpoly_1d[6], sqrt_ratpoly_1d[4]
[Stage B] After pruning/simplification: 0.1426731954687736*x0**0.3333333333333333*sqrt(x1**3/(0.9957592264819067*x1**2 - 2.563010350954887*x1*x2 + x2**2) + 14.27468196824169*x1**2*x2/(0.9957592264819067*x1**2 - 2.563010350954887*x1*x2 + x2**2) - 39.09230345732893*x1*x2**2/(0.9957592264819067*x1**2 - 2.563010350954887*x1*x2 + x2**2) + 10.42055837711341*x2**3/(0.9957592264819067*x1**2 - 2.563010350954887*x1*x2 + x2**2))/(x1**0.6666666666666666*sqrt(x2))
[36m[Stage B] Final AST:[0m (((x0 ** 0.333333) * ((scale()#ratpoly1d_scale_leaf1_v1_2_sn3_sd2_n3_d2_mn0_md0 * rratpoly(x1*(x2)^-1)#leaf1) ** 0.5)) * ((x1 ** -1) ** 0.666667))
[36m[Stage B] Final expression (in φ(y)-space):[0m 0.1426731954687736*x0**0.3333333333333333*sqrt(x1**3/(0.9957592264819067*x1**2 - 2.563010350954887*x1*x2 + x2**2) + 14.27468196824169*x1**2*x2/(0.9957592264819067*x1**2 - 2.563010350954887*x1*x2 + x2**2) - 39.09230345732893*x1*x2**2/(0.9957592264819067*x1**2 - 2.563010350954887*x1*x2 + x2**2) + 10.42055837711341*x2**3/(0.9957592264819067*x1**2 - 2.563010350954887*x1*x2 + x2**2))/(x1**0.6666666666666666*sqrt(x2))
[36m[Stage B] Final expression (in original y-space):[0m 0.1426731954687736*x0**0.3333333333333333*sqrt(x1**3/(0.9957592264819067*x1**2 - 2.563010350954887*x1*x2 + x2**2) + 14.27468196824169*x1**2*x2/(0.9957592264819067*x1**2 - 2.563010350954887*x1*x2 + x2**2) - 39.09230345732893*x1*x2**2/(0.9957592264819067*x1**2 - 2.563010350954887*x1*x2 + x2**2) + 10.42055837711341*x2**3/(0.9957592264819067*x1**2 - 2.563010350954887*x1*x2 + x2**2))/(x1**0.6666666666666666*sqrt(x2))
[A<->B] Saved after-stageB checkpoint to <WORKSPACE>/NestyNet_SR/results/jacobi_v1_full.state.pkl
[A<->B] No multivariate NN atoms remain; converged.

Elapsed time: 1.1501103576158898 hours
[GS] Wrote GS report to <WORKSPACE>/NestyNet_SR/results/jacobi_v1_full.gs_report.json
[Stage A provisional] 1/1 confirmed (confirmed_terminal_stageB)
[Truth Eval] Loaded 120 canaries from aif_canaries.json

Wrote JSON report to <WORKSPACE>/NestyNet_SR/results/jacobi_v1_full.report.json
Wrote simplification path to <WORKSPACE>/NestyNet_SR/results/jacobi_v1_full.path

=== Simplification Path ===

Step 0 [Stage A] pure NN surrogate (y_op=identity)
  NN[x0, x1, x2]
  mse_raw=1.2173e-09 params=960

Step 1 [Stage A] separability/compound detection (y_op=identity)
  (NN[x0] * (NN[(x1 * (x2)**-1)] * NN[x1]))
  mse_raw=3.8607e-11 params=1152
  base_loss=1.2173e-09

Step 2 [Stage B] rewrite monomial_pow2_3[z_inv] (rule=monomial_peel_priority, target=nn#leaf2 vars=(1,), coord=1/z)
  ((NN[x0] * NN[(x1 * (x2)**-1)]) * ((x1)**-1)**0.666667)
  mse_raw=4.4784e-11 complexity_total=2e+06 params=768 ast_cost=2000014.0
  base_loss=3.8615e-11

Step 3 [Stage B] rewrite monomial_pow1_3 (rule=monomial_peel_priority, target=nn#leaf0 vars=(0,))
  (((x0)**0.333333 * NN[(x1 * (x2)**-1)]) * ((x1)**-1)**0.666667)
  mse_raw=6.7029e-15 complexity_total=1e+06 params=384 ast_cost=1000020.0
  base_loss=4.4784e-11

Step 4 [Stage B] rewrite cbrt_ratpoly_1d[6] (rule=univariate_nn, target=nn#leaf1 vars=(1, 2))
  (((x0)**0.333333 * ((scale() * rratpoly((x1 * (x2)**-1))))**-0.333333) * ((x1)**-1)**0.666667)
  mse_raw=3.6125e-16 complexity_total=38.9 params=6 ast_cost=38.9
  base_loss=6.7029e-15

Step 5 [Stage B] rewrite sqrt_ratpoly_1d[4] (rule=univariate_nn, target=nn#leaf1 vars=(1, 2))
  (((x0)**0.333333 * sqrt((scale() * rratpoly((x1 * (x2)**-1))))) * ((x1)**-1)**0.666667)
  mse_raw=7.2515e-16 complexity_total=36.7 params=7 ast_cost=36.7
  base_loss=3.6125e-16

Step 6 [Stage C] SymPy simplification (ops=None, max_err=7.544826985395048e-10)
  0.1426731954687736*x0**0.3333333333333333*sqrt(x1**3/(0.9957592264819067*x1**2 - 2.563010350954887*x1*x2 + x2**2) + 14.27468196824169*x1**2*x2/(0.9957592264819067*x1**2 - 2.563010350954887*x1*x2 + x2**2) - 39.09230345732893*x1*x2**2/(0.9957592264819067*x1**2 - 2.563010350954887*x1*x2 + x2**2) + 10.42055837711341*x2**3/(0.9957592264819067*x1**2 - 2.563010350954887*x1*x2 + x2**2))/(x1**0.6666666666666666*sqrt(x2))
  mse_raw=7.2515e-16 params=7
  base_loss=7.2515e-16

=== Final: 0.1426731954687736*x0**0.3333333333333333*sqrt(x1**3/(0.9957592264819067*x1**2 - 2.563010350954887*x1*x2 + x2**2) + 14.27468196824169*x1**2*x2/(0.9957592264819067*x1**2 - 2.563010350954887*x1*x2 + x2**2) - 39.09230345732893*x1*x2**2/(0.9957592264819067*x1**2 - 2.563010350954887*x1*x2 + x2**2) + 10.42055837711341*x2**3/(0.9957592264819067*x1**2 - 2.563010350954887*x1*x2 + x2**2))/(x1**0.6666666666666666*sqrt(x2)) ===

--- Accuracy Progression ---
  Stage A      mse_raw=  1.2173e-09  params=  960
  Stage A      mse_raw=  3.8607e-11  params= 1152  (3.2e+01x better)
  Stage B      mse_raw=  4.4784e-11  params=  768  (1.2e+00x worse)
  Stage B      mse_raw=  6.7029e-15  params=  384  (6.7e+03x better)
  Stage B      mse_raw=  3.6125e-16  params=    6  (1.9e+01x better)
  Stage B      mse_raw=  7.2515e-16  params=    7  (2.0e+00x worse)
  Stage C      mse_raw=  7.2515e-16  params=    7  (unchanged)
[FinalPolish] Running in guarded worker (max_seconds=300.0, mem_fraction=0.2).
[Truth Eval] Loaded 120 canaries from aif_canaries.json
[FinalPolish] Updated JSON report with final_polish: <WORKSPACE>/NestyNet_SR/results/jacobi_v1_full.report.json

=== Final Pareto Polish ===
status: success
recommended: 0.1426731954687736*x0**(1/3)*sqrt((x1**3 + 14.27468196824169*x1**2*x2 - 39.09230345732893*x1*x2**2 + 10.42055837711341*x2**3)/(x1**2 - 2.563010350954887*x1*x2 + x2**2))/(x1**(2/3)*sqrt(x2))
val_mse=1.7576e-05 complexity=85
seed_nrmse=1.6756e-02
frontier_dir: <WORKSPACE>/NestyNet_SR/results/jacobi_v1_full_polish

=== Final Selected Result ===
source: stageB
expr: 0.1426731954687736*x0**0.3333333333333333*sqrt(x1**3/(0.9957592264819067*x1**2 - 2.563010350954887*x1*x2 + x2**2) + 14.27468196824169*x1**2*x2/(0.9957592264819067*x1**2 - 2.563010350954887*x1*x2 + x2**2) - 39.09230345732893*x1*x2**2/(0.9957592264819067*x1**2 - 2.563010350954887*x1*x2 + x2**2) + 10.42055837711341*x2**3/(0.9957592264819067*x1**2 - 2.563010350954887*x1*x2 + x2**2))/(x1**0.6666666666666666*sqrt(x2))
