Running on obas-rech-ri.astro.unistra.fr with device cpu
enforce_units=True, factorized symbolic search=OFF, continuous skeleton refinement=ON, outer-peel-autorun(deprecated)=ON
[GS] Stage-A symmetry layer enabled (mode=propose, policy=augment, known=True, affine=True, unit_torus=False)
[Data] Overrides: batch_size=2000, ndata_train=6000, ndata_val=2000, data_slice=0
Median of y values: 0.11048863000693729
Median absolute deviation of y values: 0.06888620195283074
Number of x variables: 3
MAD^2 of y values: 0.004745308819486181
RMS of y values: 0.25269601114923845
Log-space dynamic range of |y|: 2.59 decades
[Units] Loaded basis=('L', 'T', 'M'); y_units=[1, 0, 0]; x_units=[[3, -2, 0], [0, -1, 0], [0, -1, 0]]
[PhaseScan] Found 6 phase-coordinate hint(s) from the identity training split.
[PhaseScan]   (x1 * (x2)**-1): omega_obs=6.28319, score=9.7e-05, R2_phase=0.00515, R2_trend=0.0045, cycles=0.389, unit=dimensionless, split_R2=0.00221, null_R2=0.00377
[PhaseScan]   (sqrt(x1) * 1/sqrt(x2)): omega_obs=12.5664, score=8.71e-05, R2_phase=0.0051, R2_trend=0.00449, cycles=0.401, unit=dimensionless, split_R2=0.00235, null_R2=0.00377
[PhaseScan]   (1/sqrt(x1) * sqrt(x2)): omega_obs=12.5664, score=3.99e-05, R2_phase=0.00477, R2_trend=0.00451, cycles=0.43, unit=dimensionless, split_R2=0.00258, null_R2=0.00367
[PhaseScan]   ((x1)**2 * (x2)**-2): omega_obs=3.14159, score=2.89e-05, R2_phase=0.00476, R2_trend=0.00453, cycles=0.371, unit=dimensionless, split_R2=0.00208, null_R2=0.00361
[PhaseScan]   ((x1)**-1 * x2): omega_obs=6.28319, score=2e-05, R2_phase=0.00465, R2_trend=0.00453, cycles=0.447, unit=dimensionless, split_R2=0.00263, null_R2=0.00363
[PhaseScan]   ((x1)**-2 * (x2)**2): omega_obs=3.14159, score=1.86e-05, R2_phase=0.0047, R2_trend=0.00459, cycles=0.49, unit=dimensionless, split_R2=0.00256, null_R2=0.00368
[PhaseScan Context] No contextual phase hints found.
[OuterLinkScan] No inverse-link hints found.

Criteria (base, in units of MAD(φ(y))^2): loss acceptable: 1.000000e-03, loss target: 1.000000e-07, chisq_tol: 1.000000e-10, precision derivs d2y: 1.000000e-03

[Units] Skipping y-transforms incompatible with y units (L): log, logneg, sqrt1p, exp, expneg, arctan, arcsin, arccos, sin, cos, tan
[Stage A] Running standard separability search on pure NN expression


Size of datasets: training: 6000, val: 2000
Using MAD-normalised LM thresholds for y_op None: MAD(φ(y))≈0.069, scale=0.00476
Initial model (AST): NN[x0, x1, x2]
Setting number of segments: 16, dual_layer: True

[34mSeparability Pass:1 (full), number of leaves: 1, y-transformation: None(y), trial 1/1, dual_layer: True[0m
Current model: Identity() (NN[x0, x1, x2]), parameters: 960
[info] dataloader for provider ASTCompositeAdaptor yields 3 batches (equivalent to a single batch up to floating-point roundoff; minor Python-loop overhead per batch).
[NestyNet][param_refresh] discovered 1 base model(s):
  #0: wrapper=ASTCompositeAdaptor, base=_Composite, params=960, output_major=False, id=4793785920
[LM][bucket] solving P=960 (trivially separable union)
Stopping at epoch 801/2500, lm_opt.state['halt']=True, loss=9.4499e-10, loss_val=1.2173e-09
acceptable losses (raw) target=4.7604e-10, acceptable=4.7604e-06 (base units: target=1.0000e-07, acceptable=1.0000e-03)
[32mADOPTING[0m best val-loss 1.2173e-09 (trial 1/1, dual_layer=True)
Saving initial model which converged with loss 0.000000
Discovering approximate invariance features from gradients...
Discovered 1 candidate features:
  feat_0_0_1       kind=integer_linear  coeffs=[+0.00, +0.00, +1.00]
Discovering approximate scaling / homogeneity features...
Discovered 3 scaling candidates:
  S=[0]  k≈  0.333  rel_std= 0.018  n=6000
  S=[1,2]  k≈ -0.667  rel_std= 0.005  n=6000
  S=[0,1,2]  k≈ -0.334  rel_std= 0.020  n=6000
    [x1] reciprocal probe (negative-k singularity detected)
    [x1] reciprocal: rel_std=0.1297>0.08, no gradient fallback available
[Oracle Probe] No scaling verified by direct evaluation.
  [Trig Scaling] Sampled 5000 points, probing 3 trivial + 0 compound target(s)
  [Trig Scaling] |F| filter: 4750/5000 points pass (5th-pct=1.273e-02)
  [Trig Scaling] x0: no viable ω candidates (span=43)
  [Trig Scaling] x1: no viable ω candidates (span=204)
  [Trig Scaling] x2: no viable ω candidates (span=181)
  [Trig Scaling] No monomial-in-trig detected.
[Early Compound] Checked 1 single-var scaling specs, 0 qualify (need ≥2 for compound)
[Early PureDiff] No valid power-difference proposals found.
Checking for low-degree polynomial fit in x (degree 2)...
Poly-in-x (deg 2) fit: rms_abs=1.377e-01, rms_rel=5.778e-01, n_terms=10, n=6000
Checking for low-degree polynomial fit in f(x)^2 (degree 2)...
Poly-in-f^2 (deg 2) fit: rms_abs=2.040e-01, rms_rel=7.557e-01, n_terms=10, n=6000
Checking for rational poly/poly fit f(x) ≈ P(x)/Q(x)...
Rational fit rat_degN2_degD2: deg_num=2, deg_den=2, rms_abs=7.621e-02, rms_rel=3.198e-01, n_terms_num=3, n_terms_den=4, n=6000, sigma_min=7.071e-02, sigma_ratio=6.146e-03
Checking for trig-like behaviour along coordinate axes...
  [FFT hint] axis 0: omega~0.22, strength=104, span=[0.0202,28.6]
  [FFT hint] axis 1: omega~0.0491, strength=74.5, span=[2.03,130]
  [FFT hint] axis 2: omega~0.233, strength=55.2, span=[2.03,137]
No oracle-derived trig axis.
Discovering K-based preferred directions...
Found 3 preferred directions from K:
  dir 0: u=[+1.000, +0.000, +0.000]
  dir 1: u=[+0.000, +1.000, +0.000]
  dir 2: u=[+0.000, +0.000, +1.000]
  dir 0: omega≈0.219, trig_strength≈102.5
  dir 1: omega≈0.135, trig_strength≈35.0
  dir 2: omega≈0.228, trig_strength≈56.5
Checking for approximate even/odd parity along coordinate axes...
Detected parity candidates on 3 axes:
  axis= 0  origin≈   0.767  kind=none  rms_rel_even=1.96e+04  rms_rel_odd=1.96e+04  n=6000
  axis= 1  origin≈    17.4  kind=none  rms_rel_even=7.95e+02  rms_rel_odd=7.95e+02  n=6000
  axis= 2  origin≈    18.6  kind=none  rms_rel_even=7.03e+02  rms_rel_odd=7.03e+02  n=6000
Checking for approximately radial dependence over small variable groups...
No clear radial structure detected.
Checking for preferred origins / translation structure along axes...
No strong translation structure detected.
Checking for saturating / sigmoidal behaviour along coordinate axes...
No clear saturating behaviour detected along single axes.
Checking for near-constant directions (parameter-like variables)...
No strongly parameter-like directions detected.
Initial separability check with precision 0.1
symb: [0, 1, 2], index: 0, var_x: torch.Size([6000, 3]), y_vals: torch.Size([6000, 1]), dydx_vals: torch.Size([6000, 1, 3]), d2ydx2_vals: torch.Size([6000, 1, 3, 3])
Trying transformation identity
Median of model: 0.09825851499042343, median absolute deviation: 0.06899551268957099, precision: 0.1, 0.1
All additive for x[0, 1], complement x[2] (in NN[0, 1, 2])
  overlapping candidate: x[0, 1] + x[0, 2], shared=1, max-metric=4.88e-03
  overlapping candidate: x[0, 1] + x[1, 2], shared=1, max-metric=8.81e-03
  overlapping candidate: x[0, 2] + x[1, 2], shared=1, max-metric=3.31e-02
Found separability candidate separability for op identity, 0

Trying transformation square
Median of model: 0.009654735768123266, median absolute deviation: 0.009210593836802823, precision: 0.1, 0.1
All additive for x[0, 1], complement x[2] (in NN[0, 1, 2])
  overlapping candidate: x[0, 1] + x[0, 2], shared=1, max-metric=9.27e-03
  overlapping candidate: x[0, 1] + x[1, 2], shared=1, max-metric=2.60e-02
  overlapping candidate: x[0, 2] + x[1, 2], shared=1, max-metric=9.35e-02
Found separability candidate separability for op square, 1

Trying transformation reciprocal
Median of model: 10.176489441913086, median absolute deviation: 7.057029953795574, precision: 0.1, 0.1
All additive for x[0, 1], complement x[2] (in NN[0, 1, 2])
  overlapping candidate: x[0, 1] + x[0, 2], shared=1, max-metric=2.25e-03
  overlapping candidate: x[0, 1] + x[1, 2], shared=1, max-metric=9.53e-03
  overlapping candidate: x[0, 2] + x[1, 2], shared=1, max-metric=3.53e-02
Found separability candidate separability for op reciprocal, 2

Trying transformation sqrt
Median of model: 0.313462142834543, median absolute deviation: 0.1258906871073719, precision: 0.1, 0.1
All additive for x[0, 1], complement x[2] (in NN[0, 1, 2])
  overlapping candidate: x[0, 1] + x[0, 2], shared=1, max-metric=3.58e-03
  overlapping candidate: x[0, 1] + x[1, 2], shared=1, max-metric=4.01e-03
  overlapping candidate: x[0, 2] + x[1, 2], shared=1, max-metric=1.60e-02
Found separability candidate separability for op sqrt, 3

Recap:
Transformation identity is a candidate for separability: True
Transformation square is a candidate for separability: True
Transformation reciprocal is a candidate for separability: True
Transformation sqrt is a candidate for separability: True

Initial fit suggests separability candidates for y_op None.

======================================================================
  [Stage A] SEPARABILITY SEARCH
======================================================================
All multiplicative for x[0], complement x[1, 2] (in NN[0, 1, 2])
All additive for x[0, 1], complement x[2] (in NN[0, 1, 2])
  overlapping candidate: x[0, 1] + x[0, 2], shared=1, max-metric=4.55e-03
  overlapping candidate: x[0, 1] + x[1, 2], shared=1, max-metric=8.67e-03
[Variable Extension] Detecting compound structure for NN[0, 1, 2]...
[Stage A GS] audited=28, accepted=3, proposals=0
    [x1] reciprocal probe (negative-k singularity detected)
    [x1] reciprocal: rel_std=0.1297>0.08, no gradient fallback available
  [Trig Scaling] Sampled 5000 points, probing 3 trivial + 0 compound target(s)
  [Trig Scaling] |F| filter: 4750/5000 points pass (5th-pct=1.273e-02)
  [Trig Scaling] x0: no viable ω candidates (span=43)
  [Trig Scaling] x1: no viable ω candidates (span=204)
  [Trig Scaling] x2: no viable ω candidates (span=181)
<WORKSPACE>/NestyNet_SR/nestynet_sr/sr_core/separability_math.py:2778: RuntimeWarning: divide by zero encountered in matmul
  coeff = (V @ a_vec) / den
<WORKSPACE>/NestyNet_SR/nestynet_sr/sr_core/separability_math.py:2778: RuntimeWarning: overflow encountered in matmul
  coeff = (V @ a_vec) / den
<WORKSPACE>/NestyNet_SR/nestynet_sr/sr_core/separability_math.py:2778: RuntimeWarning: invalid value encountered in matmul
  coeff = (V @ a_vec) / den
[Compound RetainAxis] Adding wrapper z=((x0 * (x1)**-3) * x2) with extra x0
[Compound RetainAxis] Adding wrapper z=((x0 * (x1)**-3) * x2) with extra x1
[Compound RetainAxis] Adding wrapper z=((x0 * (x1)**-3) * x2) with extra x2
[Compound RetainAxis] Adding wrapper z=((x0 * (x1)**-4) * x2) with extra x0
[Compound RetainAxis] Adding wrapper z=((x0 * (x1)**-4) * x2) with extra x1
[Compound RetainAxis] Adding wrapper z=((x0 * (x1)**-4) * x2) with extra x2
[Compound DiffProd] Gradient-ratio found x1^1 - x2^1, ratio_conf=0.885, trying multiplier variables...
[Compound DiffProd] Testing (x1^1 - x2^1) * x0: conf=0.3406, threshold=0.90, outer_power=0
[Stage A LogExp] Shadowed dimless_ratio:log z=log((x1 * (x2)**-1)) (conf=0.930); coordinate lift is not committed in Stage A
[Shadow] recorded log((x1 * (x2)**-1)) for parent=('tag', 'A0') source=stageA_logexp conf=0.930 unit=unit_valid
[Stage A LogExp] Shadowed dimless_ratio:exp z=exp((x1 * (x2)**-1)) (conf=0.930); coordinate lift is not committed in Stage A
[Shadow] recorded exp((x1 * (x2)**-1)) for parent=('tag', 'A0') source=stageA_logexp conf=0.930 unit=unit_valid
[Stage A LogExp] Shadowed dimless_ratio:log z=log((x2 * (x1)**-1)) (conf=0.930); coordinate lift is not committed in Stage A
[Shadow] recorded log((x2 * (x1)**-1)) for parent=('tag', 'A0') source=stageA_logexp conf=0.930 unit=unit_valid
[Stage A LogExp] Shadowed dimless_ratio:exp z=exp((x2 * (x1)**-1)) (conf=0.930); coordinate lift is not committed in Stage A
[Shadow] recorded exp((x2 * (x1)**-1)) for parent=('tag', 'A0') source=stageA_logexp conf=0.930 unit=unit_valid
[Compound Exhaustion] High-confidence proposal (conf=0.948), trying...
[Compound] Preserving 6 arity-2 backup proposal(s) beyond primary compound shortlist.
[Compound] Normalized proposal shortlist:
[Compound]   1. kind=monomial, conf=0.923, support=3, z=((x0 * (x1)**-3) * x2)
[Compound]   2. kind=monomial, conf=0.920, support=3, z=((x0 * (x1)**-4) * x2)
[Compound]   3. kind=monomial, conf=0.918, support=3, z=((x0 * (x1)**-3) * x2)
[Compound]   4. kind=monomial, conf=0.918, support=3, z=((x0 * (x1)**-3) * x2)
[Compound]   5. kind=monomial, conf=0.918, support=3, z=((x0 * (x1)**-3) * x2)
[Compound]   6. kind=monomial, conf=0.915, support=3, z=((x0 * (x1)**-4) * x2)
[Compound]   7. kind=monomial, conf=0.948, support=2, z=(x1 * (x2)**-1)
[Compound]   8. kind=monomial, conf=0.909, support=2, z=(x0 * x2)
[Compound]   9. kind=monomial, conf=0.909, support=2, z=(x0 * (x1)**-3)
[Compound]   10. kind=monomial, conf=0.909, support=2, z=((x1)**-3 * x2)
[Compound]   11. kind=monomial, conf=0.906, support=2, z=(x0 * (x1)**-4)
[Compound]   12. kind=monomial, conf=0.906, support=2, z=((x1)**-4 * x2)
[Units/Buckingham] Skipping compound after forced monomial probe: compound destroys dimensionless freedom: 1 -> 0 (need >= 1); forces monomial; no small unit-forced monomial power matches target dimension
[Units/Buckingham] Skipping compound after forced monomial probe: compound destroys dimensionless freedom: 1 -> 0 (need >= 1); forces monomial; no small unit-forced monomial power matches target dimension
[Units/Buckingham] Skipping compound after forced monomial probe: compound destroys dimensionless freedom: 1 -> 0 (need >= 1); forces monomial; no small unit-forced monomial power matches target dimension
[Units/Buckingham] Skipping compound after forced monomial probe: compound destroys dimensionless freedom: 1 -> 0 (need >= 1); forces monomial; no small unit-forced monomial power matches target dimension
[Units/Buckingham] Skipping compound after forced monomial probe: compound destroys dimensionless freedom: 1 -> 0 (need >= 1); forces monomial; no small unit-forced monomial power matches target dimension
[Units/Buckingham] Skipping compound after forced monomial probe: compound destroys dimensionless freedom: 1 -> 0 (need >= 1); forces monomial; no small unit-forced monomial power matches target dimension
[Units/Buckingham] Skipping compound before screening: compound reduces dimensional rank: 2 -> 1; remaining variables cannot span output dimension
[Units/Buckingham] Skipping compound after forced monomial probe: compound destroys dimensionless freedom: 1 -> 0 (need >= 1); forces monomial; no small unit-forced monomial power matches target dimension
[Units/Buckingham] Skipping compound after forced monomial probe: compound destroys dimensionless freedom: 1 -> 0 (need >= 1); forces monomial; no small unit-forced monomial power matches target dimension
[Units/Buckingham] Skipping compound after forced monomial probe: compound destroys dimensionless freedom: 1 -> 0 (need >= 1); forces monomial; no small unit-forced monomial power matches target dimension
[Units/Buckingham] Skipping compound after forced monomial probe: compound destroys dimensionless freedom: 1 -> 0 (need >= 1); forces monomial; no small unit-forced monomial power matches target dimension
[Units/Buckingham] Skipping compound after forced monomial probe: compound destroys dimensionless freedom: 1 -> 0 (need >= 1); forces monomial; no small unit-forced monomial power matches target dimension
Checking separability of None(y) in input space with precision 0.001
All multiplicative for x[0], complement x[1, 2] (in NN[0, 1, 2])
All additive for x[0, 1], complement x[2] (in NN[0, 1, 2])
  overlapping candidate: x[0, 1] + x[0, 2], shared=1, max-metric=4.88e-03
  overlapping candidate: x[0, 1] + x[1, 2], shared=1, max-metric=8.81e-03
Setting number of segments: 16 (variant: no_offset)
[Teacher init] Training left factor on 2000 profile samples...
[Teacher init] Left factor trained, final loss: 2.121e-01
[Teacher init] Training right factor on 2000 profile samples...
[Teacher init] Right factor trained, final loss: 5.413e+02
[Teacher init] Scale check: left_rms=7.792e-01, right_rms=2.309e+01, ratio=29.64
[rescale_leaf] left: leaf type=DualSegmentedAdaptor, factor=5.4439
[rescale_leaf] left: scaled a_fit via base_model
[rescale_leaf] left: scaled a_pieces_fixed[15] via base_model
[rescale_leaf] right: leaf type=DualSegmentedAdaptor, factor=0.1837
[rescale_leaf] right: scaled a_fit via base_model
[rescale_leaf] right: scaled a_pieces_fixed[15] via base_model
[Teacher init] Final gauge norm: left x5.44, right x0.18
***Training candidate separable model (variant: no_offset)***, acceptance threshold (raw) 1.2173e-07 (base 1.0000e-03)
    Proposed: (NN[x0] * NN[x1, x2])
[info] dataloader for provider ASTCompositeAdaptor yields 3 batches (equivalent to a single batch up to floating-point roundoff; minor Python-loop overhead per batch).
[LM][bucket] solving P=1024 (trivially separable union)
[trial] Stopping at epoch 601/2500, lm_opt.state['halt']=True, loss=1.0355e-10, loss_val=1.2608e-10
[32mAccepted[0m separation (variant: no_offset), val-loss 1.2608e-10
[Stage A]   Current: [35mIdentity()(nn0(x0) * nn1(x1, x2))[0m
[Shadow] pruned stale coordinate evidence after separation: parents=1, shadows=4, consumed=0
Setting number of segments: 16, dual_layer: True

[34mSeparability Pass:2 (full), number of leaves: 2, y-transformation: None(y), trial 1/1, dual_layer: True[0m
Current model: Identity() ((NN[x0] * NN[x1, x2])), parameters: 1024
[info] dataloader for provider ASTCompositeAdaptor yields 3 batches (equivalent to a single batch up to floating-point roundoff; minor Python-loop overhead per batch).
Stopping at epoch 101/2500, lm_opt.state['halt']=True, loss=7.2983e-11, loss_val=8.8324e-11
acceptable losses (raw) target=4.7604e-10, acceptable=4.7604e-06 (base units: target=1.0000e-07, acceptable=1.0000e-03)
[32mADOPTING[0m best val-loss 8.8324e-11 (trial 1/1, dual_layer=True)

======================================================================
  [Stage A] SEPARABILITY SEARCH — restart (pass 2)
======================================================================
All additive for x[1], complement x[2] (in NN[1, 2])
[Stage A Monomial] Trying monomial_deg1 on NN[0] as rpoly (k≈0.333, rel=5.73e-05); accept_threshold=4.7604e-08
[info] dataloader for provider ASTCompositeAdaptor yields 3 batches (equivalent to a single batch up to floating-point roundoff; minor Python-loop overhead per batch).
[nestynet.optimizer] [95m[LM] Potential K-colinearity issue in rm[0].providers[0] (_Composite, segments=16, outputs=1, seg_width=1): 435/1920 cross-segment channel pairs exceed |cos|>0.95 (worst seg 1/out 1 ↔ seg 9/out 1 |cos|=1.0000). Grouped segment pairs: 0/120 exceed |cos|>0.95 (worst seg 1 ↔ seg 4 |cos|=0.9240). This can make LM/direct_solve ill-conditioned; consider increasing seg_width, reducing segment count, or using a more diversity-preserving initialization. This model uses low-dimensional K-vectors (Nx*seg_width=2), so channel-level directional crowding can appear before whole segments overlap.[0m
[LM][bucket] solving P=640 (trivially separable union)
[trial] Validation patience exceeded at epoch 601/2500, nval_worse=500
[Variable Extension] Detecting compound structure for NN[1, 2]...
[Stage A GS] audited=12, accepted=1, proposals=0
    [x0] reciprocal probe (negative-k singularity detected)
    [x0] reciprocal: rel_std=0.1506>0.08, no gradient fallback available
    [x1] reciprocal probe (negative-k singularity detected)
    [x1] reciprocal: rel_std=2.2392>0.08, no gradient fallback available
  [Trig Scaling] Sampled 5000 points, probing 2 trivial + 0 compound target(s)
  [Trig Scaling] |F| filter: 4750/5000 points pass (5th-pct=2.722e-03)
  [Trig Scaling] x0: no viable ω candidates (span=204)
  [Trig Scaling] x1: no viable ω candidates (span=181)
[Compound LogDeriv] Recovered 1 proposal(s) (sigma_ratio=0.002181428368804502) for vars=(1, 2)
[Compound RetainAxis] Adding wrapper z=(x1 * (x2)**-1) with extra x1
[Compound RetainAxis] Adding wrapper z=(x1 * (x2)**-1) with extra x2
[Stage A LogExp] Shadowed dimless_ratio:log z=log((x1 * (x2)**-1)) (conf=0.930); coordinate lift is not committed in Stage A
[Shadow] recorded log((x1 * (x2)**-1)) for parent=('tag', 'A0_R') source=stageA_logexp conf=0.930 unit=unit_valid
[Stage A LogExp] Shadowed dimless_ratio:exp z=exp((x1 * (x2)**-1)) (conf=0.930); coordinate lift is not committed in Stage A
[Shadow] recorded exp((x1 * (x2)**-1)) for parent=('tag', 'A0_R') source=stageA_logexp conf=0.930 unit=unit_valid
[Stage A LogExp] Shadowed dimless_ratio:log z=log((x2 * (x1)**-1)) (conf=0.930); coordinate lift is not committed in Stage A
[Shadow] recorded log((x2 * (x1)**-1)) for parent=('tag', 'A0_R') source=stageA_logexp conf=0.930 unit=unit_valid
[Stage A LogExp] Shadowed dimless_ratio:exp z=exp((x2 * (x1)**-1)) (conf=0.930); coordinate lift is not committed in Stage A
[Shadow] recorded exp((x2 * (x1)**-1)) for parent=('tag', 'A0_R') source=stageA_logexp conf=0.930 unit=unit_valid
[Compound Exhaustion] High-confidence proposal (conf=0.998), trying...
[Compound] Normalized proposal shortlist:
[Compound]   1. kind=monomial, conf=0.998, support=2, z=(x1 * (x2)**-1)
[Compound]   2. kind=linear, conf=0.939, support=2, z=((-2 * x1) + x2)
[Compound]   3. kind=monomial, conf=0.993, support=2, z=(x1 * (x2)**-1)
[Compound]   4. kind=monomial, conf=0.993, support=2, z=(x1 * (x2)**-1)
[Units/Buckingham] Skipping compound before screening: compound reduces dimensional rank: 1 -> 0; remaining variables cannot span output dimension
[Compound] 1D compound detected (all vars in z), boosting segments to 32
[Compound] Proposal (linear) conf 0.939, screen=0.994; trying sq:(((-2 * x1) + x2))**2
[Distill] epoch 1/2000: loss=1.0155e+10
[Distill] epoch 1000/2000: loss=1.7502e+01
[Distill] epoch 2000/2000: loss=2.9810e+00
[Distill] Final: loss=2.9810e+00 (did not converge below 1.0000e-04)
[Compound] Training candidate (sq); accept_threshold=4.7604e-08
[Compound] Structural arity reduction target enabled: arity signature (1, 2, 1) → (0, 1, 0), target-quality threshold 4.7604e-08
[info] dataloader for provider ASTCompositeAdaptor yields 3 batches (equivalent to a single batch up to floating-point roundoff; minor Python-loop overhead per batch).
[LM][bucket] solving P=1152 (trivially separable union)
[trial] Validation patience exceeded at epoch 801/2500, nval_worse=500
[Compound] Rejected (sq) (linear) z=(((-2 * x1) + x2))**2, val-loss 4.5320e-04
[Compound] Proposal (linear) conf 0.939, screen=0.994; trying abs:sqrt((((-2 * x1) + x2))**2)
[Distill] epoch 1/2000: loss=1.9865e+06
[Distill] epoch 1000/2000: loss=2.7435e-01
[Distill] epoch 2000/2000: loss=2.7973e-02
[Distill] Final: loss=2.7973e-02 (did not converge below 1.0000e-04)
[Compound] Training candidate (abs); accept_threshold=4.7604e-08
[Compound] Structural arity reduction target enabled: arity signature (1, 2, 1) → (0, 1, 0), target-quality threshold 4.7604e-08
[info] dataloader for provider ASTCompositeAdaptor yields 3 batches (equivalent to a single batch up to floating-point roundoff; minor Python-loop overhead per batch).
[trial] Early abandonment at epoch 1001/2500: best_val_loss=4.0863e-04 > 1.1901e-07 (2.5x accept_threshold 4.7604e-08)
[Compound] Rejected (abs) (linear) z=sqrt((((-2 * x1) + x2))**2), val-loss 4.0863e-04
[Compound] Proposal (linear) conf 0.939, screen=0.994; trying z:((-2 * x1) + x2)
[Distill] epoch 1/2000: loss=1.9622e+08
[Distill] epoch 1000/2000: loss=4.8936e+00
[Distill] epoch 2000/2000: loss=1.3030e+01
[Distill] Final: loss=1.3030e+01 (did not converge below 1.0000e-04)
[Compound] Training candidate (z); accept_threshold=4.7604e-08
[Compound] Structural arity reduction target enabled: arity signature (1, 2, 1) → (0, 1, 0), target-quality threshold 4.7604e-08
[info] dataloader for provider ASTCompositeAdaptor yields 3 batches (equivalent to a single batch up to floating-point roundoff; minor Python-loop overhead per batch).
[trial] Validation patience exceeded at epoch 901/2500, nval_worse=500
[Compound] Rejected (z) (linear) z=((-2 * x1) + x2), val-loss 4.1276e-04
[Compound] Trying same-arity wrapper: arity 2 → 2; will require confirmed separability payoff
[Compound] Proposal (monomial) conf 0.993; trying z:(x1 * (x2)**-1), extras=[1]
[Distill] epoch 1/2000: loss=4.0247e+06
[Distill] epoch 1000/2000: loss=4.3864e+00
[Distill] epoch 2000/2000: loss=1.0643e+00
[Distill] Final: loss=1.0643e+00 (did not converge below 1.0000e-04)
[Compound] Training candidate (z); accept_threshold=4.7604e-08
[info] dataloader for provider ASTCompositeAdaptor yields 3 batches (equivalent to a single batch up to floating-point roundoff; minor Python-loop overhead per batch).
[LM][bucket] solving P=1024 (trivially separable union)
[trial] Stopping at epoch 401/2500, lm_opt.state['halt']=True, loss=3.3707e-12, loss_val=5.8172e-12
[32m[Compound] LM fit passed[0m (z) (monomial) z=(x1 * (x2)**-1), val-loss 5.8172e-12
All additive for x['z'], complement x[1] (in NN['z', 1])
[Compound] Wrapper z enables separability (z separates from extras)
[Compound] Retained-axis overlap confirmed for x1: retained-axis power-like factor k=-0.6667, rel_std=7.374e-05, n=5000
[Compound] Skipping rat_inv (redundant: z already accepted)
[Compound] Skipping rat_z2 (redundant: z already accepted)
[32m[Compound] Selected[0m best variant (z) (monomial) z=(x1 * (x2)**-1) (pattern=(1, -1)), val-loss 5.8172e-12
[Stage A]   Current: [35mIdentity()(nn0(x0) * nn1(z=(x1 * x2^-1), x1))[0m
[Stage A Monomial] Trying monomial_deg1 on NN[0] as rpoly (k≈0.333, rel=6.99e-06); accept_threshold=4.7604e-08
[info] dataloader for provider ASTCompositeAdaptor yields 3 batches (equivalent to a single batch up to floating-point roundoff; minor Python-loop overhead per batch).
[nestynet.optimizer] [95m[LM] Potential K-colinearity issue in rm[0].providers[0] (_Composite, segments=16, outputs=1, seg_width=1): 644/1920 cross-segment channel pairs exceed |cos|>0.95 (worst seg 2/out 3 ↔ seg 7/out 1 |cos|=1.0000). Grouped segment pairs: 0/120 exceed |cos|>0.95 (worst seg 11 ↔ seg 13 |cos|=0.9021). This can make LM/direct_solve ill-conditioned; consider increasing seg_width, reducing segment count, or using a more diversity-preserving initialization. This model uses low-dimensional K-vectors (Nx*seg_width=2), so channel-level directional crowding can appear before whole segments overlap.[0m
[LM][bucket] solving P=640 (trivially separable union)
[trial] Validation patience exceeded at epoch 601/2500, nval_worse=500
All additive for x['z'], complement x[1] (in NN['z', 1])
[Compound] Existing compound separates from extras [1], but checking only extensions that consume the separated coordinate.
[Variable Extension] Checking iterative extension for compound atom NN[1, 2]...
    [x0] reciprocal probe (negative-k singularity detected)
    [x0] reciprocal: ratio test failed (n_valid_k=0<100), no gradient fallback
    [x1] reciprocal probe (negative-k singularity detected)
  [Trig Scaling] Sampled 5000 points, probing 2 trivial + 0 compound target(s)
  [Trig Scaling] |F| filter: 4750/5000 points pass (5th-pct=2.126e-03)
  [Trig Scaling] x0: span=0.389, 15 ω candidates
  [Trig Scaling] x0 ACCEPTED: sin(4·z)^0.790  rel_std=0.0678
  [Trig Scaling] x1: no viable ω candidates (span=204)
[Local Oracle] Fresh path: 1 scaling, 1 trig specs
  [Local Oracle] x[1]: k≈-0.694, rel_std=0.0376
  [Local Oracle] leaf z: sin, ω=4, k=0.79, rel_std=0.0678
[Shadow] recorded sin((4 * (x1 * (x2)**-1))) for parent=('tag', 'A0_R') source=local_oracle_trig conf=0.932 unit=unit_valid
[Stage A LogExp] Shadowed dimless_input:log z=log((x1 * (x2)**-1)) (conf=0.900); coordinate lift is not committed in Stage A
[Shadow] merged log((x1 * (x2)**-1)) for parent=('tag', 'A0_R') source=stageA_logexp conf=0.930 unit=unit_valid
[Stage A LogExp] Shadowed dimless_input:exp z=exp((x1 * (x2)**-1)) (conf=0.900); coordinate lift is not committed in Stage A
[Shadow] merged exp((x1 * (x2)**-1)) for parent=('tag', 'A0_R') source=stageA_logexp conf=0.930 unit=unit_valid
[Compound Exhaustion] High-confidence proposal (conf=0.900), trying...
[Compound] Normalized proposal shortlist:
[Compound]   1. kind=passthrough, conf=0.900, support=1, z=(x1 * (x2)**-1)
[Compound] Skipping proposal: raw extra(s) x1 already appear inside compound (x1 * (x2)**-1); overlap coordinate splits are Stage-A gauge moves, not confirmed simplifications
Checking separability of None(y) in input space with precision 0.001
All multiplicative for x['z'], complement x[1] (in NN['z', 1])
Setting number of segments: 16 (variant: no_offset)
[Teacher init] Training left factor on 2000 profile samples...
[Teacher init] Left factor trained, final loss: 1.840e-01
[Teacher init] Training right factor on 2000 profile samples...
[Teacher init] Right factor trained, final loss: 1.248e+00
[Teacher init] Scale check: left_rms=4.451e-01, right_rms=1.309e+00, ratio=2.94
[rescale_leaf] left: leaf type=DualSegmentedAdaptor, factor=1.7146
[rescale_leaf] left: scaled a_fit via base_model
[rescale_leaf] left: scaled a_pieces_fixed[15] via base_model
[rescale_leaf] right: leaf type=DualSegmentedAdaptor, factor=0.5832
[rescale_leaf] right: scaled a_fit via base_model
[rescale_leaf] right: scaled a_pieces_fixed[15] via base_model
[Teacher init] Final gauge norm: left x1.71, right x0.58
***Training candidate separable model (variant: no_offset)***, acceptance threshold (raw) 4.7604e-08 (base 1.0000e-03)
    Proposed: (NN[x0] * (NN[(x1 * (x2)**-1)] * NN[x1]))
[info] dataloader for provider ASTCompositeAdaptor yields 3 batches (equivalent to a single batch up to floating-point roundoff; minor Python-loop overhead per batch).
[LM][bucket] solving P=1152 (trivially separable union)
[trial] Stopping at epoch 301/2500, lm_opt.state['halt']=True, loss=1.8801e-10, loss_val=2.9393e-10
[32mAccepted[0m separation (variant: no_offset), val-loss 2.9393e-10
[Stage A]   Current: [35mIdentity()(nn0(x0) * nn1(z=(x1 * x2^-1)) * nn2(x1))[0m
[Shadow] pruned stale coordinate evidence after separation: parents=1, shadows=5, consumed=0
Setting number of segments: 16, dual_layer: True

[34mSeparability Pass:3 (full), number of leaves: 3, y-transformation: None(y), trial 1/1, dual_layer: True[0m
Current model: Identity() ((NN[x0] * (NN[(x1 * (x2)**-1)] * NN[x1]))), parameters: 1152
[info] dataloader for provider ASTCompositeAdaptor yields 3 batches (equivalent to a single batch up to floating-point roundoff; minor Python-loop overhead per batch).
Stopping at epoch 101/2500, lm_opt.state['halt']=True, loss=1.7394e-10, loss_val=2.7925e-10
acceptable losses (raw) target=4.7604e-10, acceptable=4.7604e-06 (base units: target=1.0000e-07, acceptable=1.0000e-03)
[32mADOPTING[0m best val-loss 2.7925e-10 (trial 1/1, dual_layer=True)

======================================================================
  [Stage A] SEPARABILITY SEARCH — restart (pass 3)
======================================================================
[Stage A Monomial] Trying monomial_deg1 on NN[0] as rpoly (k≈0.333, rel=2.64e-05); accept_threshold=4.7604e-08
[info] dataloader for provider ASTCompositeAdaptor yields 3 batches (equivalent to a single batch up to floating-point roundoff; minor Python-loop overhead per batch).
[LM][bucket] solving P=768 (trivially separable union)
[trial] Validation patience exceeded at epoch 801/2500, nval_worse=500
[Stage A Monomial] Skipping NN[1, 2]: shared multiplicative NN support; leaving gauge-sensitive peel to Stage B.
[Stage A Monomial] Skipping NN[1]: shared multiplicative NN support; leaving gauge-sensitive peel to Stage B.
[Units] Stage A summary (identity): skipped 13 unit-incompatible proposal(s).
[Units]   - compound_buckingham: 13
[Units]       11× compound destroys dimensionless freedom: 1 -> 0 (need >= 1); forces monomial; no small unit-forced monomial power matches target dimension
[Units]       1× compound reduces dimensional rank: 2 -> 1; remaining variables cannot span output dimension
[Units]       1× compound reduces dimensional rank: 1 -> 0; remaining variables cannot span output dimension
[Reference] Saved pre-separability model to <WORKSPACE>/NestyNet_SR/results_ref/jacobi_v1_full.mod
[Stage A] Using identity separability results

Saved Stage-A checkpoint to <WORKSPACE>/NestyNet_SR/results/jacobi_v1_full.state.pkl
[36mFinal model: Identity() ((NN[x0] * (NN[(x1 * (x2)**-1)] * NN[x1]))), rest: None, None[0m
[Stage B] y-transform adjudication shortlist:
  - identity     source=baseline
[Units] Enforcing units in Stage B (policy=free_const_only, y_transform=identity).

======================================================================
  [Stage B] ANALYTICAL REWRITING — identity(y)-space
======================================================================


Size of datasets: training: 6000, val: 2000
[Stage B] Using MAD-normalised thresholds: MAD(y)≈0.069, scale=0.00476
[DBG-candfit] analytic-init: starting
[DBG-candfit] analytic-init: done
[info] dataloader for provider ASTCompositeAdaptor yields 3 batches (equivalent to a single batch up to floating-point roundoff; minor Python-loop overhead per batch).
[LM][bucket] solving P=1152 (trivially separable union)
Stopping at epoch 101/2000, lm_opt.state['halt']=True, loss=1.5885e-10, loss_val=2.6502e-10

[Stage B] Initial model: params=1152, val-loss=2.6502e-10
[Stage B] Initial NN metrics: total=3, multivar=0, max_arity=1
[Stage B] Found 3 scaling candidates:
  axis 0: k≈0.333, rel_std=0.001, n=6000
  joint [1,2]: k≈-0.667, rel_std=0.000, n=6000
  joint [0,1,2]: k≈-0.333, rel_std=0.001, n=6000
[Stage B] FFT trig-axis candidates (informational):
[Stage B]   axis 0: omega≈0.220, strength=106.7, span=[0.0202,28.6]
[Stage B] Found 1 nontrivial target(s) for trig probing:
[Stage B]   x1*x2**-1 (kind=ratio, indices=(1, 2))
    [x1] reciprocal probe (negative-k singularity detected)
    [x1] reciprocal: rel_std=0.1579>0.08, no gradient fallback available
    [x1*x2**-1] reciprocal probe (negative-k singularity detected)
  [Trig Scaling] Sampled 5000 points, probing 2 trivial + 1 compound target(s) (skipping axes [0] as polynomial)
  [Trig Scaling] |F| filter: 4750/5000 points pass (5th-pct=1.273e-02)
  [Trig Scaling] x1: no viable ω candidates (span=204)
  [Trig Scaling] x2: no viable ω candidates (span=181)
  [Trig Scaling] x1*x2**-1: span=0.389, 15 ω candidates
  [Trig Scaling] x1*x2**-1 ACCEPTED: sin(4·z)^0.902  rel_std=0.0698
[Stage B] Oracle trig probe found 1 spec(s):
[Stage B]   x1*x2**-1: sin(ω=4)^0.90, rel_std=0.070
[Stage B] Using 1 oracle trig spec(s)
[Stage B] trig_by_axis: [1]
[Stage B] Trig argument-structure hints:
  axis 1: none
[Stage B]   Separability rules: ['nonsense_units_zero_prune', 'monomial_peel_priority', 'subtree_separability', 'last_hard_trig_square', 'univariate_nn', 'log_ratio', 'power_product', 'joint_product_monomial_closure', 'overlap_prefactor_peel', 'overlap_counterterm_peel', 'common_prefactor', 'additive_gauge_transfer', 'multiplicative_homogeneity_transfer', 'univariate_mono', 'nn_leaf_separability', 'counterterm_mul_split', 'counterfactor_add_split']
[Stage B]   Specialized rules: ['compound_fn_macros', 'inverse_trig_outer_rational_closure', 'monomial_prefactor_compound', 'compound_planck', 'affine_decomp', 'nonlinear_substitution', 'univariate_oracle_invariants', 'homogeneity_peel', 'product_homogeneity', 'ratio_invariance', 'coupled_leaf_ratio', 'metric_distance', 'inverse_trig_outer_closure', 'phase_hint_trig_closure', 'phase_hint_reciprocal_trig_power', 'phase_context_trig_closure', 'barycentric', 'logexp_compound', 'r1_operator_certificate', 'univariate_mul_peel', 'outer_transform_split_nn', 'multid_nn', 'poly_split', 'preconditioner_fallback_nn', 'last_hard_trig_power', 'last_hard_atom_rescue']
[Stage B] === Phase 1: Searching for separabilities (additive, multiplicative) ===
[Stage B] Rule nonsense_units_zero_prune found 0 targets
[Stage B] Rule monomial_peel_priority found 3 targets
[Stage B]   target order (arity-asc): [vars=(0,)(arity=1), vars=(1, 2)(arity=1), vars=(1,)(arity=1)]
[Stage B] monomial_peel_priority shortlist: monomial_pow2_3[z_inv]@nn#leaf2 vars=(1,) (k=-0.667, rel=8.05e-06); monomial_deg1[z_inv]@nn#leaf2 vars=(1,) (k=-0.667, rel=8.05e-06); monomial_deg2[z_inv]@nn#leaf2 vars=(1,) (k=-0.667, rel=8.05e-06); monomial_deg3[z_inv]@nn#leaf2 vars=(1,) (k=-0.667, rel=8.05e-06); monomial_pow1_3@nn#leaf0 vars=(0,) (k=0.333, rel=1.87e-05); monomial_deg1[z_inv]@nn#leaf0 vars=(0,) (k=0.333, rel=1.87e-05); monomial_deg2[z_inv]@nn#leaf0 vars=(0,) (k=0.333, rel=1.87e-05); monomial_deg3[z_inv]@nn#leaf0 vars=(0,) (k=0.333, rel=1.87e-05)
[Stage B] Rule monomial_peel_priority trying 14 globally ranked candidates
[Stage B]  Greedy order (1 cands): monomial_pow2_3[z_inv](1998p)
[Stage B]  Priority trying fixed third-power monomial (z^0.667, k≈0.667, rel=8.05e-06) on NN leaf vars (1,) [coord=1/z]
[DBG-candfit] analytic-init: starting
[DBG-candfit] analytic-init: done
[info] dataloader for provider ASTCompositeAdaptor yields 3 batches (equivalent to a single batch up to floating-point roundoff; minor Python-loop overhead per batch).
[LM][bucket] solving P=768 (trivially separable union)
Stopping at epoch 201/2000, lm_opt.state['halt']=True, loss=1.1528e-12, loss_val=1.2013e-12
[Stage B]    Candidate (monomial_pow2_3[z_inv]): params=768, val-loss=1.2013e-12
[Stage B]    [32mAccepted[0m rewrite (monomial_pow2_3[z_inv], loss-below-floor-simpler)
[Stage B]    NN metrics: total=2, multivar=0, max_arity=1
[Stage B]    Current: [35mnn0(x0) * nn1(z=(x1 * x2^-1)) * x1^-1^0.67[0m
[Stage B polish] Running subtree:root.right candidate generation in guarded worker (max_seconds=300.0, mem_fraction=0.2).
[DBG-candfit] analytic-init: starting
[DBG-candfit] analytic-init: done
[info] dataloader for provider ASTCompositeAdaptor yields 3 batches (equivalent to a single batch up to floating-point roundoff; minor Python-loop overhead per batch).
Stopping at epoch 801/2000, lm_opt.state['halt']=True, loss=2.0327e-10, loss_val=1.8763e-10
[Stage B polish] subtree full-shadow reject root.right: ((x1)**-1)**0.666667 -> (1/x1)**(2/3); val-loss=1.8763e-10 (shadow-full-policy(units-pinned; reject-no-improvement))
[Stage B] === Phase 1: Searching for separabilities (additive, multiplicative) ===
[Stage B] Rule nonsense_units_zero_prune found 0 targets
[Stage B] Rule monomial_peel_priority found 2 targets
[Stage B]   target order (arity-asc): [vars=(0,)(arity=1), vars=(1, 2)(arity=1)]
[Stage B] monomial_peel_priority shortlist: monomial_deg1[z_inv]@nn#leaf1 vars=(1, 2) (k=-0.615, rel=0.0966); monomial_deg2[z_inv]@nn#leaf1 vars=(1, 2) (k=-0.615, rel=0.0966); monomial_deg1@nn#leaf1 vars=(1, 2) (k=-0.615, rel=0.0966); monomial_deg3[z_inv]@nn#leaf1 vars=(1, 2) (k=-0.615, rel=0.0966); monomial_deg2@nn#leaf1 vars=(1, 2) (k=-0.615, rel=0.0966); monomial_deg3@nn#leaf1 vars=(1, 2) (k=-0.615, rel=0.0966); monomial_deg1[z_inv]@nn#leaf0 vars=(0,) (k=0.0723, rel=0.71); monomial_deg2[z_inv]@nn#leaf0 vars=(0,) (k=0.0723, rel=0.71)
[Stage B] Rule monomial_peel_priority trying 9 globally ranked candidates
[Stage B]  Greedy order (1 cands): monomial_deg1[z_inv](999p)
[Stage B]  Priority trying 1D monomial (c·x^1) rewrite on NN leaf vars (1, 2) [coord=1/z]
[DBG-candfit] analytic-init: starting
[Stage B] Initialising RPolyLeaf for vars (1, 2), tag=leaf1
[DBG-candfit] analytic-init: done
[info] dataloader for provider ASTCompositeAdaptor yields 3 batches (equivalent to a single batch up to floating-point roundoff; minor Python-loop overhead per batch).
[nestynet.optimizer] [95m[LM] Potential K-colinearity issue in rm[0].providers[0] (_Composite, segments=16, outputs=1, seg_width=1): 1080/1080 cross-segment channel pairs exceed |cos|>0.95 (worst seg 1/out 2 ↔ seg 15/out 2 |cos|=1.0000). Grouped segment pairs: 8/120 exceed |cos|>0.95 (worst seg 6 ↔ seg 9 |cos|=0.9997). This can make LM/direct_solve ill-conditioned; consider increasing seg_width, reducing segment count, or using a more diversity-preserving initialization. This model uses low-dimensional K-vectors (Nx*seg_width=1), so channel-level directional crowding can appear before whole segments overlap.[0m
[LM][bucket] solving P=384 (trivially separable union)
Validation patience exceeded at epoch 1001/2000, nval_worse=500
[Stage B]    Candidate (monomial_deg1[z_inv]): params=384, val-loss=9.4666e-04
[Stage B]    Reject (monomial_deg1[z_inv]): simpler-over-budget(thr=1.659e-10) | loss 1.201e-12->9.467e-04 (Δ+9.47e-04) | params 768->384 | cx (0, 0, 0)->(0, 0, 0)
[Stage B]  Greedy order (1 cands): monomial_deg2[z_inv](999p)
[Stage B]  Priority trying 1D monomial (c·x^2) rewrite on NN leaf vars (1, 2) [coord=1/z]
[DBG-candfit] analytic-init: starting
[Stage B] Initialising RPolyLeaf for vars (1, 2), tag=leaf1
[DBG-candfit] analytic-init: done
[info] dataloader for provider ASTCompositeAdaptor yields 3 batches (equivalent to a single batch up to floating-point roundoff; minor Python-loop overhead per batch).
[nestynet.optimizer] [95m[LM] Potential K-colinearity issue in rm[0].providers[0] (_Composite, segments=16, outputs=1, seg_width=1): 1080/1080 cross-segment channel pairs exceed |cos|>0.95 (worst seg 1/out 2 ↔ seg 15/out 2 |cos|=1.0000). Grouped segment pairs: 8/120 exceed |cos|>0.95 (worst seg 6 ↔ seg 9 |cos|=0.9997). This can make LM/direct_solve ill-conditioned; consider increasing seg_width, reducing segment count, or using a more diversity-preserving initialization. This model uses low-dimensional K-vectors (Nx*seg_width=1), so channel-level directional crowding can appear before whole segments overlap.[0m
Validation patience exceeded at epoch 801/2000, nval_worse=500
[Stage B]    Candidate (monomial_deg2[z_inv]): params=384, val-loss=5.0049e-03
[Stage B]    Reject (monomial_deg2[z_inv]): simpler-over-budget(thr=1.659e-10) | loss 1.201e-12->5.005e-03 (Δ+5.00e-03) | params 768->384 | cx (0, 0, 0)->(0, 0, 0)
[Stage B]  Greedy order (1 cands): monomial_deg1(999p)
[Stage B]  Priority trying 1D monomial (c·x^1) rewrite on NN leaf vars (1, 2)
[DBG-candfit] analytic-init: starting
[Stage B] Initialising RPolyLeaf for vars (1, 2), tag=leaf1
[DBG-candfit] analytic-init: done
[info] dataloader for provider ASTCompositeAdaptor yields 3 batches (equivalent to a single batch up to floating-point roundoff; minor Python-loop overhead per batch).
[nestynet.optimizer] [95m[LM] Potential K-colinearity issue in rm[0].providers[0] (_Composite, segments=16, outputs=1, seg_width=1): 1080/1080 cross-segment channel pairs exceed |cos|>0.95 (worst seg 1/out 2 ↔ seg 15/out 2 |cos|=1.0000). Grouped segment pairs: 8/120 exceed |cos|>0.95 (worst seg 6 ↔ seg 9 |cos|=0.9997). This can make LM/direct_solve ill-conditioned; consider increasing seg_width, reducing segment count, or using a more diversity-preserving initialization. This model uses low-dimensional K-vectors (Nx*seg_width=1), so channel-level directional crowding can appear before whole segments overlap.[0m
Validation patience exceeded at epoch 1001/2000, nval_worse=500
[Stage B]    Candidate (monomial_deg1): params=384, val-loss=3.3386e-03
[Stage B]    Reject (monomial_deg1): simpler-over-budget(thr=1.659e-10) | loss 1.201e-12->3.339e-03 (Δ+3.34e-03) | params 768->384 | cx (0, 0, 0)->(0, 0, 0)
[Stage B]  Greedy order (1 cands): monomial_deg3[z_inv](999p)
[Stage B]  Priority trying 1D monomial (c·x^3) rewrite on NN leaf vars (1, 2) [coord=1/z]
[DBG-candfit] analytic-init: starting
[Stage B] Initialising RPolyLeaf for vars (1, 2), tag=leaf1
[DBG-candfit] analytic-init: done
[info] dataloader for provider ASTCompositeAdaptor yields 3 batches (equivalent to a single batch up to floating-point roundoff; minor Python-loop overhead per batch).
[nestynet.optimizer] [95m[LM] Potential K-colinearity issue in rm[0].providers[0] (_Composite, segments=16, outputs=1, seg_width=1): 1080/1080 cross-segment channel pairs exceed |cos|>0.95 (worst seg 1/out 2 ↔ seg 15/out 2 |cos|=1.0000). Grouped segment pairs: 8/120 exceed |cos|>0.95 (worst seg 6 ↔ seg 9 |cos|=0.9997). This can make LM/direct_solve ill-conditioned; consider increasing seg_width, reducing segment count, or using a more diversity-preserving initialization. This model uses low-dimensional K-vectors (Nx*seg_width=1), so channel-level directional crowding can appear before whole segments overlap.[0m
Validation patience exceeded at epoch 601/2000, nval_worse=500
[Stage B]    Candidate (monomial_deg3[z_inv]): params=384, val-loss=1.1172e-02
[Stage B]    Reject (monomial_deg3[z_inv]): simpler-over-budget(thr=1.659e-10) | loss 1.201e-12->1.117e-02 (Δ+1.12e-02) | params 768->384 | cx (0, 0, 0)->(0, 0, 0)
[Stage B]  Greedy order (1 cands): monomial_deg2(999p)
[Stage B]  Priority trying 1D monomial (c·x^2) rewrite on NN leaf vars (1, 2)
[DBG-candfit] analytic-init: starting
[Stage B] Initialising RPolyLeaf for vars (1, 2), tag=leaf1
[DBG-candfit] analytic-init: done
[info] dataloader for provider ASTCompositeAdaptor yields 3 batches (equivalent to a single batch up to floating-point roundoff; minor Python-loop overhead per batch).
[nestynet.optimizer] [95m[LM] Potential K-colinearity issue in rm[0].providers[0] (_Composite, segments=16, outputs=1, seg_width=1): 1080/1080 cross-segment channel pairs exceed |cos|>0.95 (worst seg 1/out 2 ↔ seg 15/out 2 |cos|=1.0000). Grouped segment pairs: 8/120 exceed |cos|>0.95 (worst seg 6 ↔ seg 9 |cos|=0.9997). This can make LM/direct_solve ill-conditioned; consider increasing seg_width, reducing segment count, or using a more diversity-preserving initialization. This model uses low-dimensional K-vectors (Nx*seg_width=1), so channel-level directional crowding can appear before whole segments overlap.[0m
Validation patience exceeded at epoch 1101/2000, nval_worse=500
[Stage B]    Candidate (monomial_deg2): params=384, val-loss=9.4934e-03
[Stage B]    Reject (monomial_deg2): simpler-over-budget(thr=1.659e-10) | loss 1.201e-12->9.493e-03 (Δ+9.49e-03) | params 768->384 | cx (0, 0, 0)->(0, 0, 0)
[Stage B]  Greedy order (1 cands): monomial_deg3(999p)
[Stage B]  Priority trying 1D monomial (c·x^3) rewrite on NN leaf vars (1, 2)
[DBG-candfit] analytic-init: starting
[Stage B] Initialising RPolyLeaf for vars (1, 2), tag=leaf1
[DBG-candfit] analytic-init: done
[info] dataloader for provider ASTCompositeAdaptor yields 3 batches (equivalent to a single batch up to floating-point roundoff; minor Python-loop overhead per batch).
[nestynet.optimizer] [95m[LM] Potential K-colinearity issue in rm[0].providers[0] (_Composite, segments=16, outputs=1, seg_width=1): 1080/1080 cross-segment channel pairs exceed |cos|>0.95 (worst seg 1/out 2 ↔ seg 15/out 2 |cos|=1.0000). Grouped segment pairs: 8/120 exceed |cos|>0.95 (worst seg 6 ↔ seg 9 |cos|=0.9997). This can make LM/direct_solve ill-conditioned; consider increasing seg_width, reducing segment count, or using a more diversity-preserving initialization. This model uses low-dimensional K-vectors (Nx*seg_width=1), so channel-level directional crowding can appear before whole segments overlap.[0m
[Stage B]    Candidate (monomial_deg3): params=384, val-loss=1.7421e-02
[Stage B]    Reject (monomial_deg3): simpler-over-budget(thr=1.659e-10) | loss 1.201e-12->1.742e-02 (Δ+1.74e-02) | params 768->384 | cx (0, 0, 0)->(0, 0, 0)
[Stage B]  Greedy order (1 cands): monomial_deg1[z_inv](999p)
[Stage B]  Precheck reject (units: nn-output-unreachable leaf1 inputs=((x1 * (x2)**-1)) target=L^4*T^-8/3 basis=['dimless-only']) rule=monomial_peel_priority cand=monomial_deg1[z_inv] target=nn#leaf0 vars=(0,) attempted=0
[Stage B]  Greedy order (1 cands): monomial_deg2[z_inv](999p)
[Stage B]  Precheck reject (units: nn-output-unreachable leaf1 inputs=((x1 * (x2)**-1)) target=L^7*T^-14/3 basis=['dimless-only']) rule=monomial_peel_priority cand=monomial_deg2[z_inv] target=nn#leaf0 vars=(0,) attempted=0
[Stage B]  Greedy order (1 cands): monomial_deg3[z_inv](999p)
[Stage B]  Precheck reject (units: nn-output-unreachable leaf1 inputs=((x1 * (x2)**-1)) target=L^10*T^-20/3 basis=['dimless-only']) rule=monomial_peel_priority cand=monomial_deg3[z_inv] target=nn#leaf0 vars=(0,) attempted=0
[Stage B] Rule subtree_separability found 0 targets
[Stage B] Rule last_hard_trig_square found 0 targets
[Stage B] Rule univariate_nn found 2 targets
[Stage B]   target order (arity-asc): [vars=(0,)(arity=1), vars=(1, 2)(arity=1)]
[Stage B]  one_minus_cos_over_z2 skip NN vars (0,): no trig hint
[Stage B] ratpoly_1d degree probe: no valid pairs, falling back to unconstrained grid, vars=(0,)
[Stage B] ratpoly_1d rejected: best rel_rms=0.0061 > 0.001, deg=(4,2), vars=(0,)
[Stage B] ratpoly_1d degree probe: no valid pairs, falling back to unconstrained grid, vars=(0,)
[Stage B] ratpoly_1d rejected: best rel_rms=0.0038 > 0.001, deg=(2,4), vars=(0,)
[Stage B] ratpoly_1d degree probe: 8 valid pair(s), min_deg=(1,0), vars=(0,)
[Stage B] ratpoly_1d rejected: best rel_rms=0.4618 > 0.001, deg=(1,0), vars=(0,)
[Stage B] ratpoly_1d degree probe: 8 valid pair(s), min_deg=(0,1), vars=(0,)
[Stage B] ratpoly_1d rejected: best rel_rms=14.4528 > 0.001, deg=(7,8), vars=(0,)
[Stage B]  one_minus_cos_over_z2 skip NN vars (0,): no trig hint
[Stage B] ratpoly_1d degree probe: no valid pairs, falling back to unconstrained grid, vars=(0,)
[Stage B] ratpoly_1d rejected: best rel_rms=0.7186 > 0.001, deg=(4,4), vars=(0,)
[Stage B] ratpoly_1d degree probe: no valid pairs, falling back to unconstrained grid, vars=(0,)
[Stage B] ratpoly_1d rejected: best rel_rms=0.0484 > 0.001, deg=(4,1), vars=(0,)
[Stage B] ratpoly_1d degree probe: 8 valid pair(s), min_deg=(0,1), vars=(0,)
[Stage B] ratpoly_1d rejected: best rel_rms=23.6484 > 0.001, deg=(0,1), vars=(0,)
[Stage B] ratpoly_1d degree probe: 8 valid pair(s), min_deg=(1,0), vars=(0,)
[Stage B] ratpoly_1d rejected: best rel_rms=2.4440 > 0.001, deg=(1,0), vars=(0,)
[Stage B] RuleUniNN proposing 13 candidates for NN vars=(0,): ['monomial_deg1', 'monomial_deg2', 'monomial_deg3', 'cf_sharedpref_resid', 'cf_combo', 'cf_combo', 'cf_combo', 'cf_combo', 'cf_combo', 'cf_combo', 'cf_combo', 'cf_combo', 'cf_combo']
[Stage B] RuleUniNN proposing 14 candidates for NN vars=(0,): ['scale', 'monomial_deg1[z_inv]', 'monomial_deg2[z_inv]', 'monomial_deg3[z_inv]', 'cf_sharedpref_resid[z_inv]', 'cf_combo[z_inv]', 'cf_combo[z_inv]', 'cf_combo[z_inv]', 'cf_combo[z_inv]', 'cf_combo[z_inv]', 'cf_combo[z_inv]', 'cf_combo[z_inv]', 'cf_combo[z_inv]', 'cf_combo[z_inv]']
[Stage B]  Greedy order (14 cands): scale(1001p), monomial_deg1[z_inv](1000p), monomial_deg2[z_inv](1000p), monomial_deg3[z_inv](1000p), cf_sharedpref_resid[z_inv](1002p), cf_combo[z_inv](1002p), cf_combo[z_inv](1001p), cf_combo[z_inv](1002p), cf_combo[z_inv](1001p), cf_combo[z_inv](1002p), cf_combo[z_inv](1001p), cf_combo[z_inv](1002p), cf_combo[z_inv](1001p), cf_combo[z_inv](1002p)
[Stage B]  Trying scaling rewrite on NN leaf vars (0,), k≈0.333
[DBG-candfit] analytic-init: starting
[Stage B] Initialising PowerLeaf for vars (0,), tag=leaf0
[DBG-candfit] analytic-init: done
[info] dataloader for provider ASTCompositeAdaptor yields 3 batches (equivalent to a single batch up to floating-point roundoff; minor Python-loop overhead per batch).
[LM][bucket] solving P=386 (trivially separable union)
Stopping at epoch 201/2000, lm_opt.state['halt']=True, loss=8.4074e-12, loss_val=1.6442e-11
[Stage B]    Candidate (scale): params=386, val-loss=1.6442e-11
[Stage B]    Reject (scale): loss-below-floor-too-much-regression(ratio=1.369e+01, cap=1.201e-11) | loss 1.201e-12->1.644e-11 (Δ+1.52e-11) | params 768->386 | cx (0, 0, 0)->(0, 0, 0)
[Stage B]  Precheck reject (units: nn-output-unreachable leaf1 inputs=((x1 * (x2)**-1)) target=L^4*T^-8/3 basis=['dimless-only']) rule=univariate_nn cand=monomial_deg1[z_inv] target=nn#leaf0 vars=(0,) attempted=0
[Stage B]  Precheck reject (units: nn-output-unreachable leaf1 inputs=((x1 * (x2)**-1)) target=L^7*T^-14/3 basis=['dimless-only']) rule=univariate_nn cand=monomial_deg2[z_inv] target=nn#leaf0 vars=(0,) attempted=0
[Stage B]  Precheck reject (units: nn-output-unreachable leaf1 inputs=((x1 * (x2)**-1)) target=L^10*T^-20/3 basis=['dimless-only']) rule=univariate_nn cand=monomial_deg3[z_inv] target=nn#leaf0 vars=(0,) attempted=0
[Stage B]  Precheck reject (units: units-inconsistent (L)) rule=univariate_nn cand=cf_sharedpref_resid[z_inv] target=nn#leaf0 vars=(0,) attempted=0
[Stage B]  Precheck reject (units: units-inconsistent (L)) rule=univariate_nn cand=cf_combo[z_inv] target=nn#leaf0 vars=(0,) attempted=0
[Stage B]  Precheck reject (units: units-inconsistent (L)) rule=univariate_nn cand=cf_combo[z_inv] target=nn#leaf0 vars=(0,) attempted=0
[Stage B]  Precheck reject (units: units-inconsistent (L)) rule=univariate_nn cand=cf_combo[z_inv] target=nn#leaf0 vars=(0,) attempted=0
[Stage B]  Precheck reject (units: units-inconsistent (L)) rule=univariate_nn cand=cf_combo[z_inv] target=nn#leaf0 vars=(0,) attempted=0
[Stage B]  Precheck reject (units: units-inconsistent (L)) rule=univariate_nn cand=cf_combo[z_inv] target=nn#leaf0 vars=(0,) attempted=0
[Stage B]  Precheck reject (units: units-inconsistent (L)) rule=univariate_nn cand=cf_combo[z_inv] target=nn#leaf0 vars=(0,) attempted=0
[Stage B]  Precheck reject (units: units-inconsistent (L)) rule=univariate_nn cand=cf_combo[z_inv] target=nn#leaf0 vars=(0,) attempted=0
[Stage B]  Precheck reject (units: units-inconsistent (L)) rule=univariate_nn cand=cf_combo[z_inv] target=nn#leaf0 vars=(0,) attempted=0
[Stage B]  Precheck reject (units: units-inconsistent (L)) rule=univariate_nn cand=cf_combo[z_inv] target=nn#leaf0 vars=(0,) attempted=0
[Stage B] symexp_denom_1d accepted: rel_rms=0.0138, scale≈164, linear≈3.63, compound vars=(1, 2)
[Stage B] symexp_denom_1d_recip (poly) accepted: rel_rms=0.0139, scale≈164, linear≈3.86, compound vars=(1, 2)
[Stage B] inv_poly: using degree-probe monomials, 3 valid terms, vars=(1, 2)
[Stage B] inv_poly probe: 1 sub-threshold trial(s) for vars=(1, 2): deg=2 rms=0.0003 n=3
[Stage B] sqrt_poly: degree-probe active, sqrt=3 terms (probed=True), inv=3 terms (probed=True), vars=(1, 2)
[Stage B]  one_minus_cos_over_z2 skip NN vars (1, 2): screen failed for z=(x1 * (x2)**-1); exact best rel=5.83e-02 at omega≈2; affine best rel=4.17e-02, offset_rel=2.23e-02 at omega≈2; thresholds rel<=2.00e-02, offset_rel<=1.50e-01
[Stage B]  sparse_factor_1d skip NN vars (1, 2): screen failed for z=(x1 * (x2)**-1); best rel=7.62e-02, threshold=2.00e-02
[Stage B] ratpoly_1d degree probe: 1 valid pair(s), min_deg=(0,0), vars=(1, 2)
[Stage B] ratpoly_1d probe: 9 sub-threshold trial(s) for vars=(1, 2): deg=(2,1)->(2,0) nnz=(3,1) rms=0.0003, deg=(1,4)->(1,2) nnz=(2,3) rms=0.0000, deg=(1,3)->(1,3) nnz=(2,3) rms=0.0000, deg=(2,2)->(2,2) nnz=(3,2) rms=0.0000, deg=(3,1)->(3,1) nnz=(3,2) rms=0.0000, deg=(3,3)->(3,1) nnz=(3,2) rms=0.0000, deg=(4,1)->(4,0) nnz=(4,1) rms=0.0000, deg=(4,4)->(3,2) nnz=(2,3) rms=0.0001, deg=(0,4)->(0,4) nnz=(1,5) rms=0.0001
[Stage B] ratpoly_1d degree probe: 1 valid pair(s), min_deg=(0,0), vars=(1, 2)
[Stage B] ratpoly_1d probe: 12 sub-threshold trial(s) for vars=(1, 2): deg=(0,2)->(0,2) nnz=(1,3) rms=0.0003, deg=(0,3)->(0,3) nnz=(1,4) rms=0.0000, deg=(1,2)->(1,2) nnz=(2,3) rms=0.0000, deg=(2,1)->(2,1) nnz=(3,2) rms=0.0000, deg=(2,2)->(2,2) nnz=(3,2) rms=0.0002, deg=(2,3)->(2,3) nnz=(3,2) rms=0.0001, deg=(3,3)->(3,3) nnz=(3,2) rms=0.0001, deg=(3,4)->(3,4) nnz=(3,2) rms=0.0000, deg=(0,4)->(0,4) nnz=(1,5) rms=0.0000, deg=(3,1)->(3,1) nnz=(4,2) rms=0.0000, deg=(4,1)->(4,0) nnz=(5,1) rms=0.0001, deg=(1,4)->(1,4) nnz=(2,5) rms=0.0000
[Stage B] ratpoly_1d degree probe: 1 valid pair(s), min_deg=(0,0), vars=(1, 2)
[Stage B] ratpoly_1d probe: 11 sub-threshold trial(s) for vars=(1, 2): deg=(1,2)->(1,2) nnz=(2,2) rms=0.0002, deg=(2,2)->(2,1) nnz=(3,2) rms=0.0001, deg=(3,1)->(3,0) nnz=(4,1) rms=0.0000, deg=(4,1)->(3,1) nnz=(3,2) rms=0.0001, deg=(2,3)->(2,3) nnz=(2,3) rms=0.0001, deg=(3,3)->(3,3) nnz=(2,3) rms=0.0007, deg=(0,4)->(0,4) nnz=(1,5) rms=0.0001, deg=(4,3)->(4,1) nnz=(4,2) rms=0.0000, deg=(1,4)->(1,4) nnz=(2,5) rms=0.0003, deg=(2,4)->(2,4) nnz=(3,5) rms=0.0003, deg=(4,4)->(4,4) nnz=(5,5) rms=0.0001
[Stage B] ratpoly_1d degree probe: 1 valid pair(s), min_deg=(0,0), vars=(1, 2)
[Stage B] ratpoly_1d probe: 13 sub-threshold trial(s) for vars=(1, 2): deg=(0,3)->(0,3) nnz=(1,4) rms=0.0000, deg=(1,2)->(1,2) nnz=(2,3) rms=0.0001, deg=(2,1)->(2,1) nnz=(3,2) rms=0.0001, deg=(0,4)->(0,4) nnz=(1,5) rms=0.0000, deg=(1,3)->(1,3) nnz=(2,4) rms=0.0000, deg=(2,2)->(2,2) nnz=(3,3) rms=0.0000, deg=(3,1)->(3,1) nnz=(4,2) rms=0.0000, deg=(4,1)->(4,0) nnz=(5,1) rms=0.0001, deg=(1,4)->(1,4) nnz=(2,5) rms=0.0000, deg=(2,3)->(2,3) nnz=(3,4) rms=0.0000, deg=(3,2)->(3,2) nnz=(4,3) rms=0.0000, deg=(2,4)->(2,4) nnz=(3,5) rms=0.0000, deg=(3,3)->(3,3) nnz=(4,4) rms=0.0000
[Stage B] ratpoly_1d degree probe: 1 valid pair(s), min_deg=(0,0), vars=(1, 2)
[Stage B] ratpoly_1d probe: 10 sub-threshold trial(s) for vars=(1, 2): deg=(0,2)->(0,2) nnz=(1,3) rms=0.0042, deg=(1,1)->(1,1) nnz=(2,2) rms=0.0002, deg=(2,1)->(2,1) nnz=(2,2) rms=0.0001, deg=(2,2)->(2,1) nnz=(2,2) rms=0.0002, deg=(0,3)->(0,3) nnz=(1,4) rms=0.0003, deg=(1,3)->(1,2) nnz=(2,3) rms=0.0000, deg=(3,3)->(3,0) nnz=(4,1) rms=0.0000, deg=(0,4)->(0,4) nnz=(1,4) rms=0.0000, deg=(4,1)->(3,1) nnz=(3,2) rms=0.0000, deg=(3,2)->(3,2) nnz=(2,3) rms=0.0000
[Stage B] symexp_denom_1d accepted: rel_rms=0.0139, scale≈164, linear≈-1.55, compound vars=(1, 2)
[Stage B] symexp_denom_1d_recip (poly) accepted: rel_rms=0.0138, scale≈164, linear≈-1.59, compound vars=(1, 2)
[Stage B] inv_poly: using degree-probe monomials, 3 valid terms, vars=(1, 2)
[Stage B] inv_poly rejected: best rel_rms=0.0019 > 0.001, degree=2, vars=(1, 2)
[Stage B] sqrt_poly: degree-probe active, sqrt=3 terms (probed=True), inv=3 terms (probed=True), vars=(1, 2)
[Stage B]  one_minus_cos_over_z2 skip NN vars (1, 2): screen failed for z=(x2 / x1); exact best rel=1.05e-01 at omega≈2; affine best rel=5.31e-02, offset_rel=7.92e-02 at omega≈2; thresholds rel<=2.00e-02, offset_rel<=1.50e-01
[Stage B]  sparse_factor_1d skip NN vars (1, 2): screen failed for z=(x2 / x1); best rel=9.17e-02, threshold=2.00e-02
[Stage B] ratpoly_1d degree probe: 1 valid pair(s), min_deg=(0,0), vars=(1, 2)
[Stage B] ratpoly_1d probe: 9 sub-threshold trial(s) for vars=(1, 2): deg=(1,2)->(1,2) nnz=(2,3) rms=0.0002, deg=(2,1)->(2,1) nnz=(3,2) rms=0.0002, deg=(3,1)->(3,0) nnz=(4,1) rms=0.0001, deg=(1,3)->(1,3) nnz=(2,3) rms=0.0001, deg=(2,2)->(2,2) nnz=(3,2) rms=0.0000, deg=(2,4)->(2,3) nnz=(2,3) rms=0.0000, deg=(4,2)->(3,2) nnz=(3,2) rms=0.0000, deg=(3,3)->(3,3) nnz=(2,3) rms=0.0000, deg=(4,4)->(4,4) nnz=(2,4) rms=0.0000
[Stage B] ratpoly_1d degree probe: 1 valid pair(s), min_deg=(0,0), vars=(1, 2)
[Stage B] ratpoly_1d probe: 8 sub-threshold trial(s) for vars=(1, 2): deg=(2,2)->(2,2) nnz=(3,3) rms=0.0000, deg=(2,3)->(2,3) nnz=(3,4) rms=0.0000, deg=(3,2)->(3,2) nnz=(4,3) rms=0.0000, deg=(2,4)->(2,4) nnz=(3,5) rms=0.0000, deg=(3,3)->(3,3) nnz=(4,4) rms=0.0000, deg=(4,2)->(4,2) nnz=(5,3) rms=0.0000, deg=(3,4)->(3,4) nnz=(4,5) rms=0.0000, deg=(4,3)->(4,3) nnz=(5,4) rms=0.0000
[Stage B] ratpoly_1d degree probe: 1 valid pair(s), min_deg=(0,0), vars=(1, 2)
[Stage B] ratpoly_1d probe: 6 sub-threshold trial(s) for vars=(1, 2): deg=(1,2)->(1,2) nnz=(2,2) rms=0.0009, deg=(2,2)->(2,2) nnz=(2,2) rms=0.0002, deg=(1,3)->(1,2) nnz=(2,3) rms=0.0005, deg=(3,1)->(3,1) nnz=(3,2) rms=0.0005, deg=(4,1)->(4,1) nnz=(4,2) rms=0.0001, deg=(3,4)->(3,4) nnz=(4,5) rms=0.0003
[Stage B] ratpoly_1d degree probe: 1 valid pair(s), min_deg=(0,0), vars=(1, 2)
[Stage B] ratpoly_1d probe: 10 sub-threshold trial(s) for vars=(1, 2): deg=(1,3)->(1,3) nnz=(2,4) rms=0.0006, deg=(2,2)->(2,2) nnz=(3,3) rms=0.0000, deg=(1,4)->(1,4) nnz=(2,5) rms=0.0000, deg=(2,3)->(2,3) nnz=(3,4) rms=0.0000, deg=(3,2)->(3,2) nnz=(4,3) rms=0.0000, deg=(2,4)->(2,4) nnz=(3,5) rms=0.0000, deg=(3,3)->(3,3) nnz=(4,4) rms=0.0000, deg=(4,2)->(4,2) nnz=(5,3) rms=0.0000, deg=(3,4)->(3,4) nnz=(4,5) rms=0.0000, deg=(4,3)->(4,3) nnz=(5,4) rms=0.0000
[Stage B] ratpoly_1d degree probe: 1 valid pair(s), min_deg=(0,0), vars=(1, 2)
[Stage B] ratpoly_1d probe: 8 sub-threshold trial(s) for vars=(1, 2): deg=(0,3)->(0,3) nnz=(1,4) rms=0.0052, deg=(1,3)->(1,2) nnz=(2,3) rms=0.0000, deg=(2,1)->(2,1) nnz=(3,2) rms=0.0000, deg=(2,2)->(2,2) nnz=(2,3) rms=0.0000, deg=(4,1)->(3,1) nnz=(3,2) rms=0.0000, deg=(3,4)->(3,2) nnz=(3,2) rms=0.0000, deg=(0,4)->(0,4) nnz=(1,5) rms=0.0008, deg=(1,4)->(1,4) nnz=(2,5) rms=0.0000
[Stage B] RuleUniNN proposing 78 candidates for NN vars=(1, 2): ['monomial_deg1', 'monomial_deg2', 'monomial_deg3', 'poly', 'planck_p1', 'planck_p2', 'planck_full', 'expm1', 'symexp_denom_1d_recip', 'symexp_denom_1d', '1d_powexp', 'polylog', 'logshifted', 'sqrt_poly', 'cf_combo', 'cf_combo', 'cf_combo', 'cf_combo', 'cf_combo', 'cf_combo', 'cf_combo', 'cf_combo', 'cf_combo', 'cf_combo', 'sqrt_ratpoly_1d', 'sqrt_ratpoly_1d[1]', 'sqrt_ratpoly_1d[2]', 'sqrt_ratpoly_1d[3]', 'sqrt_ratpoly_1d[4]', 'sqrt_ratpoly_1d[5]', 'sqrt_ratpoly_1d[6]', 'sqrt_ratpoly_1d[7]', 'sqrt_ratpoly_1d[8]', 'sqrt_ratpoly_1d[9]', 'sqrt_ratpoly_1d[10]', 'sqrt_ratpoly_1d[11]', 'sqrt_ratpoly_1d[12]', 'sqrt_ratpoly_1d[13]', 'sqrt_ratpoly_1d[14]', 'sqrt_ratpoly_1d[15]', 'sqrt_ratpoly_1d[16]', 'cbrt_ratpoly_1d', 'cbrt_ratpoly_1d[1]', 'cbrt_ratpoly_1d[2]', 'cbrt_ratpoly_1d[3]', 'cbrt_ratpoly_1d[4]', 'cbrt_ratpoly_1d[5]', 'cbrt_ratpoly_1d[6]', 'cbrt_ratpoly_1d[7]', 'cbrt_ratpoly_1d[8]', 'cbrt_ratpoly_1d[9]', 'cbrt_ratpoly_1d[10]', 'cbrt_ratpoly_1d[11]', 'cbrt_ratpoly_1d[12]', 'cbrt_ratpoly_1d[13]', 'cbrt_ratpoly_1d[14]', 'cbrt_ratpoly_1d[15]', 'ratpoly_1d', 'ratpoly_1d[1]', 'ratpoly_1d[2]', 'ratpoly_1d[3]', 'ratpoly_1d[4]', 'ratpoly_1d[5]', 'ratpoly_1d[6]', 'ratpoly_1d[7]', 'exp', 'exp_rat', 'tanh', 'trig', 'trig', 'trig', 'trig', 'trig', 'sinc_p2', 'affine_trig', 'leaftr_square_poly3', 'leaftr_sqrt_poly3', 'leaftr_log_poly3']
[Stage B]  Skipping reciprocal-coordinate alias polylog: closed-under-reciprocal:polylog
[Stage B]  Skipping reciprocal-coordinate alias sqrt_ratpoly_1d: closed-under-reciprocal:sqrt_ratpoly_1d
[Stage B]  Skipping reciprocal-coordinate alias sqrt_ratpoly_1d[1]: closed-under-reciprocal:sqrt_ratpoly_1d
[Stage B]  Skipping reciprocal-coordinate alias sqrt_ratpoly_1d[2]: closed-under-reciprocal:sqrt_ratpoly_1d
[Stage B]  Skipping reciprocal-coordinate alias sqrt_ratpoly_1d[3]: closed-under-reciprocal:sqrt_ratpoly_1d
[Stage B]  Skipping reciprocal-coordinate alias sqrt_ratpoly_1d[4]: closed-under-reciprocal:sqrt_ratpoly_1d
[Stage B]  Skipping reciprocal-coordinate alias sqrt_ratpoly_1d[5]: closed-under-reciprocal:sqrt_ratpoly_1d
[Stage B]  Skipping reciprocal-coordinate alias sqrt_ratpoly_1d[6]: closed-under-reciprocal:sqrt_ratpoly_1d
[Stage B]  Skipping reciprocal-coordinate alias sqrt_ratpoly_1d[7]: closed-under-reciprocal:sqrt_ratpoly_1d
[Stage B]  Skipping reciprocal-coordinate alias sqrt_ratpoly_1d[8]: closed-under-reciprocal:sqrt_ratpoly_1d
[Stage B]  Skipping reciprocal-coordinate alias sqrt_ratpoly_1d[9]: closed-under-reciprocal:sqrt_ratpoly_1d
[Stage B]  Skipping reciprocal-coordinate alias sqrt_ratpoly_1d[10]: closed-under-reciprocal:sqrt_ratpoly_1d
[Stage B]  Skipping reciprocal-coordinate alias sqrt_ratpoly_1d[11]: closed-under-reciprocal:sqrt_ratpoly_1d
[Stage B]  Skipping reciprocal-coordinate alias sqrt_ratpoly_1d[12]: closed-under-reciprocal:sqrt_ratpoly_1d
[Stage B]  Skipping reciprocal-coordinate alias sqrt_ratpoly_1d[13]: closed-under-reciprocal:sqrt_ratpoly_1d
[Stage B]  Skipping reciprocal-coordinate alias sqrt_ratpoly_1d[14]: closed-under-reciprocal:sqrt_ratpoly_1d
[Stage B]  Skipping reciprocal-coordinate alias sqrt_ratpoly_1d[15]: closed-under-reciprocal:sqrt_ratpoly_1d
[Stage B]  Skipping reciprocal-coordinate alias sqrt_ratpoly_1d[16]: closed-under-reciprocal:sqrt_ratpoly_1d
[Stage B]  Skipping reciprocal-coordinate alias cbrt_ratpoly_1d: closed-under-reciprocal:cbrt_ratpoly_1d
[Stage B]  Skipping reciprocal-coordinate alias cbrt_ratpoly_1d[1]: closed-under-reciprocal:cbrt_ratpoly_1d
[Stage B]  Skipping reciprocal-coordinate alias cbrt_ratpoly_1d[2]: closed-under-reciprocal:cbrt_ratpoly_1d
[Stage B]  Skipping reciprocal-coordinate alias cbrt_ratpoly_1d[3]: closed-under-reciprocal:cbrt_ratpoly_1d
[Stage B]  Skipping reciprocal-coordinate alias cbrt_ratpoly_1d[4]: closed-under-reciprocal:cbrt_ratpoly_1d
[Stage B]  Skipping reciprocal-coordinate alias cbrt_ratpoly_1d[5]: closed-under-reciprocal:cbrt_ratpoly_1d
[Stage B]  Skipping reciprocal-coordinate alias cbrt_ratpoly_1d[6]: closed-under-reciprocal:cbrt_ratpoly_1d
[Stage B]  Skipping reciprocal-coordinate alias cbrt_ratpoly_1d[7]: closed-under-reciprocal:cbrt_ratpoly_1d
[Stage B]  Skipping reciprocal-coordinate alias cbrt_ratpoly_1d[8]: closed-under-reciprocal:cbrt_ratpoly_1d
[Stage B]  Skipping reciprocal-coordinate alias cbrt_ratpoly_1d[9]: closed-under-reciprocal:cbrt_ratpoly_1d
[Stage B]  Skipping reciprocal-coordinate alias cbrt_ratpoly_1d[10]: closed-under-reciprocal:cbrt_ratpoly_1d
[Stage B]  Skipping reciprocal-coordinate alias cbrt_ratpoly_1d[11]: closed-under-reciprocal:cbrt_ratpoly_1d
[Stage B]  Skipping reciprocal-coordinate alias cbrt_ratpoly_1d[12]: closed-under-reciprocal:cbrt_ratpoly_1d
[Stage B]  Skipping reciprocal-coordinate alias cbrt_ratpoly_1d[13]: closed-under-reciprocal:cbrt_ratpoly_1d
[Stage B]  Skipping reciprocal-coordinate alias cbrt_ratpoly_1d[14]: closed-under-reciprocal:cbrt_ratpoly_1d
[Stage B]  Skipping reciprocal-coordinate alias cbrt_ratpoly_1d[15]: closed-under-reciprocal:cbrt_ratpoly_1d
[Stage B]  Skipping reciprocal-coordinate alias ratpoly_1d: closed-under-reciprocal:ratpoly_1d
[Stage B]  Skipping reciprocal-coordinate alias ratpoly_1d[1]: closed-under-reciprocal:ratpoly_1d
[Stage B]  Skipping reciprocal-coordinate alias ratpoly_1d[2]: closed-under-reciprocal:ratpoly_1d
[Stage B]  Skipping reciprocal-coordinate alias ratpoly_1d[3]: closed-under-reciprocal:ratpoly_1d
[Stage B]  Skipping reciprocal-coordinate alias ratpoly_1d[4]: closed-under-reciprocal:ratpoly_1d
[Stage B]  Skipping reciprocal-coordinate alias ratpoly_1d[5]: closed-under-reciprocal:ratpoly_1d
[Stage B]  Skipping reciprocal-coordinate alias ratpoly_1d[6]: closed-under-reciprocal:ratpoly_1d
[Stage B]  Skipping reciprocal-coordinate alias ratpoly_1d[7]: closed-under-reciprocal:ratpoly_1d
[Stage B]  Skipping reciprocal-coordinate alias exp_rat: closed-under-reciprocal:exp_rat
[Stage B] RuleUniNN proposing 128 candidates for NN vars=(1, 2): ['monomial_deg1', 'monomial_deg1[z_inv]', 'monomial_deg2', 'monomial_deg2[z_inv]', 'monomial_deg3', 'monomial_deg3[z_inv]', 'poly', 'poly[z_inv]', 'planck_p0', 'planck_p1', 'planck_p1[z_inv]', 'planck_p2', 'planck_p2[z_inv]', 'planck_full', 'planck_full[z_inv]', 'symexp_denom_1d', 'symexp_denom_1d[z_inv]', 'symexp_denom_1d_recip', 'symexp_denom_1d_recip[z_inv]', '1d_powexp', '1d_powexp[z_inv]', 'polylog', 'logshifted', 'logshifted[z_inv]', 'inv_poly', 'sqrt_poly', 'sqrt_poly[z_inv]', 'cf_combo', 'cf_combo[z_inv]', 'cf_combo[z_inv]', 'cf_combo[z_inv]', 'cf_combo[z_inv]', 'cf_combo[z_inv]', 'cf_combo[z_inv]', 'cf_combo[z_inv]', 'cf_combo[z_inv]', 'cf_combo[z_inv]', 'cf_combo[z_inv]', 'cf_combo', 'cf_combo', 'cf_combo', 'cf_combo', 'cf_combo', 'cf_combo', 'cf_combo', 'cf_combo', 'cf_combo', 'sqrt_ratpoly_1d', 'sqrt_ratpoly_1d[1]', 'sqrt_ratpoly_1d[2]', 'sqrt_ratpoly_1d[3]', 'sqrt_ratpoly_1d[4]', 'sqrt_ratpoly_1d[5]', 'sqrt_ratpoly_1d[6]', 'sqrt_ratpoly_1d[7]', 'sqrt_ratpoly_1d[8]', 'sqrt_ratpoly_1d[9]', 'sqrt_ratpoly_1d[10]', 'sqrt_ratpoly_1d[11]', 'sqrt_ratpoly_1d[12]', 'sqrt_ratpoly_1d[13]', 'sqrt_ratpoly_1d[14]', 'sqrt_ratpoly_1d[15]', 'sqrt_ratpoly_1d[16]', 'sqrt_ratpoly_1d[17]', 'sqrt_ratpoly_1d[18]', 'sqrt_ratpoly_1d[19]', 'sqrt_ratpoly_1d[20]', 'cbrt_ratpoly_1d', 'cbrt_ratpoly_1d[1]', 'cbrt_ratpoly_1d[2]', 'cbrt_ratpoly_1d[3]', 'cbrt_ratpoly_1d[4]', 'cbrt_ratpoly_1d[5]', 'cbrt_ratpoly_1d[6]', 'cbrt_ratpoly_1d[7]', 'cbrt_ratpoly_1d[8]', 'cbrt_ratpoly_1d[9]', 'cbrt_ratpoly_1d[10]', 'cbrt_ratpoly_1d[11]', 'cbrt_ratpoly_1d[12]', 'cbrt_ratpoly_1d[13]', 'cbrt_ratpoly_1d[14]', 'cbrt_ratpoly_1d[15]', 'cbrt_ratpoly_1d[16]', 'cbrt_ratpoly_1d[17]', 'cbrt_ratpoly_1d[18]', 'cbrt_ratpoly_1d[19]', 'cbrt_ratpoly_1d[20]', 'cbrt_ratpoly_1d[21]', 'cbrt_ratpoly_1d[22]', 'cbrt_ratpoly_1d[23]', 'ratpoly_1d', 'ratpoly_1d[1]', 'ratpoly_1d[2]', 'ratpoly_1d[3]', 'ratpoly_1d[4]', 'ratpoly_1d[5]', 'ratpoly_1d[6]', 'ratpoly_1d[7]', 'ratpoly_1d[8]', 'ratpoly_1d[9]', 'exp', 'exp[z_inv]', 'exp_rat', 'tanh', 'tanh[z_inv]', 'trig', 'trig[z_inv]', 'trig[z_inv]', 'trig[z_inv]', 'trig[z_inv]', 'trig[z_inv]', 'trig', 'trig', 'trig', 'trig', 'sinc_p2', 'sinc_p2[z_inv]', 'affine_trig', 'affine_trig[z_inv]', 'leaftr_square_poly3', 'leaftr_square_poly3[z_inv]', 'leaftr_sqrt_poly3', 'leaftr_sqrt_poly3[z_inv]', 'leaftr_log_poly3', 'leaftr_log_poly3[z_inv]', 'expm1[z_inv]']
[Stage B]  Greedy order (128 cands): monomial_deg1(1000p), monomial_deg1[z_inv](1000p), monomial_deg2(1000p), monomial_deg2[z_inv](1000p), monomial_deg3(1000p), monomial_deg3[z_inv](1000p), poly(1001p), poly[z_inv](1001p), planck_p0(2p), planck_p1(2p), planck_p1[z_inv](2p), planck_p2(2p), planck_p2[z_inv](2p), planck_full(4p), planck_full[z_inv](4p), symexp_denom_1d(1005p), symexp_denom_1d[z_inv](1005p), symexp_denom_1d_recip(1005p), symexp_denom_1d_recip[z_inv](1005p), 1d_powexp(1004p), 1d_powexp[z_inv](1004p), polylog(1001p), logshifted(1002p), logshifted[z_inv](1002p), inv_poly(1002p), sqrt_poly(1002p), sqrt_poly[z_inv](1002p), cf_combo(1002p), cf_combo[z_inv](1002p), cf_combo[z_inv](1001p), cf_combo[z_inv](1002p), cf_combo[z_inv](1001p), cf_combo[z_inv](1002p), cf_combo[z_inv](1001p), cf_combo[z_inv](1002p), cf_combo[z_inv](1001p), cf_combo[z_inv](1002p), cf_combo[z_inv](1001p), cf_combo(1001p), cf_combo(1002p), cf_combo(1001p), cf_combo(1002p), cf_combo(1001p), cf_combo(1002p), cf_combo(1001p), cf_combo(1002p), cf_combo(1001p), sqrt_ratpoly_1d(1003p), sqrt_ratpoly_1d[1](1004p), sqrt_ratpoly_1d[2](1004p), sqrt_ratpoly_1d[3](1004p), sqrt_ratpoly_1d[4](1004p), sqrt_ratpoly_1d[5](1004p), sqrt_ratpoly_1d[6](1004p), sqrt_ratpoly_1d[7](1004p), sqrt_ratpoly_1d[8](1005p), sqrt_ratpoly_1d[9](1003p), sqrt_ratpoly_1d[10](1004p), sqrt_ratpoly_1d[11](1004p), sqrt_ratpoly_1d[12](1004p), sqrt_ratpoly_1d[13](1004p), sqrt_ratpoly_1d[14](1004p), sqrt_ratpoly_1d[15](1004p), sqrt_ratpoly_1d[16](1004p), sqrt_ratpoly_1d[17](1005p), sqrt_ratpoly_1d[18](1005p), sqrt_ratpoly_1d[19](1005p), sqrt_ratpoly_1d[20](1006p), cbrt_ratpoly_1d(1003p), cbrt_ratpoly_1d[1](1004p), cbrt_ratpoly_1d[2](1004p), cbrt_ratpoly_1d[3](1004p), cbrt_ratpoly_1d[4](1004p), cbrt_ratpoly_1d[5](1004p), cbrt_ratpoly_1d[6](1005p), cbrt_ratpoly_1d[7](1005p), cbrt_ratpoly_1d[8](1006p), cbrt_ratpoly_1d[9](1007p), cbrt_ratpoly_1d[10](1009p), cbrt_ratpoly_1d[11](1004p), cbrt_ratpoly_1d[12](1004p), cbrt_ratpoly_1d[13](1004p), cbrt_ratpoly_1d[14](1005p), cbrt_ratpoly_1d[15](1005p), cbrt_ratpoly_1d[16](1005p), cbrt_ratpoly_1d[17](1005p), cbrt_ratpoly_1d[18](1005p), cbrt_ratpoly_1d[19](1006p), cbrt_ratpoly_1d[20](1006p), cbrt_ratpoly_1d[21](1006p), cbrt_ratpoly_1d[22](1007p), cbrt_ratpoly_1d[23](1007p), ratpoly_1d(1003p), ratpoly_1d[1](1003p), ratpoly_1d[2](1003p), ratpoly_1d[3](1003p), ratpoly_1d[4](1004p), ratpoly_1d[5](1004p), ratpoly_1d[6](1004p), ratpoly_1d[7](1004p), ratpoly_1d[8](1004p), ratpoly_1d[9](1004p), exp(1002p), exp[z_inv](1002p), exp_rat(1005p), tanh(1002p), tanh[z_inv](1002p), trig(1002p), trig[z_inv](1002p), trig[z_inv](1002p), trig[z_inv](1002p), trig[z_inv](1002p), trig[z_inv](1002p), trig(1002p), trig(1002p), trig(1002p), trig(1002p), sinc_p2(1002p), sinc_p2[z_inv](1002p), affine_trig(1003p), affine_trig[z_inv](1003p), leaftr_square_poly3(1003p), leaftr_square_poly3[z_inv](1003p), leaftr_sqrt_poly3(1003p), leaftr_sqrt_poly3[z_inv](1003p), leaftr_log_poly3(1003p), leaftr_log_poly3[z_inv](1003p), expm1[z_inv](1002p)
[Stage B]  Trying 1D monomial (c·x^1) rewrite on NN leaf vars (1, 2)
[DBG-candfit] analytic-init: starting
[Stage B] Initialising PolyLeaf for vars (1, 2), tag=leaf1
[DBG-candfit] analytic-init: done
[info] dataloader for provider ASTCompositeAdaptor yields 3 batches (equivalent to a single batch up to floating-point roundoff; minor Python-loop overhead per batch).
[LM][bucket] solving P=385 (trivially separable union)
Validation patience exceeded at epoch 1601/2000, nval_worse=500
[Stage B]    Candidate (monomial_deg1): params=385, val-loss=3.3218e-03
[Stage B]    Reject (monomial_deg1): simpler-over-budget(thr=1.478e-10) | loss 1.201e-12->3.322e-03 (Δ+3.32e-03) | params 768->385 | cx (0, 0, 0)->(0, 0, 0)
[Stage B]  Trying 1D monomial (c·x^1) rewrite on NN leaf vars (1, 2) [coord=1/z]
[DBG-candfit] analytic-init: starting
[Stage B] Initialising PolyLeaf for vars (1, 2), tag=leaf1
[DBG-candfit] analytic-init: done
[info] dataloader for provider ASTCompositeAdaptor yields 3 batches (equivalent to a single batch up to floating-point roundoff; minor Python-loop overhead per batch).
Validation patience exceeded at epoch 701/2000, nval_worse=500
[Stage B]    Candidate (monomial_deg1[z_inv]): params=385, val-loss=9.5374e-04
[Stage B]    Reject (monomial_deg1[z_inv]): simpler-over-budget(thr=1.478e-10) | loss 1.201e-12->9.537e-04 (Δ+9.54e-04) | params 768->385 | cx (0, 0, 0)->(0, 0, 0)
[Stage B]  Trying 1D monomial (c·x^2) rewrite on NN leaf vars (1, 2)
[DBG-candfit] analytic-init: starting
[Stage B] Initialising PolyLeaf for vars (1, 2), tag=leaf1
[DBG-candfit] analytic-init: done
[info] dataloader for provider ASTCompositeAdaptor yields 3 batches (equivalent to a single batch up to floating-point roundoff; minor Python-loop overhead per batch).
Validation patience exceeded at epoch 1801/2000, nval_worse=500
[Stage B]    Candidate (monomial_deg2): params=385, val-loss=9.7249e-03
[Stage B]    Reject (monomial_deg2): simpler-over-budget(thr=1.478e-10) | loss 1.201e-12->9.725e-03 (Δ+9.72e-03) | params 768->385 | cx (0, 0, 0)->(0, 0, 0)
[Stage B]  Trying 1D monomial (c·x^2) rewrite on NN leaf vars (1, 2) [coord=1/z]
[DBG-candfit] analytic-init: starting
[Stage B] Initialising PolyLeaf for vars (1, 2), tag=leaf1
[DBG-candfit] analytic-init: done
[info] dataloader for provider ASTCompositeAdaptor yields 3 batches (equivalent to a single batch up to floating-point roundoff; minor Python-loop overhead per batch).
Validation patience exceeded at epoch 1301/2000, nval_worse=500
[Stage B]    Candidate (monomial_deg2[z_inv]): params=385, val-loss=5.0686e-03
[Stage B]    Reject (monomial_deg2[z_inv]): simpler-over-budget(thr=1.478e-10) | loss 1.201e-12->5.069e-03 (Δ+5.07e-03) | params 768->385 | cx (0, 0, 0)->(0, 0, 0)
[Stage B]  Trying 1D monomial (c·x^3) rewrite on NN leaf vars (1, 2)
[DBG-candfit] analytic-init: starting
[Stage B] Initialising PolyLeaf for vars (1, 2), tag=leaf1
[DBG-candfit] analytic-init: done
[info] dataloader for provider ASTCompositeAdaptor yields 3 batches (equivalent to a single batch up to floating-point roundoff; minor Python-loop overhead per batch).
Validation patience exceeded at epoch 1301/2000, nval_worse=500
[Stage B]    Candidate (monomial_deg3): params=385, val-loss=1.8238e-02
[Stage B]    Reject (monomial_deg3): simpler-over-budget(thr=1.478e-10) | loss 1.201e-12->1.824e-02 (Δ+1.82e-02) | params 768->385 | cx (0, 0, 0)->(0, 0, 0)
[Stage B]  Trying 1D monomial (c·x^3) rewrite on NN leaf vars (1, 2) [coord=1/z]
[DBG-candfit] analytic-init: starting
[Stage B] Initialising PolyLeaf for vars (1, 2), tag=leaf1
[DBG-candfit] analytic-init: done
[info] dataloader for provider ASTCompositeAdaptor yields 3 batches (equivalent to a single batch up to floating-point roundoff; minor Python-loop overhead per batch).
Validation patience exceeded at epoch 701/2000, nval_worse=500
[Stage B]    Candidate (monomial_deg3[z_inv]): params=385, val-loss=1.1014e-02
[Stage B]    Reject (monomial_deg3[z_inv]): simpler-over-budget(thr=1.478e-10) | loss 1.201e-12->1.101e-02 (Δ+1.10e-02) | params 768->385 | cx (0, 0, 0)->(0, 0, 0)
[Stage B]  Trying 1D poly rewrite on NN leaf vars (1, 2), degree=1
[DBG-candfit] analytic-init: starting
[Stage B] Initialising PolyLeaf for vars (1, 2), tag=leaf1
[DBG-candfit] analytic-init: done
[info] dataloader for provider ASTCompositeAdaptor yields 3 batches (equivalent to a single batch up to floating-point roundoff; minor Python-loop overhead per batch).
[LM][bucket] solving P=386 (trivially separable union)
Stopping at epoch 401/2000, lm_opt.state['halt']=True, loss=4.3977e-06, loss_val=7.2410e-06
[Stage B]    Candidate (poly): params=386, val-loss=7.1958e-06
[Stage B]    Reject (poly): simpler-over-budget(thr=1.477e-10) | loss 1.201e-12->7.196e-06 (Δ+7.20e-06) | params 768->386 | cx (0, 0, 0)->(0, 0, 0)
[Stage B]  Trying 1D poly rewrite on NN leaf vars (1, 2), degree=1 [coord=1/z]
[DBG-candfit] analytic-init: starting
[Stage B] Initialising PolyLeaf for vars (1, 2), tag=leaf1
[DBG-candfit] analytic-init: done
[info] dataloader for provider ASTCompositeAdaptor yields 3 batches (equivalent to a single batch up to floating-point roundoff; minor Python-loop overhead per batch).
Stopping at epoch 301/2000, lm_opt.state['halt']=True, loss=1.1949e-06, loss_val=1.8851e-06
[Stage B]    Candidate (poly[z_inv]): params=386, val-loss=1.8803e-06
[Stage B]    Reject (poly[z_inv]): simpler-over-budget(thr=1.477e-10) | loss 1.201e-12->1.880e-06 (Δ+1.88e-06) | params 768->386 | cx (0, 0, 0)->(0, 0, 0)
[Stage B]  Trying reduced 1D Planck rewrite on NN leaf vars (1, 2) (p=0, tail_rms≈0.0157)
[Stage B custom_init Planck] compound vars=(1, 2), p=0, a≈0.693, logA≈4.9, tail_rms≈0.0157
[DBG-candfit] root: ((nn(x0)#leaf0 * planck(x1*(x2)^-1)) * ((x1 ** -1) ** 0.666667))
[DBG-candfit] reuse keys: ['leaf0', 'leaf1']
[DBG-candfit] leaf[0] DualSegmentedAdaptor/DualSegmentedAdaptor deg=(None,None) cnum=None cden=None scale=None
[DBG-candfit] leaf[1] AutogradAdaptor/PlanckLeaf deg=(None,None) cnum=None cden=None scale=None
[DBG-candfit] leaf[2] AutogradAdaptor/VarLeaf deg=(None,None) cnum=None cden=None scale=None
[Stage B] Post-custom-init validation (attempt 0), batch 0, finite: 2000/2000, min: 5.576e+03, max: 5.115e+05, mean: 6.090e+04
[Stage B] Post-custom-init validation (attempt 0), batch 1, finite: 2000/2000, min: 5.594e+03, max: 4.522e+05, mean: 6.186e+04
[Stage B] Post-custom-init validation (attempt 0), batch 2, finite: 2000/2000, min: 7.350e+03, max: 4.762e+05, mean: 6.525e+04
[Stage B] Prediction scale check (attempt 0): pred_median=4.231e+04, true_median=9.826e-02, ratio=4.306e+05
[Stage B] Warning: init scale_ratio extreme; rejecting candidate.
[Stage B]    Candidate (planck_p0) rejected at init (non-finite loss); trying next.
[Stage B]  Trying reduced 1D Planck rewrite on NN leaf vars (1, 2) (p=1, tail_rms≈0.0133)
[Stage B custom_init Planck] compound vars=(1, 2), p=1, a≈1.64, logA≈5.85, tail_rms≈0.0133
[DBG-candfit] root: ((nn(x0)#leaf0 * planck(x1*(x2)^-1)) * ((x1 ** -1) ** 0.666667))
[DBG-candfit] reuse keys: ['leaf0', 'leaf1']
[DBG-candfit] leaf[0] DualSegmentedAdaptor/DualSegmentedAdaptor deg=(None,None) cnum=None cden=None scale=None
[DBG-candfit] leaf[1] AutogradAdaptor/PlanckLeaf deg=(None,None) cnum=None cden=None scale=None
[DBG-candfit] leaf[2] AutogradAdaptor/VarLeaf deg=(None,None) cnum=None cden=None scale=None
[Stage B] Post-custom-init validation (attempt 0), batch 0, finite: 2000/2000, min: 3.597e+03, max: 3.266e+05, mean: 3.772e+04
[Stage B] Post-custom-init validation (attempt 0), batch 1, finite: 2000/2000, min: 3.595e+03, max: 2.721e+05, mean: 3.831e+04
[Stage B] Post-custom-init validation (attempt 0), batch 2, finite: 2000/2000, min: 4.725e+03, max: 2.711e+05, mean: 3.723e+04
[Stage B] Prediction scale check (attempt 0): pred_median=2.550e+04, true_median=9.826e-02, ratio=2.595e+05
[Stage B] Warning: init scale_ratio extreme; rejecting candidate.
[Stage B]    Candidate (planck_p1) rejected at init (non-finite loss); trying next.
[Stage B]  Trying reduced 1D Planck rewrite on NN leaf vars (1, 2) (p=1, tail_rms≈0.0202) [coord=1/z]
[Stage B custom_init Planck] compound vars=(1, 2), p=1, a≈0.406, logA≈4.62, tail_rms≈0.0202
[DBG-candfit] root: ((nn(x0)#leaf0 * planck((x1*(x2)^-1)^-1)) * ((x1 ** -1) ** 0.666667))
[DBG-candfit] reuse keys: ['leaf0', 'leaf1']
[DBG-candfit] leaf[0] DualSegmentedAdaptor/DualSegmentedAdaptor deg=(None,None) cnum=None cden=None scale=None
[DBG-candfit] leaf[1] AutogradAdaptor/PlanckLeaf deg=(None,None) cnum=None cden=None scale=None
[DBG-candfit] leaf[2] AutogradAdaptor/VarLeaf deg=(None,None) cnum=None cden=None scale=None
[Stage B] Post-custom-init validation (attempt 0), batch 0, finite: 2000/2000, min: 1.022e+04, max: 8.932e+05, mean: 9.240e+04
[Stage B] Post-custom-init validation (attempt 0), batch 1, finite: 2000/2000, min: 1.014e+04, max: 7.534e+05, mean: 9.366e+04
[Stage B] Post-custom-init validation (attempt 0), batch 2, finite: 2000/2000, min: 1.187e+04, max: 5.201e+05, mean: 7.237e+04
[Stage B] Prediction scale check (attempt 0): pred_median=5.708e+04, true_median=9.826e-02, ratio=5.809e+05
[Stage B] Warning: init scale_ratio extreme; rejecting candidate.
[Stage B]    Candidate (planck_p1[z_inv]) rejected at init (non-finite loss); trying next.
[Stage B]  Trying reduced 1D Planck rewrite on NN leaf vars (1, 2) (p=2, tail_rms≈0.0422)
[Stage B custom_init Planck] compound vars=(1, 2), p=2, a≈2.59, logA≈6.8, tail_rms≈0.0422
[DBG-candfit] root: ((nn(x0)#leaf0 * planck(x1*(x2)^-1)) * ((x1 ** -1) ** 0.666667))
[DBG-candfit] reuse keys: ['leaf0', 'leaf1']
[DBG-candfit] leaf[0] DualSegmentedAdaptor/DualSegmentedAdaptor deg=(None,None) cnum=None cden=None scale=None
[DBG-candfit] leaf[1] AutogradAdaptor/PlanckLeaf deg=(None,None) cnum=None cden=None scale=None
[DBG-candfit] leaf[2] AutogradAdaptor/VarLeaf deg=(None,None) cnum=None cden=None scale=None
[Stage B] Post-custom-init validation (attempt 0), batch 0, finite: 2000/2000, min: 3.206e+03, max: 2.896e+05, mean: 3.282e+04
[Stage B] Post-custom-init validation (attempt 0), batch 1, finite: 2000/2000, min: 3.198e+03, max: 2.327e+05, mean: 3.333e+04
[Stage B] Post-custom-init validation (attempt 0), batch 2, finite: 2000/2000, min: 4.204e+03, max: 2.213e+05, mean: 3.044e+04
[Stage B] Prediction scale check (attempt 0): pred_median=2.172e+04, true_median=9.826e-02, ratio=2.211e+05
[Stage B] Warning: init scale_ratio extreme; rejecting candidate.
[Stage B]    Candidate (planck_p2) rejected at init (non-finite loss); trying next.
[Stage B]  Trying reduced 1D Planck rewrite on NN leaf vars (1, 2) (p=2, tail_rms≈0.0368) [coord=1/z]
[Stage B custom_init Planck] compound vars=(1, 2), p=2, a≈1.27, logA≈5.47, tail_rms≈0.0368
[DBG-candfit] root: ((nn(x0)#leaf0 * planck((x1*(x2)^-1)^-1)) * ((x1 ** -1) ** 0.666667))
[DBG-candfit] reuse keys: ['leaf0', 'leaf1']
[DBG-candfit] leaf[0] DualSegmentedAdaptor/DualSegmentedAdaptor deg=(None,None) cnum=None cden=None scale=None
[DBG-candfit] leaf[1] AutogradAdaptor/PlanckLeaf deg=(None,None) cnum=None cden=None scale=None
[DBG-candfit] leaf[2] AutogradAdaptor/VarLeaf deg=(None,None) cnum=None cden=None scale=None
[Stage B] Post-custom-init validation (attempt 0), batch 0, finite: 2000/2000, min: 4.493e+03, max: 3.938e+05, mean: 4.237e+04
[Stage B] Post-custom-init validation (attempt 0), batch 1, finite: 2000/2000, min: 4.426e+03, max: 3.255e+05, mean: 4.298e+04
[Stage B] Post-custom-init validation (attempt 0), batch 2, finite: 2000/2000, min: 5.727e+03, max: 2.588e+05, mean: 3.581e+04
[Stage B] Prediction scale check (attempt 0): pred_median=2.704e+04, true_median=9.826e-02, ratio=2.752e+05
[Stage B] Warning: init scale_ratio extreme; rejecting candidate.
[Stage B]    Candidate (planck_p2[z_inv]) rejected at init (non-finite loss); trying next.
[Stage B]  Trying full 1D Planck rewrite on NN leaf vars (1, 2)
[Stage B custom_init PlanckFull] compound vars=(1, 2), p≈0.541, a≈1.21, logA≈5.41
[DBG-candfit] root: ((nn(x0)#leaf0 * planck_full(x1*(x2)^-1)) * ((x1 ** -1) ** 0.666667))
[DBG-candfit] reuse keys: ['leaf0', 'leaf1']
[DBG-candfit] leaf[0] DualSegmentedAdaptor/DualSegmentedAdaptor deg=(None,None) cnum=None cden=None scale=None
[DBG-candfit] leaf[1] AutogradAdaptor/PlanckFullLeaf deg=(None,None) cnum=None cden=None scale=None
[DBG-candfit] leaf[2] AutogradAdaptor/VarLeaf deg=(None,None) cnum=None cden=None scale=None
[Stage B] Post-custom-init validation (attempt 0), batch 0, finite: 2000/2000, min: 4.075e+03, max: 3.714e+05, mean: 4.344e+04
[Stage B] Post-custom-init validation (attempt 0), batch 1, finite: 2000/2000, min: 4.078e+03, max: 3.171e+05, mean: 4.411e+04
[Stage B] Post-custom-init validation (attempt 0), batch 2, finite: 2000/2000, min: 5.359e+03, max: 3.236e+05, mean: 4.439e+04
[Stage B] Prediction scale check (attempt 0): pred_median=2.973e+04, true_median=9.826e-02, ratio=3.025e+05
[Stage B] Warning: init scale_ratio extreme; rejecting candidate.
[Stage B]    Candidate (planck_full) rejected at init (non-finite loss); trying next.
[Stage B]  Trying full 1D Planck rewrite on NN leaf vars (1, 2) [coord=1/z]
[Stage B custom_init PlanckFull] compound vars=(1, 2), p≈1.35, a≈0.711, logA≈4.92
[DBG-candfit] root: ((nn(x0)#leaf0 * planck_full((x1*(x2)^-1)^-1)) * ((x1 ** -1) ** 0.666667))
[DBG-candfit] reuse keys: ['leaf0', 'leaf1']
[DBG-candfit] leaf[0] DualSegmentedAdaptor/DualSegmentedAdaptor deg=(None,None) cnum=None cden=None scale=None
[DBG-candfit] leaf[1] AutogradAdaptor/PlanckFullLeaf deg=(None,None) cnum=None cden=None scale=None
[DBG-candfit] leaf[2] AutogradAdaptor/VarLeaf deg=(None,None) cnum=None cden=None scale=None
[Stage B] Post-custom-init validation (attempt 0), batch 0, finite: 2000/2000, min: 6.602e+03, max: 5.750e+05, mean: 6.037e+04
[Stage B] Post-custom-init validation (attempt 0), batch 1, finite: 2000/2000, min: 6.515e+03, max: 4.814e+05, mean: 6.121e+04
[Stage B] Post-custom-init validation (attempt 0), batch 2, finite: 2000/2000, min: 7.950e+03, max: 3.509e+05, mean: 4.872e+04
[Stage B] Prediction scale check (attempt 0): pred_median=3.775e+04, true_median=9.826e-02, ratio=3.842e+05
[Stage B] Warning: init scale_ratio extreme; rejecting candidate.
[Stage B]    Candidate (planck_full[z_inv]) rejected at init (non-finite loss); trying next.
[Stage B]  Trying 1D symexp_denom_1d rewrite (scale/(exp(r)+exp(-r))) on NN leaf vars (1, 2)
[DBG-candfit] analytic-init: starting
[DBG-candfit] analytic-init: done
[Stage B custom_init symexp_denom_1d] compound vars=(1, 2), scale≈164, r±(z)≈3.63*z
[DBG-candfit] root: (((scale()#symexp1d_scale_1_2 * nn(x0)#leaf0) * ((exp((scale()#symexp1d_cp_1_2 * poly(x1*(x2)^-1)#symexp1d_rp_1_2)) + exp((scale()#symexp1d_m1_1_2 * poly(x1*(x2)^-1)#symexp1d_rm_1_2))) ** -1)) * ((x1 ** -1) ** 0.666667))
[DBG-candfit] reuse keys: ['leaf0', 'leaf1']
[DBG-candfit] leaf[0] AutogradAdaptor/FreeConstLeaf deg=(None,None) cnum=None cden=None scale=[163.6475802232627]
[DBG-candfit] leaf[1] DualSegmentedAdaptor/DualSegmentedAdaptor deg=(None,None) cnum=None cden=None scale=None
[DBG-candfit] leaf[2] AutogradAdaptor/FreeConstLeaf deg=(None,None) cnum=None cden=None scale=[1.0]
[DBG-candfit] leaf[3] AutogradAdaptor/PolyLeaf deg=(None,None) cnum=None cden=None scale=None
[DBG-candfit] leaf[4] AutogradAdaptor/FreeConstLeaf deg=(None,None) cnum=None cden=None scale=[-1.0]
[DBG-candfit] leaf[5] AutogradAdaptor/PolyLeaf deg=(None,None) cnum=None cden=None scale=None
[DBG-candfit] leaf[6] AutogradAdaptor/VarLeaf deg=(None,None) cnum=None cden=None scale=None
[Stage B] Post-custom-init validation (attempt 0), batch 0, finite: 2000/2000, min: 1.282e+02, max: 1.497e+04, mean: 1.952e+03
[Stage B] Post-custom-init validation (attempt 0), batch 1, finite: 2000/2000, min: 1.344e+02, max: 1.713e+04, mean: 1.987e+03
[Stage B] Post-custom-init validation (attempt 0), batch 2, finite: 2000/2000, min: 1.757e+02, max: 2.251e+04, mean: 3.054e+03
[Stage B] Prediction scale check (attempt 0): pred_median=1.543e+03, true_median=9.826e-02, ratio=1.571e+04
[Stage B] Warning: init scale_ratio extreme; rejecting candidate.
[Stage B]    Candidate (symexp_denom_1d) rejected at init (non-finite loss); trying next.
[Stage B]  Trying 1D symexp_denom_1d rewrite (scale/(exp(r)+exp(-r))) on NN leaf vars (1, 2) [coord=1/z]
[DBG-candfit] analytic-init: starting
[DBG-candfit] analytic-init: done
[Stage B custom_init symexp_denom_1d] compound vars=(1, 2), scale≈164, r±(z)≈-1.55*z
[DBG-candfit] root: (((scale()#symexp1d_scale_1_2 * nn(x0)#leaf0) * ((exp((scale()#symexp1d_cp_1_2 * poly((x1*(x2)^-1)^-1)#symexp1d_rp_1_2)) + exp((scale()#symexp1d_m1_1_2 * poly((x1*(x2)^-1)^-1)#symexp1d_rm_1_2))) ** -1)) * ((x1 ** -1) ** 
[DBG-candfit] reuse keys: ['leaf0', 'leaf1']
[DBG-candfit] leaf[0] AutogradAdaptor/FreeConstLeaf deg=(None,None) cnum=None cden=None scale=[163.6475802232627]
[DBG-candfit] leaf[1] DualSegmentedAdaptor/DualSegmentedAdaptor deg=(None,None) cnum=None cden=None scale=None
[DBG-candfit] leaf[2] AutogradAdaptor/FreeConstLeaf deg=(None,None) cnum=None cden=None scale=[1.0]
[DBG-candfit] leaf[3] AutogradAdaptor/PolyLeaf deg=(None,None) cnum=None cden=None scale=None
[DBG-candfit] leaf[4] AutogradAdaptor/FreeConstLeaf deg=(None,None) cnum=None cden=None scale=[-1.0]
[DBG-candfit] leaf[5] AutogradAdaptor/PolyLeaf deg=(None,None) cnum=None cden=None scale=None
[DBG-candfit] leaf[6] AutogradAdaptor/VarLeaf deg=(None,None) cnum=None cden=None scale=None
[Stage B] Post-custom-init validation (attempt 0), batch 0, finite: 2000/2000, min: 1.675e+03, max: 1.632e+05, mean: 1.537e+04
[Stage B] Post-custom-init validation (attempt 0), batch 1, finite: 2000/2000, min: 1.689e+03, max: 1.432e+05, mean: 1.555e+04
[Stage B] Post-custom-init validation (attempt 0), batch 2, finite: 2000/2000, min: 1.488e+03, max: 7.391e+04, mean: 9.240e+03
[Stage B] Prediction scale check (attempt 0): pred_median=8.444e+03, true_median=9.826e-02, ratio=8.594e+04
[Stage B] Warning: init scale_ratio extreme; rejecting candidate.
[Stage B]    Candidate (symexp_denom_1d[z_inv]) rejected at init (non-finite loss); trying next.
[Stage B]  Trying 1D symexp_denom_1d_recip rewrite (scale/(exp(r)+exp(-r))) on NN leaf vars (1, 2)
[DBG-candfit] analytic-init: starting
[DBG-candfit] analytic-init: done
[Stage B custom_init symexp_denom_1d_recip] compound vars=(1, 2), scale≈164, r±(z)≈3.86*z
[DBG-candfit] root: (((scale()#symexp1d_scale_1_2_recip * nn(x0)#leaf0) * ((exp((scale()#symexp1d_cp_1_2_recip * poly(x1*(x2)^-1)#symexp1d_rp_1_2_recip)) + exp((scale()#symexp1d_m1_1_2_recip * poly(x1*(x2)^-1)#symexp1d_rm_1_2_recip))) ** -1
[DBG-candfit] reuse keys: ['leaf0', 'leaf1']
[DBG-candfit] leaf[0] AutogradAdaptor/FreeConstLeaf deg=(None,None) cnum=None cden=None scale=[163.6475802232627]
[DBG-candfit] leaf[1] DualSegmentedAdaptor/DualSegmentedAdaptor deg=(None,None) cnum=None cden=None scale=None
[DBG-candfit] leaf[2] AutogradAdaptor/FreeConstLeaf deg=(None,None) cnum=None cden=None scale=[1.0]
[DBG-candfit] leaf[3] AutogradAdaptor/PolyLeaf deg=(None,None) cnum=None cden=None scale=None
[DBG-candfit] leaf[4] AutogradAdaptor/FreeConstLeaf deg=(None,None) cnum=None cden=None scale=[-1.0]
[DBG-candfit] leaf[5] AutogradAdaptor/PolyLeaf deg=(None,None) cnum=None cden=None scale=None
[DBG-candfit] leaf[6] AutogradAdaptor/VarLeaf deg=(None,None) cnum=None cden=None scale=None
[Stage B] Post-custom-init validation (attempt 0), batch 0, finite: 2000/2000, min: 9.933e+01, max: 1.205e+04, mean: 1.564e+03
[Stage B] Post-custom-init validation (attempt 0), batch 1, finite: 2000/2000, min: 1.045e+02, max: 1.394e+04, mean: 1.592e+03
[Stage B] Post-custom-init validation (attempt 0), batch 2, finite: 2000/2000, min: 1.366e+02, max: 1.877e+04, mean: 2.545e+03
[Stage B] Prediction scale check (attempt 0): pred_median=1.244e+03, true_median=9.826e-02, ratio=1.266e+04
[Stage B] Warning: init scale_ratio extreme; rejecting candidate.
[Stage B]    Candidate (symexp_denom_1d_recip) rejected at init (non-finite loss); trying next.
[Stage B]  Trying 1D symexp_denom_1d_recip rewrite (scale/(exp(r)+exp(-r))) on NN leaf vars (1, 2) [coord=1/z]
[DBG-candfit] analytic-init: starting
[DBG-candfit] analytic-init: done
[Stage B custom_init symexp_denom_1d_recip] compound vars=(1, 2), scale≈164, r±(z)≈-1.59*z
[DBG-candfit] root: (((scale()#symexp1d_scale_1_2_recip * nn(x0)#leaf0) * ((exp((scale()#symexp1d_cp_1_2_recip * poly((x1*(x2)^-1)^-1)#symexp1d_rp_1_2_recip)) + exp((scale()#symexp1d_m1_1_2_recip * poly((x1*(x2)^-1)^-1)#symexp1d_rm_1_2_reci
[DBG-candfit] reuse keys: ['leaf0', 'leaf1']
[DBG-candfit] leaf[0] AutogradAdaptor/FreeConstLeaf deg=(None,None) cnum=None cden=None scale=[163.6475802232627]
[DBG-candfit] leaf[1] DualSegmentedAdaptor/DualSegmentedAdaptor deg=(None,None) cnum=None cden=None scale=None
[DBG-candfit] leaf[2] AutogradAdaptor/FreeConstLeaf deg=(None,None) cnum=None cden=None scale=[1.0]
[DBG-candfit] leaf[3] AutogradAdaptor/PolyLeaf deg=(None,None) cnum=None cden=None scale=None
[DBG-candfit] leaf[4] AutogradAdaptor/FreeConstLeaf deg=(None,None) cnum=None cden=None scale=[-1.0]
[DBG-candfit] leaf[5] AutogradAdaptor/PolyLeaf deg=(None,None) cnum=None cden=None scale=None
[DBG-candfit] leaf[6] AutogradAdaptor/VarLeaf deg=(None,None) cnum=None cden=None scale=None
[Stage B] Post-custom-init validation (attempt 0), batch 0, finite: 2000/2000, min: 1.606e+03, max: 1.579e+05, mean: 1.482e+04
[Stage B] Post-custom-init validation (attempt 0), batch 1, finite: 2000/2000, min: 1.621e+03, max: 1.388e+05, mean: 1.499e+04
[Stage B] Post-custom-init validation (attempt 0), batch 2, finite: 2000/2000, min: 1.413e+03, max: 7.162e+04, mean: 8.821e+03
[Stage B] Prediction scale check (attempt 0): pred_median=8.096e+03, true_median=9.826e-02, ratio=8.240e+04
[Stage B] Warning: init scale_ratio extreme; rejecting candidate.
[Stage B]    Candidate (symexp_denom_1d_recip[z_inv]) rejected at init (non-finite loss); trying next.
[Stage B]  Trying 1D power*exp-poly rewrite on NN leaf vars (1, 2)
[Stage B custom_init 1D] Power*exp-poly init on (x1 * (x2)**-1): A=6.701e+01, p=-0.615
[DBG-candfit] root: (((nn(x0)#leaf0 * power(x1*(x2)^-1)) * exp_poly(x1*(x2)^-1)) * ((x1 ** -1) ** 0.666667))
[DBG-candfit] reuse keys: ['leaf0', 'leaf1']
[DBG-candfit] leaf[0] DualSegmentedAdaptor/DualSegmentedAdaptor deg=(None,None) cnum=None cden=None scale=None
[DBG-candfit] leaf[1] AutogradAdaptor/PowerLeaf deg=(None,None) cnum=None cden=None scale=None
[DBG-candfit] leaf[2] AutogradAdaptor/ExpPolyLeaf deg=(None,None) cnum=None cden=None scale=None
[DBG-candfit] leaf[3] AutogradAdaptor/VarLeaf deg=(None,None) cnum=None cden=None scale=None
[Stage B] Post-custom-init validation (attempt 0), batch 0, finite: 2000/2000, min: 3.086e+03, max: 2.738e+05, mean: 3.042e+04
[Stage B] Post-custom-init validation (attempt 0), batch 1, finite: 2000/2000, min: 3.055e+03, max: 2.238e+05, mean: 3.087e+04
[Stage B] Post-custom-init validation (attempt 0), batch 2, finite: 2000/2000, min: 4.020e+03, max: 2.048e+05, mean: 2.824e+04
[Stage B] Prediction scale check (attempt 0): pred_median=2.018e+04, true_median=9.826e-02, ratio=2.053e+05
[Stage B] Warning: init scale_ratio extreme; rejecting candidate.
[Stage B]    Candidate (1d_powexp) rejected at init (non-finite loss); trying next.
[Stage B]  Trying 1D power*exp-poly rewrite on NN leaf vars (1, 2) [coord=1/z]
[Stage B custom_init 1D] Power*exp-poly init on (x2 / x1): A=6.701e+01, p=0.615
[DBG-candfit] root: (((nn(x0)#leaf0 * power((x1*(x2)^-1)^-1)) * exp_poly((x1*(x2)^-1)^-1)) * ((x1 ** -1) ** 0.666667))
[DBG-candfit] reuse keys: ['leaf0', 'leaf1']
[DBG-candfit] leaf[0] DualSegmentedAdaptor/DualSegmentedAdaptor deg=(None,None) cnum=None cden=None scale=None
[DBG-candfit] leaf[1] AutogradAdaptor/PowerLeaf deg=(None,None) cnum=None cden=None scale=None
[DBG-candfit] leaf[2] AutogradAdaptor/ExpPolyLeaf deg=(None,None) cnum=None cden=None scale=None
[DBG-candfit] leaf[3] AutogradAdaptor/VarLeaf deg=(None,None) cnum=None cden=None scale=None
[Stage B] Post-custom-init validation (attempt 0), batch 0, finite: 2000/2000, min: 3.152e+03, max: 2.795e+05, mean: 3.104e+04
[Stage B] Post-custom-init validation (attempt 0), batch 1, finite: 2000/2000, min: 3.119e+03, max: 2.285e+05, mean: 3.150e+04
[Stage B] Post-custom-init validation (attempt 0), batch 2, finite: 2000/2000, min: 4.105e+03, max: 2.089e+05, mean: 2.880e+04
[Stage B] Prediction scale check (attempt 0): pred_median=2.058e+04, true_median=9.826e-02, ratio=2.095e+05
[Stage B] Warning: init scale_ratio extreme; rejecting candidate.
[Stage B]    Candidate (1d_powexp[z_inv]) rejected at init (non-finite loss); trying next.
[Stage B]  Trying 1D polylog rewrite on NN leaf vars (1, 2), degree=1
[DBG-candfit] analytic-init: starting
[DBG-candfit] analytic-init: done
[info] dataloader for provider ASTCompositeAdaptor yields 3 batches (equivalent to a single batch up to floating-point roundoff; minor Python-loop overhead per batch).
Validation patience exceeded at epoch 601/2000, nval_worse=500
[Stage B]    Candidate (polylog): params=386, val-loss=3.9961e-06
[Stage B]    Reject (polylog): simpler-over-budget(thr=1.477e-10) | loss 1.201e-12->3.996e-06 (Δ+4.00e-06) | params 768->386 | cx (0, 0, 0)->(0, 0, 0)
[Stage B]  Trying 1D shifted-log rewrite on NN leaf vars (1, 2)
[DBG-candfit] analytic-init: starting
[DBG-candfit] analytic-init: done
[info] dataloader for provider ASTCompositeAdaptor yields 3 batches (equivalent to a single batch up to floating-point roundoff; minor Python-loop overhead per batch).
[LM][bucket] solving P=387 (trivially separable union)
Stopping at epoch 501/2000, lm_opt.state['halt']=True, loss=3.2756e-08, loss_val=4.8456e-08
[Stage B]    Candidate (logshifted): params=387, val-loss=4.8456e-08
[Stage B]    Reject (logshifted): simpler-over-budget(thr=1.475e-10) | loss 1.201e-12->4.846e-08 (Δ+4.85e-08) | params 768->387 | cx (0, 0, 0)->(0, 0, 0)
[Stage B]  Trying 1D shifted-log rewrite on NN leaf vars (1, 2) [coord=1/z]
[DBG-candfit] analytic-init: starting
[DBG-candfit] analytic-init: done
[info] dataloader for provider ASTCompositeAdaptor yields 3 batches (equivalent to a single batch up to floating-point roundoff; minor Python-loop overhead per batch).
Validation patience exceeded at epoch 801/2000, nval_worse=500
[Stage B]    Candidate (logshifted[z_inv]): params=387, val-loss=1.8804e-06
[Stage B]    Reject (logshifted[z_inv]): simpler-over-budget(thr=1.475e-10) | loss 1.201e-12->1.880e-06 (Δ+1.88e-06) | params 768->387 | cx (0, 0, 0)->(0, 0, 0)
[Stage B]  Trying inv_poly degree=2 (1/P(x)) rewrite on NN leaf vars (1, 2)
[Stage B custom_init inv-poly] Init on vars (1, 2): degree=2, rel_rms≈2.78e-04
[DBG-candfit] root: ((nn(x0)#leaf0 * (poly(x1*(x2)^-1) ** -1)) * ((x1 ** -1) ** 0.666667))
[DBG-candfit] reuse keys: ['leaf0', 'leaf1']
[DBG-candfit] leaf[0] DualSegmentedAdaptor/DualSegmentedAdaptor deg=(None,None) cnum=None cden=None scale=None
[DBG-candfit] leaf[1] AutogradAdaptor/PolyLeaf deg=(None,None) cnum=None cden=None scale=None
[DBG-candfit] leaf[2] AutogradAdaptor/VarLeaf deg=(None,None) cnum=None cden=None scale=None
[Stage B] Post-custom-init validation (attempt 0), batch 0, finite: 2000/2000, min: 3.051e+03, max: 2.726e+05, mean: 3.047e+04
[Stage B] Post-custom-init validation (attempt 0), batch 1, finite: 2000/2000, min: 3.029e+03, max: 2.213e+05, mean: 3.093e+04
[Stage B] Post-custom-init validation (attempt 0), batch 2, finite: 2000/2000, min: 3.984e+03, max: 2.037e+05, mean: 2.806e+04
[Stage B] Prediction scale check (attempt 0): pred_median=2.011e+04, true_median=9.826e-02, ratio=2.046e+05
[Stage B] Warning: init scale_ratio extreme; rejecting candidate.
[Stage B]    Candidate (inv_poly) rejected at init (non-finite loss); trying next.
[Stage B]  Trying sqrt/invsqrt(poly) rewrite on NN leaf vars (1, 2), degree=2
[DBG-candfit] root: ((nn(x0)#leaf0 * (poly(x1*(x2)^-1) ** 0.5)) * ((x1 ** -1) ** 0.666667))
[DBG-candfit] reuse keys: ['leaf0', 'leaf1']
[DBG-candfit] leaf[0] DualSegmentedAdaptor/DualSegmentedAdaptor deg=(None,None) cnum=None cden=None scale=None
[DBG-candfit] leaf[1] AutogradAdaptor/PolyLeaf deg=(None,None) cnum=None cden=None scale=None
[DBG-candfit] leaf[2] AutogradAdaptor/VarLeaf deg=(None,None) cnum=None cden=None scale=None
[Stage B] Post-custom-init validation (attempt 0), batch 0, finite: 2000/2000, min: 3.049e+03, max: 2.726e+05, mean: 3.047e+04
[Stage B] Post-custom-init validation (attempt 0), batch 1, finite: 2000/2000, min: 3.028e+03, max: 2.212e+05, mean: 3.093e+04
[Stage B] Post-custom-init validation (attempt 0), batch 2, finite: 2000/2000, min: 3.983e+03, max: 2.037e+05, mean: 2.806e+04
[Stage B] Prediction scale check (attempt 0): pred_median=2.011e+04, true_median=9.826e-02, ratio=2.046e+05
[Stage B] Warning: init scale_ratio extreme; rejecting candidate.
[Stage B]    Candidate (sqrt_poly) rejected at init (non-finite loss); trying next.
[Stage B]  Trying sqrt/invsqrt(poly) rewrite on NN leaf vars (1, 2), degree=2 [coord=1/z]
[DBG-candfit] root: ((nn(x0)#leaf0 * (poly((x1*(x2)^-1)^-1) ** 0.5)) * ((x1 ** -1) ** 0.666667))
[DBG-candfit] reuse keys: ['leaf0', 'leaf1']
[DBG-candfit] leaf[0] DualSegmentedAdaptor/DualSegmentedAdaptor deg=(None,None) cnum=None cden=None scale=None
[DBG-candfit] leaf[1] AutogradAdaptor/PolyLeaf deg=(None,None) cnum=None cden=None scale=None
[DBG-candfit] leaf[2] AutogradAdaptor/VarLeaf deg=(None,None) cnum=None cden=None scale=None
[Stage B] Post-custom-init validation (attempt 0), batch 0, finite: 2000/2000, min: 3.051e+03, max: 2.726e+05, mean: 3.047e+04
[Stage B] Post-custom-init validation (attempt 0), batch 1, finite: 2000/2000, min: 3.030e+03, max: 2.213e+05, mean: 3.093e+04
[Stage B] Post-custom-init validation (attempt 0), batch 2, finite: 2000/2000, min: 3.985e+03, max: 2.037e+05, mean: 2.807e+04
[Stage B] Prediction scale check (attempt 0): pred_median=2.011e+04, true_median=9.826e-02, ratio=2.047e+05
[Stage B] Warning: init scale_ratio extreme; rejecting candidate.
[Stage B]    Candidate (sqrt_poly[z_inv]) rejected at init (non-finite loss); trying next.
[Stage B]  Trying 1D compound macro tier-3 linear combo on NN leaf vars [1, 2], terms=['sqrt1p *(arg0)', 'one_minus_cos *((arg0*arg0^2))'], screen_r2=1.000, ok_frac=1.000
[DBG-candfit] analytic-init: starting
[DBG-candfit] analytic-init: done
[info] dataloader for provider ASTCompositeAdaptor yields 3 batches (equivalent to a single batch up to floating-point roundoff; minor Python-loop overhead per batch).
[Stage B]    Candidate (cf_combo): params=387, val-loss=7.1512e-06
[Stage B]    Reject (cf_combo): simpler-over-budget(thr=1.475e-10) | loss 1.201e-12->7.151e-06 (Δ+7.15e-06) | params 768->387 | cx (0, 0, 0)->(0, 0, 0)
[Stage B]  Trying 1D compound macro tier-3 linear combo on NN leaf vars [1, 2], terms=['sqrt1p *(arg0)', '1/arg0'], screen_r2=1.000, ok_frac=1.000 [coord=1/z]
[DBG-candfit] analytic-init: starting
[DBG-candfit] analytic-init: done
[info] dataloader for provider ASTCompositeAdaptor yields 3 batches (equivalent to a single batch up to floating-point roundoff; minor Python-loop overhead per batch).
Stopping at epoch 201/2000, lm_opt.state['halt']=True, loss=4.4859e-08, loss_val=8.1177e-08
[Stage B]    Candidate (cf_combo[z_inv]): params=387, val-loss=8.1177e-08
[Stage B]    Reject (cf_combo[z_inv]): simpler-over-budget(thr=1.475e-10) | loss 1.201e-12->8.118e-08 (Δ+8.12e-08) | params 768->387 | cx (0, 0, 0)->(0, 0, 0)
[Stage B]  Skipping cf_combo[z_inv] (previously rejected on same target)
[Stage B]  Skipping cf_combo[z_inv] (previously rejected on same target)
[Stage B]  Skipping cf_combo[z_inv] (previously rejected on same target)
[Stage B]  Skipping cf_combo[z_inv] (previously rejected on same target)
[Stage B]  Skipping cf_combo[z_inv] (previously rejected on same target)
[Stage B]  Skipping cf_combo[z_inv] (previously rejected on same target)
[Stage B]  Skipping cf_combo[z_inv] (previously rejected on same target)
[Stage B]  Skipping cf_combo[z_inv] (previously rejected on same target)
[Stage B]  Skipping cf_combo[z_inv] (previously rejected on same target)
[Stage B]  Skipping cf_combo (previously rejected on same target)
[Stage B]  Skipping cf_combo (previously rejected on same target)
[Stage B]  Skipping cf_combo (previously rejected on same target)
[Stage B]  Skipping cf_combo (previously rejected on same target)
[Stage B]  Skipping cf_combo (previously rejected on same target)
[Stage B]  Skipping cf_combo (previously rejected on same target)
[Stage B]  Skipping cf_combo (previously rejected on same target)
[Stage B]  Skipping cf_combo (previously rejected on same target)
[Stage B]  Skipping cf_combo (previously rejected on same target)
[Stage B]  Trying 1D sqrt-ratpoly (sqrt) deg=(2,1)->(2,0) nnz=(3,1) on NN leaf vars (1, 2)
[DBG-candfit] analytic-init: starting
[DBG-candfit] analytic-init: done
[Stage B custom_init ratpoly_1d] Init on vars (1, 2): deg=(2,1)->(2,0), nnz=(3,1), rel_rms≈2.92e-04
[DBG-candfit] root: ((nn(x0)#leaf0 * ((scale()#ratpoly1d_scale_leaf1_v1_2_sn2_sd1_n2_d0_mn0_md0 * rratpoly(x1*(x2)^-1)#leaf1) ** 0.5)) * ((x1 ** -1) ** 0.666667))
[DBG-candfit] reuse keys: ['leaf0']
[DBG-candfit] leaf[0] DualSegmentedAdaptor/DualSegmentedAdaptor deg=(None,None) cnum=None cden=None scale=None
[DBG-candfit] leaf[1] AutogradAdaptor/FreeConstLeaf deg=(None,None) cnum=None cden=None scale=[1945.7936143405213]
[DBG-candfit] leaf[2] AutogradAdaptor/RRationalPolyLeaf deg=(2,0) cnum=[6.427436221562733, -5.099069440365534] cden=[1.0] scale=None
[DBG-candfit] leaf[3] AutogradAdaptor/VarLeaf deg=(None,None) cnum=None cden=None scale=None
[Stage B] Post-custom-init validation (attempt 0), batch 0, finite: 2000/2000, min: 3.049e+03, max: 2.726e+05, mean: 3.047e+04
[Stage B] Post-custom-init validation (attempt 0), batch 1, finite: 2000/2000, min: 3.028e+03, max: 2.212e+05, mean: 3.093e+04
[Stage B] Post-custom-init validation (attempt 0), batch 2, finite: 2000/2000, min: 3.983e+03, max: 2.037e+05, mean: 2.806e+04
[Stage B] Prediction scale check (attempt 0): pred_median=2.011e+04, true_median=9.826e-02, ratio=2.046e+05
[Stage B] Warning: init scale_ratio extreme; rejecting candidate.
[Stage B]    Candidate (sqrt_ratpoly_1d) rejected at init (non-finite loss); trying next.
[Stage B]  Trying 1D sqrt-ratpoly (sqrt) deg=(1,4)->(1,2) nnz=(2,3) on NN leaf vars (1, 2)
[DBG-candfit] analytic-init: starting
[DBG-candfit] analytic-init: done
[Stage B custom_init ratpoly_1d] Init on vars (1, 2): deg=(1,4)->(1,2), nnz=(2,3), rel_rms≈3.78e-05
[DBG-candfit] root: ((nn(x0)#leaf0 * ((scale()#ratpoly1d_scale_leaf1_v1_2_sn1_sd4_n1_d2_mn0_md0 * rratpoly(x1*(x2)^-1)#leaf1) ** 0.5)) * ((x1 ** -1) ** 0.666667))
[DBG-candfit] reuse keys: ['leaf0']
[DBG-candfit] leaf[0] DualSegmentedAdaptor/DualSegmentedAdaptor deg=(None,None) cnum=None cden=None scale=None
[DBG-candfit] leaf[1] AutogradAdaptor/FreeConstLeaf deg=(None,None) cnum=None cden=None scale=[-5590.553966727425]
[DBG-candfit] leaf[2] AutogradAdaptor/RRationalPolyLeaf deg=(1,2) cnum=[-2.136139949642936] cden=[1.0, 0.1712799448987293, 0.230736789486256] scale=None
[DBG-candfit] leaf[3] AutogradAdaptor/VarLeaf deg=(None,None) cnum=None cden=None scale=None
[Stage B] Post-custom-init validation (attempt 0), batch 0, finite: 2000/2000, min: 3.049e+03, max: 2.726e+05, mean: 3.047e+04
[Stage B] Post-custom-init validation (attempt 0), batch 1, finite: 2000/2000, min: 3.028e+03, max: 2.212e+05, mean: 3.093e+04
[Stage B] Post-custom-init validation (attempt 0), batch 2, finite: 2000/2000, min: 3.983e+03, max: 2.037e+05, mean: 2.806e+04
[Stage B] Prediction scale check (attempt 0): pred_median=2.011e+04, true_median=9.826e-02, ratio=2.046e+05
[Stage B] Warning: init scale_ratio extreme; rejecting candidate.
[Stage B]    Candidate (sqrt_ratpoly_1d[1]) rejected at init (non-finite loss); trying next.
[Stage B]  Trying 1D sqrt-ratpoly (sqrt) deg=(1,3)->(1,3) nnz=(2,3) on NN leaf vars (1, 2)
[DBG-candfit] analytic-init: starting
[DBG-candfit] analytic-init: done
[Stage B custom_init ratpoly_1d] Init on vars (1, 2): deg=(1,3)->(1,3), nnz=(2,3), rel_rms≈2.53e-05
[DBG-candfit] root: ((nn(x0)#leaf0 * ((scale()#ratpoly1d_scale_leaf1_v1_2_sn1_sd3_n1_d3_mn0_md0 * rratpoly(x1*(x2)^-1)#leaf1) ** 0.5)) * ((x1 ** -1) ** 0.666667))
[DBG-candfit] reuse keys: ['leaf0']
[DBG-candfit] leaf[0] DualSegmentedAdaptor/DualSegmentedAdaptor deg=(None,None) cnum=None cden=None scale=None
[DBG-candfit] leaf[1] AutogradAdaptor/FreeConstLeaf deg=(None,None) cnum=None cden=None scale=[-5596.978673999792]
[DBG-candfit] leaf[2] AutogradAdaptor/RRationalPolyLeaf deg=(1,3) cnum=[-2.243805995715766] cden=[1.0, 0.3995322820171833, 0.13710569452645374] scale=None
[DBG-candfit] leaf[3] AutogradAdaptor/VarLeaf deg=(None,None) cnum=None cden=None scale=None
[Stage B] Post-custom-init validation (attempt 0), batch 0, finite: 2000/2000, min: 3.049e+03, max: 2.726e+05, mean: 3.047e+04
[Stage B] Post-custom-init validation (attempt 0), batch 1, finite: 2000/2000, min: 3.028e+03, max: 2.212e+05, mean: 3.093e+04
[Stage B] Post-custom-init validation (attempt 0), batch 2, finite: 2000/2000, min: 3.983e+03, max: 2.037e+05, mean: 2.806e+04
[Stage B] Prediction scale check (attempt 0): pred_median=2.011e+04, true_median=9.826e-02, ratio=2.046e+05
[Stage B] Warning: init scale_ratio extreme; rejecting candidate.
[Stage B]    Candidate (sqrt_ratpoly_1d[2]) rejected at init (non-finite loss); trying next.
[Stage B]  Trying 1D sqrt-ratpoly (sqrt) deg=(2,2)->(2,2) nnz=(3,2) on NN leaf vars (1, 2)
[DBG-candfit] analytic-init: starting
[DBG-candfit] analytic-init: done
[Stage B custom_init ratpoly_1d] Init on vars (1, 2): deg=(2,2)->(2,2), nnz=(3,2), rel_rms≈3.26e-06
[DBG-candfit] root: ((nn(x0)#leaf0 * ((scale()#ratpoly1d_scale_leaf1_v1_2_sn2_sd2_n2_d2_mn0_md0 * rratpoly(x1*(x2)^-1)#leaf1) ** 0.5)) * ((x1 ** -1) ** 0.666667))
[DBG-candfit] reuse keys: ['leaf0']
[DBG-candfit] leaf[0] DualSegmentedAdaptor/DualSegmentedAdaptor deg=(None,None) cnum=None cden=None scale=None
[DBG-candfit] leaf[1] AutogradAdaptor/FreeConstLeaf deg=(None,None) cnum=None cden=None scale=[1555.3911110693425]
[DBG-candfit] leaf[2] AutogradAdaptor/RRationalPolyLeaf deg=(2,2) cnum=[7.863677145459284, -5.732551540286386] cden=[1.0, 0.07499331102599625] scale=None
[DBG-candfit] leaf[3] AutogradAdaptor/VarLeaf deg=(None,None) cnum=None cden=None scale=None
[Stage B] Post-custom-init validation (attempt 0), batch 0, finite: 2000/2000, min: 3.049e+03, max: 2.726e+05, mean: 3.047e+04
[Stage B] Post-custom-init validation (attempt 0), batch 1, finite: 2000/2000, min: 3.028e+03, max: 2.212e+05, mean: 3.093e+04
[Stage B] Post-custom-init validation (attempt 0), batch 2, finite: 2000/2000, min: 3.983e+03, max: 2.037e+05, mean: 2.806e+04
[Stage B] Prediction scale check (attempt 0): pred_median=2.011e+04, true_median=9.826e-02, ratio=2.046e+05
[Stage B] Warning: init scale_ratio extreme; rejecting candidate.
[Stage B]    Candidate (sqrt_ratpoly_1d[3]) rejected at init (non-finite loss); trying next.
[Stage B]  Trying 1D sqrt-ratpoly (sqrt) deg=(3,1)->(3,1) nnz=(3,2) on NN leaf vars (1, 2)
[DBG-candfit] analytic-init: starting
[DBG-candfit] analytic-init: done
[Stage B custom_init ratpoly_1d] Init on vars (1, 2): deg=(3,1)->(3,1), nnz=(3,2), rel_rms≈2.93e-06
[DBG-candfit] root: ((nn(x0)#leaf0 * ((scale()#ratpoly1d_scale_leaf1_v1_2_sn3_sd1_n3_d1_mn0_md0 * rratpoly(x1*(x2)^-1)#leaf1) ** 0.5)) * ((x1 ** -1) ** 0.666667))
[DBG-candfit] reuse keys: ['leaf0']
[DBG-candfit] leaf[0] DualSegmentedAdaptor/DualSegmentedAdaptor deg=(None,None) cnum=None cden=None scale=None
[DBG-candfit] leaf[1] AutogradAdaptor/FreeConstLeaf deg=(None,None) cnum=None cden=None scale=[188073.67515153333]
[DBG-candfit] leaf[2] AutogradAdaptor/RRationalPolyLeaf deg=(3,1) cnum=[6.079297271705007, -4.911159044253635] cden=[1.0, 89.00788409840028] scale=None
[DBG-candfit] leaf[3] AutogradAdaptor/VarLeaf deg=(None,None) cnum=None cden=None scale=None
[Stage B] Post-custom-init validation (attempt 0), batch 0, finite: 2000/2000, min: 3.049e+03, max: 2.726e+05, mean: 3.047e+04
[Stage B] Post-custom-init validation (attempt 0), batch 1, finite: 2000/2000, min: 3.028e+03, max: 2.212e+05, mean: 3.093e+04
[Stage B] Post-custom-init validation (attempt 0), batch 2, finite: 2000/2000, min: 3.983e+03, max: 2.037e+05, mean: 2.806e+04
[Stage B] Prediction scale check (attempt 0): pred_median=2.011e+04, true_median=9.826e-02, ratio=2.046e+05
[Stage B] Warning: init scale_ratio extreme; rejecting candidate.
[Stage B]    Candidate (sqrt_ratpoly_1d[4]) rejected at init (non-finite loss); trying next.
[Stage B]  Trying 1D sqrt-ratpoly (sqrt) deg=(3,3)->(3,1) nnz=(3,2) on NN leaf vars (1, 2)
[DBG-candfit] analytic-init: starting
[DBG-candfit] analytic-init: done
[Stage B custom_init ratpoly_1d] Init on vars (1, 2): deg=(3,3)->(3,1), nnz=(3,2), rel_rms≈1.74e-05
[DBG-candfit] root: ((nn(x0)#leaf0 * ((scale()#ratpoly1d_scale_leaf1_v1_2_sn3_sd3_n3_d1_mn0_md0 * rratpoly(x1*(x2)^-1)#leaf1) ** 0.5)) * ((x1 ** -1) ** 0.666667))
[DBG-candfit] reuse keys: ['leaf0']
[DBG-candfit] leaf[0] DualSegmentedAdaptor/DualSegmentedAdaptor deg=(None,None) cnum=None cden=None scale=None
[DBG-candfit] leaf[1] AutogradAdaptor/FreeConstLeaf deg=(None,None) cnum=None cden=None scale=[1713.7992035172692]
[DBG-candfit] leaf[2] AutogradAdaptor/RRationalPolyLeaf deg=(3,1) cnum=[7.15265717233921, -3.579974870439643] cden=[1.0, 0.7298012564326489] scale=None
[DBG-candfit] leaf[3] AutogradAdaptor/VarLeaf deg=(None,None) cnum=None cden=None scale=None
[Stage B] Post-custom-init validation (attempt 0), batch 0, finite: 2000/2000, min: 3.049e+03, max: 2.726e+05, mean: 3.047e+04
[Stage B] Post-custom-init validation (attempt 0), batch 1, finite: 2000/2000, min: 3.028e+03, max: 2.212e+05, mean: 3.093e+04
[Stage B] Post-custom-init validation (attempt 0), batch 2, finite: 2000/2000, min: 3.983e+03, max: 2.037e+05, mean: 2.806e+04
[Stage B] Prediction scale check (attempt 0): pred_median=2.011e+04, true_median=9.826e-02, ratio=2.046e+05
[Stage B] Warning: init scale_ratio extreme; rejecting candidate.
[Stage B]    Candidate (sqrt_ratpoly_1d[5]) rejected at init (non-finite loss); trying next.
[Stage B]  Trying 1D sqrt-ratpoly (sqrt) deg=(4,1)->(4,0) nnz=(4,1) on NN leaf vars (1, 2)
[DBG-candfit] analytic-init: starting
[DBG-candfit] analytic-init: done
[Stage B custom_init ratpoly_1d] Init on vars (1, 2): deg=(4,1)->(4,0), nnz=(4,1), rel_rms≈1.44e-05
[DBG-candfit] root: ((nn(x0)#leaf0 * ((scale()#ratpoly1d_scale_leaf1_v1_2_sn4_sd1_n4_d0_mn0_md0 * rratpoly(x1*(x2)^-1)#leaf1) ** 0.5)) * ((x1 ** -1) ** 0.666667))
[DBG-candfit] reuse keys: ['leaf0']
[DBG-candfit] leaf[0] DualSegmentedAdaptor/DualSegmentedAdaptor deg=(None,None) cnum=None cden=None scale=None
[DBG-candfit] leaf[1] AutogradAdaptor/FreeConstLeaf deg=(None,None) cnum=None cden=None scale=[-265.06600877861695]
[DBG-candfit] leaf[2] AutogradAdaptor/RRationalPolyLeaf deg=(4,0) cnum=[-45.81643947663791, 32.20828069196808, -4.483327752306825] cden=[1.0] scale=None
[DBG-candfit] leaf[3] AutogradAdaptor/VarLeaf deg=(None,None) cnum=None cden=None scale=None
[Stage B] Post-custom-init validation (attempt 0), batch 0, finite: 2000/2000, min: 3.049e+03, max: 2.726e+05, mean: 3.047e+04
[Stage B] Post-custom-init validation (attempt 0), batch 1, finite: 2000/2000, min: 3.028e+03, max: 2.212e+05, mean: 3.093e+04
[Stage B] Post-custom-init validation (attempt 0), batch 2, finite: 2000/2000, min: 3.983e+03, max: 2.037e+05, mean: 2.806e+04
[Stage B] Prediction scale check (attempt 0): pred_median=2.011e+04, true_median=9.826e-02, ratio=2.046e+05
[Stage B] Warning: init scale_ratio extreme; rejecting candidate.
[Stage B]    Candidate (sqrt_ratpoly_1d[6]) rejected at init (non-finite loss); trying next.
[Stage B]  Trying 1D sqrt-ratpoly (sqrt) deg=(4,4)->(3,2) nnz=(2,3) on NN leaf vars (1, 2)
[DBG-candfit] analytic-init: starting
[DBG-candfit] analytic-init: done
[Stage B custom_init ratpoly_1d] Init on vars (1, 2): deg=(4,4)->(3,2), nnz=(2,3), rel_rms≈1.38e-04
[DBG-candfit] root: ((nn(x0)#leaf0 * ((scale()#ratpoly1d_scale_leaf1_v1_2_sn4_sd4_n3_d2_mn0_md0 * rratpoly(x1*(x2)^-1)#leaf1) ** 0.5)) * ((x1 ** -1) ** 0.666667))
[DBG-candfit] reuse keys: ['leaf0']
[DBG-candfit] leaf[0] DualSegmentedAdaptor/DualSegmentedAdaptor deg=(None,None) cnum=None cden=None scale=None
[DBG-candfit] leaf[1] AutogradAdaptor/FreeConstLeaf deg=(None,None) cnum=None cden=None scale=[-1271.888695102079]
[DBG-candfit] leaf[2] AutogradAdaptor/RRationalPolyLeaf deg=(3,2) cnum=[-8.536831196296635] cden=[1.0, 0.2573256474688648, 0.8586302249360828] scale=None
[DBG-candfit] leaf[3] AutogradAdaptor/VarLeaf deg=(None,None) cnum=None cden=None scale=None
[Stage B] Post-custom-init validation (attempt 0), batch 0, finite: 2000/2000, min: 3.049e+03, max: 2.726e+05, mean: 3.047e+04
[Stage B] Post-custom-init validation (attempt 0), batch 1, finite: 2000/2000, min: 3.028e+03, max: 2.212e+05, mean: 3.093e+04
[Stage B] Post-custom-init validation (attempt 0), batch 2, finite: 2000/2000, min: 3.983e+03, max: 2.037e+05, mean: 2.806e+04
[Stage B] Prediction scale check (attempt 0): pred_median=2.011e+04, true_median=9.826e-02, ratio=2.046e+05
[Stage B] Warning: init scale_ratio extreme; rejecting candidate.
[Stage B]    Candidate (sqrt_ratpoly_1d[7]) rejected at init (non-finite loss); trying next.
[Stage B]  Trying 1D sqrt-ratpoly (sqrt) deg=(0,4)->(0,4) nnz=(1,5) on NN leaf vars (1, 2)
[DBG-candfit] analytic-init: starting
[DBG-candfit] analytic-init: done
[Stage B custom_init ratpoly_1d] Init on vars (1, 2): deg=(0,4)->(0,4), nnz=(1,5), rel_rms≈5.46e-05
[DBG-candfit] root: ((nn(x0)#leaf0 * ((scale()#ratpoly1d_scale_leaf1_v1_2_sn0_sd4_n0_d4_mn0_md0 * rratpoly(x1*(x2)^-1)#leaf1) ** 0.5)) * ((x1 ** -1) ** 0.666667))
[DBG-candfit] reuse keys: ['leaf0']
[DBG-candfit] leaf[0] DualSegmentedAdaptor/DualSegmentedAdaptor deg=(None,None) cnum=None cden=None scale=None
[DBG-candfit] leaf[1] AutogradAdaptor/FreeConstLeaf deg=(None,None) cnum=None cden=None scale=[7033.298203266216]
[DBG-candfit] leaf[2] AutogradAdaptor/RRationalPolyLeaf deg=(0,4) cnum=[] cden=[1.0, -1.6661850941064245, 4.193446651493752, -3.2456927632135497] scale=None
[DBG-candfit] leaf[3] AutogradAdaptor/VarLeaf deg=(None,None) cnum=None cden=None scale=None
[Stage B] Post-custom-init validation (attempt 0), batch 0, finite: 2000/2000, min: 3.049e+03, max: 2.726e+05, mean: 3.047e+04
[Stage B] Post-custom-init validation (attempt 0), batch 1, finite: 2000/2000, min: 3.028e+03, max: 2.212e+05, mean: 3.093e+04
[Stage B] Post-custom-init validation (attempt 0), batch 2, finite: 2000/2000, min: 3.983e+03, max: 2.037e+05, mean: 2.806e+04
[Stage B] Prediction scale check (attempt 0): pred_median=2.011e+04, true_median=9.826e-02, ratio=2.046e+05
[Stage B] Warning: init scale_ratio extreme; rejecting candidate.
[Stage B]    Candidate (sqrt_ratpoly_1d[8]) rejected at init (non-finite loss); trying next.
[Stage B]  Trying 1D sqrt-ratpoly (inv_sqrt) deg=(0,2)->(0,2) nnz=(1,3) on NN leaf vars (1, 2)
[DBG-candfit] analytic-init: starting
[DBG-candfit] analytic-init: done
[Stage B custom_init ratpoly_1d] Init on vars (1, 2): deg=(0,2)->(0,2), nnz=(1,3), rel_rms≈2.88e-04
[DBG-candfit] root: ((nn(x0)#leaf0 * ((scale()#ratpoly1d_scale_leaf1_v1_2_sn0_sd2_n0_d2_mn0_md0 * rratpoly(x1*(x2)^-1)#leaf1) ** -0.5)) * ((x1 ** -1) ** 0.666667))
[DBG-candfit] reuse keys: ['leaf0']
[DBG-candfit] leaf[0] DualSegmentedAdaptor/DualSegmentedAdaptor deg=(None,None) cnum=None cden=None scale=None
[DBG-candfit] leaf[1] AutogradAdaptor/FreeConstLeaf deg=(None,None) cnum=None cden=None scale=[7.99354234221678e-05]
[DBG-candfit] leaf[2] AutogradAdaptor/RRationalPolyLeaf deg=(0,2) cnum=[] cden=[1.0, -0.7937063152787475, 0.1558527439954172] scale=None
[DBG-candfit] leaf[3] AutogradAdaptor/VarLeaf deg=(None,None) cnum=None cden=None scale=None
[Stage B] Post-custom-init validation (attempt 0), batch 0, finite: 2000/2000, min: 3.049e+03, max: 2.726e+05, mean: 3.047e+04
[Stage B] Post-custom-init validation (attempt 0), batch 1, finite: 2000/2000, min: 3.028e+03, max: 2.212e+05, mean: 3.093e+04
[Stage B] Post-custom-init validation (attempt 0), batch 2, finite: 2000/2000, min: 3.983e+03, max: 2.037e+05, mean: 2.806e+04
[Stage B] Prediction scale check (attempt 0): pred_median=2.011e+04, true_median=9.826e-02, ratio=2.046e+05
[Stage B] Warning: init scale_ratio extreme; rejecting candidate.
[Stage B]    Candidate (sqrt_ratpoly_1d[9]) rejected at init (non-finite loss); trying next.
[Stage B]  Trying 1D sqrt-ratpoly (inv_sqrt) deg=(0,3)->(0,3) nnz=(1,4) on NN leaf vars (1, 2)
[DBG-candfit] analytic-init: starting
[DBG-candfit] analytic-init: done
[Stage B custom_init ratpoly_1d] Init on vars (1, 2): deg=(0,3)->(0,3), nnz=(1,4), rel_rms≈2.92e-05
[DBG-candfit] root: ((nn(x0)#leaf0 * ((scale()#ratpoly1d_scale_leaf1_v1_2_sn0_sd3_n0_d3_mn0_md0 * rratpoly(x1*(x2)^-1)#leaf1) ** -0.5)) * ((x1 ** -1) ** 0.666667))
[DBG-candfit] reuse keys: ['leaf0']
[DBG-candfit] leaf[0] DualSegmentedAdaptor/DualSegmentedAdaptor deg=(None,None) cnum=None cden=None scale=None
[DBG-candfit] leaf[1] AutogradAdaptor/FreeConstLeaf deg=(None,None) cnum=None cden=None scale=[8.088403034904274e-05]
[DBG-candfit] leaf[2] AutogradAdaptor/RRationalPolyLeaf deg=(0,3) cnum=[] cden=[1.0, -0.765517404526416, 0.11830946230822391, 0.01364391040625332] scale=None
[DBG-candfit] leaf[3] AutogradAdaptor/VarLeaf deg=(None,None) cnum=None cden=None scale=None
[Stage B] Post-custom-init validation (attempt 0), batch 0, finite: 2000/2000, min: 3.049e+03, max: 2.726e+05, mean: 3.047e+04
[Stage B] Post-custom-init validation (attempt 0), batch 1, finite: 2000/2000, min: 3.028e+03, max: 2.212e+05, mean: 3.093e+04
[Stage B] Post-custom-init validation (attempt 0), batch 2, finite: 2000/2000, min: 3.983e+03, max: 2.037e+05, mean: 2.806e+04
[Stage B] Prediction scale check (attempt 0): pred_median=2.011e+04, true_median=9.826e-02, ratio=2.046e+05
[Stage B] Warning: init scale_ratio extreme; rejecting candidate.
[Stage B]    Candidate (sqrt_ratpoly_1d[10]) rejected at init (non-finite loss); trying next.
[Stage B]  Precheck reject (duplicate-signature) rule=univariate_nn cand=sqrt_ratpoly_1d[11] target=nn#leaf1 vars=(1, 2) sig=(960898949, 2, 1, 1, -1, 3, 1, 1, 1) attempted=16
[Stage B]  Trying 1D sqrt-ratpoly (inv_sqrt) deg=(2,1)->(2,1) nnz=(3,2) on NN leaf vars (1, 2)
[DBG-candfit] analytic-init: starting
[DBG-candfit] analytic-init: done
[Stage B custom_init ratpoly_1d] Init on vars (1, 2): deg=(2,1)->(2,1), nnz=(3,2), rel_rms≈3.70e-05
[DBG-candfit] root: ((nn(x0)#leaf0 * ((scale()#ratpoly1d_scale_leaf1_v1_2_sn2_sd1_n2_d1_mn0_md0 * rratpoly(x1*(x2)^-1)#leaf1) ** -0.5)) * ((x1 ** -1) ** 0.666667))
[DBG-candfit] reuse keys: ['leaf0']
[DBG-candfit] leaf[0] DualSegmentedAdaptor/DualSegmentedAdaptor deg=(None,None) cnum=None cden=None scale=None
[DBG-candfit] leaf[1] AutogradAdaptor/FreeConstLeaf deg=(None,None) cnum=None cden=None scale=[1.94692264553577e-05]
[DBG-candfit] leaf[2] AutogradAdaptor/RRationalPolyLeaf deg=(2,1) cnum=[4.304232259887308, 0.7289871973612222] cden=[1.0, -0.4678538956796834] scale=None
[DBG-candfit] leaf[3] AutogradAdaptor/VarLeaf deg=(None,None) cnum=None cden=None scale=None
[Stage B] Post-custom-init validation (attempt 0), batch 0, finite: 2000/2000, min: 3.049e+03, max: 2.726e+05, mean: 3.047e+04
[Stage B] Post-custom-init validation (attempt 0), batch 1, finite: 2000/2000, min: 3.028e+03, max: 2.212e+05, mean: 3.093e+04
[Stage B] Post-custom-init validation (attempt 0), batch 2, finite: 2000/2000, min: 3.983e+03, max: 2.037e+05, mean: 2.806e+04
[Stage B] Prediction scale check (attempt 0): pred_median=2.011e+04, true_median=9.826e-02, ratio=2.046e+05
[Stage B] Warning: init scale_ratio extreme; rejecting candidate.
[Stage B]    Candidate (sqrt_ratpoly_1d[12]) rejected at init (non-finite loss); trying next.
[Stage B]  Precheck reject (duplicate-signature) rule=univariate_nn cand=sqrt_ratpoly_1d[13] target=nn#leaf1 vars=(1, 2) sig=(960898949, 3, 1, 1, 1, -1, 3, 1, 0, 1) attempted=17
[Stage B]  Trying 1D sqrt-ratpoly (inv_sqrt) deg=(2,3)->(2,3) nnz=(3,2) on NN leaf vars (1, 2)
[DBG-candfit] analytic-init: starting
[DBG-candfit] analytic-init: done
[Stage B custom_init ratpoly_1d] Init on vars (1, 2): deg=(2,3)->(2,3), nnz=(3,2), rel_rms≈1.36e-04
[DBG-candfit] root: ((nn(x0)#leaf0 * ((scale()#ratpoly1d_scale_leaf1_v1_2_sn2_sd3_n2_d3_mn0_md0 * rratpoly(x1*(x2)^-1)#leaf1) ** -0.5)) * ((x1 ** -1) ** 0.666667))
[DBG-candfit] reuse keys: ['leaf0']
[DBG-candfit] leaf[0] DualSegmentedAdaptor/DualSegmentedAdaptor deg=(None,None) cnum=None cden=None scale=None
[DBG-candfit] leaf[1] AutogradAdaptor/FreeConstLeaf deg=(None,None) cnum=None cden=None scale=[8.0607695688892e-05]
[DBG-candfit] leaf[2] AutogradAdaptor/RRationalPolyLeaf deg=(2,3) cnum=[1.152462784111481, 0.26775309620894233] cden=[1.0, -0.11619038106261735] scale=None
[DBG-candfit] leaf[3] AutogradAdaptor/VarLeaf deg=(None,None) cnum=None cden=None scale=None
[Stage B] Post-custom-init validation (attempt 0), batch 0, finite: 2000/2000, min: 3.049e+03, max: 2.726e+05, mean: 3.047e+04
[Stage B] Post-custom-init validation (attempt 0), batch 1, finite: 2000/2000, min: 3.028e+03, max: 2.212e+05, mean: 3.093e+04
[Stage B] Post-custom-init validation (attempt 0), batch 2, finite: 2000/2000, min: 3.983e+03, max: 2.037e+05, mean: 2.806e+04
[Stage B] Prediction scale check (attempt 0): pred_median=2.011e+04, true_median=9.826e-02, ratio=2.046e+05
[Stage B] Warning: init scale_ratio extreme; rejecting candidate.
[Stage B]    Candidate (sqrt_ratpoly_1d[14]) rejected at init (non-finite loss); trying next.
[Stage B]  Trying 1D sqrt-ratpoly (inv_sqrt) deg=(3,3)->(3,3) nnz=(3,2) on NN leaf vars (1, 2)
[DBG-candfit] analytic-init: starting
[DBG-candfit] analytic-init: done
[Stage B custom_init ratpoly_1d] Init on vars (1, 2): deg=(3,3)->(3,3), nnz=(3,2), rel_rms≈5.83e-05
[DBG-candfit] root: ((nn(x0)#leaf0 * ((scale()#ratpoly1d_scale_leaf1_v1_2_sn3_sd3_n3_d3_mn0_md0 * rratpoly(x1*(x2)^-1)#leaf1) ** -0.5)) * ((x1 ** -1) ** 0.666667))
[DBG-candfit] reuse keys: ['leaf0']
[DBG-candfit] leaf[0] DualSegmentedAdaptor/DualSegmentedAdaptor deg=(None,None) cnum=None cden=None scale=None
[DBG-candfit] leaf[1] AutogradAdaptor/FreeConstLeaf deg=(None,None) cnum=None cden=None scale=[3.936037043053244e-05]
[DBG-candfit] leaf[2] AutogradAdaptor/RRationalPolyLeaf deg=(3,3) cnum=[1.93896117309264, 2.1289350729679453] cden=[1.0, -0.0963096211956168] scale=None
[DBG-candfit] leaf[3] AutogradAdaptor/VarLeaf deg=(None,None) cnum=None cden=None scale=None
[Stage B] Post-custom-init validation (attempt 0), batch 0, finite: 2000/2000, min: 3.049e+03, max: 2.726e+05, mean: 3.047e+04
[Stage B] Post-custom-init validation (attempt 0), batch 1, finite: 2000/2000, min: 3.028e+03, max: 2.212e+05, mean: 3.093e+04
[Stage B] Post-custom-init validation (attempt 0), batch 2, finite: 2000/2000, min: 3.983e+03, max: 2.037e+05, mean: 2.806e+04
[Stage B] Prediction scale check (attempt 0): pred_median=2.011e+04, true_median=9.826e-02, ratio=2.046e+05
[Stage B] Warning: init scale_ratio extreme; rejecting candidate.
[Stage B]    Candidate (sqrt_ratpoly_1d[15]) rejected at init (non-finite loss); trying next.
[Stage B]  Trying 1D sqrt-ratpoly (inv_sqrt) deg=(3,4)->(3,4) nnz=(3,2) on NN leaf vars (1, 2)
[DBG-candfit] analytic-init: starting
[DBG-candfit] analytic-init: done
[Stage B custom_init ratpoly_1d] Init on vars (1, 2): deg=(3,4)->(3,4), nnz=(3,2), rel_rms≈2.42e-05
[DBG-candfit] root: ((nn(x0)#leaf0 * ((scale()#ratpoly1d_scale_leaf1_v1_2_sn3_sd4_n3_d4_mn0_md0 * rratpoly(x1*(x2)^-1)#leaf1) ** -0.5)) * ((x1 ** -1) ** 0.666667))
[DBG-candfit] reuse keys: ['leaf0']
[DBG-candfit] leaf[0] DualSegmentedAdaptor/DualSegmentedAdaptor deg=(None,None) cnum=None cden=None scale=None
[DBG-candfit] leaf[1] AutogradAdaptor/FreeConstLeaf deg=(None,None) cnum=None cden=None scale=[5.1218795631497714e-05]
[DBG-candfit] leaf[2] AutogradAdaptor/RRationalPolyLeaf deg=(3,4) cnum=[1.5150114760334594, 1.5766485231984677] cden=[1.0, -0.05057281697295886] scale=None
[DBG-candfit] leaf[3] AutogradAdaptor/VarLeaf deg=(None,None) cnum=None cden=None scale=None
[Stage B] Post-custom-init validation (attempt 0), batch 0, finite: 2000/2000, min: 3.049e+03, max: 2.726e+05, mean: 3.047e+04
[Stage B] Post-custom-init validation (attempt 0), batch 1, finite: 2000/2000, min: 3.028e+03, max: 2.212e+05, mean: 3.093e+04
[Stage B] Post-custom-init validation (attempt 0), batch 2, finite: 2000/2000, min: 3.983e+03, max: 2.037e+05, mean: 2.806e+04
[Stage B] Prediction scale check (attempt 0): pred_median=2.011e+04, true_median=9.826e-02, ratio=2.046e+05
[Stage B] Warning: init scale_ratio extreme; rejecting candidate.
[Stage B]    Candidate (sqrt_ratpoly_1d[16]) rejected at init (non-finite loss); trying next.
[Stage B]  Precheck reject (duplicate-signature) rule=univariate_nn cand=sqrt_ratpoly_1d[17] target=nn#leaf1 vars=(1, 2) sig=(960898949, 1, 1, -1, 5, 1, 1, 1, 1, 1) attempted=20
[Stage B]  Trying 1D sqrt-ratpoly (inv_sqrt) deg=(3,1)->(3,1) nnz=(4,2) on NN leaf vars (1, 2)
[DBG-candfit] analytic-init: starting
[DBG-candfit] analytic-init: done
[Stage B custom_init ratpoly_1d] Init on vars (1, 2): deg=(3,1)->(3,1), nnz=(4,2), rel_rms≈1.43e-06
[DBG-candfit] root: ((nn(x0)#leaf0 * ((scale()#ratpoly1d_scale_leaf1_v1_2_sn3_sd1_n3_d1_mn0_md0 * rratpoly(x1*(x2)^-1)#leaf1) ** -0.5)) * ((x1 ** -1) ** 0.666667))
[DBG-candfit] reuse keys: ['leaf0']
[DBG-candfit] leaf[0] DualSegmentedAdaptor/DualSegmentedAdaptor deg=(None,None) cnum=None cden=None scale=None
[DBG-candfit] leaf[1] AutogradAdaptor/FreeConstLeaf deg=(None,None) cnum=None cden=None scale=[6.5524619331915305e-06]
[DBG-candfit] leaf[2] AutogradAdaptor/RRationalPolyLeaf deg=(3,1) cnum=[12.403701651574831, 3.78750546868422, 1.1805801743703035] cden=[1.0, -0.4546314013817389] scale=None
[DBG-candfit] leaf[3] AutogradAdaptor/VarLeaf deg=(None,None) cnum=None cden=None scale=None
[Stage B] Post-custom-init validation (attempt 0), batch 0, finite: 2000/2000, min: 3.049e+03, max: 2.726e+05, mean: 3.047e+04
[Stage B] Post-custom-init validation (attempt 0), batch 1, finite: 2000/2000, min: 3.028e+03, max: 2.212e+05, mean: 3.093e+04
[Stage B] Post-custom-init validation (attempt 0), batch 2, finite: 2000/2000, min: 3.983e+03, max: 2.037e+05, mean: 2.806e+04
[Stage B] Prediction scale check (attempt 0): pred_median=2.011e+04, true_median=9.826e-02, ratio=2.046e+05
[Stage B] Warning: init scale_ratio extreme; rejecting candidate.
[Stage B]    Candidate (sqrt_ratpoly_1d[18]) rejected at init (non-finite loss); trying next.
[Stage B]  Trying 1D sqrt-ratpoly (inv_sqrt) deg=(4,1)->(4,0) nnz=(5,1) on NN leaf vars (1, 2)
[DBG-candfit] analytic-init: starting
[DBG-candfit] analytic-init: done
[Stage B custom_init ratpoly_1d] Init on vars (1, 2): deg=(4,1)->(4,0), nnz=(5,1), rel_rms≈5.44e-05
[DBG-candfit] root: ((nn(x0)#leaf0 * ((scale()#ratpoly1d_scale_leaf1_v1_2_sn4_sd1_n4_d0_mn0_md0 * rratpoly(x1*(x2)^-1)#leaf1) ** -0.5)) * ((x1 ** -1) ** 0.666667))
[DBG-candfit] reuse keys: ['leaf0']
[DBG-candfit] leaf[0] DualSegmentedAdaptor/DualSegmentedAdaptor deg=(None,None) cnum=None cden=None scale=None
[DBG-candfit] leaf[1] AutogradAdaptor/FreeConstLeaf deg=(None,None) cnum=None cden=None scale=[0.0001843653132063977]
[DBG-candfit] leaf[2] AutogradAdaptor/RRationalPolyLeaf deg=(4,0) cnum=[0.7870396578022714, -1.3526497294195445, 3.341751998331134, -2.578895487297002] cden=[1.0] scale=None
[DBG-candfit] leaf[3] AutogradAdaptor/VarLeaf deg=(None,None) cnum=None cden=None scale=None
[Stage B] Post-custom-init validation (attempt 0), batch 0, finite: 2000/2000, min: 3.049e+03, max: 2.726e+05, mean: 3.047e+04
[Stage B] Post-custom-init validation (attempt 0), batch 1, finite: 2000/2000, min: 3.028e+03, max: 2.212e+05, mean: 3.093e+04
[Stage B] Post-custom-init validation (attempt 0), batch 2, finite: 2000/2000, min: 3.983e+03, max: 2.037e+05, mean: 2.806e+04
[Stage B] Prediction scale check (attempt 0): pred_median=2.011e+04, true_median=9.826e-02, ratio=2.046e+05
[Stage B] Warning: init scale_ratio extreme; rejecting candidate.
[Stage B]    Candidate (sqrt_ratpoly_1d[19]) rejected at init (non-finite loss); trying next.
[Stage B]  Trying 1D sqrt-ratpoly (inv_sqrt) deg=(1,4)->(1,4) nnz=(2,5) on NN leaf vars (1, 2)
[DBG-candfit] analytic-init: starting
[DBG-candfit] analytic-init: done
[Stage B custom_init ratpoly_1d] Init on vars (1, 2): deg=(1,4)->(1,4), nnz=(2,5), rel_rms≈1.33e-07
[DBG-candfit] root: ((nn(x0)#leaf0 * ((scale()#ratpoly1d_scale_leaf1_v1_2_sn1_sd4_n1_d4_mn0_md0 * rratpoly(x1*(x2)^-1)#leaf1) ** -0.5)) * ((x1 ** -1) ** 0.666667))
[DBG-candfit] reuse keys: ['leaf0']
[DBG-candfit] leaf[0] DualSegmentedAdaptor/DualSegmentedAdaptor deg=(None,None) cnum=None cden=None scale=None
[DBG-candfit] leaf[1] AutogradAdaptor/FreeConstLeaf deg=(None,None) cnum=None cden=None scale=[1.0463115773186715e-05]
[DBG-candfit] leaf[2] AutogradAdaptor/RRationalPolyLeaf deg=(1,4) cnum=[7.835738001240573] cden=[1.0, -0.5889841567496596, -0.06986661315009457, 0.09231711228744374] scale=None
[DBG-candfit] leaf[3] AutogradAdaptor/VarLeaf deg=(None,None) cnum=None cden=None scale=None
[Stage B] Post-custom-init validation (attempt 0), batch 0, finite: 2000/2000, min: 3.049e+03, max: 2.726e+05, mean: 3.047e+04
[Stage B] Post-custom-init validation (attempt 0), batch 1, finite: 2000/2000, min: 3.028e+03, max: 2.212e+05, mean: 3.093e+04
[Stage B] Post-custom-init validation (attempt 0), batch 2, finite: 2000/2000, min: 3.983e+03, max: 2.037e+05, mean: 2.806e+04
[Stage B] Prediction scale check (attempt 0): pred_median=2.011e+04, true_median=9.826e-02, ratio=2.046e+05
[Stage B] Warning: init scale_ratio extreme; rejecting candidate.
[Stage B]    Candidate (sqrt_ratpoly_1d[20]) rejected at init (non-finite loss); trying next.
[Stage B]  Trying 1D cbrt-ratpoly (cbrt) deg=(1,2)->(1,2) nnz=(2,2) on NN leaf vars (1, 2)
[DBG-candfit] analytic-init: starting
[DBG-candfit] analytic-init: done
[Stage B custom_init ratpoly_1d] Init on vars (1, 2): deg=(1,2)->(1,2), nnz=(2,2), rel_rms≈1.91e-04
[DBG-candfit] root: ((nn(x0)#leaf0 * ((scale()#ratpoly1d_scale_leaf1_v1_2_sn1_sd2_n1_d2_mn0_md0 * rratpoly(x1*(x2)^-1)#leaf1) ** 0.333333)) * ((x1 ** -1) ** 0.666667))
[DBG-candfit] reuse keys: ['leaf0']
[DBG-candfit] leaf[0] DualSegmentedAdaptor/DualSegmentedAdaptor deg=(None,None) cnum=None cden=None scale=None
[DBG-candfit] leaf[1] AutogradAdaptor/FreeConstLeaf deg=(None,None) cnum=None cden=None scale=[-608197.526108871]
[DBG-candfit] leaf[2] AutogradAdaptor/RRationalPolyLeaf deg=(1,2) cnum=[-1.8995926609036369] cden=[1.0, 0.7943172787009913] scale=None
[DBG-candfit] leaf[3] AutogradAdaptor/VarLeaf deg=(None,None) cnum=None cden=None scale=None
[Stage B] Post-custom-init validation (attempt 0), batch 0, finite: 2000/2000, min: 3.049e+03, max: 2.726e+05, mean: 3.047e+04
[Stage B] Post-custom-init validation (attempt 0), batch 1, finite: 2000/2000, min: 3.028e+03, max: 2.212e+05, mean: 3.093e+04
[Stage B] Post-custom-init validation (attempt 0), batch 2, finite: 2000/2000, min: 3.983e+03, max: 2.037e+05, mean: 2.806e+04
[Stage B] Prediction scale check (attempt 0): pred_median=2.011e+04, true_median=9.826e-02, ratio=2.046e+05
[Stage B] Warning: init scale_ratio extreme; rejecting candidate.
[Stage B]    Candidate (cbrt_ratpoly_1d) rejected at init (non-finite loss); trying next.
[Stage B]  Trying 1D cbrt-ratpoly (cbrt) deg=(2,2)->(2,1) nnz=(3,2) on NN leaf vars (1, 2)
[DBG-candfit] analytic-init: starting
[DBG-candfit] analytic-init: done
[Stage B custom_init ratpoly_1d] Init on vars (1, 2): deg=(2,2)->(2,1), nnz=(3,2), rel_rms≈6.67e-05
[DBG-candfit] root: ((nn(x0)#leaf0 * ((scale()#ratpoly1d_scale_leaf1_v1_2_sn2_sd2_n2_d1_mn0_md0 * rratpoly(x1*(x2)^-1)#leaf1) ** 0.333333)) * ((x1 ** -1) ** 0.666667))
[DBG-candfit] reuse keys: ['leaf0']
[DBG-candfit] leaf[0] DualSegmentedAdaptor/DualSegmentedAdaptor deg=(None,None) cnum=None cden=None scale=None
[DBG-candfit] leaf[1] AutogradAdaptor/FreeConstLeaf deg=(None,None) cnum=None cden=None scale=[360393.93455836526]
[DBG-candfit] leaf[2] AutogradAdaptor/RRationalPolyLeaf deg=(2,1) cnum=[3.8678354541245894, -3.8557935713009672] cden=[1.0, 0.19611316495678816] scale=None
[DBG-candfit] leaf[3] AutogradAdaptor/VarLeaf deg=(None,None) cnum=None cden=None scale=None
[Stage B] Post-custom-init validation (attempt 0), batch 0, finite: 2000/2000, min: 3.049e+03, max: 2.726e+05, mean: 3.047e+04
[Stage B] Post-custom-init validation (attempt 0), batch 1, finite: 2000/2000, min: 3.028e+03, max: 2.212e+05, mean: 3.093e+04
[Stage B] Post-custom-init validation (attempt 0), batch 2, finite: 2000/2000, min: 3.983e+03, max: 2.037e+05, mean: 2.806e+04
[Stage B] Prediction scale check (attempt 0): pred_median=2.011e+04, true_median=9.826e-02, ratio=2.046e+05
[Stage B] Warning: init scale_ratio extreme; rejecting candidate.
[Stage B]    Candidate (cbrt_ratpoly_1d[1]) rejected at init (non-finite loss); trying next.
[Stage B]  Trying 1D cbrt-ratpoly (cbrt) deg=(3,1)->(3,0) nnz=(4,1) on NN leaf vars (1, 2)
[DBG-candfit] analytic-init: starting
[DBG-candfit] analytic-init: done
[Stage B custom_init ratpoly_1d] Init on vars (1, 2): deg=(3,1)->(3,0), nnz=(4,1), rel_rms≈4.88e-05
[DBG-candfit] root: ((nn(x0)#leaf0 * ((scale()#ratpoly1d_scale_leaf1_v1_2_sn3_sd1_n3_d0_mn0_md0 * rratpoly(x1*(x2)^-1)#leaf1) ** 0.333333)) * ((x1 ** -1) ** 0.666667))
[DBG-candfit] reuse keys: ['leaf0']
[DBG-candfit] leaf[0] DualSegmentedAdaptor/DualSegmentedAdaptor deg=(None,None) cnum=None cden=None scale=None
[DBG-candfit] leaf[1] AutogradAdaptor/FreeConstLeaf deg=(None,None) cnum=None cden=None scale=[-67784.28790848356]
[DBG-candfit] leaf[2] AutogradAdaptor/RRationalPolyLeaf deg=(3,0) cnum=[-20.406480042417083, 23.829520968183907, -8.921606364787687] cden=[1.0] scale=None
[DBG-candfit] leaf[3] AutogradAdaptor/VarLeaf deg=(None,None) cnum=None cden=None scale=None
[Stage B] Post-custom-init validation (attempt 0), batch 0, finite: 2000/2000, min: 3.049e+03, max: 2.726e+05, mean: 3.047e+04
[Stage B] Post-custom-init validation (attempt 0), batch 1, finite: 2000/2000, min: 3.028e+03, max: 2.212e+05, mean: 3.093e+04
[Stage B] Post-custom-init validation (attempt 0), batch 2, finite: 2000/2000, min: 3.983e+03, max: 2.037e+05, mean: 2.806e+04
[Stage B] Prediction scale check (attempt 0): pred_median=2.011e+04, true_median=9.826e-02, ratio=2.046e+05
[Stage B] Warning: init scale_ratio extreme; rejecting candidate.
[Stage B]    Candidate (cbrt_ratpoly_1d[2]) rejected at init (non-finite loss); trying next.
[Stage B]  Trying 1D cbrt-ratpoly (cbrt) deg=(4,1)->(3,1) nnz=(3,2) on NN leaf vars (1, 2)
[DBG-candfit] analytic-init: starting
[DBG-candfit] analytic-init: done
[Stage B custom_init ratpoly_1d] Init on vars (1, 2): deg=(4,1)->(3,1), nnz=(3,2), rel_rms≈1.15e-04
[DBG-candfit] root: ((nn(x0)#leaf0 * ((scale()#ratpoly1d_scale_leaf1_v1_2_sn4_sd1_n3_d1_mn0_md0 * rratpoly(x1*(x2)^-1)#leaf1) ** 0.333333)) * ((x1 ** -1) ** 0.666667))
[DBG-candfit] reuse keys: ['leaf0']
[DBG-candfit] leaf[0] DualSegmentedAdaptor/DualSegmentedAdaptor deg=(None,None) cnum=None cden=None scale=None
[DBG-candfit] leaf[1] AutogradAdaptor/FreeConstLeaf deg=(None,None) cnum=None cden=None scale=[417295.4089530112]
[DBG-candfit] leaf[2] AutogradAdaptor/RRationalPolyLeaf deg=(3,1) cnum=[3.4998079008281042, -2.742259087714111] cden=[1.0, 1.4051682441235605] scale=None
[DBG-candfit] leaf[3] AutogradAdaptor/VarLeaf deg=(None,None) cnum=None cden=None scale=None
[Stage B] Post-custom-init validation (attempt 0), batch 0, finite: 2000/2000, min: 3.049e+03, max: 2.726e+05, mean: 3.047e+04
[Stage B] Post-custom-init validation (attempt 0), batch 1, finite: 2000/2000, min: 3.028e+03, max: 2.212e+05, mean: 3.093e+04
[Stage B] Post-custom-init validation (attempt 0), batch 2, finite: 2000/2000, min: 3.983e+03, max: 2.037e+05, mean: 2.806e+04
[Stage B] Prediction scale check (attempt 0): pred_median=2.011e+04, true_median=9.826e-02, ratio=2.046e+05
[Stage B] Warning: init scale_ratio extreme; rejecting candidate.
[Stage B]    Candidate (cbrt_ratpoly_1d[3]) rejected at init (non-finite loss); trying next.
[Stage B]  Trying 1D cbrt-ratpoly (cbrt) deg=(2,3)->(2,3) nnz=(2,3) on NN leaf vars (1, 2)
[DBG-candfit] analytic-init: starting
[DBG-candfit] analytic-init: done
[Stage B custom_init ratpoly_1d] Init on vars (1, 2): deg=(2,3)->(2,3), nnz=(2,3), rel_rms≈6.77e-05
[DBG-candfit] root: ((nn(x0)#leaf0 * ((scale()#ratpoly1d_scale_leaf1_v1_2_sn2_sd3_n2_d3_mn0_md0 * rratpoly(x1*(x2)^-1)#leaf1) ** 0.333333)) * ((x1 ** -1) ** 0.666667))
[DBG-candfit] reuse keys: ['leaf0']
[DBG-candfit] leaf[0] DualSegmentedAdaptor/DualSegmentedAdaptor deg=(None,None) cnum=None cden=None scale=None
[DBG-candfit] leaf[1] AutogradAdaptor/FreeConstLeaf deg=(None,None) cnum=None cden=None scale=[-374258.3418097463]
[DBG-candfit] leaf[2] AutogradAdaptor/RRationalPolyLeaf deg=(2,3) cnum=[-3.744559607943087] cden=[1.0, 1.4164845438290847, 0.9520850844981836] scale=None
[DBG-candfit] leaf[3] AutogradAdaptor/VarLeaf deg=(None,None) cnum=None cden=None scale=None
[Stage B] Post-custom-init validation (attempt 0), batch 0, finite: 2000/2000, min: 3.049e+03, max: 2.726e+05, mean: 3.047e+04
[Stage B] Post-custom-init validation (attempt 0), batch 1, finite: 2000/2000, min: 3.028e+03, max: 2.212e+05, mean: 3.093e+04
[Stage B] Post-custom-init validation (attempt 0), batch 2, finite: 2000/2000, min: 3.983e+03, max: 2.037e+05, mean: 2.806e+04
[Stage B] Prediction scale check (attempt 0): pred_median=2.011e+04, true_median=9.826e-02, ratio=2.046e+05
[Stage B] Warning: init scale_ratio extreme; rejecting candidate.
[Stage B]    Candidate (cbrt_ratpoly_1d[4]) rejected at init (non-finite loss); trying next.
[Stage B]  Trying 1D cbrt-ratpoly (cbrt) deg=(3,3)->(3,3) nnz=(2,3) on NN leaf vars (1, 2)
[DBG-candfit] analytic-init: starting
[DBG-candfit] analytic-init: done
[Stage B custom_init ratpoly_1d] Init on vars (1, 2): deg=(3,3)->(3,3), nnz=(2,3), rel_rms≈7.00e-04
[DBG-candfit] root: ((nn(x0)#leaf0 * ((scale()#ratpoly1d_scale_leaf1_v1_2_sn3_sd3_n3_d3_mn0_md0 * rratpoly(x1*(x2)^-1)#leaf1) ** 0.333333)) * ((x1 ** -1) ** 0.666667))
[DBG-candfit] reuse keys: ['leaf0']
[DBG-candfit] leaf[0] DualSegmentedAdaptor/DualSegmentedAdaptor deg=(None,None) cnum=None cden=None scale=None
[DBG-candfit] leaf[1] AutogradAdaptor/FreeConstLeaf deg=(None,None) cnum=None cden=None scale=[-6583359.20704598]
[DBG-candfit] leaf[2] AutogradAdaptor/RRationalPolyLeaf deg=(3,3) cnum=[-1.8066045636968187] cden=[1.0, 1.2509920559094172, 15.164310544152118] scale=None
[DBG-candfit] leaf[3] AutogradAdaptor/VarLeaf deg=(None,None) cnum=None cden=None scale=None
[Stage B] Post-custom-init validation (attempt 0), batch 0, finite: 2000/2000, min: 3.049e+03, max: 2.726e+05, mean: 3.047e+04
[Stage B] Post-custom-init validation (attempt 0), batch 1, finite: 2000/2000, min: 3.028e+03, max: 2.211e+05, mean: 3.093e+04
[Stage B] Post-custom-init validation (attempt 0), batch 2, finite: 2000/2000, min: 3.983e+03, max: 2.037e+05, mean: 2.806e+04
[Stage B] Prediction scale check (attempt 0): pred_median=2.011e+04, true_median=9.826e-02, ratio=2.046e+05
[Stage B] Warning: init scale_ratio extreme; rejecting candidate.
[Stage B]    Candidate (cbrt_ratpoly_1d[5]) rejected at init (non-finite loss); trying next.
[Stage B]  Trying 1D cbrt-ratpoly (cbrt) deg=(0,4)->(0,4) nnz=(1,5) on NN leaf vars (1, 2)
[DBG-candfit] analytic-init: starting
[DBG-candfit] analytic-init: done
[Stage B custom_init ratpoly_1d] Init on vars (1, 2): deg=(0,4)->(0,4), nnz=(1,5), rel_rms≈1.27e-04
[DBG-candfit] root: ((nn(x0)#leaf0 * ((scale()#ratpoly1d_scale_leaf1_v1_2_sn0_sd4_n0_d4_mn0_md0 * rratpoly(x1*(x2)^-1)#leaf1) ** 0.333333)) * ((x1 ** -1) ** 0.666667))
[DBG-candfit] reuse keys: ['leaf0']
[DBG-candfit] leaf[0] DualSegmentedAdaptor/DualSegmentedAdaptor deg=(None,None) cnum=None cden=None scale=None
[DBG-candfit] leaf[1] AutogradAdaptor/FreeConstLeaf deg=(None,None) cnum=None cden=None scale=[281652.91164928133]
[DBG-candfit] leaf[2] AutogradAdaptor/RRationalPolyLeaf deg=(0,4) cnum=[] cden=[1.0, -3.6423217599298963, 7.412264855757723, -6.047870485333515] scale=None
[DBG-candfit] leaf[3] AutogradAdaptor/VarLeaf deg=(None,None) cnum=None cden=None scale=None
[Stage B] Post-custom-init validation (attempt 0), batch 0, finite: 2000/2000, min: 3.049e+03, max: 2.726e+05, mean: 3.047e+04
[Stage B] Post-custom-init validation (attempt 0), batch 1, finite: 2000/2000, min: 3.028e+03, max: 2.212e+05, mean: 3.093e+04
[Stage B] Post-custom-init validation (attempt 0), batch 2, finite: 2000/2000, min: 3.983e+03, max: 2.037e+05, mean: 2.806e+04
[Stage B] Prediction scale check (attempt 0): pred_median=2.011e+04, true_median=9.826e-02, ratio=2.046e+05
[Stage B] Warning: init scale_ratio extreme; rejecting candidate.
[Stage B]    Candidate (cbrt_ratpoly_1d[6]) rejected at init (non-finite loss); trying next.
[Stage B]  Trying 1D cbrt-ratpoly (cbrt) deg=(4,3)->(4,1) nnz=(4,2) on NN leaf vars (1, 2)
[DBG-candfit] analytic-init: starting
[DBG-candfit] analytic-init: done
[Stage B custom_init ratpoly_1d] Init on vars (1, 2): deg=(4,3)->(4,1), nnz=(4,2), rel_rms≈3.11e-06
[DBG-candfit] root: ((nn(x0)#leaf0 * ((scale()#ratpoly1d_scale_leaf1_v1_2_sn4_sd3_n4_d1_mn0_md0 * rratpoly(x1*(x2)^-1)#leaf1) ** 0.333333)) * ((x1 ** -1) ** 0.666667))
[DBG-candfit] reuse keys: ['leaf0']
[DBG-candfit] leaf[0] DualSegmentedAdaptor/DualSegmentedAdaptor deg=(None,None) cnum=None cden=None scale=None
[DBG-candfit] leaf[1] AutogradAdaptor/FreeConstLeaf deg=(None,None) cnum=None cden=None scale=[-5691736.53787889]
[DBG-candfit] leaf[2] AutogradAdaptor/RRationalPolyLeaf deg=(4,1) cnum=[-14.973491091330516, 18.147734302228148, -7.362746781795] cden=[1.0, 58.51549678181667] scale=None
[DBG-candfit] leaf[3] AutogradAdaptor/VarLeaf deg=(None,None) cnum=None cden=None scale=None
[Stage B] Post-custom-init validation (attempt 0), batch 0, finite: 2000/2000, min: 3.049e+03, max: 2.726e+05, mean: 3.047e+04
[Stage B] Post-custom-init validation (attempt 0), batch 1, finite: 2000/2000, min: 3.028e+03, max: 2.212e+05, mean: 3.093e+04
[Stage B] Post-custom-init validation (attempt 0), batch 2, finite: 2000/2000, min: 3.983e+03, max: 2.037e+05, mean: 2.806e+04
[Stage B] Prediction scale check (attempt 0): pred_median=2.011e+04, true_median=9.826e-02, ratio=2.046e+05
[Stage B] Warning: init scale_ratio extreme; rejecting candidate.
[Stage B]    Candidate (cbrt_ratpoly_1d[7]) rejected at init (non-finite loss); trying next.
[Stage B]  Trying 1D cbrt-ratpoly (cbrt) deg=(1,4)->(1,4) nnz=(2,5) on NN leaf vars (1, 2)
[DBG-candfit] analytic-init: starting
[DBG-candfit] analytic-init: done
[Stage B custom_init ratpoly_1d] Init on vars (1, 2): deg=(1,4)->(1,4), nnz=(2,5), rel_rms≈3.07e-04
[DBG-candfit] root: ((nn(x0)#leaf0 * ((scale()#ratpoly1d_scale_leaf1_v1_2_sn1_sd4_n1_d4_mn0_md0 * rratpoly(x1*(x2)^-1)#leaf1) ** 0.333333)) * ((x1 ** -1) ** 0.666667))
[DBG-candfit] reuse keys: ['leaf0']
[DBG-candfit] leaf[0] DualSegmentedAdaptor/DualSegmentedAdaptor deg=(None,None) cnum=None cden=None scale=None
[DBG-candfit] leaf[1] AutogradAdaptor/FreeConstLeaf deg=(None,None) cnum=None cden=None scale=[172955.86363579106]
[DBG-candfit] leaf[2] AutogradAdaptor/RRationalPolyLeaf deg=(1,4) cnum=[-8.058302667992585e-06] cden=[1.0, -4.746901952878245, 9.204965672699492, -7.600569491387131] scale=None
[DBG-candfit] leaf[3] AutogradAdaptor/VarLeaf deg=(None,None) cnum=None cden=None scale=None
[Stage B] Post-custom-init validation (attempt 0), batch 0, finite: 2000/2000, min: 3.049e+03, max: 2.726e+05, mean: 3.047e+04
[Stage B] Post-custom-init validation (attempt 0), batch 1, finite: 2000/2000, min: 3.028e+03, max: 2.212e+05, mean: 3.093e+04
[Stage B] Post-custom-init validation (attempt 0), batch 2, finite: 2000/2000, min: 3.983e+03, max: 2.037e+05, mean: 2.806e+04
[Stage B] Prediction scale check (attempt 0): pred_median=2.011e+04, true_median=9.826e-02, ratio=2.046e+05
[Stage B] Warning: init scale_ratio extreme; rejecting candidate.
[Stage B]    Candidate (cbrt_ratpoly_1d[8]) rejected at init (non-finite loss); trying next.
[Stage B]  Trying 1D cbrt-ratpoly (cbrt) deg=(2,4)->(2,4) nnz=(3,5) on NN leaf vars (1, 2)
[DBG-candfit] analytic-init: starting
[DBG-candfit] analytic-init: done
[Stage B custom_init ratpoly_1d] Init on vars (1, 2): deg=(2,4)->(2,4), nnz=(3,5), rel_rms≈2.98e-04
[DBG-candfit] root: ((nn(x0)#leaf0 * ((scale()#ratpoly1d_scale_leaf1_v1_2_sn2_sd4_n2_d4_mn0_md0 * rratpoly(x1*(x2)^-1)#leaf1) ** 0.333333)) * ((x1 ** -1) ** 0.666667))
[DBG-candfit] reuse keys: ['leaf0']
[DBG-candfit] leaf[0] DualSegmentedAdaptor/DualSegmentedAdaptor deg=(None,None) cnum=None cden=None scale=None
[DBG-candfit] leaf[1] AutogradAdaptor/FreeConstLeaf deg=(None,None) cnum=None cden=None scale=[1165.4737254760357]
[DBG-candfit] leaf[2] AutogradAdaptor/RRationalPolyLeaf deg=(2,4) cnum=[-0.002851840830276392, 148.32596005585748] cden=[1.0, -4.7544153776720774, 9.23371399546077, -7.635853993019085] scale=None
[DBG-candfit] leaf[3] AutogradAdaptor/VarLeaf deg=(None,None) cnum=None cden=None scale=None
[Stage B] Post-custom-init validation (attempt 0), batch 0, finite: 2000/2000, min: 3.049e+03, max: 2.726e+05, mean: 3.047e+04
[Stage B] Post-custom-init validation (attempt 0), batch 1, finite: 2000/2000, min: 3.028e+03, max: 2.212e+05, mean: 3.093e+04
[Stage B] Post-custom-init validation (attempt 0), batch 2, finite: 2000/2000, min: 3.983e+03, max: 2.037e+05, mean: 2.806e+04
[Stage B] Prediction scale check (attempt 0): pred_median=2.011e+04, true_median=9.826e-02, ratio=2.046e+05
[Stage B] Warning: init scale_ratio extreme; rejecting candidate.
[Stage B]    Candidate (cbrt_ratpoly_1d[9]) rejected at init (non-finite loss); trying next.
[Stage B]  Trying 1D cbrt-ratpoly (cbrt) deg=(4,4)->(4,4) nnz=(5,5) on NN leaf vars (1, 2)
[DBG-candfit] analytic-init: starting
[DBG-candfit] analytic-init: done
[Stage B custom_init ratpoly_1d] Init on vars (1, 2): deg=(4,4)->(4,4), nnz=(5,5), rel_rms≈1.27e-04
[DBG-candfit] root: ((nn(x0)#leaf0 * ((scale()#ratpoly1d_scale_leaf1_v1_2_sn4_sd4_n4_d4_mn0_md0 * rratpoly(x1*(x2)^-1)#leaf1) ** 0.333333)) * ((x1 ** -1) ** 0.666667))
[DBG-candfit] reuse keys: ['leaf0']
[DBG-candfit] leaf[0] DualSegmentedAdaptor/DualSegmentedAdaptor deg=(None,None) cnum=None cden=None scale=None
[DBG-candfit] leaf[1] AutogradAdaptor/FreeConstLeaf deg=(None,None) cnum=None cden=None scale=[-60.47051488707513]
[DBG-candfit] leaf[2] AutogradAdaptor/RRationalPolyLeaf deg=(4,4) cnum=[-4673.408697860614, 0.00636162578164617, 0.26715129057134385, 0.5182496980250487] cden=[1.0, -3.638254685665757, 7.407111049671755, -6.043024351241273] scale=None
[DBG-candfit] leaf[3] AutogradAdaptor/VarLeaf deg=(None,None) cnum=None cden=None scale=None
[Stage B] Post-custom-init validation (attempt 0), batch 0, finite: 2000/2000, min: 3.049e+03, max: 2.726e+05, mean: 3.047e+04
[Stage B] Post-custom-init validation (attempt 0), batch 1, finite: 2000/2000, min: 3.028e+03, max: 2.212e+05, mean: 3.093e+04
[Stage B] Post-custom-init validation (attempt 0), batch 2, finite: 2000/2000, min: 3.983e+03, max: 2.037e+05, mean: 2.806e+04
[Stage B] Prediction scale check (attempt 0): pred_median=2.011e+04, true_median=9.826e-02, ratio=2.046e+05
[Stage B] Warning: init scale_ratio extreme; rejecting candidate.
[Stage B]    Candidate (cbrt_ratpoly_1d[10]) rejected at init (non-finite loss); trying next.
[Stage B]  Trying 1D cbrt-ratpoly (inv_cbrt) deg=(0,3)->(0,3) nnz=(1,4) on NN leaf vars (1, 2)
[DBG-candfit] analytic-init: starting
[DBG-candfit] analytic-init: done
[Stage B custom_init ratpoly_1d] Init on vars (1, 2): deg=(0,3)->(0,3), nnz=(1,4), rel_rms≈4.70e-05
[DBG-candfit] root: ((nn(x0)#leaf0 * ((scale()#ratpoly1d_scale_leaf1_v1_2_sn0_sd3_n0_d3_mn0_md0 * rratpoly(x1*(x2)^-1)#leaf1) ** -0.333333)) * ((x1 ** -1) ** 0.666667))
[DBG-candfit] reuse keys: ['leaf0']
[DBG-candfit] leaf[0] DualSegmentedAdaptor/DualSegmentedAdaptor deg=(None,None) cnum=None cden=None scale=None
[DBG-candfit] leaf[1] AutogradAdaptor/FreeConstLeaf deg=(None,None) cnum=None cden=None scale=[7.224371085016956e-07]
[DBG-candfit] leaf[2] AutogradAdaptor/RRationalPolyLeaf deg=(0,3) cnum=[] cden=[1.0, -1.1691449880373121, 0.43921867953250987, -0.04977891620993796] scale=None
[DBG-candfit] leaf[3] AutogradAdaptor/VarLeaf deg=(None,None) cnum=None cden=None scale=None
[Stage B] Post-custom-init validation (attempt 0), batch 0, finite: 2000/2000, min: 3.049e+03, max: 2.726e+05, mean: 3.047e+04
[Stage B] Post-custom-init validation (attempt 0), batch 1, finite: 2000/2000, min: 3.028e+03, max: 2.212e+05, mean: 3.093e+04
[Stage B] Post-custom-init validation (attempt 0), batch 2, finite: 2000/2000, min: 3.983e+03, max: 2.037e+05, mean: 2.806e+04
[Stage B] Prediction scale check (attempt 0): pred_median=2.011e+04, true_median=9.826e-02, ratio=2.046e+05
[Stage B] Warning: init scale_ratio extreme; rejecting candidate.
[Stage B]    Candidate (cbrt_ratpoly_1d[11]) rejected at init (non-finite loss); trying next.
[Stage B]  Trying 1D cbrt-ratpoly (inv_cbrt) deg=(1,2)->(1,2) nnz=(2,3) on NN leaf vars (1, 2)
[DBG-candfit] analytic-init: starting
[DBG-candfit] analytic-init: done
[Stage B custom_init ratpoly_1d] Init on vars (1, 2): deg=(1,2)->(1,2), nnz=(2,3), rel_rms≈6.59e-05
[DBG-candfit] root: ((nn(x0)#leaf0 * ((scale()#ratpoly1d_scale_leaf1_v1_2_sn1_sd2_n1_d2_mn0_md0 * rratpoly(x1*(x2)^-1)#leaf1) ** -0.333333)) * ((x1 ** -1) ** 0.666667))
[DBG-candfit] reuse keys: ['leaf0']
[DBG-candfit] leaf[0] DualSegmentedAdaptor/DualSegmentedAdaptor deg=(None,None) cnum=None cden=None scale=None
[DBG-candfit] leaf[1] AutogradAdaptor/FreeConstLeaf deg=(None,None) cnum=None cden=None scale=[1.4431244763974899e-07]
[DBG-candfit] leaf[2] AutogradAdaptor/RRationalPolyLeaf deg=(1,2) cnum=[4.964419275303209] cden=[1.0, -0.9947670230216368, 0.25723551367459146] scale=None
[DBG-candfit] leaf[3] AutogradAdaptor/VarLeaf deg=(None,None) cnum=None cden=None scale=None
[Stage B] Post-custom-init validation (attempt 0), batch 0, finite: 2000/2000, min: 3.049e+03, max: 2.726e+05, mean: 3.047e+04
[Stage B] Post-custom-init validation (attempt 0), batch 1, finite: 2000/2000, min: 3.028e+03, max: 2.212e+05, mean: 3.093e+04
[Stage B] Post-custom-init validation (attempt 0), batch 2, finite: 2000/2000, min: 3.983e+03, max: 2.037e+05, mean: 2.806e+04
[Stage B] Prediction scale check (attempt 0): pred_median=2.011e+04, true_median=9.826e-02, ratio=2.046e+05
[Stage B] Warning: init scale_ratio extreme; rejecting candidate.
[Stage B]    Candidate (cbrt_ratpoly_1d[12]) rejected at init (non-finite loss); trying next.
[Stage B]  Trying 1D cbrt-ratpoly (inv_cbrt) deg=(2,1)->(2,1) nnz=(3,2) on NN leaf vars (1, 2)
[DBG-candfit] analytic-init: starting
[DBG-candfit] analytic-init: done
[Stage B custom_init ratpoly_1d] Init on vars (1, 2): deg=(2,1)->(2,1), nnz=(3,2), rel_rms≈1.50e-04
[DBG-candfit] root: ((nn(x0)#leaf0 * ((scale()#ratpoly1d_scale_leaf1_v1_2_sn2_sd1_n2_d1_mn0_md0 * rratpoly(x1*(x2)^-1)#leaf1) ** -0.333333)) * ((x1 ** -1) ** 0.666667))
[DBG-candfit] reuse keys: ['leaf0']
[DBG-candfit] leaf[0] DualSegmentedAdaptor/DualSegmentedAdaptor deg=(None,None) cnum=None cden=None scale=None
[DBG-candfit] leaf[1] AutogradAdaptor/FreeConstLeaf deg=(None,None) cnum=None cden=None scale=[6.806859109583475e-07]
[DBG-candfit] leaf[2] AutogradAdaptor/RRationalPolyLeaf deg=(2,1) cnum=[1.266773455665432, 0.01232713064878194] cden=[1.0, -0.526953478634627] scale=None
[DBG-candfit] leaf[3] AutogradAdaptor/VarLeaf deg=(None,None) cnum=None cden=None scale=None
[Stage B] Post-custom-init validation (attempt 0), batch 0, finite: 2000/2000, min: 3.049e+03, max: 2.726e+05, mean: 3.047e+04
[Stage B] Post-custom-init validation (attempt 0), batch 1, finite: 2000/2000, min: 3.028e+03, max: 2.212e+05, mean: 3.093e+04
[Stage B] Post-custom-init validation (attempt 0), batch 2, finite: 2000/2000, min: 3.983e+03, max: 2.037e+05, mean: 2.806e+04
[Stage B] Prediction scale check (attempt 0): pred_median=2.011e+04, true_median=9.826e-02, ratio=2.046e+05
[Stage B] Warning: init scale_ratio extreme; rejecting candidate.
[Stage B]    Candidate (cbrt_ratpoly_1d[13]) rejected at init (non-finite loss); trying next.
[Stage B]  Trying 1D cbrt-ratpoly (inv_cbrt) deg=(0,4)->(0,4) nnz=(1,5) on NN leaf vars (1, 2)
[DBG-candfit] analytic-init: starting
[DBG-candfit] analytic-init: done
[Stage B custom_init ratpoly_1d] Init on vars (1, 2): deg=(0,4)->(0,4), nnz=(1,5), rel_rms≈2.43e-06
[DBG-candfit] root: ((nn(x0)#leaf0 * ((scale()#ratpoly1d_scale_leaf1_v1_2_sn0_sd4_n0_d4_mn0_md0 * rratpoly(x1*(x2)^-1)#leaf1) ** -0.333333)) * ((x1 ** -1) ** 0.666667))
[DBG-candfit] reuse keys: ['leaf0']
[DBG-candfit] leaf[0] DualSegmentedAdaptor/DualSegmentedAdaptor deg=(None,None) cnum=None cden=None scale=None
[DBG-candfit] leaf[1] AutogradAdaptor/FreeConstLeaf deg=(None,None) cnum=None cden=None scale=[7.357949122126206e-07]
[DBG-candfit] leaf[2] AutogradAdaptor/RRationalPolyLeaf deg=(0,4) cnum=[] cden=[1.0, -1.112866562823787, 0.3250307033871863, 0.034153679503070265] scale=None
[DBG-candfit] leaf[3] AutogradAdaptor/VarLeaf deg=(None,None) cnum=None cden=None scale=None
[Stage B] Post-custom-init validation (attempt 0), batch 0, finite: 2000/2000, min: 3.049e+03, max: 2.726e+05, mean: 3.047e+04
[Stage B] Post-custom-init validation (attempt 0), batch 1, finite: 2000/2000, min: 3.028e+03, max: 2.212e+05, mean: 3.093e+04
[Stage B] Post-custom-init validation (attempt 0), batch 2, finite: 2000/2000, min: 3.983e+03, max: 2.037e+05, mean: 2.806e+04
[Stage B] Prediction scale check (attempt 0): pred_median=2.011e+04, true_median=9.826e-02, ratio=2.046e+05
[Stage B] Warning: init scale_ratio extreme; rejecting candidate.
[Stage B]    Candidate (cbrt_ratpoly_1d[14]) rejected at init (non-finite loss); trying next.
[Stage B]  Trying 1D cbrt-ratpoly (inv_cbrt) deg=(1,3)->(1,3) nnz=(2,4) on NN leaf vars (1, 2)
[DBG-candfit] analytic-init: starting
[DBG-candfit] analytic-init: done
[Stage B custom_init ratpoly_1d] Init on vars (1, 2): deg=(1,3)->(1,3), nnz=(2,4), rel_rms≈4.70e-06
[DBG-candfit] root: ((nn(x0)#leaf0 * ((scale()#ratpoly1d_scale_leaf1_v1_2_sn1_sd3_n1_d3_mn0_md0 * rratpoly(x1*(x2)^-1)#leaf1) ** -0.333333)) * ((x1 ** -1) ** 0.666667))
[DBG-candfit] reuse keys: ['leaf0']
[DBG-candfit] leaf[0] DualSegmentedAdaptor/DualSegmentedAdaptor deg=(None,None) cnum=None cden=None scale=None
[DBG-candfit] leaf[1] AutogradAdaptor/FreeConstLeaf deg=(None,None) cnum=None cden=None scale=[-2.2519060481402848e-07]
[DBG-candfit] leaf[2] AutogradAdaptor/RRationalPolyLeaf deg=(1,3) cnum=[-3.2502155680398572] cden=[1.0, -1.4409669523500057, 0.7227842282675161, -0.12730055051250658] scale=None
[DBG-candfit] leaf[3] AutogradAdaptor/VarLeaf deg=(None,None) cnum=None cden=None scale=None
[Stage B] Post-custom-init validation (attempt 0), batch 0, finite: 2000/2000, min: 3.049e+03, max: 2.726e+05, mean: 3.047e+04
[Stage B] Post-custom-init validation (attempt 0), batch 1, finite: 2000/2000, min: 3.028e+03, max: 2.212e+05, mean: 3.093e+04
[Stage B] Post-custom-init validation (attempt 0), batch 2, finite: 2000/2000, min: 3.983e+03, max: 2.037e+05, mean: 2.806e+04
[Stage B] Prediction scale check (attempt 0): pred_median=2.011e+04, true_median=9.826e-02, ratio=2.046e+05
[Stage B] Warning: init scale_ratio extreme; rejecting candidate.
[Stage B]    Candidate (cbrt_ratpoly_1d[15]) rejected at init (non-finite loss); trying next.
[Stage B]  Trying 1D cbrt-ratpoly (inv_cbrt) deg=(2,2)->(2,2) nnz=(3,3) on NN leaf vars (1, 2)
[DBG-candfit] analytic-init: starting
[DBG-candfit] analytic-init: done
[Stage B custom_init ratpoly_1d] Init on vars (1, 2): deg=(2,2)->(2,2), nnz=(3,3), rel_rms≈1.00e-06
[DBG-candfit] root: ((nn(x0)#leaf0 * ((scale()#ratpoly1d_scale_leaf1_v1_2_sn2_sd2_n2_d2_mn0_md0 * rratpoly(x1*(x2)^-1)#leaf1) ** -0.333333)) * ((x1 ** -1) ** 0.666667))
[DBG-candfit] reuse keys: ['leaf0']
[DBG-candfit] leaf[0] DualSegmentedAdaptor/DualSegmentedAdaptor deg=(None,None) cnum=None cden=None scale=None
[DBG-candfit] leaf[1] AutogradAdaptor/FreeConstLeaf deg=(None,None) cnum=None cden=None scale=[1.3444274571128362e-07]
[DBG-candfit] leaf[2] AutogradAdaptor/RRationalPolyLeaf deg=(2,2) cnum=[5.544089195956024, 0.8701750038719801] cden=[1.0, -0.9026458072771001, 0.20659915880366983] scale=None
[DBG-candfit] leaf[3] AutogradAdaptor/VarLeaf deg=(None,None) cnum=None cden=None scale=None
[Stage B] Post-custom-init validation (attempt 0), batch 0, finite: 2000/2000, min: 3.049e+03, max: 2.726e+05, mean: 3.047e+04
[Stage B] Post-custom-init validation (attempt 0), batch 1, finite: 2000/2000, min: 3.028e+03, max: 2.212e+05, mean: 3.093e+04
[Stage B] Post-custom-init validation (attempt 0), batch 2, finite: 2000/2000, min: 3.983e+03, max: 2.037e+05, mean: 2.806e+04
[Stage B] Prediction scale check (attempt 0): pred_median=2.011e+04, true_median=9.826e-02, ratio=2.046e+05
[Stage B] Warning: init scale_ratio extreme; rejecting candidate.
[Stage B]    Candidate (cbrt_ratpoly_1d[16]) rejected at init (non-finite loss); trying next.
[Stage B]  Trying 1D cbrt-ratpoly (inv_cbrt) deg=(3,1)->(3,1) nnz=(4,2) on NN leaf vars (1, 2)
[DBG-candfit] analytic-init: starting
[DBG-candfit] analytic-init: done
[Stage B custom_init ratpoly_1d] Init on vars (1, 2): deg=(3,1)->(3,1), nnz=(4,2), rel_rms≈8.15e-06
[DBG-candfit] root: ((nn(x0)#leaf0 * ((scale()#ratpoly1d_scale_leaf1_v1_2_sn3_sd1_n3_d1_mn0_md0 * rratpoly(x1*(x2)^-1)#leaf1) ** -0.333333)) * ((x1 ** -1) ** 0.666667))
[DBG-candfit] reuse keys: ['leaf0']
[DBG-candfit] leaf[0] DualSegmentedAdaptor/DualSegmentedAdaptor deg=(None,None) cnum=None cden=None scale=None
[DBG-candfit] leaf[1] AutogradAdaptor/FreeConstLeaf deg=(None,None) cnum=None cden=None scale=[4.247302005327748e-07]
[DBG-candfit] leaf[2] AutogradAdaptor/RRationalPolyLeaf deg=(3,1) cnum=[1.5946413055670356, 1.6870173098404362, -0.4267587131116163] cden=[1.0, -0.500739670399135] scale=None
[DBG-candfit] leaf[3] AutogradAdaptor/VarLeaf deg=(None,None) cnum=None cden=None scale=None
[Stage B] Post-custom-init validation (attempt 0), batch 0, finite: 2000/2000, min: 3.049e+03, max: 2.726e+05, mean: 3.047e+04
[Stage B] Post-custom-init validation (attempt 0), batch 1, finite: 2000/2000, min: 3.028e+03, max: 2.212e+05, mean: 3.093e+04
[Stage B] Post-custom-init validation (attempt 0), batch 2, finite: 2000/2000, min: 3.983e+03, max: 2.037e+05, mean: 2.806e+04
[Stage B] Prediction scale check (attempt 0): pred_median=2.011e+04, true_median=9.826e-02, ratio=2.046e+05
[Stage B] Warning: init scale_ratio extreme; rejecting candidate.
[Stage B]    Candidate (cbrt_ratpoly_1d[17]) rejected at init (non-finite loss); trying next.
[Stage B]  Trying 1D cbrt-ratpoly (inv_cbrt) deg=(4,1)->(4,0) nnz=(5,1) on NN leaf vars (1, 2)
[DBG-candfit] analytic-init: starting
[DBG-candfit] analytic-init: done
[Stage B custom_init ratpoly_1d] Init on vars (1, 2): deg=(4,1)->(4,0), nnz=(5,1), rel_rms≈1.25e-04
[DBG-candfit] root: ((nn(x0)#leaf0 * ((scale()#ratpoly1d_scale_leaf1_v1_2_sn4_sd1_n4_d0_mn0_md0 * rratpoly(x1*(x2)^-1)#leaf1) ** -0.333333)) * ((x1 ** -1) ** 0.666667))
[DBG-candfit] reuse keys: ['leaf0']
[DBG-candfit] leaf[0] DualSegmentedAdaptor/DualSegmentedAdaptor deg=(None,None) cnum=None cden=None scale=None
[DBG-candfit] leaf[1] AutogradAdaptor/FreeConstLeaf deg=(None,None) cnum=None cden=None scale=[8.091480173076902e-06]
[DBG-candfit] leaf[2] AutogradAdaptor/RRationalPolyLeaf deg=(4,0) cnum=[0.465668514004276, -1.7132244658804352, 3.435872886054143, -2.783031901470373] cden=[1.0] scale=None
[DBG-candfit] leaf[3] AutogradAdaptor/VarLeaf deg=(None,None) cnum=None cden=None scale=None
[Stage B] Post-custom-init validation (attempt 0), batch 0, finite: 2000/2000, min: 3.049e+03, max: 2.726e+05, mean: 3.047e+04
[Stage B] Post-custom-init validation (attempt 0), batch 1, finite: 2000/2000, min: 3.028e+03, max: 2.212e+05, mean: 3.093e+04
[Stage B] Post-custom-init validation (attempt 0), batch 2, finite: 2000/2000, min: 3.983e+03, max: 2.037e+05, mean: 2.806e+04
[Stage B] Prediction scale check (attempt 0): pred_median=2.011e+04, true_median=9.826e-02, ratio=2.046e+05
[Stage B] Warning: init scale_ratio extreme; rejecting candidate.
[Stage B]    Candidate (cbrt_ratpoly_1d[18]) rejected at init (non-finite loss); trying next.
[Stage B]  Trying 1D cbrt-ratpoly (inv_cbrt) deg=(1,4)->(1,4) nnz=(2,5) on NN leaf vars (1, 2)
[DBG-candfit] analytic-init: starting
[DBG-candfit] analytic-init: done
[Stage B custom_init ratpoly_1d] Init on vars (1, 2): deg=(1,4)->(1,4), nnz=(2,5), rel_rms≈1.65e-07
[DBG-candfit] root: ((nn(x0)#leaf0 * ((scale()#ratpoly1d_scale_leaf1_v1_2_sn1_sd4_n1_d4_mn0_md0 * rratpoly(x1*(x2)^-1)#leaf1) ** -0.333333)) * ((x1 ** -1) ** 0.666667))
[DBG-candfit] reuse keys: ['leaf0']
[DBG-candfit] leaf[0] DualSegmentedAdaptor/DualSegmentedAdaptor deg=(None,None) cnum=None cden=None scale=None
[DBG-candfit] leaf[1] AutogradAdaptor/FreeConstLeaf deg=(None,None) cnum=None cden=None scale=[7.181776448483955e-07]
[DBG-candfit] leaf[2] AutogradAdaptor/RRationalPolyLeaf deg=(1,4) cnum=[1.0417367056789135] cden=[1.0, -0.06651908956615622, -0.9434236745015563, 0.5490187009407481] scale=None
[DBG-candfit] leaf[3] AutogradAdaptor/VarLeaf deg=(None,None) cnum=None cden=None scale=None
[Stage B] Post-custom-init validation (attempt 0), batch 0, finite: 2000/2000, min: 3.049e+03, max: 2.726e+05, mean: 3.047e+04
[Stage B] Post-custom-init validation (attempt 0), batch 1, finite: 2000/2000, min: 3.028e+03, max: 2.212e+05, mean: 3.093e+04
[Stage B] Post-custom-init validation (attempt 0), batch 2, finite: 2000/2000, min: 3.983e+03, max: 2.037e+05, mean: 2.806e+04
[Stage B] Prediction scale check (attempt 0): pred_median=2.011e+04, true_median=9.826e-02, ratio=2.046e+05
[Stage B] Warning: init scale_ratio extreme; rejecting candidate.
[Stage B]    Candidate (cbrt_ratpoly_1d[19]) rejected at init (non-finite loss); trying next.
[Stage B]  Trying 1D cbrt-ratpoly (inv_cbrt) deg=(2,3)->(2,3) nnz=(3,4) on NN leaf vars (1, 2)
[DBG-candfit] analytic-init: starting
[DBG-candfit] analytic-init: done
[Stage B custom_init ratpoly_1d] Init on vars (1, 2): deg=(2,3)->(2,3), nnz=(3,4), rel_rms≈8.04e-08
[DBG-candfit] root: ((nn(x0)#leaf0 * ((scale()#ratpoly1d_scale_leaf1_v1_2_sn2_sd3_n2_d3_mn0_md0 * rratpoly(x1*(x2)^-1)#leaf1) ** -0.333333)) * ((x1 ** -1) ** 0.666667))
[DBG-candfit] reuse keys: ['leaf0']
[DBG-candfit] leaf[0] DualSegmentedAdaptor/DualSegmentedAdaptor deg=(None,None) cnum=None cden=None scale=None
[DBG-candfit] leaf[1] AutogradAdaptor/FreeConstLeaf deg=(None,None) cnum=None cden=None scale=[9.284388275566112e-08]
[DBG-candfit] leaf[2] AutogradAdaptor/RRationalPolyLeaf deg=(2,3) cnum=[7.983423605094657, 0.1172642972663765] cden=[1.0, -1.069483634723924, 0.3665995114521142, -0.03946659039644744] scale=None
[DBG-candfit] leaf[3] AutogradAdaptor/VarLeaf deg=(None,None) cnum=None cden=None scale=None
[Stage B] Post-custom-init validation (attempt 0), batch 0, finite: 2000/2000, min: 3.049e+03, max: 2.726e+05, mean: 3.047e+04
[Stage B] Post-custom-init validation (attempt 0), batch 1, finite: 2000/2000, min: 3.028e+03, max: 2.212e+05, mean: 3.093e+04
[Stage B] Post-custom-init validation (attempt 0), batch 2, finite: 2000/2000, min: 3.983e+03, max: 2.037e+05, mean: 2.806e+04
[Stage B] Prediction scale check (attempt 0): pred_median=2.011e+04, true_median=9.826e-02, ratio=2.046e+05
[Stage B] Warning: init scale_ratio extreme; rejecting candidate.
[Stage B]    Candidate (cbrt_ratpoly_1d[20]) rejected at init (non-finite loss); trying next.
[Stage B]  Trying 1D cbrt-ratpoly (inv_cbrt) deg=(3,2)->(3,2) nnz=(4,3) on NN leaf vars (1, 2)
[DBG-candfit] analytic-init: starting
[DBG-candfit] analytic-init: done
[Stage B custom_init ratpoly_1d] Init on vars (1, 2): deg=(3,2)->(3,2), nnz=(4,3), rel_rms≈3.85e-08
[DBG-candfit] root: ((nn(x0)#leaf0 * ((scale()#ratpoly1d_scale_leaf1_v1_2_sn3_sd2_n3_d2_mn0_md0 * rratpoly(x1*(x2)^-1)#leaf1) ** -0.333333)) * ((x1 ** -1) ** 0.666667))
[DBG-candfit] reuse keys: ['leaf0']
[DBG-candfit] leaf[0] DualSegmentedAdaptor/DualSegmentedAdaptor deg=(None,None) cnum=None cden=None scale=None
[DBG-candfit] leaf[1] AutogradAdaptor/FreeConstLeaf deg=(None,None) cnum=None cden=None scale=[3.0073438319195785e-08]
[DBG-candfit] leaf[2] AutogradAdaptor/RRationalPolyLeaf deg=(3,2) cnum=[24.623529840905412, 5.3025589819136005, 3.722744472289883] cden=[1.0, -0.8742803137698693, 0.1920212206131969] scale=None
[DBG-candfit] leaf[3] AutogradAdaptor/VarLeaf deg=(None,None) cnum=None cden=None scale=None
[Stage B] Post-custom-init validation (attempt 0), batch 0, finite: 2000/2000, min: 3.049e+03, max: 2.726e+05, mean: 3.047e+04
[Stage B] Post-custom-init validation (attempt 0), batch 1, finite: 2000/2000, min: 3.028e+03, max: 2.212e+05, mean: 3.093e+04
[Stage B] Post-custom-init validation (attempt 0), batch 2, finite: 2000/2000, min: 3.983e+03, max: 2.037e+05, mean: 2.806e+04
[Stage B] Prediction scale check (attempt 0): pred_median=2.011e+04, true_median=9.826e-02, ratio=2.046e+05
[Stage B] Warning: init scale_ratio extreme; rejecting candidate.
[Stage B]    Candidate (cbrt_ratpoly_1d[21]) rejected at init (non-finite loss); trying next.
[Stage B]  Trying 1D cbrt-ratpoly (inv_cbrt) deg=(2,4)->(2,4) nnz=(3,5) on NN leaf vars (1, 2)
[DBG-candfit] analytic-init: starting
[DBG-candfit] analytic-init: done
[Stage B custom_init ratpoly_1d] Init on vars (1, 2): deg=(2,4)->(2,4), nnz=(3,5), rel_rms≈7.57e-08
[DBG-candfit] root: ((nn(x0)#leaf0 * ((scale()#ratpoly1d_scale_leaf1_v1_2_sn2_sd4_n2_d4_mn0_md0 * rratpoly(x1*(x2)^-1)#leaf1) ** -0.333333)) * ((x1 ** -1) ** 0.666667))
[DBG-candfit] reuse keys: ['leaf0']
[DBG-candfit] leaf[0] DualSegmentedAdaptor/DualSegmentedAdaptor deg=(None,None) cnum=None cden=None scale=None
[DBG-candfit] leaf[1] AutogradAdaptor/FreeConstLeaf deg=(None,None) cnum=None cden=None scale=[1.4138878304524845e-07]
[DBG-candfit] leaf[2] AutogradAdaptor/RRationalPolyLeaf deg=(2,4) cnum=[5.221334707817358, -2.2693610922237655] cden=[1.0, -1.538436670408072, 0.9843307833776028, -0.3198754038155628] scale=None
[DBG-candfit] leaf[3] AutogradAdaptor/VarLeaf deg=(None,None) cnum=None cden=None scale=None
[Stage B] Post-custom-init validation (attempt 0), batch 0, finite: 2000/2000, min: 3.049e+03, max: 2.726e+05, mean: 3.047e+04
[Stage B] Post-custom-init validation (attempt 0), batch 1, finite: 2000/2000, min: 3.028e+03, max: 2.212e+05, mean: 3.093e+04
[Stage B] Post-custom-init validation (attempt 0), batch 2, finite: 2000/2000, min: 3.983e+03, max: 2.037e+05, mean: 2.806e+04
[Stage B] Prediction scale check (attempt 0): pred_median=2.011e+04, true_median=9.826e-02, ratio=2.046e+05
[Stage B] Warning: init scale_ratio extreme; rejecting candidate.
[Stage B]    Candidate (cbrt_ratpoly_1d[22]) rejected at init (non-finite loss); trying next.
[Stage B]  Trying 1D cbrt-ratpoly (inv_cbrt) deg=(3,3)->(3,3) nnz=(4,4) on NN leaf vars (1, 2)
[DBG-candfit] analytic-init: starting
[DBG-candfit] analytic-init: done
[Stage B custom_init ratpoly_1d] Init on vars (1, 2): deg=(3,3)->(3,3), nnz=(4,4), rel_rms≈2.42e-06
[DBG-candfit] root: ((nn(x0)#leaf0 * ((scale()#ratpoly1d_scale_leaf1_v1_2_sn3_sd3_n3_d3_mn0_md0 * rratpoly(x1*(x2)^-1)#leaf1) ** -0.333333)) * ((x1 ** -1) ** 0.666667))
[DBG-candfit] reuse keys: ['leaf0']
[DBG-candfit] leaf[0] DualSegmentedAdaptor/DualSegmentedAdaptor deg=(None,None) cnum=None cden=None scale=None
[DBG-candfit] leaf[1] AutogradAdaptor/FreeConstLeaf deg=(None,None) cnum=None cden=None scale=[-1.1211169965507424e-07]
[DBG-candfit] leaf[2] AutogradAdaptor/RRationalPolyLeaf deg=(3,3) cnum=[-6.641194789216976, 4.674427562393205, -0.2589299316968121] cden=[1.0, -1.7673915936018385, 0.9888410883027706, -0.17954741598935317] scale=None
[DBG-candfit] leaf[3] AutogradAdaptor/VarLeaf deg=(None,None) cnum=None cden=None scale=None
[Stage B] Post-custom-init validation (attempt 0), batch 0, finite: 2000/2000, min: 3.049e+03, max: 2.726e+05, mean: 3.047e+04
[Stage B] Post-custom-init validation (attempt 0), batch 1, finite: 2000/2000, min: 3.028e+03, max: 2.212e+05, mean: 3.093e+04
[Stage B] Post-custom-init validation (attempt 0), batch 2, finite: 2000/2000, min: 3.983e+03, max: 2.037e+05, mean: 2.806e+04
[Stage B] Prediction scale check (attempt 0): pred_median=2.011e+04, true_median=9.826e-02, ratio=2.046e+05
[Stage B] Warning: init scale_ratio extreme; rejecting candidate.
[Stage B]    Candidate (cbrt_ratpoly_1d[23]) rejected at init (non-finite loss); trying next.
[Stage B]  Precheck reject (duplicate-signature) rule=univariate_nn cand=ratpoly_1d target=nn#leaf1 vars=(1, 2) sig=(960898949, 1, 1, -1, 3, 1, 1, 1) attempted=47
[Stage B]  Trying 1D ratpoly deg=(1,1)->(1,1) nnz=(2,2) (scale*P_red(x)/Q(x)) rewrite on NN leaf vars (1, 2)
[Stage B custom_init ratpoly_1d] Init on vars (1, 2): deg=(1,1)->(1,1), nnz=(2,2), rel_rms≈2.30e-04
[DBG-candfit] root: (((scale()#ratpoly1d_scale_leaf1_v1_2_sn1_sd1_n1_d1_mn0_md0 * nn(x0)#leaf0) * rratpoly(x1*(x2)^-1)#leaf1) * ((x1 ** -1) ** 0.666667))
[DBG-candfit] reuse keys: ['leaf0']
[DBG-candfit] leaf[0] AutogradAdaptor/FreeConstLeaf deg=(None,None) cnum=None cden=None scale=[-45.00368838284627]
[DBG-candfit] leaf[1] DualSegmentedAdaptor/DualSegmentedAdaptor deg=(None,None) cnum=None cden=None scale=None
[DBG-candfit] leaf[2] AutogradAdaptor/RRationalPolyLeaf deg=(1,1) cnum=[-2.482003423331694] cden=[1.0, -0.009111230716258654] scale=None
[DBG-candfit] leaf[3] AutogradAdaptor/VarLeaf deg=(None,None) cnum=None cden=None scale=None
[Stage B] Post-custom-init validation (attempt 0), batch 0, finite: 2000/2000, min: 3.049e+03, max: 2.726e+05, mean: 3.047e+04
[Stage B] Post-custom-init validation (attempt 0), batch 1, finite: 2000/2000, min: 3.028e+03, max: 2.212e+05, mean: 3.093e+04
[Stage B] Post-custom-init validation (attempt 0), batch 2, finite: 2000/2000, min: 3.983e+03, max: 2.037e+05, mean: 2.806e+04
[Stage B] Prediction scale check (attempt 0): pred_median=2.011e+04, true_median=9.826e-02, ratio=2.046e+05
[Stage B] Warning: init scale_ratio extreme; rejecting candidate.
[Stage B]    Candidate (ratpoly_1d[1]) rejected at init (non-finite loss); trying next.
[Stage B]  Trying 1D ratpoly deg=(2,1)->(2,1) nnz=(2,2) (scale*P_red(x)/Q(x)) rewrite on NN leaf vars (1, 2)
[Stage B custom_init ratpoly_1d] Init on vars (1, 2): deg=(2,1)->(2,1), nnz=(2,2), rel_rms≈1.29e-04
[DBG-candfit] root: (((scale()#ratpoly1d_scale_leaf1_v1_2_sn2_sd1_n2_d1_mn0_md0 * nn(x0)#leaf0) * rratpoly(x1*(x2)^-1)#leaf1) * ((x1 ** -1) ** 0.666667))
[DBG-candfit] reuse keys: ['leaf0']
[DBG-candfit] leaf[0] AutogradAdaptor/FreeConstLeaf deg=(None,None) cnum=None cden=None scale=[-14521.741696833355]
[DBG-candfit] leaf[1] DualSegmentedAdaptor/DualSegmentedAdaptor deg=(None,None) cnum=None cden=None scale=None
[DBG-candfit] leaf[2] AutogradAdaptor/RRationalPolyLeaf deg=(2,1) cnum=[-2.495298922528415] cden=[1.0, 321.6090412304969] scale=None
[DBG-candfit] leaf[3] AutogradAdaptor/VarLeaf deg=(None,None) cnum=None cden=None scale=None
[Stage B] Post-custom-init validation (attempt 0), batch 0, finite: 2000/2000, min: 3.049e+03, max: 2.726e+05, mean: 3.047e+04
[Stage B] Post-custom-init validation (attempt 0), batch 1, finite: 2000/2000, min: 3.028e+03, max: 2.212e+05, mean: 3.093e+04
[Stage B] Post-custom-init validation (attempt 0), batch 2, finite: 2000/2000, min: 3.983e+03, max: 2.037e+05, mean: 2.806e+04
[Stage B] Prediction scale check (attempt 0): pred_median=2.011e+04, true_median=9.826e-02, ratio=2.046e+05
[Stage B] Warning: init scale_ratio extreme; rejecting candidate.
[Stage B]    Candidate (ratpoly_1d[2]) rejected at init (non-finite loss); trying next.
[Stage B]  Trying 1D ratpoly deg=(2,2)->(2,1) nnz=(2,2) (scale*P_red(x)/Q(x)) rewrite on NN leaf vars (1, 2)
[Stage B custom_init ratpoly_1d] Init on vars (1, 2): deg=(2,2)->(2,1), nnz=(2,2), rel_rms≈2.02e-04
[DBG-candfit] root: (((scale()#ratpoly1d_scale_leaf1_v1_2_sn2_sd2_n2_d1_mn0_md0 * nn(x0)#leaf0) * rratpoly(x1*(x2)^-1)#leaf1) * ((x1 ** -1) ** 0.666667))
[DBG-candfit] reuse keys: ['leaf0']
[DBG-candfit] leaf[0] AutogradAdaptor/FreeConstLeaf deg=(None,None) cnum=None cden=None scale=[-18.01243122493622]
[DBG-candfit] leaf[1] DualSegmentedAdaptor/DualSegmentedAdaptor deg=(None,None) cnum=None cden=None scale=None
[DBG-candfit] leaf[2] AutogradAdaptor/RRationalPolyLeaf deg=(2,1) cnum=[-6.193674078443549] cden=[1.0, 0.3898737707430615] scale=None
[DBG-candfit] leaf[3] AutogradAdaptor/VarLeaf deg=(None,None) cnum=None cden=None scale=None
[Stage B] Post-custom-init validation (attempt 0), batch 0, finite: 2000/2000, min: 3.049e+03, max: 2.726e+05, mean: 3.047e+04
[Stage B] Post-custom-init validation (attempt 0), batch 1, finite: 2000/2000, min: 3.028e+03, max: 2.212e+05, mean: 3.093e+04
[Stage B] Post-custom-init validation (attempt 0), batch 2, finite: 2000/2000, min: 3.983e+03, max: 2.037e+05, mean: 2.806e+04
[Stage B] Prediction scale check (attempt 0): pred_median=2.011e+04, true_median=9.826e-02, ratio=2.046e+05
[Stage B] Warning: init scale_ratio extreme; rejecting candidate.
[Stage B]    Candidate (ratpoly_1d[3]) rejected at init (non-finite loss); trying next.
[Stage B]  Precheck reject (duplicate-signature) rule=univariate_nn cand=ratpoly_1d[4] target=nn#leaf1 vars=(1, 2) sig=(960898949, 1, 1, -1, 4, 1, 1, 1, 1) attempted=50
[Stage B]  Precheck reject (duplicate-signature) rule=univariate_nn cand=ratpoly_1d[5] target=nn#leaf1 vars=(1, 2) sig=(960898949, 2, 1, 1, -1, 3, 1, 1, 1) attempted=50
[Stage B]  Trying 1D ratpoly deg=(3,3)->(3,0) nnz=(4,1) (scale*P_red(x)/Q(x)) rewrite on NN leaf vars (1, 2)
[Stage B custom_init ratpoly_1d] Init on vars (1, 2): deg=(3,3)->(3,0), nnz=(4,1), rel_rms≈1.51e-05
[DBG-candfit] root: (((scale()#ratpoly1d_scale_leaf1_v1_2_sn3_sd3_n3_d0_mn0_md0 * nn(x0)#leaf0) * rratpoly(x1*(x2)^-1)#leaf1) * ((x1 ** -1) ** 0.666667))
[DBG-candfit] reuse keys: ['leaf0']
[DBG-candfit] leaf[0] AutogradAdaptor/FreeConstLeaf deg=(None,None) cnum=None cden=None scale=[0.9853233963326544]
[DBG-candfit] leaf[1] DualSegmentedAdaptor/DualSegmentedAdaptor deg=(None,None) cnum=None cden=None scale=None
[DBG-candfit] leaf[2] AutogradAdaptor/RRationalPolyLeaf deg=(3,0) cnum=[112.51154535785203, -41.91939174811657, -3.2814834854287955] cden=[1.0] scale=None
[DBG-candfit] leaf[3] AutogradAdaptor/VarLeaf deg=(None,None) cnum=None cden=None scale=None
[Stage B] Post-custom-init validation (attempt 0), batch 0, finite: 2000/2000, min: 3.049e+03, max: 2.726e+05, mean: 3.047e+04
[Stage B] Post-custom-init validation (attempt 0), batch 1, finite: 2000/2000, min: 3.028e+03, max: 2.212e+05, mean: 3.093e+04
[Stage B] Post-custom-init validation (attempt 0), batch 2, finite: 2000/2000, min: 3.983e+03, max: 2.037e+05, mean: 2.806e+04
[Stage B] Prediction scale check (attempt 0): pred_median=2.011e+04, true_median=9.826e-02, ratio=2.046e+05
[Stage B] Warning: init scale_ratio extreme; rejecting candidate.
[Stage B]    Candidate (ratpoly_1d[6]) rejected at init (non-finite loss); trying next.
[Stage B]  Trying 1D ratpoly deg=(0,4)->(0,4) nnz=(1,4) (scale*P_red(x)/Q(x)) rewrite on NN leaf vars (1, 2)
[Stage B custom_init ratpoly_1d] Init on vars (1, 2): deg=(0,4)->(0,4), nnz=(1,4), rel_rms≈2.41e-05
[DBG-candfit] root: (((scale()#ratpoly1d_scale_leaf1_v1_2_sn0_sd4_n0_d4_mn0_md0 * nn(x0)#leaf0) * rratpoly(x1*(x2)^-1)#leaf1) * ((x1 ** -1) ** 0.666667))
[DBG-candfit] reuse keys: ['leaf0']
[DBG-candfit] leaf[0] AutogradAdaptor/FreeConstLeaf deg=(None,None) cnum=None cden=None scale=[103.13904150675727]
[DBG-candfit] leaf[1] DualSegmentedAdaptor/DualSegmentedAdaptor deg=(None,None) cnum=None cden=None scale=None
[DBG-candfit] leaf[2] AutogradAdaptor/RRationalPolyLeaf deg=(0,4) cnum=[] cden=[1.0, 0.8196979297620349, -0.5302836849600917, 0.24292609203539214] scale=None
[DBG-candfit] leaf[3] AutogradAdaptor/VarLeaf deg=(None,None) cnum=None cden=None scale=None
[Stage B] Post-custom-init validation (attempt 0), batch 0, finite: 2000/2000, min: 3.049e+03, max: 2.726e+05, mean: 3.047e+04
[Stage B] Post-custom-init validation (attempt 0), batch 1, finite: 2000/2000, min: 3.028e+03, max: 2.212e+05, mean: 3.093e+04
[Stage B] Post-custom-init validation (attempt 0), batch 2, finite: 2000/2000, min: 3.983e+03, max: 2.037e+05, mean: 2.806e+04
[Stage B] Prediction scale check (attempt 0): pred_median=2.011e+04, true_median=9.826e-02, ratio=2.046e+05
[Stage B] Warning: init scale_ratio extreme; rejecting candidate.
[Stage B]    Candidate (ratpoly_1d[7]) rejected at init (non-finite loss); trying next.
[Stage B]  Trying 1D ratpoly deg=(4,1)->(3,1) nnz=(3,2) (scale*P_red(x)/Q(x)) rewrite on NN leaf vars (1, 2)
[Stage B custom_init ratpoly_1d] Init on vars (1, 2): deg=(4,1)->(3,1), nnz=(3,2), rel_rms≈1.68e-05
[DBG-candfit] root: (((scale()#ratpoly1d_scale_leaf1_v1_2_sn4_sd1_n3_d1_mn0_md0 * nn(x0)#leaf0) * rratpoly(x1*(x2)^-1)#leaf1) * ((x1 ** -1) ** 0.666667))
[DBG-candfit] reuse keys: ['leaf0']
[DBG-candfit] leaf[0] AutogradAdaptor/FreeConstLeaf deg=(None,None) cnum=None cden=None scale=[0.9482942674897179]
[DBG-candfit] leaf[1] DualSegmentedAdaptor/DualSegmentedAdaptor deg=(None,None) cnum=None cden=None scale=None
[DBG-candfit] leaf[2] AutogradAdaptor/RRationalPolyLeaf deg=(3,1) cnum=[116.96296869965781, -51.90159851837023] cden=[1.0, -0.06927079272002061] scale=None
[DBG-candfit] leaf[3] AutogradAdaptor/VarLeaf deg=(None,None) cnum=None cden=None scale=None
[Stage B] Post-custom-init validation (attempt 0), batch 0, finite: 2000/2000, min: 3.049e+03, max: 2.726e+05, mean: 3.047e+04
[Stage B] Post-custom-init validation (attempt 0), batch 1, finite: 2000/2000, min: 3.028e+03, max: 2.212e+05, mean: 3.093e+04
[Stage B] Post-custom-init validation (attempt 0), batch 2, finite: 2000/2000, min: 3.983e+03, max: 2.037e+05, mean: 2.806e+04
[Stage B] Prediction scale check (attempt 0): pred_median=2.011e+04, true_median=9.826e-02, ratio=2.046e+05
[Stage B] Warning: init scale_ratio extreme; rejecting candidate.
[Stage B]    Candidate (ratpoly_1d[8]) rejected at init (non-finite loss); trying next.
[Stage B]  Precheck reject (duplicate-signature) rule=univariate_nn cand=ratpoly_1d[9] target=nn#leaf1 vars=(1, 2) sig=(960898949, 4, 1, 0, 0, 1, -1, 3, 1, 1, 1) attempted=53
[Stage B]  Trying exp-poly rewrite on NN leaf vars (1, 2), degree=2
[DBG-candfit] analytic-init: starting
[Stage B] Initialising ExpPolyLeaf for vars (1, 2), tag=leaf1
[DBG-candfit] analytic-init: done
[info] dataloader for provider ASTCompositeAdaptor yields 3 batches (equivalent to a single batch up to floating-point roundoff; minor Python-loop overhead per batch).
Stopping at epoch 201/2000, lm_opt.state['halt']=True, loss=1.3275e-07, loss_val=2.3206e-07
[Stage B]    Candidate (exp): params=387, val-loss=2.3204e-07
[Stage B]    Reject (exp): simpler-over-budget(thr=1.475e-10) | loss 1.201e-12->2.320e-07 (Δ+2.32e-07) | params 768->387 | cx (0, 0, 0)->(0, 0, 0)
[Stage B]  Trying exp-poly rewrite on NN leaf vars (1, 2), degree=2 [coord=1/z]
[DBG-candfit] analytic-init: starting
[Stage B] Initialising ExpPolyLeaf for vars (1, 2), tag=leaf1
[DBG-candfit] analytic-init: done
[info] dataloader for provider ASTCompositeAdaptor yields 3 batches (equivalent to a single batch up to floating-point roundoff; minor Python-loop overhead per batch).
Stopping at epoch 201/2000, lm_opt.state['halt']=True, loss=5.1229e-09, loss_val=9.3518e-09
[Stage B]    Candidate (exp[z_inv]): params=387, val-loss=9.3518e-09
[Stage B]    Reject (exp[z_inv]): simpler-over-budget(thr=1.475e-10) | loss 1.201e-12->9.352e-09 (Δ+9.35e-09) | params 768->387 | cx (0, 0, 0)->(0, 0, 0)
[Stage B]  Trying exp-ratpoly rewrite on NN leaf vars (1, 2), degs=2/2
[DBG-candfit] analytic-init: starting
[Stage B] Initialising ExpRationalPolyLeaf for vars (1, 2), tag=leaf1
[DBG-candfit] analytic-init: done
[info] dataloader for provider ASTCompositeAdaptor yields 3 batches (equivalent to a single batch up to floating-point roundoff; minor Python-loop overhead per batch).
[LM][bucket] solving P=390 (trivially separable union)
