Running on obas-rech-ri.astro.unistra.fr with device cpu
enforce_units=True, factorized symbolic search=OFF, continuous skeleton refinement=ON, outer-peel-autorun(deprecated)=ON
[GS] Stage-A symmetry layer enabled (mode=propose, policy=augment, known=True, affine=True, unit_torus=False)
[Data] Overrides: batch_size=2000, ndata_train=6000, ndata_val=2000, data_slice=0
Median of y values: 0.11048863000693729
Median absolute deviation of y values: 0.06888620195283074
Number of x variables: 3
MAD^2 of y values: 0.004745308819486181
RMS of y values: 0.25269601114923845
Log-space dynamic range of |y|: 2.59 decades
[Units] Loaded basis=('L', 'T', 'M'); y_units=[1, 0, 0]; x_units=[[3, -2, 0], [0, -1, 0], [0, -1, 0]]
[PhaseScan] Found 6 phase-coordinate hint(s) from the identity training split.
[PhaseScan]   (x1 * (x2)**-1): omega_obs=6.28319, score=9.7e-05, R2_phase=0.00515, R2_trend=0.0045, cycles=0.389, unit=dimensionless, split_R2=0.00221, null_R2=0.00377
[PhaseScan]   (sqrt(x1) * 1/sqrt(x2)): omega_obs=12.5664, score=8.71e-05, R2_phase=0.0051, R2_trend=0.00449, cycles=0.401, unit=dimensionless, split_R2=0.00235, null_R2=0.00377
[PhaseScan]   (1/sqrt(x1) * sqrt(x2)): omega_obs=12.5664, score=3.99e-05, R2_phase=0.00477, R2_trend=0.00451, cycles=0.43, unit=dimensionless, split_R2=0.00258, null_R2=0.00367
[PhaseScan]   ((x1)**2 * (x2)**-2): omega_obs=3.14159, score=2.89e-05, R2_phase=0.00476, R2_trend=0.00453, cycles=0.371, unit=dimensionless, split_R2=0.00208, null_R2=0.00361
[PhaseScan]   ((x1)**-1 * x2): omega_obs=6.28319, score=2e-05, R2_phase=0.00465, R2_trend=0.00453, cycles=0.447, unit=dimensionless, split_R2=0.00263, null_R2=0.00363
[PhaseScan]   ((x1)**-2 * (x2)**2): omega_obs=3.14159, score=1.86e-05, R2_phase=0.0047, R2_trend=0.00459, cycles=0.49, unit=dimensionless, split_R2=0.00256, null_R2=0.00368
[PhaseScan Context] No contextual phase hints found.
[OuterLinkScan] No inverse-link hints found.

Criteria (base, in units of MAD(φ(y))^2): loss acceptable: 1.000000e-03, loss target: 1.000000e-07, chisq_tol: 1.000000e-10, precision derivs d2y: 1.000000e-03

[Units] Skipping y-transforms incompatible with y units (L): log, logneg, sqrt1p, exp, expneg, arctan, arcsin, arccos, sin, cos, tan
[Stage A] Running standard separability search on pure NN expression


Size of datasets: training: 6000, val: 2000
Using MAD-normalised LM thresholds for y_op None: MAD(φ(y))≈0.069, scale=0.00476
Initial model (AST): NN[x0, x1, x2]
Setting number of segments: 16, dual_layer: True

[34mSeparability Pass:1 (full), number of leaves: 1, y-transformation: None(y), trial 1/1, dual_layer: True[0m
Current model: Identity() (NN[x0, x1, x2]), parameters: 960
[info] dataloader for provider ASTCompositeAdaptor yields 3 batches (equivalent to a single batch up to floating-point roundoff; minor Python-loop overhead per batch).
[NestyNet][param_refresh] discovered 1 base model(s):
  #0: wrapper=ASTCompositeAdaptor, base=_Composite, params=960, output_major=False, id=5062326784
[LM][bucket] solving P=960 (trivially separable union)
Stopping at epoch 801/2500, lm_opt.state['halt']=True, loss=9.4499e-10, loss_val=1.2173e-09
acceptable losses (raw) target=4.7604e-10, acceptable=4.7604e-06 (base units: target=1.0000e-07, acceptable=1.0000e-03)
[32mADOPTING[0m best val-loss 1.2173e-09 (trial 1/1, dual_layer=True)
Saving initial model which converged with loss 0.000000
Discovering approximate invariance features from gradients...
Discovered 1 candidate features:
  feat_0_0_1       kind=integer_linear  coeffs=[+0.00, +0.00, +1.00]
Discovering approximate scaling / homogeneity features...
Discovered 3 scaling candidates:
  S=[0]  k≈  0.333  rel_std= 0.018  n=6000
  S=[1,2]  k≈ -0.667  rel_std= 0.005  n=6000
  S=[0,1,2]  k≈ -0.334  rel_std= 0.020  n=6000
    [x1] reciprocal probe (negative-k singularity detected)
    [x1] reciprocal: rel_std=0.1297>0.08, no gradient fallback available
[Oracle Probe] No scaling verified by direct evaluation.
  [Trig Scaling] Sampled 5000 points, probing 3 trivial + 0 compound target(s)
  [Trig Scaling] |F| filter: 4750/5000 points pass (5th-pct=1.273e-02)
  [Trig Scaling] x0: no viable ω candidates (span=43)
  [Trig Scaling] x1: no viable ω candidates (span=204)
  [Trig Scaling] x2: no viable ω candidates (span=181)
  [Trig Scaling] No monomial-in-trig detected.
[Early Compound] Checked 1 single-var scaling specs, 0 qualify (need ≥2 for compound)
[Early PureDiff] No valid power-difference proposals found.
Checking for low-degree polynomial fit in x (degree 2)...
Poly-in-x (deg 2) fit: rms_abs=1.377e-01, rms_rel=5.778e-01, n_terms=10, n=6000
Checking for low-degree polynomial fit in f(x)^2 (degree 2)...
Poly-in-f^2 (deg 2) fit: rms_abs=2.040e-01, rms_rel=7.557e-01, n_terms=10, n=6000
Checking for rational poly/poly fit f(x) ≈ P(x)/Q(x)...
Rational fit rat_degN2_degD2: deg_num=2, deg_den=2, rms_abs=7.621e-02, rms_rel=3.198e-01, n_terms_num=3, n_terms_den=4, n=6000, sigma_min=7.071e-02, sigma_ratio=6.146e-03
Checking for trig-like behaviour along coordinate axes...
  [FFT hint] axis 0: omega~0.22, strength=104, span=[0.0202,28.6]
  [FFT hint] axis 1: omega~0.0491, strength=74.5, span=[2.03,130]
  [FFT hint] axis 2: omega~0.233, strength=55.2, span=[2.03,137]
No oracle-derived trig axis.
Discovering K-based preferred directions...
Found 3 preferred directions from K:
  dir 0: u=[+1.000, +0.000, +0.000]
  dir 1: u=[+0.000, +1.000, +0.000]
  dir 2: u=[+0.000, +0.000, +1.000]
  dir 0: omega≈0.219, trig_strength≈102.5
  dir 1: omega≈0.135, trig_strength≈35.0
  dir 2: omega≈0.228, trig_strength≈56.5
Checking for approximate even/odd parity along coordinate axes...
Detected parity candidates on 3 axes:
  axis= 0  origin≈   0.767  kind=none  rms_rel_even=1.96e+04  rms_rel_odd=1.96e+04  n=6000
  axis= 1  origin≈    17.4  kind=none  rms_rel_even=7.95e+02  rms_rel_odd=7.95e+02  n=6000
  axis= 2  origin≈    18.6  kind=none  rms_rel_even=7.03e+02  rms_rel_odd=7.03e+02  n=6000
Checking for approximately radial dependence over small variable groups...
No clear radial structure detected.
Checking for preferred origins / translation structure along axes...
No strong translation structure detected.
Checking for saturating / sigmoidal behaviour along coordinate axes...
No clear saturating behaviour detected along single axes.
Checking for near-constant directions (parameter-like variables)...
No strongly parameter-like directions detected.
Initial separability check with precision 0.1
symb: [0, 1, 2], index: 0, var_x: torch.Size([6000, 3]), y_vals: torch.Size([6000, 1]), dydx_vals: torch.Size([6000, 1, 3]), d2ydx2_vals: torch.Size([6000, 1, 3, 3])
Trying transformation identity
Median of model: 0.09825851499042343, median absolute deviation: 0.06899551268957099, precision: 0.1, 0.1
All additive for x[0, 1], complement x[2] (in NN[0, 1, 2])
  overlapping candidate: x[0, 1] + x[0, 2], shared=1, max-metric=4.88e-03
  overlapping candidate: x[0, 1] + x[1, 2], shared=1, max-metric=8.81e-03
  overlapping candidate: x[0, 2] + x[1, 2], shared=1, max-metric=3.31e-02
Found separability candidate separability for op identity, 0

Trying transformation square
Median of model: 0.009654735768123266, median absolute deviation: 0.009210593836802823, precision: 0.1, 0.1
All additive for x[0, 1], complement x[2] (in NN[0, 1, 2])
  overlapping candidate: x[0, 1] + x[0, 2], shared=1, max-metric=9.27e-03
  overlapping candidate: x[0, 1] + x[1, 2], shared=1, max-metric=2.60e-02
  overlapping candidate: x[0, 2] + x[1, 2], shared=1, max-metric=9.35e-02
Found separability candidate separability for op square, 1

Trying transformation reciprocal
Median of model: 10.176489441913086, median absolute deviation: 7.057029953795574, precision: 0.1, 0.1
All additive for x[0, 1], complement x[2] (in NN[0, 1, 2])
  overlapping candidate: x[0, 1] + x[0, 2], shared=1, max-metric=2.25e-03
  overlapping candidate: x[0, 1] + x[1, 2], shared=1, max-metric=9.53e-03
  overlapping candidate: x[0, 2] + x[1, 2], shared=1, max-metric=3.53e-02
Found separability candidate separability for op reciprocal, 2

Trying transformation sqrt
Median of model: 0.313462142834543, median absolute deviation: 0.1258906871073719, precision: 0.1, 0.1
All additive for x[0, 1], complement x[2] (in NN[0, 1, 2])
  overlapping candidate: x[0, 1] + x[0, 2], shared=1, max-metric=3.58e-03
  overlapping candidate: x[0, 1] + x[1, 2], shared=1, max-metric=4.01e-03
  overlapping candidate: x[0, 2] + x[1, 2], shared=1, max-metric=1.60e-02
Found separability candidate separability for op sqrt, 3

Recap:
Transformation identity is a candidate for separability: True
Transformation square is a candidate for separability: True
Transformation reciprocal is a candidate for separability: True
Transformation sqrt is a candidate for separability: True

Initial fit suggests separability candidates for y_op None.

======================================================================
  [Stage A] SEPARABILITY SEARCH
======================================================================
All multiplicative for x[0], complement x[1, 2] (in NN[0, 1, 2])
All additive for x[0, 1], complement x[2] (in NN[0, 1, 2])
  overlapping candidate: x[0, 1] + x[0, 2], shared=1, max-metric=4.55e-03
  overlapping candidate: x[0, 1] + x[1, 2], shared=1, max-metric=8.67e-03
[Variable Extension] Detecting compound structure for NN[0, 1, 2]...
[Stage A GS] audited=28, accepted=3, proposals=0
    [x1] reciprocal probe (negative-k singularity detected)
    [x1] reciprocal: rel_std=0.1297>0.08, no gradient fallback available
  [Trig Scaling] Sampled 5000 points, probing 3 trivial + 0 compound target(s)
  [Trig Scaling] |F| filter: 4750/5000 points pass (5th-pct=1.273e-02)
  [Trig Scaling] x0: no viable ω candidates (span=43)
  [Trig Scaling] x1: no viable ω candidates (span=204)
  [Trig Scaling] x2: no viable ω candidates (span=181)
<WORKSPACE>/NestyNet_SR/nestynet_sr/sr_core/separability_math.py:2778: RuntimeWarning: divide by zero encountered in matmul
  coeff = (V @ a_vec) / den
<WORKSPACE>/NestyNet_SR/nestynet_sr/sr_core/separability_math.py:2778: RuntimeWarning: overflow encountered in matmul
  coeff = (V @ a_vec) / den
<WORKSPACE>/NestyNet_SR/nestynet_sr/sr_core/separability_math.py:2778: RuntimeWarning: invalid value encountered in matmul
  coeff = (V @ a_vec) / den
[Compound RetainAxis] Adding wrapper z=((x0 * (x1)**-3) * x2) with extra x0
[Compound RetainAxis] Adding wrapper z=((x0 * (x1)**-3) * x2) with extra x1
[Compound RetainAxis] Adding wrapper z=((x0 * (x1)**-3) * x2) with extra x2
[Compound RetainAxis] Adding wrapper z=((x0 * (x1)**-4) * x2) with extra x0
[Compound RetainAxis] Adding wrapper z=((x0 * (x1)**-4) * x2) with extra x1
[Compound RetainAxis] Adding wrapper z=((x0 * (x1)**-4) * x2) with extra x2
[Compound DiffProd] Gradient-ratio found x1^1 - x2^1, ratio_conf=0.885, trying multiplier variables...
[Compound DiffProd] Testing (x1^1 - x2^1) * x0: conf=0.3406, threshold=0.90, outer_power=0
[Stage A LogExp] Shadowed dimless_ratio:log z=log((x1 * (x2)**-1)) (conf=0.930); coordinate lift is not committed in Stage A
[Shadow] recorded log((x1 * (x2)**-1)) for parent=('tag', 'A0') source=stageA_logexp conf=0.930 unit=unit_valid
[Stage A LogExp] Shadowed dimless_ratio:exp z=exp((x1 * (x2)**-1)) (conf=0.930); coordinate lift is not committed in Stage A
[Shadow] recorded exp((x1 * (x2)**-1)) for parent=('tag', 'A0') source=stageA_logexp conf=0.930 unit=unit_valid
[Stage A LogExp] Shadowed dimless_ratio:log z=log((x2 * (x1)**-1)) (conf=0.930); coordinate lift is not committed in Stage A
[Shadow] recorded log((x2 * (x1)**-1)) for parent=('tag', 'A0') source=stageA_logexp conf=0.930 unit=unit_valid
[Stage A LogExp] Shadowed dimless_ratio:exp z=exp((x2 * (x1)**-1)) (conf=0.930); coordinate lift is not committed in Stage A
[Shadow] recorded exp((x2 * (x1)**-1)) for parent=('tag', 'A0') source=stageA_logexp conf=0.930 unit=unit_valid
[Compound Exhaustion] High-confidence proposal (conf=0.948), trying...
[Compound] Preserving 6 arity-2 backup proposal(s) beyond primary compound shortlist.
[Compound] Normalized proposal shortlist:
[Compound]   1. kind=monomial, conf=0.923, support=3, z=((x0 * (x1)**-3) * x2)
[Compound]   2. kind=monomial, conf=0.920, support=3, z=((x0 * (x1)**-4) * x2)
[Compound]   3. kind=monomial, conf=0.918, support=3, z=((x0 * (x1)**-3) * x2)
[Compound]   4. kind=monomial, conf=0.918, support=3, z=((x0 * (x1)**-3) * x2)
[Compound]   5. kind=monomial, conf=0.918, support=3, z=((x0 * (x1)**-3) * x2)
[Compound]   6. kind=monomial, conf=0.915, support=3, z=((x0 * (x1)**-4) * x2)
[Compound]   7. kind=monomial, conf=0.948, support=2, z=(x1 * (x2)**-1)
[Compound]   8. kind=monomial, conf=0.909, support=2, z=(x0 * x2)
[Compound]   9. kind=monomial, conf=0.909, support=2, z=(x0 * (x1)**-3)
[Compound]   10. kind=monomial, conf=0.909, support=2, z=((x1)**-3 * x2)
[Compound]   11. kind=monomial, conf=0.906, support=2, z=(x0 * (x1)**-4)
[Compound]   12. kind=monomial, conf=0.906, support=2, z=((x1)**-4 * x2)
[Units/Buckingham] Skipping compound after forced monomial probe: compound destroys dimensionless freedom: 1 -> 0 (need >= 1); forces monomial; no small unit-forced monomial power matches target dimension
[Units/Buckingham] Skipping compound after forced monomial probe: compound destroys dimensionless freedom: 1 -> 0 (need >= 1); forces monomial; no small unit-forced monomial power matches target dimension
[Units/Buckingham] Skipping compound after forced monomial probe: compound destroys dimensionless freedom: 1 -> 0 (need >= 1); forces monomial; no small unit-forced monomial power matches target dimension
[Units/Buckingham] Skipping compound after forced monomial probe: compound destroys dimensionless freedom: 1 -> 0 (need >= 1); forces monomial; no small unit-forced monomial power matches target dimension
[Units/Buckingham] Skipping compound after forced monomial probe: compound destroys dimensionless freedom: 1 -> 0 (need >= 1); forces monomial; no small unit-forced monomial power matches target dimension
[Units/Buckingham] Skipping compound after forced monomial probe: compound destroys dimensionless freedom: 1 -> 0 (need >= 1); forces monomial; no small unit-forced monomial power matches target dimension
[Units/Buckingham] Skipping compound before screening: compound reduces dimensional rank: 2 -> 1; remaining variables cannot span output dimension
[Units/Buckingham] Skipping compound after forced monomial probe: compound destroys dimensionless freedom: 1 -> 0 (need >= 1); forces monomial; no small unit-forced monomial power matches target dimension
[Units/Buckingham] Skipping compound after forced monomial probe: compound destroys dimensionless freedom: 1 -> 0 (need >= 1); forces monomial; no small unit-forced monomial power matches target dimension
[Units/Buckingham] Skipping compound after forced monomial probe: compound destroys dimensionless freedom: 1 -> 0 (need >= 1); forces monomial; no small unit-forced monomial power matches target dimension
[Units/Buckingham] Skipping compound after forced monomial probe: compound destroys dimensionless freedom: 1 -> 0 (need >= 1); forces monomial; no small unit-forced monomial power matches target dimension
[Units/Buckingham] Skipping compound after forced monomial probe: compound destroys dimensionless freedom: 1 -> 0 (need >= 1); forces monomial; no small unit-forced monomial power matches target dimension
Checking separability of None(y) in input space with precision 0.001
All multiplicative for x[0], complement x[1, 2] (in NN[0, 1, 2])
All additive for x[0, 1], complement x[2] (in NN[0, 1, 2])
  overlapping candidate: x[0, 1] + x[0, 2], shared=1, max-metric=4.88e-03
  overlapping candidate: x[0, 1] + x[1, 2], shared=1, max-metric=8.81e-03
Setting number of segments: 16 (variant: no_offset)
[Teacher init] Training left factor on 2000 profile samples...
[Teacher init] Left factor trained, final loss: 2.121e-01
[Teacher init] Training right factor on 2000 profile samples...
[Teacher init] Right factor trained, final loss: 5.413e+02
[Teacher init] Scale check: left_rms=7.792e-01, right_rms=2.309e+01, ratio=29.64
[rescale_leaf] left: leaf type=DualSegmentedAdaptor, factor=5.4439
[rescale_leaf] left: scaled a_fit via base_model
[rescale_leaf] left: scaled a_pieces_fixed[15] via base_model
[rescale_leaf] right: leaf type=DualSegmentedAdaptor, factor=0.1837
[rescale_leaf] right: scaled a_fit via base_model
[rescale_leaf] right: scaled a_pieces_fixed[15] via base_model
[Teacher init] Final gauge norm: left x5.44, right x0.18
***Training candidate separable model (variant: no_offset)***, acceptance threshold (raw) 1.2173e-07 (base 1.0000e-03)
    Proposed: (NN[x0] * NN[x1, x2])
[info] dataloader for provider ASTCompositeAdaptor yields 3 batches (equivalent to a single batch up to floating-point roundoff; minor Python-loop overhead per batch).
[LM][bucket] solving P=1024 (trivially separable union)
[trial] Stopping at epoch 601/2500, lm_opt.state['halt']=True, loss=1.0355e-10, loss_val=1.2608e-10
[32mAccepted[0m separation (variant: no_offset), val-loss 1.2608e-10
[Stage A]   Current: [35mIdentity()(nn0(x0) * nn1(x1, x2))[0m
[Shadow] pruned stale coordinate evidence after separation: parents=1, shadows=4, consumed=0
Setting number of segments: 16, dual_layer: True

[34mSeparability Pass:2 (full), number of leaves: 2, y-transformation: None(y), trial 1/1, dual_layer: True[0m
Current model: Identity() ((NN[x0] * NN[x1, x2])), parameters: 1024
[info] dataloader for provider ASTCompositeAdaptor yields 3 batches (equivalent to a single batch up to floating-point roundoff; minor Python-loop overhead per batch).
Stopping at epoch 101/2500, lm_opt.state['halt']=True, loss=7.2983e-11, loss_val=8.8324e-11
acceptable losses (raw) target=4.7604e-10, acceptable=4.7604e-06 (base units: target=1.0000e-07, acceptable=1.0000e-03)
[32mADOPTING[0m best val-loss 8.8324e-11 (trial 1/1, dual_layer=True)

======================================================================
  [Stage A] SEPARABILITY SEARCH — restart (pass 2)
======================================================================
All additive for x[1], complement x[2] (in NN[1, 2])
[Stage A Monomial] Trying monomial_deg1 on NN[0] as rpoly (k≈0.333, rel=5.73e-05); accept_threshold=4.7604e-08
[info] dataloader for provider ASTCompositeAdaptor yields 3 batches (equivalent to a single batch up to floating-point roundoff; minor Python-loop overhead per batch).
[nestynet.optimizer] [95m[LM] Potential K-colinearity issue in rm[0].providers[0] (_Composite, segments=16, outputs=1, seg_width=1): 435/1920 cross-segment channel pairs exceed |cos|>0.95 (worst seg 1/out 1 ↔ seg 9/out 1 |cos|=1.0000). Grouped segment pairs: 0/120 exceed |cos|>0.95 (worst seg 1 ↔ seg 4 |cos|=0.9240). This can make LM/direct_solve ill-conditioned; consider increasing seg_width, reducing segment count, or using a more diversity-preserving initialization. This model uses low-dimensional K-vectors (Nx*seg_width=2), so channel-level directional crowding can appear before whole segments overlap.[0m
[LM][bucket] solving P=640 (trivially separable union)
[trial] Validation patience exceeded at epoch 601/2500, nval_worse=500
[Variable Extension] Detecting compound structure for NN[1, 2]...
[Stage A GS] audited=12, accepted=1, proposals=0
    [x0] reciprocal probe (negative-k singularity detected)
    [x0] reciprocal: rel_std=0.1506>0.08, no gradient fallback available
    [x1] reciprocal probe (negative-k singularity detected)
    [x1] reciprocal: rel_std=2.2392>0.08, no gradient fallback available
  [Trig Scaling] Sampled 5000 points, probing 2 trivial + 0 compound target(s)
  [Trig Scaling] |F| filter: 4750/5000 points pass (5th-pct=2.722e-03)
  [Trig Scaling] x0: no viable ω candidates (span=204)
  [Trig Scaling] x1: no viable ω candidates (span=181)
[Compound LogDeriv] Recovered 1 proposal(s) (sigma_ratio=0.002181428368804502) for vars=(1, 2)
[Compound RetainAxis] Adding wrapper z=(x1 * (x2)**-1) with extra x1
[Compound RetainAxis] Adding wrapper z=(x1 * (x2)**-1) with extra x2
[Stage A LogExp] Shadowed dimless_ratio:log z=log((x1 * (x2)**-1)) (conf=0.930); coordinate lift is not committed in Stage A
[Shadow] recorded log((x1 * (x2)**-1)) for parent=('tag', 'A0_R') source=stageA_logexp conf=0.930 unit=unit_valid
[Stage A LogExp] Shadowed dimless_ratio:exp z=exp((x1 * (x2)**-1)) (conf=0.930); coordinate lift is not committed in Stage A
[Shadow] recorded exp((x1 * (x2)**-1)) for parent=('tag', 'A0_R') source=stageA_logexp conf=0.930 unit=unit_valid
[Stage A LogExp] Shadowed dimless_ratio:log z=log((x2 * (x1)**-1)) (conf=0.930); coordinate lift is not committed in Stage A
[Shadow] recorded log((x2 * (x1)**-1)) for parent=('tag', 'A0_R') source=stageA_logexp conf=0.930 unit=unit_valid
[Stage A LogExp] Shadowed dimless_ratio:exp z=exp((x2 * (x1)**-1)) (conf=0.930); coordinate lift is not committed in Stage A
[Shadow] recorded exp((x2 * (x1)**-1)) for parent=('tag', 'A0_R') source=stageA_logexp conf=0.930 unit=unit_valid
[Compound Exhaustion] High-confidence proposal (conf=0.998), trying...
[Compound] Normalized proposal shortlist:
[Compound]   1. kind=monomial, conf=0.998, support=2, z=(x1 * (x2)**-1)
[Compound]   2. kind=linear, conf=0.939, support=2, z=((-2 * x1) + x2)
[Compound]   3. kind=monomial, conf=0.993, support=2, z=(x1 * (x2)**-1)
[Compound]   4. kind=monomial, conf=0.993, support=2, z=(x1 * (x2)**-1)
[Units/Buckingham] Skipping compound before screening: compound reduces dimensional rank: 1 -> 0; remaining variables cannot span output dimension
[Compound] 1D compound detected (all vars in z), boosting segments to 32
[Compound] Proposal (linear) conf 0.939, screen=0.994; trying sq:(((-2 * x1) + x2))**2
[Distill] epoch 1/2000: loss=1.0155e+10
[Distill] epoch 1000/2000: loss=1.7502e+01
[Distill] epoch 2000/2000: loss=2.9810e+00
[Distill] Final: loss=2.9810e+00 (did not converge below 1.0000e-04)
[Compound] Training candidate (sq); accept_threshold=4.7604e-08
[Compound] Structural arity reduction target enabled: arity signature (1, 2, 1) → (0, 1, 0), target-quality threshold 4.7604e-08
[info] dataloader for provider ASTCompositeAdaptor yields 3 batches (equivalent to a single batch up to floating-point roundoff; minor Python-loop overhead per batch).
[LM][bucket] solving P=1152 (trivially separable union)
[trial] Validation patience exceeded at epoch 801/2500, nval_worse=500
[Compound] Rejected (sq) (linear) z=(((-2 * x1) + x2))**2, val-loss 4.5320e-04
[Compound] Proposal (linear) conf 0.939, screen=0.994; trying abs:sqrt((((-2 * x1) + x2))**2)
[Distill] epoch 1/2000: loss=1.9865e+06
[Distill] epoch 1000/2000: loss=2.7435e-01
[Distill] epoch 2000/2000: loss=2.7973e-02
[Distill] Final: loss=2.7973e-02 (did not converge below 1.0000e-04)
[Compound] Training candidate (abs); accept_threshold=4.7604e-08
[Compound] Structural arity reduction target enabled: arity signature (1, 2, 1) → (0, 1, 0), target-quality threshold 4.7604e-08
[info] dataloader for provider ASTCompositeAdaptor yields 3 batches (equivalent to a single batch up to floating-point roundoff; minor Python-loop overhead per batch).
[trial] Early abandonment at epoch 1001/2500: best_val_loss=4.0863e-04 > 1.1901e-07 (2.5x accept_threshold 4.7604e-08)
[Compound] Rejected (abs) (linear) z=sqrt((((-2 * x1) + x2))**2), val-loss 4.0863e-04
[Compound] Proposal (linear) conf 0.939, screen=0.994; trying z:((-2 * x1) + x2)
[Distill] epoch 1/2000: loss=1.9622e+08
[Distill] epoch 1000/2000: loss=4.8936e+00
[Distill] epoch 2000/2000: loss=1.3030e+01
[Distill] Final: loss=1.3030e+01 (did not converge below 1.0000e-04)
[Compound] Training candidate (z); accept_threshold=4.7604e-08
[Compound] Structural arity reduction target enabled: arity signature (1, 2, 1) → (0, 1, 0), target-quality threshold 4.7604e-08
[info] dataloader for provider ASTCompositeAdaptor yields 3 batches (equivalent to a single batch up to floating-point roundoff; minor Python-loop overhead per batch).
[trial] Validation patience exceeded at epoch 901/2500, nval_worse=500
[Compound] Rejected (z) (linear) z=((-2 * x1) + x2), val-loss 4.1276e-04
[Compound] Trying same-arity wrapper: arity 2 → 2; will require confirmed separability payoff
[Compound] Proposal (monomial) conf 0.993; trying z:(x1 * (x2)**-1), extras=[1]
[Distill] epoch 1/2000: loss=4.0247e+06
[Distill] epoch 1000/2000: loss=4.3864e+00
[Distill] epoch 2000/2000: loss=1.0643e+00
[Distill] Final: loss=1.0643e+00 (did not converge below 1.0000e-04)
[Compound] Training candidate (z); accept_threshold=4.7604e-08
[info] dataloader for provider ASTCompositeAdaptor yields 3 batches (equivalent to a single batch up to floating-point roundoff; minor Python-loop overhead per batch).
[LM][bucket] solving P=1024 (trivially separable union)
[trial] Stopping at epoch 401/2500, lm_opt.state['halt']=True, loss=3.3707e-12, loss_val=5.8172e-12
[32m[Compound] LM fit passed[0m (z) (monomial) z=(x1 * (x2)**-1), val-loss 5.8172e-12
All additive for x['z'], complement x[1] (in NN['z', 1])
[Compound] Wrapper z enables separability (z separates from extras)
[Compound] Retained-axis overlap confirmed for x1: retained-axis power-like factor k=-0.6667, rel_std=7.374e-05, n=5000
[Compound] Skipping rat_inv (redundant: z already accepted)
[Compound] Skipping rat_z2 (redundant: z already accepted)
[32m[Compound] Selected[0m best variant (z) (monomial) z=(x1 * (x2)**-1) (pattern=(1, -1)), val-loss 5.8172e-12
[Stage A]   Current: [35mIdentity()(nn0(x0) * nn1(z=(x1 * x2^-1), x1))[0m
[Stage A Monomial] Trying monomial_deg1 on NN[0] as rpoly (k≈0.333, rel=6.99e-06); accept_threshold=4.7604e-08
[info] dataloader for provider ASTCompositeAdaptor yields 3 batches (equivalent to a single batch up to floating-point roundoff; minor Python-loop overhead per batch).
[nestynet.optimizer] [95m[LM] Potential K-colinearity issue in rm[0].providers[0] (_Composite, segments=16, outputs=1, seg_width=1): 644/1920 cross-segment channel pairs exceed |cos|>0.95 (worst seg 2/out 3 ↔ seg 7/out 1 |cos|=1.0000). Grouped segment pairs: 0/120 exceed |cos|>0.95 (worst seg 11 ↔ seg 13 |cos|=0.9021). This can make LM/direct_solve ill-conditioned; consider increasing seg_width, reducing segment count, or using a more diversity-preserving initialization. This model uses low-dimensional K-vectors (Nx*seg_width=2), so channel-level directional crowding can appear before whole segments overlap.[0m
[LM][bucket] solving P=640 (trivially separable union)
[trial] Validation patience exceeded at epoch 601/2500, nval_worse=500
All additive for x['z'], complement x[1] (in NN['z', 1])
[Compound] Existing compound separates from extras [1], but checking only extensions that consume the separated coordinate.
[Variable Extension] Checking iterative extension for compound atom NN[1, 2]...
    [x0] reciprocal probe (negative-k singularity detected)
    [x0] reciprocal: ratio test failed (n_valid_k=0<100), no gradient fallback
    [x1] reciprocal probe (negative-k singularity detected)
  [Trig Scaling] Sampled 5000 points, probing 2 trivial + 0 compound target(s)
  [Trig Scaling] |F| filter: 4750/5000 points pass (5th-pct=2.126e-03)
  [Trig Scaling] x0: span=0.389, 15 ω candidates
  [Trig Scaling] x0 ACCEPTED: sin(4·z)^0.790  rel_std=0.0678
  [Trig Scaling] x1: no viable ω candidates (span=204)
[Local Oracle] Fresh path: 1 scaling, 1 trig specs
  [Local Oracle] x[1]: k≈-0.694, rel_std=0.0376
  [Local Oracle] leaf z: sin, ω=4, k=0.79, rel_std=0.0678
[Shadow] recorded sin((4 * (x1 * (x2)**-1))) for parent=('tag', 'A0_R') source=local_oracle_trig conf=0.932 unit=unit_valid
[Stage A LogExp] Shadowed dimless_input:log z=log((x1 * (x2)**-1)) (conf=0.900); coordinate lift is not committed in Stage A
[Shadow] merged log((x1 * (x2)**-1)) for parent=('tag', 'A0_R') source=stageA_logexp conf=0.930 unit=unit_valid
[Stage A LogExp] Shadowed dimless_input:exp z=exp((x1 * (x2)**-1)) (conf=0.900); coordinate lift is not committed in Stage A
[Shadow] merged exp((x1 * (x2)**-1)) for parent=('tag', 'A0_R') source=stageA_logexp conf=0.930 unit=unit_valid
[Compound Exhaustion] High-confidence proposal (conf=0.900), trying...
[Compound] Normalized proposal shortlist:
[Compound]   1. kind=passthrough, conf=0.900, support=1, z=(x1 * (x2)**-1)
[Compound] Skipping proposal: raw extra(s) x1 already appear inside compound (x1 * (x2)**-1); overlap coordinate splits are Stage-A gauge moves, not confirmed simplifications
Checking separability of None(y) in input space with precision 0.001
All multiplicative for x['z'], complement x[1] (in NN['z', 1])
Setting number of segments: 16 (variant: no_offset)
[Teacher init] Training left factor on 2000 profile samples...
[Teacher init] Left factor trained, final loss: 1.840e-01
[Teacher init] Training right factor on 2000 profile samples...
[Teacher init] Right factor trained, final loss: 1.248e+00
[Teacher init] Scale check: left_rms=4.451e-01, right_rms=1.309e+00, ratio=2.94
[rescale_leaf] left: leaf type=DualSegmentedAdaptor, factor=1.7146
[rescale_leaf] left: scaled a_fit via base_model
[rescale_leaf] left: scaled a_pieces_fixed[15] via base_model
[rescale_leaf] right: leaf type=DualSegmentedAdaptor, factor=0.5832
[rescale_leaf] right: scaled a_fit via base_model
[rescale_leaf] right: scaled a_pieces_fixed[15] via base_model
[Teacher init] Final gauge norm: left x1.71, right x0.58
***Training candidate separable model (variant: no_offset)***, acceptance threshold (raw) 4.7604e-08 (base 1.0000e-03)
    Proposed: (NN[x0] * (NN[(x1 * (x2)**-1)] * NN[x1]))
[info] dataloader for provider ASTCompositeAdaptor yields 3 batches (equivalent to a single batch up to floating-point roundoff; minor Python-loop overhead per batch).
[LM][bucket] solving P=1152 (trivially separable union)
[trial] Stopping at epoch 301/2500, lm_opt.state['halt']=True, loss=1.8801e-10, loss_val=2.9393e-10
[32mAccepted[0m separation (variant: no_offset), val-loss 2.9393e-10
[Stage A]   Current: [35mIdentity()(nn0(x0) * nn1(z=(x1 * x2^-1)) * nn2(x1))[0m
[Shadow] pruned stale coordinate evidence after separation: parents=1, shadows=5, consumed=0
Setting number of segments: 16, dual_layer: True

[34mSeparability Pass:3 (full), number of leaves: 3, y-transformation: None(y), trial 1/1, dual_layer: True[0m
Current model: Identity() ((NN[x0] * (NN[(x1 * (x2)**-1)] * NN[x1]))), parameters: 1152
[info] dataloader for provider ASTCompositeAdaptor yields 3 batches (equivalent to a single batch up to floating-point roundoff; minor Python-loop overhead per batch).
Stopping at epoch 101/2500, lm_opt.state['halt']=True, loss=1.7394e-10, loss_val=2.7925e-10
acceptable losses (raw) target=4.7604e-10, acceptable=4.7604e-06 (base units: target=1.0000e-07, acceptable=1.0000e-03)
[32mADOPTING[0m best val-loss 2.7925e-10 (trial 1/1, dual_layer=True)

======================================================================
  [Stage A] SEPARABILITY SEARCH — restart (pass 3)
======================================================================
[Stage A Monomial] Trying monomial_deg1 on NN[0] as rpoly (k≈0.333, rel=2.64e-05); accept_threshold=4.7604e-08
[info] dataloader for provider ASTCompositeAdaptor yields 3 batches (equivalent to a single batch up to floating-point roundoff; minor Python-loop overhead per batch).
[LM][bucket] solving P=768 (trivially separable union)
[trial] Validation patience exceeded at epoch 801/2500, nval_worse=500
[Stage A Monomial] Skipping NN[1, 2]: shared multiplicative NN support; leaving gauge-sensitive peel to Stage B.
[Stage A Monomial] Skipping NN[1]: shared multiplicative NN support; leaving gauge-sensitive peel to Stage B.
[Units] Stage A summary (identity): skipped 13 unit-incompatible proposal(s).
[Units]   - compound_buckingham: 13
[Units]       11× compound destroys dimensionless freedom: 1 -> 0 (need >= 1); forces monomial; no small unit-forced monomial power matches target dimension
[Units]       1× compound reduces dimensional rank: 2 -> 1; remaining variables cannot span output dimension
[Units]       1× compound reduces dimensional rank: 1 -> 0; remaining variables cannot span output dimension
[Reference] Saved pre-separability model to <WORKSPACE>/NestyNet_SR/results_ref/jacobi_v1_full.mod
[Stage A] Using identity separability results

Saved Stage-A checkpoint to <WORKSPACE>/NestyNet_SR/results/jacobi_v1_full.state.pkl
[36mFinal model: Identity() ((NN[x0] * (NN[(x1 * (x2)**-1)] * NN[x1]))), rest: None, None[0m
[Stage B] y-transform adjudication shortlist:
  - identity     source=baseline
[Units] Enforcing units in Stage B (policy=free_const_only, y_transform=identity).

======================================================================
  [Stage B] ANALYTICAL REWRITING — identity(y)-space
======================================================================


Size of datasets: training: 6000, val: 2000
[Stage B] Using MAD-normalised thresholds: MAD(y)≈0.069, scale=0.00476
[info] dataloader for provider ASTCompositeAdaptor yields 3 batches (equivalent to a single batch up to floating-point roundoff; minor Python-loop overhead per batch).
[LM][bucket] solving P=1152 (trivially separable union)
Stopping at epoch 101/2000, lm_opt.state['halt']=True, loss=1.5885e-10, loss_val=2.6502e-10

[Stage B] Initial model: params=1152, val-loss=2.6502e-10
[Stage B] Initial NN metrics: total=3, multivar=0, max_arity=1
[Stage B] Found 3 scaling candidates:
  axis 0: k≈0.333, rel_std=0.001, n=6000
  joint [1,2]: k≈-0.667, rel_std=0.000, n=6000
  joint [0,1,2]: k≈-0.333, rel_std=0.001, n=6000
[Stage B] FFT trig-axis candidates (informational):
[Stage B]   axis 0: omega≈0.220, strength=106.7, span=[0.0202,28.6]
[Stage B] Found 1 nontrivial target(s) for trig probing:
[Stage B]   x1*x2**-1 (kind=ratio, indices=(1, 2))
    [x1] reciprocal probe (negative-k singularity detected)
    [x1] reciprocal: rel_std=0.1579>0.08, no gradient fallback available
    [x1*x2**-1] reciprocal probe (negative-k singularity detected)
  [Trig Scaling] Sampled 5000 points, probing 2 trivial + 1 compound target(s) (skipping axes [0] as polynomial)
  [Trig Scaling] |F| filter: 4750/5000 points pass (5th-pct=1.273e-02)
  [Trig Scaling] x1: no viable ω candidates (span=204)
  [Trig Scaling] x2: no viable ω candidates (span=181)
  [Trig Scaling] x1*x2**-1: span=0.389, 15 ω candidates
  [Trig Scaling] x1*x2**-1 ACCEPTED: sin(4·z)^0.902  rel_std=0.0698
[Stage B] Oracle trig probe found 1 spec(s):
[Stage B]   x1*x2**-1: sin(ω=4)^0.90, rel_std=0.070
[Stage B] Using 1 oracle trig spec(s)
[Stage B] trig_by_axis: [1]
[Stage B] Trig argument-structure hints:
  axis 1: none
[Stage B]   Separability rules: ['nonsense_units_zero_prune', 'monomial_peel_priority', 'subtree_separability', 'last_hard_trig_square', 'univariate_nn', 'log_ratio', 'power_product', 'joint_product_monomial_closure', 'overlap_prefactor_peel', 'overlap_counterterm_peel', 'common_prefactor', 'additive_gauge_transfer', 'multiplicative_homogeneity_transfer', 'univariate_mono', 'nn_leaf_separability', 'counterterm_mul_split', 'counterfactor_add_split']
[Stage B]   Specialized rules: ['compound_fn_macros', 'inverse_trig_outer_rational_closure', 'monomial_prefactor_compound', 'compound_planck', 'affine_decomp', 'nonlinear_substitution', 'univariate_oracle_invariants', 'homogeneity_peel', 'product_homogeneity', 'ratio_invariance', 'coupled_leaf_ratio', 'metric_distance', 'inverse_trig_outer_closure', 'phase_hint_trig_closure', 'phase_hint_reciprocal_trig_power', 'phase_context_trig_closure', 'barycentric', 'logexp_compound', 'r1_operator_certificate', 'univariate_mul_peel', 'outer_transform_split_nn', 'multid_nn', 'poly_split', 'preconditioner_fallback_nn', 'last_hard_trig_power', 'last_hard_atom_rescue']
[Stage B] === Phase 1: Searching for separabilities (additive, multiplicative) ===
[Stage B] Rule nonsense_units_zero_prune found 0 targets
[Stage B] Rule monomial_peel_priority found 3 targets
[Stage B]   target order (arity-asc): [vars=(0,)(arity=1), vars=(1, 2)(arity=1), vars=(1,)(arity=1)]
[Stage B] monomial_peel_priority shortlist: monomial_pow2_3[z_inv]@nn#leaf2 vars=(1,) (k=-0.667, rel=8.05e-06); monomial_deg1[z_inv]@nn#leaf2 vars=(1,) (k=-0.667, rel=8.05e-06); monomial_deg2[z_inv]@nn#leaf2 vars=(1,) (k=-0.667, rel=8.05e-06); monomial_deg3[z_inv]@nn#leaf2 vars=(1,) (k=-0.667, rel=8.05e-06); monomial_pow1_3@nn#leaf0 vars=(0,) (k=0.333, rel=1.87e-05); monomial_deg1[z_inv]@nn#leaf0 vars=(0,) (k=0.333, rel=1.87e-05); monomial_deg2[z_inv]@nn#leaf0 vars=(0,) (k=0.333, rel=1.87e-05); monomial_deg3[z_inv]@nn#leaf0 vars=(0,) (k=0.333, rel=1.87e-05)
[Stage B] Rule monomial_peel_priority trying 14 globally ranked candidates
[Stage B]  Greedy order (1 cands): monomial_pow2_3[z_inv](1998p)
[Stage B]  Priority trying fixed third-power monomial (z^0.667, k≈0.667, rel=8.05e-06) on NN leaf vars (1,) [coord=1/z]
[info] dataloader for provider ASTCompositeAdaptor yields 3 batches (equivalent to a single batch up to floating-point roundoff; minor Python-loop overhead per batch).
[LM][bucket] solving P=768 (trivially separable union)
Stopping at epoch 201/2000, lm_opt.state['halt']=True, loss=1.1528e-12, loss_val=1.2013e-12
[Stage B]    Candidate (monomial_pow2_3[z_inv]): params=768, val-loss=1.2013e-12
[Stage B]    [32mAccepted[0m rewrite (monomial_pow2_3[z_inv], loss-below-floor-simpler)
[Stage B]    NN metrics: total=2, multivar=0, max_arity=1
[Stage B]    Current: [35mnn0(x0) * nn1(z=(x1 * x2^-1)) * x1^-1^0.67[0m
[Stage B polish] Running subtree:root.right candidate generation in guarded worker (max_seconds=300.0, mem_fraction=0.2).
[info] dataloader for provider ASTCompositeAdaptor yields 3 batches (equivalent to a single batch up to floating-point roundoff; minor Python-loop overhead per batch).
Stopping at epoch 801/2000, lm_opt.state['halt']=True, loss=2.0327e-10, loss_val=1.8763e-10
[Stage B polish] subtree full-shadow reject root.right: ((x1)**-1)**0.666667 -> (1/x1)**(2/3); val-loss=1.8763e-10 (shadow-full-policy(units-pinned; reject-no-improvement))
[Stage B] === Phase 1: Searching for separabilities (additive, multiplicative) ===
[Stage B] Rule nonsense_units_zero_prune found 0 targets
[Stage B] Rule monomial_peel_priority found 2 targets
[Stage B]   target order (arity-asc): [vars=(0,)(arity=1), vars=(1, 2)(arity=1)]
[Stage B] monomial_peel_priority shortlist: monomial_deg1[z_inv]@nn#leaf1 vars=(1, 2) (k=-0.615, rel=0.0966); monomial_deg2[z_inv]@nn#leaf1 vars=(1, 2) (k=-0.615, rel=0.0966); monomial_deg1@nn#leaf1 vars=(1, 2) (k=-0.615, rel=0.0966); monomial_deg3[z_inv]@nn#leaf1 vars=(1, 2) (k=-0.615, rel=0.0966); monomial_deg2@nn#leaf1 vars=(1, 2) (k=-0.615, rel=0.0966); monomial_deg3@nn#leaf1 vars=(1, 2) (k=-0.615, rel=0.0966); monomial_deg1[z_inv]@nn#leaf0 vars=(0,) (k=0.0723, rel=0.71); monomial_deg2[z_inv]@nn#leaf0 vars=(0,) (k=0.0723, rel=0.71)
[Stage B] Rule monomial_peel_priority trying 9 globally ranked candidates
[Stage B]  Greedy order (1 cands): monomial_deg1[z_inv](999p)
[Stage B]  Priority trying 1D monomial (c·x^1) rewrite on NN leaf vars (1, 2) [coord=1/z]
[Stage B] Initialising RPolyLeaf for vars (1, 2), tag=leaf1
[info] dataloader for provider ASTCompositeAdaptor yields 3 batches (equivalent to a single batch up to floating-point roundoff; minor Python-loop overhead per batch).
[nestynet.optimizer] [95m[LM] Potential K-colinearity issue in rm[0].providers[0] (_Composite, segments=16, outputs=1, seg_width=1): 1080/1080 cross-segment channel pairs exceed |cos|>0.95 (worst seg 1/out 2 ↔ seg 15/out 2 |cos|=1.0000). Grouped segment pairs: 8/120 exceed |cos|>0.95 (worst seg 6 ↔ seg 9 |cos|=0.9997). This can make LM/direct_solve ill-conditioned; consider increasing seg_width, reducing segment count, or using a more diversity-preserving initialization. This model uses low-dimensional K-vectors (Nx*seg_width=1), so channel-level directional crowding can appear before whole segments overlap.[0m
[LM][bucket] solving P=384 (trivially separable union)
Validation patience exceeded at epoch 1001/2000, nval_worse=500
[Stage B]    Candidate (monomial_deg1[z_inv]): params=384, val-loss=9.4666e-04
[Stage B]    Reject (monomial_deg1[z_inv]): simpler-over-budget(thr=1.659e-10) | loss 1.201e-12->9.467e-04 (Δ+9.47e-04) | params 768->384 | cx (0, 0, 0)->(0, 0, 0)
[Stage B]  Greedy order (1 cands): monomial_deg2[z_inv](999p)
[Stage B]  Priority trying 1D monomial (c·x^2) rewrite on NN leaf vars (1, 2) [coord=1/z]
[Stage B] Initialising RPolyLeaf for vars (1, 2), tag=leaf1
[info] dataloader for provider ASTCompositeAdaptor yields 3 batches (equivalent to a single batch up to floating-point roundoff; minor Python-loop overhead per batch).
[nestynet.optimizer] [95m[LM] Potential K-colinearity issue in rm[0].providers[0] (_Composite, segments=16, outputs=1, seg_width=1): 1080/1080 cross-segment channel pairs exceed |cos|>0.95 (worst seg 1/out 2 ↔ seg 15/out 2 |cos|=1.0000). Grouped segment pairs: 8/120 exceed |cos|>0.95 (worst seg 6 ↔ seg 9 |cos|=0.9997). This can make LM/direct_solve ill-conditioned; consider increasing seg_width, reducing segment count, or using a more diversity-preserving initialization. This model uses low-dimensional K-vectors (Nx*seg_width=1), so channel-level directional crowding can appear before whole segments overlap.[0m
Validation patience exceeded at epoch 801/2000, nval_worse=500
[Stage B]    Candidate (monomial_deg2[z_inv]): params=384, val-loss=5.0049e-03
[Stage B]    Reject (monomial_deg2[z_inv]): simpler-over-budget(thr=1.659e-10) | loss 1.201e-12->5.005e-03 (Δ+5.00e-03) | params 768->384 | cx (0, 0, 0)->(0, 0, 0)
[Stage B]  Greedy order (1 cands): monomial_deg1(999p)
[Stage B]  Priority trying 1D monomial (c·x^1) rewrite on NN leaf vars (1, 2)
[Stage B] Initialising RPolyLeaf for vars (1, 2), tag=leaf1
[info] dataloader for provider ASTCompositeAdaptor yields 3 batches (equivalent to a single batch up to floating-point roundoff; minor Python-loop overhead per batch).
[nestynet.optimizer] [95m[LM] Potential K-colinearity issue in rm[0].providers[0] (_Composite, segments=16, outputs=1, seg_width=1): 1080/1080 cross-segment channel pairs exceed |cos|>0.95 (worst seg 1/out 2 ↔ seg 15/out 2 |cos|=1.0000). Grouped segment pairs: 8/120 exceed |cos|>0.95 (worst seg 6 ↔ seg 9 |cos|=0.9997). This can make LM/direct_solve ill-conditioned; consider increasing seg_width, reducing segment count, or using a more diversity-preserving initialization. This model uses low-dimensional K-vectors (Nx*seg_width=1), so channel-level directional crowding can appear before whole segments overlap.[0m
Validation patience exceeded at epoch 1001/2000, nval_worse=500
[Stage B]    Candidate (monomial_deg1): params=384, val-loss=3.3386e-03
[Stage B]    Reject (monomial_deg1): simpler-over-budget(thr=1.659e-10) | loss 1.201e-12->3.339e-03 (Δ+3.34e-03) | params 768->384 | cx (0, 0, 0)->(0, 0, 0)
[Stage B]  Greedy order (1 cands): monomial_deg3[z_inv](999p)
[Stage B]  Priority trying 1D monomial (c·x^3) rewrite on NN leaf vars (1, 2) [coord=1/z]
[Stage B] Initialising RPolyLeaf for vars (1, 2), tag=leaf1
[info] dataloader for provider ASTCompositeAdaptor yields 3 batches (equivalent to a single batch up to floating-point roundoff; minor Python-loop overhead per batch).
[nestynet.optimizer] [95m[LM] Potential K-colinearity issue in rm[0].providers[0] (_Composite, segments=16, outputs=1, seg_width=1): 1080/1080 cross-segment channel pairs exceed |cos|>0.95 (worst seg 1/out 2 ↔ seg 15/out 2 |cos|=1.0000). Grouped segment pairs: 8/120 exceed |cos|>0.95 (worst seg 6 ↔ seg 9 |cos|=0.9997). This can make LM/direct_solve ill-conditioned; consider increasing seg_width, reducing segment count, or using a more diversity-preserving initialization. This model uses low-dimensional K-vectors (Nx*seg_width=1), so channel-level directional crowding can appear before whole segments overlap.[0m
Validation patience exceeded at epoch 601/2000, nval_worse=500
[Stage B]    Candidate (monomial_deg3[z_inv]): params=384, val-loss=1.1172e-02
[Stage B]    Reject (monomial_deg3[z_inv]): simpler-over-budget(thr=1.659e-10) | loss 1.201e-12->1.117e-02 (Δ+1.12e-02) | params 768->384 | cx (0, 0, 0)->(0, 0, 0)
[Stage B]  Greedy order (1 cands): monomial_deg2(999p)
[Stage B]  Priority trying 1D monomial (c·x^2) rewrite on NN leaf vars (1, 2)
[Stage B] Initialising RPolyLeaf for vars (1, 2), tag=leaf1
[info] dataloader for provider ASTCompositeAdaptor yields 3 batches (equivalent to a single batch up to floating-point roundoff; minor Python-loop overhead per batch).
[nestynet.optimizer] [95m[LM] Potential K-colinearity issue in rm[0].providers[0] (_Composite, segments=16, outputs=1, seg_width=1): 1080/1080 cross-segment channel pairs exceed |cos|>0.95 (worst seg 1/out 2 ↔ seg 15/out 2 |cos|=1.0000). Grouped segment pairs: 8/120 exceed |cos|>0.95 (worst seg 6 ↔ seg 9 |cos|=0.9997). This can make LM/direct_solve ill-conditioned; consider increasing seg_width, reducing segment count, or using a more diversity-preserving initialization. This model uses low-dimensional K-vectors (Nx*seg_width=1), so channel-level directional crowding can appear before whole segments overlap.[0m
Validation patience exceeded at epoch 1101/2000, nval_worse=500
[Stage B]    Candidate (monomial_deg2): params=384, val-loss=9.4934e-03
[Stage B]    Reject (monomial_deg2): simpler-over-budget(thr=1.659e-10) | loss 1.201e-12->9.493e-03 (Δ+9.49e-03) | params 768->384 | cx (0, 0, 0)->(0, 0, 0)
[Stage B]  Greedy order (1 cands): monomial_deg3(999p)
[Stage B]  Priority trying 1D monomial (c·x^3) rewrite on NN leaf vars (1, 2)
[Stage B] Initialising RPolyLeaf for vars (1, 2), tag=leaf1
[info] dataloader for provider ASTCompositeAdaptor yields 3 batches (equivalent to a single batch up to floating-point roundoff; minor Python-loop overhead per batch).
[nestynet.optimizer] [95m[LM] Potential K-colinearity issue in rm[0].providers[0] (_Composite, segments=16, outputs=1, seg_width=1): 1080/1080 cross-segment channel pairs exceed |cos|>0.95 (worst seg 1/out 2 ↔ seg 15/out 2 |cos|=1.0000). Grouped segment pairs: 8/120 exceed |cos|>0.95 (worst seg 6 ↔ seg 9 |cos|=0.9997). This can make LM/direct_solve ill-conditioned; consider increasing seg_width, reducing segment count, or using a more diversity-preserving initialization. This model uses low-dimensional K-vectors (Nx*seg_width=1), so channel-level directional crowding can appear before whole segments overlap.[0m
[Stage B]    Candidate (monomial_deg3): params=384, val-loss=1.7421e-02
[Stage B]    Reject (monomial_deg3): simpler-over-budget(thr=1.659e-10) | loss 1.201e-12->1.742e-02 (Δ+1.74e-02) | params 768->384 | cx (0, 0, 0)->(0, 0, 0)
[Stage B]  Greedy order (1 cands): monomial_deg1[z_inv](999p)
[Stage B]  Precheck reject (units: nn-output-unreachable leaf1 inputs=((x1 * (x2)**-1)) target=L^4*T^-8/3 basis=['dimless-only']) rule=monomial_peel_priority cand=monomial_deg1[z_inv] target=nn#leaf0 vars=(0,) attempted=0
[Stage B]  Greedy order (1 cands): monomial_deg2[z_inv](999p)
[Stage B]  Precheck reject (units: nn-output-unreachable leaf1 inputs=((x1 * (x2)**-1)) target=L^7*T^-14/3 basis=['dimless-only']) rule=monomial_peel_priority cand=monomial_deg2[z_inv] target=nn#leaf0 vars=(0,) attempted=0
[Stage B]  Greedy order (1 cands): monomial_deg3[z_inv](999p)
[Stage B]  Precheck reject (units: nn-output-unreachable leaf1 inputs=((x1 * (x2)**-1)) target=L^10*T^-20/3 basis=['dimless-only']) rule=monomial_peel_priority cand=monomial_deg3[z_inv] target=nn#leaf0 vars=(0,) attempted=0
[Stage B] Rule subtree_separability found 0 targets
[Stage B] Rule last_hard_trig_square found 0 targets
[Stage B] Rule univariate_nn found 2 targets
[Stage B]   target order (arity-asc): [vars=(0,)(arity=1), vars=(1, 2)(arity=1)]
[Stage B]  one_minus_cos_over_z2 skip NN vars (0,): no trig hint
[Stage B] ratpoly_1d degree probe: no valid pairs, falling back to unconstrained grid, vars=(0,)
[Stage B] ratpoly_1d rejected: best rel_rms=0.0061 > 0.001, deg=(4,2), vars=(0,)
[Stage B] ratpoly_1d degree probe: no valid pairs, falling back to unconstrained grid, vars=(0,)
[Stage B] ratpoly_1d rejected: best rel_rms=0.0038 > 0.001, deg=(2,4), vars=(0,)
[Stage B] ratpoly_1d degree probe: 8 valid pair(s), min_deg=(1,0), vars=(0,)
[Stage B] ratpoly_1d rejected: best rel_rms=0.4618 > 0.001, deg=(1,0), vars=(0,)
[Stage B] ratpoly_1d degree probe: 8 valid pair(s), min_deg=(0,1), vars=(0,)
[Stage B] ratpoly_1d rejected: best rel_rms=14.4528 > 0.001, deg=(7,8), vars=(0,)
[Stage B]  one_minus_cos_over_z2 skip NN vars (0,): no trig hint
[Stage B] ratpoly_1d degree probe: no valid pairs, falling back to unconstrained grid, vars=(0,)
[Stage B] ratpoly_1d rejected: best rel_rms=0.7186 > 0.001, deg=(4,4), vars=(0,)
[Stage B] ratpoly_1d degree probe: no valid pairs, falling back to unconstrained grid, vars=(0,)
[Stage B] ratpoly_1d rejected: best rel_rms=0.0484 > 0.001, deg=(4,1), vars=(0,)
[Stage B] ratpoly_1d degree probe: 8 valid pair(s), min_deg=(0,1), vars=(0,)
[Stage B] ratpoly_1d rejected: best rel_rms=23.6484 > 0.001, deg=(0,1), vars=(0,)
[Stage B] ratpoly_1d degree probe: 8 valid pair(s), min_deg=(1,0), vars=(0,)
[Stage B] ratpoly_1d rejected: best rel_rms=2.4440 > 0.001, deg=(1,0), vars=(0,)
[Stage B] RuleUniNN proposing 13 candidates for NN vars=(0,): ['monomial_deg1', 'monomial_deg2', 'monomial_deg3', 'cf_sharedpref_resid', 'cf_combo', 'cf_combo', 'cf_combo', 'cf_combo', 'cf_combo', 'cf_combo', 'cf_combo', 'cf_combo', 'cf_combo']
[Stage B] RuleUniNN proposing 14 candidates for NN vars=(0,): ['scale', 'monomial_deg1[z_inv]', 'monomial_deg2[z_inv]', 'monomial_deg3[z_inv]', 'cf_sharedpref_resid[z_inv]', 'cf_combo[z_inv]', 'cf_combo[z_inv]', 'cf_combo[z_inv]', 'cf_combo[z_inv]', 'cf_combo[z_inv]', 'cf_combo[z_inv]', 'cf_combo[z_inv]', 'cf_combo[z_inv]', 'cf_combo[z_inv]']
[Stage B]  Greedy order (14 cands): scale(1001p), monomial_deg1[z_inv](1000p), monomial_deg2[z_inv](1000p), monomial_deg3[z_inv](1000p), cf_sharedpref_resid[z_inv](1002p), cf_combo[z_inv](1002p), cf_combo[z_inv](1001p), cf_combo[z_inv](1002p), cf_combo[z_inv](1001p), cf_combo[z_inv](1002p), cf_combo[z_inv](1001p), cf_combo[z_inv](1002p), cf_combo[z_inv](1001p), cf_combo[z_inv](1002p)
[Stage B]  Trying scaling rewrite on NN leaf vars (0,), k≈0.333
[Stage B] Initialising PowerLeaf for vars (0,), tag=leaf0
[info] dataloader for provider ASTCompositeAdaptor yields 3 batches (equivalent to a single batch up to floating-point roundoff; minor Python-loop overhead per batch).
[LM][bucket] solving P=386 (trivially separable union)
Stopping at epoch 201/2000, lm_opt.state['halt']=True, loss=8.4074e-12, loss_val=1.6442e-11
[Stage B]    Candidate (scale): params=386, val-loss=1.6442e-11
[Stage B]    Reject (scale): loss-below-floor-too-much-regression(ratio=1.369e+01, cap=1.201e-11) | loss 1.201e-12->1.644e-11 (Δ+1.52e-11) | params 768->386 | cx (0, 0, 0)->(0, 0, 0)
[Stage B]  Precheck reject (units: nn-output-unreachable leaf1 inputs=((x1 * (x2)**-1)) target=L^4*T^-8/3 basis=['dimless-only']) rule=univariate_nn cand=monomial_deg1[z_inv] target=nn#leaf0 vars=(0,) attempted=0
[Stage B]  Precheck reject (units: nn-output-unreachable leaf1 inputs=((x1 * (x2)**-1)) target=L^7*T^-14/3 basis=['dimless-only']) rule=univariate_nn cand=monomial_deg2[z_inv] target=nn#leaf0 vars=(0,) attempted=0
[Stage B]  Precheck reject (units: nn-output-unreachable leaf1 inputs=((x1 * (x2)**-1)) target=L^10*T^-20/3 basis=['dimless-only']) rule=univariate_nn cand=monomial_deg3[z_inv] target=nn#leaf0 vars=(0,) attempted=0
[Stage B]  Precheck reject (units: units-inconsistent (L)) rule=univariate_nn cand=cf_sharedpref_resid[z_inv] target=nn#leaf0 vars=(0,) attempted=0
[Stage B]  Precheck reject (units: units-inconsistent (L)) rule=univariate_nn cand=cf_combo[z_inv] target=nn#leaf0 vars=(0,) attempted=0
[Stage B]  Precheck reject (units: units-inconsistent (L)) rule=univariate_nn cand=cf_combo[z_inv] target=nn#leaf0 vars=(0,) attempted=0
[Stage B]  Precheck reject (units: units-inconsistent (L)) rule=univariate_nn cand=cf_combo[z_inv] target=nn#leaf0 vars=(0,) attempted=0
[Stage B]  Precheck reject (units: units-inconsistent (L)) rule=univariate_nn cand=cf_combo[z_inv] target=nn#leaf0 vars=(0,) attempted=0
[Stage B]  Precheck reject (units: units-inconsistent (L)) rule=univariate_nn cand=cf_combo[z_inv] target=nn#leaf0 vars=(0,) attempted=0
[Stage B]  Precheck reject (units: units-inconsistent (L)) rule=univariate_nn cand=cf_combo[z_inv] target=nn#leaf0 vars=(0,) attempted=0
[Stage B]  Precheck reject (units: units-inconsistent (L)) rule=univariate_nn cand=cf_combo[z_inv] target=nn#leaf0 vars=(0,) attempted=0
[Stage B]  Precheck reject (units: units-inconsistent (L)) rule=univariate_nn cand=cf_combo[z_inv] target=nn#leaf0 vars=(0,) attempted=0
[Stage B]  Precheck reject (units: units-inconsistent (L)) rule=univariate_nn cand=cf_combo[z_inv] target=nn#leaf0 vars=(0,) attempted=0
[Stage B] symexp_denom_1d accepted: rel_rms=0.0138, scale≈164, linear≈3.63, compound vars=(1, 2)
[Stage B] symexp_denom_1d_recip (poly) accepted: rel_rms=0.0139, scale≈164, linear≈3.86, compound vars=(1, 2)
[Stage B] inv_poly: using degree-probe monomials, 3 valid terms, vars=(1, 2)
[Stage B] inv_poly probe: 1 sub-threshold trial(s) for vars=(1, 2): deg=2 rms=0.0003 n=3
[Stage B] sqrt_poly: degree-probe active, sqrt=3 terms (probed=True), inv=3 terms (probed=True), vars=(1, 2)
[Stage B]  one_minus_cos_over_z2 skip NN vars (1, 2): screen failed for z=(x1 * (x2)**-1); exact best rel=5.83e-02 at omega≈2; affine best rel=4.17e-02, offset_rel=2.23e-02 at omega≈2; thresholds rel<=2.00e-02, offset_rel<=1.50e-01
[Stage B]  sparse_factor_1d skip NN vars (1, 2): screen failed for z=(x1 * (x2)**-1); best rel=7.62e-02, threshold=2.00e-02
[Stage B] ratpoly_1d degree probe: 1 valid pair(s), min_deg=(0,0), vars=(1, 2)
[Stage B] ratpoly_1d probe: 9 sub-threshold trial(s) for vars=(1, 2): deg=(2,1)->(2,0) nnz=(3,1) rms=0.0003, deg=(1,4)->(1,2) nnz=(2,3) rms=0.0000, deg=(1,3)->(1,3) nnz=(2,3) rms=0.0000, deg=(2,2)->(2,2) nnz=(3,2) rms=0.0000, deg=(3,1)->(3,1) nnz=(3,2) rms=0.0000, deg=(3,3)->(3,1) nnz=(3,2) rms=0.0000, deg=(4,1)->(4,0) nnz=(4,1) rms=0.0000, deg=(4,4)->(3,2) nnz=(2,3) rms=0.0001, deg=(0,4)->(0,4) nnz=(1,5) rms=0.0001
[Stage B] ratpoly_1d degree probe: 1 valid pair(s), min_deg=(0,0), vars=(1, 2)
[Stage B] ratpoly_1d probe: 12 sub-threshold trial(s) for vars=(1, 2): deg=(0,2)->(0,2) nnz=(1,3) rms=0.0003, deg=(0,3)->(0,3) nnz=(1,4) rms=0.0000, deg=(1,2)->(1,2) nnz=(2,3) rms=0.0000, deg=(2,1)->(2,1) nnz=(3,2) rms=0.0000, deg=(2,2)->(2,2) nnz=(3,2) rms=0.0002, deg=(2,3)->(2,3) nnz=(3,2) rms=0.0001, deg=(3,3)->(3,3) nnz=(3,2) rms=0.0001, deg=(3,4)->(3,4) nnz=(3,2) rms=0.0000, deg=(0,4)->(0,4) nnz=(1,5) rms=0.0000, deg=(3,1)->(3,1) nnz=(4,2) rms=0.0000, deg=(4,1)->(4,0) nnz=(5,1) rms=0.0001, deg=(1,4)->(1,4) nnz=(2,5) rms=0.0000
[Stage B] ratpoly_1d degree probe: 1 valid pair(s), min_deg=(0,0), vars=(1, 2)
[Stage B] ratpoly_1d probe: 11 sub-threshold trial(s) for vars=(1, 2): deg=(1,2)->(1,2) nnz=(2,2) rms=0.0002, deg=(2,2)->(2,1) nnz=(3,2) rms=0.0001, deg=(3,1)->(3,0) nnz=(4,1) rms=0.0000, deg=(4,1)->(3,1) nnz=(3,2) rms=0.0001, deg=(2,3)->(2,3) nnz=(2,3) rms=0.0001, deg=(3,3)->(3,3) nnz=(2,3) rms=0.0007, deg=(0,4)->(0,4) nnz=(1,5) rms=0.0001, deg=(4,3)->(4,1) nnz=(4,2) rms=0.0000, deg=(1,4)->(1,4) nnz=(2,5) rms=0.0003, deg=(2,4)->(2,4) nnz=(3,5) rms=0.0003, deg=(4,4)->(4,4) nnz=(5,5) rms=0.0001
[Stage B] ratpoly_1d degree probe: 1 valid pair(s), min_deg=(0,0), vars=(1, 2)
[Stage B] ratpoly_1d probe: 13 sub-threshold trial(s) for vars=(1, 2): deg=(0,3)->(0,3) nnz=(1,4) rms=0.0000, deg=(1,2)->(1,2) nnz=(2,3) rms=0.0001, deg=(2,1)->(2,1) nnz=(3,2) rms=0.0001, deg=(0,4)->(0,4) nnz=(1,5) rms=0.0000, deg=(1,3)->(1,3) nnz=(2,4) rms=0.0000, deg=(2,2)->(2,2) nnz=(3,3) rms=0.0000, deg=(3,1)->(3,1) nnz=(4,2) rms=0.0000, deg=(4,1)->(4,0) nnz=(5,1) rms=0.0001, deg=(1,4)->(1,4) nnz=(2,5) rms=0.0000, deg=(2,3)->(2,3) nnz=(3,4) rms=0.0000, deg=(3,2)->(3,2) nnz=(4,3) rms=0.0000, deg=(2,4)->(2,4) nnz=(3,5) rms=0.0000, deg=(3,3)->(3,3) nnz=(4,4) rms=0.0000
[Stage B] ratpoly_1d degree probe: 1 valid pair(s), min_deg=(0,0), vars=(1, 2)
[Stage B] ratpoly_1d probe: 10 sub-threshold trial(s) for vars=(1, 2): deg=(0,2)->(0,2) nnz=(1,3) rms=0.0042, deg=(1,1)->(1,1) nnz=(2,2) rms=0.0002, deg=(2,1)->(2,1) nnz=(2,2) rms=0.0001, deg=(2,2)->(2,1) nnz=(2,2) rms=0.0002, deg=(0,3)->(0,3) nnz=(1,4) rms=0.0003, deg=(1,3)->(1,2) nnz=(2,3) rms=0.0000, deg=(3,3)->(3,0) nnz=(4,1) rms=0.0000, deg=(0,4)->(0,4) nnz=(1,4) rms=0.0000, deg=(4,1)->(3,1) nnz=(3,2) rms=0.0000, deg=(3,2)->(3,2) nnz=(2,3) rms=0.0000
[Stage B] symexp_denom_1d accepted: rel_rms=0.0139, scale≈164, linear≈-1.55, compound vars=(1, 2)
[Stage B] symexp_denom_1d_recip (poly) accepted: rel_rms=0.0138, scale≈164, linear≈-1.59, compound vars=(1, 2)
[Stage B] inv_poly: using degree-probe monomials, 3 valid terms, vars=(1, 2)
[Stage B] inv_poly rejected: best rel_rms=0.0019 > 0.001, degree=2, vars=(1, 2)
[Stage B] sqrt_poly: degree-probe active, sqrt=3 terms (probed=True), inv=3 terms (probed=True), vars=(1, 2)
[Stage B]  one_minus_cos_over_z2 skip NN vars (1, 2): screen failed for z=(x2 / x1); exact best rel=1.05e-01 at omega≈2; affine best rel=5.31e-02, offset_rel=7.92e-02 at omega≈2; thresholds rel<=2.00e-02, offset_rel<=1.50e-01
[Stage B]  sparse_factor_1d skip NN vars (1, 2): screen failed for z=(x2 / x1); best rel=9.17e-02, threshold=2.00e-02
[Stage B] ratpoly_1d degree probe: 1 valid pair(s), min_deg=(0,0), vars=(1, 2)
[Stage B] ratpoly_1d probe: 9 sub-threshold trial(s) for vars=(1, 2): deg=(1,2)->(1,2) nnz=(2,3) rms=0.0002, deg=(2,1)->(2,1) nnz=(3,2) rms=0.0002, deg=(3,1)->(3,0) nnz=(4,1) rms=0.0001, deg=(1,3)->(1,3) nnz=(2,3) rms=0.0001, deg=(2,2)->(2,2) nnz=(3,2) rms=0.0000, deg=(2,4)->(2,3) nnz=(2,3) rms=0.0000, deg=(4,2)->(3,2) nnz=(3,2) rms=0.0000, deg=(3,3)->(3,3) nnz=(2,3) rms=0.0000, deg=(4,4)->(4,4) nnz=(2,4) rms=0.0000
[Stage B] ratpoly_1d degree probe: 1 valid pair(s), min_deg=(0,0), vars=(1, 2)
[Stage B] ratpoly_1d probe: 8 sub-threshold trial(s) for vars=(1, 2): deg=(2,2)->(2,2) nnz=(3,3) rms=0.0000, deg=(2,3)->(2,3) nnz=(3,4) rms=0.0000, deg=(3,2)->(3,2) nnz=(4,3) rms=0.0000, deg=(2,4)->(2,4) nnz=(3,5) rms=0.0000, deg=(3,3)->(3,3) nnz=(4,4) rms=0.0000, deg=(4,2)->(4,2) nnz=(5,3) rms=0.0000, deg=(3,4)->(3,4) nnz=(4,5) rms=0.0000, deg=(4,3)->(4,3) nnz=(5,4) rms=0.0000
[Stage B] ratpoly_1d degree probe: 1 valid pair(s), min_deg=(0,0), vars=(1, 2)
[Stage B] ratpoly_1d probe: 6 sub-threshold trial(s) for vars=(1, 2): deg=(1,2)->(1,2) nnz=(2,2) rms=0.0009, deg=(2,2)->(2,2) nnz=(2,2) rms=0.0002, deg=(1,3)->(1,2) nnz=(2,3) rms=0.0005, deg=(3,1)->(3,1) nnz=(3,2) rms=0.0005, deg=(4,1)->(4,1) nnz=(4,2) rms=0.0001, deg=(3,4)->(3,4) nnz=(4,5) rms=0.0003
[Stage B] ratpoly_1d degree probe: 1 valid pair(s), min_deg=(0,0), vars=(1, 2)
[Stage B] ratpoly_1d probe: 10 sub-threshold trial(s) for vars=(1, 2): deg=(1,3)->(1,3) nnz=(2,4) rms=0.0006, deg=(2,2)->(2,2) nnz=(3,3) rms=0.0000, deg=(1,4)->(1,4) nnz=(2,5) rms=0.0000, deg=(2,3)->(2,3) nnz=(3,4) rms=0.0000, deg=(3,2)->(3,2) nnz=(4,3) rms=0.0000, deg=(2,4)->(2,4) nnz=(3,5) rms=0.0000, deg=(3,3)->(3,3) nnz=(4,4) rms=0.0000, deg=(4,2)->(4,2) nnz=(5,3) rms=0.0000, deg=(3,4)->(3,4) nnz=(4,5) rms=0.0000, deg=(4,3)->(4,3) nnz=(5,4) rms=0.0000
[Stage B] ratpoly_1d degree probe: 1 valid pair(s), min_deg=(0,0), vars=(1, 2)
[Stage B] ratpoly_1d probe: 8 sub-threshold trial(s) for vars=(1, 2): deg=(0,3)->(0,3) nnz=(1,4) rms=0.0052, deg=(1,3)->(1,2) nnz=(2,3) rms=0.0000, deg=(2,1)->(2,1) nnz=(3,2) rms=0.0000, deg=(2,2)->(2,2) nnz=(2,3) rms=0.0000, deg=(4,1)->(3,1) nnz=(3,2) rms=0.0000, deg=(3,4)->(3,2) nnz=(3,2) rms=0.0000, deg=(0,4)->(0,4) nnz=(1,5) rms=0.0008, deg=(1,4)->(1,4) nnz=(2,5) rms=0.0000
[Stage B] RuleUniNN proposing 78 candidates for NN vars=(1, 2): ['monomial_deg1', 'monomial_deg2', 'monomial_deg3', 'poly', 'planck_p1', 'planck_p2', 'planck_full', 'expm1', 'symexp_denom_1d_recip', 'symexp_denom_1d', '1d_powexp', 'polylog', 'logshifted', 'sqrt_poly', 'cf_combo', 'cf_combo', 'cf_combo', 'cf_combo', 'cf_combo', 'cf_combo', 'cf_combo', 'cf_combo', 'cf_combo', 'cf_combo', 'sqrt_ratpoly_1d', 'sqrt_ratpoly_1d[1]', 'sqrt_ratpoly_1d[2]', 'sqrt_ratpoly_1d[3]', 'sqrt_ratpoly_1d[4]', 'sqrt_ratpoly_1d[5]', 'sqrt_ratpoly_1d[6]', 'sqrt_ratpoly_1d[7]', 'sqrt_ratpoly_1d[8]', 'sqrt_ratpoly_1d[9]', 'sqrt_ratpoly_1d[10]', 'sqrt_ratpoly_1d[11]', 'sqrt_ratpoly_1d[12]', 'sqrt_ratpoly_1d[13]', 'sqrt_ratpoly_1d[14]', 'sqrt_ratpoly_1d[15]', 'sqrt_ratpoly_1d[16]', 'cbrt_ratpoly_1d', 'cbrt_ratpoly_1d[1]', 'cbrt_ratpoly_1d[2]', 'cbrt_ratpoly_1d[3]', 'cbrt_ratpoly_1d[4]', 'cbrt_ratpoly_1d[5]', 'cbrt_ratpoly_1d[6]', 'cbrt_ratpoly_1d[7]', 'cbrt_ratpoly_1d[8]', 'cbrt_ratpoly_1d[9]', 'cbrt_ratpoly_1d[10]', 'cbrt_ratpoly_1d[11]', 'cbrt_ratpoly_1d[12]', 'cbrt_ratpoly_1d[13]', 'cbrt_ratpoly_1d[14]', 'cbrt_ratpoly_1d[15]', 'ratpoly_1d', 'ratpoly_1d[1]', 'ratpoly_1d[2]', 'ratpoly_1d[3]', 'ratpoly_1d[4]', 'ratpoly_1d[5]', 'ratpoly_1d[6]', 'ratpoly_1d[7]', 'exp', 'exp_rat', 'tanh', 'trig', 'trig', 'trig', 'trig', 'trig', 'sinc_p2', 'affine_trig', 'leaftr_square_poly3', 'leaftr_sqrt_poly3', 'leaftr_log_poly3']
[Stage B]  Skipping reciprocal-coordinate alias polylog: closed-under-reciprocal:polylog
[Stage B]  Skipping reciprocal-coordinate alias sqrt_ratpoly_1d: closed-under-reciprocal:sqrt_ratpoly_1d
[Stage B]  Skipping reciprocal-coordinate alias sqrt_ratpoly_1d[1]: closed-under-reciprocal:sqrt_ratpoly_1d
[Stage B]  Skipping reciprocal-coordinate alias sqrt_ratpoly_1d[2]: closed-under-reciprocal:sqrt_ratpoly_1d
[Stage B]  Skipping reciprocal-coordinate alias sqrt_ratpoly_1d[3]: closed-under-reciprocal:sqrt_ratpoly_1d
[Stage B]  Skipping reciprocal-coordinate alias sqrt_ratpoly_1d[4]: closed-under-reciprocal:sqrt_ratpoly_1d
[Stage B]  Skipping reciprocal-coordinate alias sqrt_ratpoly_1d[5]: closed-under-reciprocal:sqrt_ratpoly_1d
[Stage B]  Skipping reciprocal-coordinate alias sqrt_ratpoly_1d[6]: closed-under-reciprocal:sqrt_ratpoly_1d
[Stage B]  Skipping reciprocal-coordinate alias sqrt_ratpoly_1d[7]: closed-under-reciprocal:sqrt_ratpoly_1d
[Stage B]  Skipping reciprocal-coordinate alias sqrt_ratpoly_1d[8]: closed-under-reciprocal:sqrt_ratpoly_1d
[Stage B]  Skipping reciprocal-coordinate alias sqrt_ratpoly_1d[9]: closed-under-reciprocal:sqrt_ratpoly_1d
[Stage B]  Skipping reciprocal-coordinate alias sqrt_ratpoly_1d[10]: closed-under-reciprocal:sqrt_ratpoly_1d
[Stage B]  Skipping reciprocal-coordinate alias sqrt_ratpoly_1d[11]: closed-under-reciprocal:sqrt_ratpoly_1d
[Stage B]  Skipping reciprocal-coordinate alias sqrt_ratpoly_1d[12]: closed-under-reciprocal:sqrt_ratpoly_1d
[Stage B]  Skipping reciprocal-coordinate alias sqrt_ratpoly_1d[13]: closed-under-reciprocal:sqrt_ratpoly_1d
[Stage B]  Skipping reciprocal-coordinate alias sqrt_ratpoly_1d[14]: closed-under-reciprocal:sqrt_ratpoly_1d
[Stage B]  Skipping reciprocal-coordinate alias sqrt_ratpoly_1d[15]: closed-under-reciprocal:sqrt_ratpoly_1d
[Stage B]  Skipping reciprocal-coordinate alias sqrt_ratpoly_1d[16]: closed-under-reciprocal:sqrt_ratpoly_1d
[Stage B]  Skipping reciprocal-coordinate alias cbrt_ratpoly_1d: closed-under-reciprocal:cbrt_ratpoly_1d
[Stage B]  Skipping reciprocal-coordinate alias cbrt_ratpoly_1d[1]: closed-under-reciprocal:cbrt_ratpoly_1d
[Stage B]  Skipping reciprocal-coordinate alias cbrt_ratpoly_1d[2]: closed-under-reciprocal:cbrt_ratpoly_1d
[Stage B]  Skipping reciprocal-coordinate alias cbrt_ratpoly_1d[3]: closed-under-reciprocal:cbrt_ratpoly_1d
[Stage B]  Skipping reciprocal-coordinate alias cbrt_ratpoly_1d[4]: closed-under-reciprocal:cbrt_ratpoly_1d
[Stage B]  Skipping reciprocal-coordinate alias cbrt_ratpoly_1d[5]: closed-under-reciprocal:cbrt_ratpoly_1d
[Stage B]  Skipping reciprocal-coordinate alias cbrt_ratpoly_1d[6]: closed-under-reciprocal:cbrt_ratpoly_1d
[Stage B]  Skipping reciprocal-coordinate alias cbrt_ratpoly_1d[7]: closed-under-reciprocal:cbrt_ratpoly_1d
[Stage B]  Skipping reciprocal-coordinate alias cbrt_ratpoly_1d[8]: closed-under-reciprocal:cbrt_ratpoly_1d
[Stage B]  Skipping reciprocal-coordinate alias cbrt_ratpoly_1d[9]: closed-under-reciprocal:cbrt_ratpoly_1d
[Stage B]  Skipping reciprocal-coordinate alias cbrt_ratpoly_1d[10]: closed-under-reciprocal:cbrt_ratpoly_1d
[Stage B]  Skipping reciprocal-coordinate alias cbrt_ratpoly_1d[11]: closed-under-reciprocal:cbrt_ratpoly_1d
[Stage B]  Skipping reciprocal-coordinate alias cbrt_ratpoly_1d[12]: closed-under-reciprocal:cbrt_ratpoly_1d
[Stage B]  Skipping reciprocal-coordinate alias cbrt_ratpoly_1d[13]: closed-under-reciprocal:cbrt_ratpoly_1d
[Stage B]  Skipping reciprocal-coordinate alias cbrt_ratpoly_1d[14]: closed-under-reciprocal:cbrt_ratpoly_1d
[Stage B]  Skipping reciprocal-coordinate alias cbrt_ratpoly_1d[15]: closed-under-reciprocal:cbrt_ratpoly_1d
[Stage B]  Skipping reciprocal-coordinate alias ratpoly_1d: closed-under-reciprocal:ratpoly_1d
[Stage B]  Skipping reciprocal-coordinate alias ratpoly_1d[1]: closed-under-reciprocal:ratpoly_1d
[Stage B]  Skipping reciprocal-coordinate alias ratpoly_1d[2]: closed-under-reciprocal:ratpoly_1d
[Stage B]  Skipping reciprocal-coordinate alias ratpoly_1d[3]: closed-under-reciprocal:ratpoly_1d
[Stage B]  Skipping reciprocal-coordinate alias ratpoly_1d[4]: closed-under-reciprocal:ratpoly_1d
[Stage B]  Skipping reciprocal-coordinate alias ratpoly_1d[5]: closed-under-reciprocal:ratpoly_1d
[Stage B]  Skipping reciprocal-coordinate alias ratpoly_1d[6]: closed-under-reciprocal:ratpoly_1d
[Stage B]  Skipping reciprocal-coordinate alias ratpoly_1d[7]: closed-under-reciprocal:ratpoly_1d
[Stage B]  Skipping reciprocal-coordinate alias exp_rat: closed-under-reciprocal:exp_rat
[Stage B] RuleUniNN proposing 128 candidates for NN vars=(1, 2): ['monomial_deg1', 'monomial_deg1[z_inv]', 'monomial_deg2', 'monomial_deg2[z_inv]', 'monomial_deg3', 'monomial_deg3[z_inv]', 'poly', 'poly[z_inv]', 'planck_p0', 'planck_p1', 'planck_p1[z_inv]', 'planck_p2', 'planck_p2[z_inv]', 'planck_full', 'planck_full[z_inv]', 'symexp_denom_1d', 'symexp_denom_1d[z_inv]', 'symexp_denom_1d_recip', 'symexp_denom_1d_recip[z_inv]', '1d_powexp', '1d_powexp[z_inv]', 'polylog', 'logshifted', 'logshifted[z_inv]', 'inv_poly', 'sqrt_poly', 'sqrt_poly[z_inv]', 'cf_combo', 'cf_combo[z_inv]', 'cf_combo[z_inv]', 'cf_combo[z_inv]', 'cf_combo[z_inv]', 'cf_combo[z_inv]', 'cf_combo[z_inv]', 'cf_combo[z_inv]', 'cf_combo[z_inv]', 'cf_combo[z_inv]', 'cf_combo[z_inv]', 'cf_combo', 'cf_combo', 'cf_combo', 'cf_combo', 'cf_combo', 'cf_combo', 'cf_combo', 'cf_combo', 'cf_combo', 'sqrt_ratpoly_1d', 'sqrt_ratpoly_1d[1]', 'sqrt_ratpoly_1d[2]', 'sqrt_ratpoly_1d[3]', 'sqrt_ratpoly_1d[4]', 'sqrt_ratpoly_1d[5]', 'sqrt_ratpoly_1d[6]', 'sqrt_ratpoly_1d[7]', 'sqrt_ratpoly_1d[8]', 'sqrt_ratpoly_1d[9]', 'sqrt_ratpoly_1d[10]', 'sqrt_ratpoly_1d[11]', 'sqrt_ratpoly_1d[12]', 'sqrt_ratpoly_1d[13]', 'sqrt_ratpoly_1d[14]', 'sqrt_ratpoly_1d[15]', 'sqrt_ratpoly_1d[16]', 'sqrt_ratpoly_1d[17]', 'sqrt_ratpoly_1d[18]', 'sqrt_ratpoly_1d[19]', 'sqrt_ratpoly_1d[20]', 'cbrt_ratpoly_1d', 'cbrt_ratpoly_1d[1]', 'cbrt_ratpoly_1d[2]', 'cbrt_ratpoly_1d[3]', 'cbrt_ratpoly_1d[4]', 'cbrt_ratpoly_1d[5]', 'cbrt_ratpoly_1d[6]', 'cbrt_ratpoly_1d[7]', 'cbrt_ratpoly_1d[8]', 'cbrt_ratpoly_1d[9]', 'cbrt_ratpoly_1d[10]', 'cbrt_ratpoly_1d[11]', 'cbrt_ratpoly_1d[12]', 'cbrt_ratpoly_1d[13]', 'cbrt_ratpoly_1d[14]', 'cbrt_ratpoly_1d[15]', 'cbrt_ratpoly_1d[16]', 'cbrt_ratpoly_1d[17]', 'cbrt_ratpoly_1d[18]', 'cbrt_ratpoly_1d[19]', 'cbrt_ratpoly_1d[20]', 'cbrt_ratpoly_1d[21]', 'cbrt_ratpoly_1d[22]', 'cbrt_ratpoly_1d[23]', 'ratpoly_1d', 'ratpoly_1d[1]', 'ratpoly_1d[2]', 'ratpoly_1d[3]', 'ratpoly_1d[4]', 'ratpoly_1d[5]', 'ratpoly_1d[6]', 'ratpoly_1d[7]', 'ratpoly_1d[8]', 'ratpoly_1d[9]', 'exp', 'exp[z_inv]', 'exp_rat', 'tanh', 'tanh[z_inv]', 'trig', 'trig[z_inv]', 'trig[z_inv]', 'trig[z_inv]', 'trig[z_inv]', 'trig[z_inv]', 'trig', 'trig', 'trig', 'trig', 'sinc_p2', 'sinc_p2[z_inv]', 'affine_trig', 'affine_trig[z_inv]', 'leaftr_square_poly3', 'leaftr_square_poly3[z_inv]', 'leaftr_sqrt_poly3', 'leaftr_sqrt_poly3[z_inv]', 'leaftr_log_poly3', 'leaftr_log_poly3[z_inv]', 'expm1[z_inv]']
[Stage B]  Greedy order (128 cands): monomial_deg1(1000p), monomial_deg1[z_inv](1000p), monomial_deg2(1000p), monomial_deg2[z_inv](1000p), monomial_deg3(1000p), monomial_deg3[z_inv](1000p), poly(1001p), poly[z_inv](1001p), planck_p0(2p), planck_p1(2p), planck_p1[z_inv](2p), planck_p2(2p), planck_p2[z_inv](2p), planck_full(4p), planck_full[z_inv](4p), symexp_denom_1d(1005p), symexp_denom_1d[z_inv](1005p), symexp_denom_1d_recip(1005p), symexp_denom_1d_recip[z_inv](1005p), 1d_powexp(1004p), 1d_powexp[z_inv](1004p), polylog(1001p), logshifted(1002p), logshifted[z_inv](1002p), inv_poly(1002p), sqrt_poly(1002p), sqrt_poly[z_inv](1002p), cf_combo(1002p), cf_combo[z_inv](1002p), cf_combo[z_inv](1001p), cf_combo[z_inv](1002p), cf_combo[z_inv](1001p), cf_combo[z_inv](1002p), cf_combo[z_inv](1001p), cf_combo[z_inv](1002p), cf_combo[z_inv](1001p), cf_combo[z_inv](1002p), cf_combo[z_inv](1001p), cf_combo(1001p), cf_combo(1002p), cf_combo(1001p), cf_combo(1002p), cf_combo(1001p), cf_combo(1002p), cf_combo(1001p), cf_combo(1002p), cf_combo(1001p), sqrt_ratpoly_1d(1003p), sqrt_ratpoly_1d[1](1004p), sqrt_ratpoly_1d[2](1004p), sqrt_ratpoly_1d[3](1004p), sqrt_ratpoly_1d[4](1004p), sqrt_ratpoly_1d[5](1004p), sqrt_ratpoly_1d[6](1004p), sqrt_ratpoly_1d[7](1004p), sqrt_ratpoly_1d[8](1005p), sqrt_ratpoly_1d[9](1003p), sqrt_ratpoly_1d[10](1004p), sqrt_ratpoly_1d[11](1004p), sqrt_ratpoly_1d[12](1004p), sqrt_ratpoly_1d[13](1004p), sqrt_ratpoly_1d[14](1004p), sqrt_ratpoly_1d[15](1004p), sqrt_ratpoly_1d[16](1004p), sqrt_ratpoly_1d[17](1005p), sqrt_ratpoly_1d[18](1005p), sqrt_ratpoly_1d[19](1005p), sqrt_ratpoly_1d[20](1006p), cbrt_ratpoly_1d(1003p), cbrt_ratpoly_1d[1](1004p), cbrt_ratpoly_1d[2](1004p), cbrt_ratpoly_1d[3](1004p), cbrt_ratpoly_1d[4](1004p), cbrt_ratpoly_1d[5](1004p), cbrt_ratpoly_1d[6](1005p), cbrt_ratpoly_1d[7](1005p), cbrt_ratpoly_1d[8](1006p), cbrt_ratpoly_1d[9](1007p), cbrt_ratpoly_1d[10](1009p), cbrt_ratpoly_1d[11](1004p), cbrt_ratpoly_1d[12](1004p), cbrt_ratpoly_1d[13](1004p), cbrt_ratpoly_1d[14](1005p), cbrt_ratpoly_1d[15](1005p), cbrt_ratpoly_1d[16](1005p), cbrt_ratpoly_1d[17](1005p), cbrt_ratpoly_1d[18](1005p), cbrt_ratpoly_1d[19](1006p), cbrt_ratpoly_1d[20](1006p), cbrt_ratpoly_1d[21](1006p), cbrt_ratpoly_1d[22](1007p), cbrt_ratpoly_1d[23](1007p), ratpoly_1d(1003p), ratpoly_1d[1](1003p), ratpoly_1d[2](1003p), ratpoly_1d[3](1003p), ratpoly_1d[4](1004p), ratpoly_1d[5](1004p), ratpoly_1d[6](1004p), ratpoly_1d[7](1004p), ratpoly_1d[8](1004p), ratpoly_1d[9](1004p), exp(1002p), exp[z_inv](1002p), exp_rat(1005p), tanh(1002p), tanh[z_inv](1002p), trig(1002p), trig[z_inv](1002p), trig[z_inv](1002p), trig[z_inv](1002p), trig[z_inv](1002p), trig[z_inv](1002p), trig(1002p), trig(1002p), trig(1002p), trig(1002p), sinc_p2(1002p), sinc_p2[z_inv](1002p), affine_trig(1003p), affine_trig[z_inv](1003p), leaftr_square_poly3(1003p), leaftr_square_poly3[z_inv](1003p), leaftr_sqrt_poly3(1003p), leaftr_sqrt_poly3[z_inv](1003p), leaftr_log_poly3(1003p), leaftr_log_poly3[z_inv](1003p), expm1[z_inv](1002p)
[Stage B]  Trying 1D monomial (c·x^1) rewrite on NN leaf vars (1, 2)
[Stage B] Initialising PolyLeaf for vars (1, 2), tag=leaf1
[info] dataloader for provider ASTCompositeAdaptor yields 3 batches (equivalent to a single batch up to floating-point roundoff; minor Python-loop overhead per batch).
[LM][bucket] solving P=385 (trivially separable union)
Validation patience exceeded at epoch 1601/2000, nval_worse=500
[Stage B]    Candidate (monomial_deg1): params=385, val-loss=3.3218e-03
[Stage B]    Reject (monomial_deg1): simpler-over-budget(thr=1.478e-10) | loss 1.201e-12->3.322e-03 (Δ+3.32e-03) | params 768->385 | cx (0, 0, 0)->(0, 0, 0)
[Stage B]  Trying 1D monomial (c·x^1) rewrite on NN leaf vars (1, 2) [coord=1/z]
[Stage B] Initialising PolyLeaf for vars (1, 2), tag=leaf1
[info] dataloader for provider ASTCompositeAdaptor yields 3 batches (equivalent to a single batch up to floating-point roundoff; minor Python-loop overhead per batch).
Validation patience exceeded at epoch 701/2000, nval_worse=500
[Stage B]    Candidate (monomial_deg1[z_inv]): params=385, val-loss=9.5374e-04
[Stage B]    Reject (monomial_deg1[z_inv]): simpler-over-budget(thr=1.478e-10) | loss 1.201e-12->9.537e-04 (Δ+9.54e-04) | params 768->385 | cx (0, 0, 0)->(0, 0, 0)
[Stage B]  Trying 1D monomial (c·x^2) rewrite on NN leaf vars (1, 2)
[Stage B] Initialising PolyLeaf for vars (1, 2), tag=leaf1
[info] dataloader for provider ASTCompositeAdaptor yields 3 batches (equivalent to a single batch up to floating-point roundoff; minor Python-loop overhead per batch).
Validation patience exceeded at epoch 1801/2000, nval_worse=500
[Stage B]    Candidate (monomial_deg2): params=385, val-loss=9.7249e-03
[Stage B]    Reject (monomial_deg2): simpler-over-budget(thr=1.478e-10) | loss 1.201e-12->9.725e-03 (Δ+9.72e-03) | params 768->385 | cx (0, 0, 0)->(0, 0, 0)
[Stage B]  Trying 1D monomial (c·x^2) rewrite on NN leaf vars (1, 2) [coord=1/z]
[Stage B] Initialising PolyLeaf for vars (1, 2), tag=leaf1
[info] dataloader for provider ASTCompositeAdaptor yields 3 batches (equivalent to a single batch up to floating-point roundoff; minor Python-loop overhead per batch).
Validation patience exceeded at epoch 1301/2000, nval_worse=500
[Stage B]    Candidate (monomial_deg2[z_inv]): params=385, val-loss=5.0686e-03
[Stage B]    Reject (monomial_deg2[z_inv]): simpler-over-budget(thr=1.478e-10) | loss 1.201e-12->5.069e-03 (Δ+5.07e-03) | params 768->385 | cx (0, 0, 0)->(0, 0, 0)
[Stage B]  Trying 1D monomial (c·x^3) rewrite on NN leaf vars (1, 2)
[Stage B] Initialising PolyLeaf for vars (1, 2), tag=leaf1
[info] dataloader for provider ASTCompositeAdaptor yields 3 batches (equivalent to a single batch up to floating-point roundoff; minor Python-loop overhead per batch).
Validation patience exceeded at epoch 1301/2000, nval_worse=500
[Stage B]    Candidate (monomial_deg3): params=385, val-loss=1.8238e-02
[Stage B]    Reject (monomial_deg3): simpler-over-budget(thr=1.478e-10) | loss 1.201e-12->1.824e-02 (Δ+1.82e-02) | params 768->385 | cx (0, 0, 0)->(0, 0, 0)
[Stage B]  Trying 1D monomial (c·x^3) rewrite on NN leaf vars (1, 2) [coord=1/z]
[Stage B] Initialising PolyLeaf for vars (1, 2), tag=leaf1
[info] dataloader for provider ASTCompositeAdaptor yields 3 batches (equivalent to a single batch up to floating-point roundoff; minor Python-loop overhead per batch).
Validation patience exceeded at epoch 701/2000, nval_worse=500
[Stage B]    Candidate (monomial_deg3[z_inv]): params=385, val-loss=1.1014e-02
[Stage B]    Reject (monomial_deg3[z_inv]): simpler-over-budget(thr=1.478e-10) | loss 1.201e-12->1.101e-02 (Δ+1.10e-02) | params 768->385 | cx (0, 0, 0)->(0, 0, 0)
[Stage B]  Trying 1D poly rewrite on NN leaf vars (1, 2), degree=1
[Stage B] Initialising PolyLeaf for vars (1, 2), tag=leaf1
[info] dataloader for provider ASTCompositeAdaptor yields 3 batches (equivalent to a single batch up to floating-point roundoff; minor Python-loop overhead per batch).
[LM][bucket] solving P=386 (trivially separable union)
Stopping at epoch 401/2000, lm_opt.state['halt']=True, loss=4.3977e-06, loss_val=7.2410e-06
[Stage B]    Candidate (poly): params=386, val-loss=7.1958e-06
[Stage B]    Reject (poly): simpler-over-budget(thr=1.477e-10) | loss 1.201e-12->7.196e-06 (Δ+7.20e-06) | params 768->386 | cx (0, 0, 0)->(0, 0, 0)
[Stage B]  Trying 1D poly rewrite on NN leaf vars (1, 2), degree=1 [coord=1/z]
[Stage B] Initialising PolyLeaf for vars (1, 2), tag=leaf1
[info] dataloader for provider ASTCompositeAdaptor yields 3 batches (equivalent to a single batch up to floating-point roundoff; minor Python-loop overhead per batch).
Stopping at epoch 301/2000, lm_opt.state['halt']=True, loss=1.1949e-06, loss_val=1.8851e-06
[Stage B]    Candidate (poly[z_inv]): params=386, val-loss=1.8803e-06
[Stage B]    Reject (poly[z_inv]): simpler-over-budget(thr=1.477e-10) | loss 1.201e-12->1.880e-06 (Δ+1.88e-06) | params 768->386 | cx (0, 0, 0)->(0, 0, 0)
[Stage B]  Trying reduced 1D Planck rewrite on NN leaf vars (1, 2) (p=0, tail_rms≈0.0157)
[Stage B custom_init Planck] compound vars=(1, 2), p=0, a≈0.693, logA≈4.9, tail_rms≈0.0157
[Stage B] Post-custom-init validation (attempt 0), batch 0, finite: 2000/2000, min: 5.576e+03, max: 5.115e+05, mean: 6.090e+04
[Stage B] Post-custom-init validation (attempt 0), batch 1, finite: 2000/2000, min: 5.594e+03, max: 4.522e+05, mean: 6.186e+04
[Stage B] Post-custom-init validation (attempt 0), batch 2, finite: 2000/2000, min: 7.350e+03, max: 4.762e+05, mean: 6.525e+04
[Stage B] Prediction scale check (attempt 0): pred_median=4.231e+04, true_median=9.826e-02, ratio=4.306e+05
[Stage B] Warning: init scale_ratio extreme; rejecting candidate.
[Stage B]    Candidate (planck_p0) rejected at init (non-finite loss); trying next.
[Stage B]  Trying reduced 1D Planck rewrite on NN leaf vars (1, 2) (p=1, tail_rms≈0.0133)
[Stage B custom_init Planck] compound vars=(1, 2), p=1, a≈1.64, logA≈5.85, tail_rms≈0.0133
[Stage B] Post-custom-init validation (attempt 0), batch 0, finite: 2000/2000, min: 3.597e+03, max: 3.266e+05, mean: 3.772e+04
[Stage B] Post-custom-init validation (attempt 0), batch 1, finite: 2000/2000, min: 3.595e+03, max: 2.721e+05, mean: 3.831e+04
[Stage B] Post-custom-init validation (attempt 0), batch 2, finite: 2000/2000, min: 4.725e+03, max: 2.711e+05, mean: 3.723e+04
[Stage B] Prediction scale check (attempt 0): pred_median=2.550e+04, true_median=9.826e-02, ratio=2.595e+05
[Stage B] Warning: init scale_ratio extreme; rejecting candidate.
[Stage B]    Candidate (planck_p1) rejected at init (non-finite loss); trying next.
[Stage B]  Trying reduced 1D Planck rewrite on NN leaf vars (1, 2) (p=1, tail_rms≈0.0202) [coord=1/z]
[Stage B custom_init Planck] compound vars=(1, 2), p=1, a≈0.406, logA≈4.62, tail_rms≈0.0202
[Stage B] Post-custom-init validation (attempt 0), batch 0, finite: 2000/2000, min: 1.022e+04, max: 8.932e+05, mean: 9.240e+04
[Stage B] Post-custom-init validation (attempt 0), batch 1, finite: 2000/2000, min: 1.014e+04, max: 7.534e+05, mean: 9.366e+04
[Stage B] Post-custom-init validation (attempt 0), batch 2, finite: 2000/2000, min: 1.187e+04, max: 5.201e+05, mean: 7.237e+04
[Stage B] Prediction scale check (attempt 0): pred_median=5.708e+04, true_median=9.826e-02, ratio=5.809e+05
[Stage B] Warning: init scale_ratio extreme; rejecting candidate.
[Stage B]    Candidate (planck_p1[z_inv]) rejected at init (non-finite loss); trying next.
[Stage B]  Trying reduced 1D Planck rewrite on NN leaf vars (1, 2) (p=2, tail_rms≈0.0422)
[Stage B custom_init Planck] compound vars=(1, 2), p=2, a≈2.59, logA≈6.8, tail_rms≈0.0422
[Stage B] Post-custom-init validation (attempt 0), batch 0, finite: 2000/2000, min: 3.206e+03, max: 2.896e+05, mean: 3.282e+04
[Stage B] Post-custom-init validation (attempt 0), batch 1, finite: 2000/2000, min: 3.198e+03, max: 2.327e+05, mean: 3.333e+04
[Stage B] Post-custom-init validation (attempt 0), batch 2, finite: 2000/2000, min: 4.204e+03, max: 2.213e+05, mean: 3.044e+04
[Stage B] Prediction scale check (attempt 0): pred_median=2.172e+04, true_median=9.826e-02, ratio=2.211e+05
[Stage B] Warning: init scale_ratio extreme; rejecting candidate.
[Stage B]    Candidate (planck_p2) rejected at init (non-finite loss); trying next.
[Stage B]  Trying reduced 1D Planck rewrite on NN leaf vars (1, 2) (p=2, tail_rms≈0.0368) [coord=1/z]
[Stage B custom_init Planck] compound vars=(1, 2), p=2, a≈1.27, logA≈5.47, tail_rms≈0.0368
[Stage B] Post-custom-init validation (attempt 0), batch 0, finite: 2000/2000, min: 4.493e+03, max: 3.938e+05, mean: 4.237e+04
[Stage B] Post-custom-init validation (attempt 0), batch 1, finite: 2000/2000, min: 4.426e+03, max: 3.255e+05, mean: 4.298e+04
[Stage B] Post-custom-init validation (attempt 0), batch 2, finite: 2000/2000, min: 5.727e+03, max: 2.588e+05, mean: 3.581e+04
[Stage B] Prediction scale check (attempt 0): pred_median=2.704e+04, true_median=9.826e-02, ratio=2.752e+05
[Stage B] Warning: init scale_ratio extreme; rejecting candidate.
[Stage B]    Candidate (planck_p2[z_inv]) rejected at init (non-finite loss); trying next.
[Stage B]  Trying full 1D Planck rewrite on NN leaf vars (1, 2)
[Stage B custom_init PlanckFull] compound vars=(1, 2), p≈0.541, a≈1.21, logA≈5.41
[Stage B] Post-custom-init validation (attempt 0), batch 0, finite: 2000/2000, min: 4.075e+03, max: 3.714e+05, mean: 4.344e+04
[Stage B] Post-custom-init validation (attempt 0), batch 1, finite: 2000/2000, min: 4.078e+03, max: 3.171e+05, mean: 4.411e+04
[Stage B] Post-custom-init validation (attempt 0), batch 2, finite: 2000/2000, min: 5.359e+03, max: 3.236e+05, mean: 4.439e+04
[Stage B] Prediction scale check (attempt 0): pred_median=2.973e+04, true_median=9.826e-02, ratio=3.025e+05
[Stage B] Warning: init scale_ratio extreme; rejecting candidate.
[Stage B]    Candidate (planck_full) rejected at init (non-finite loss); trying next.
[Stage B]  Trying full 1D Planck rewrite on NN leaf vars (1, 2) [coord=1/z]
[Stage B custom_init PlanckFull] compound vars=(1, 2), p≈1.35, a≈0.711, logA≈4.92
[Stage B] Post-custom-init validation (attempt 0), batch 0, finite: 2000/2000, min: 6.602e+03, max: 5.750e+05, mean: 6.037e+04
[Stage B] Post-custom-init validation (attempt 0), batch 1, finite: 2000/2000, min: 6.515e+03, max: 4.814e+05, mean: 6.121e+04
[Stage B] Post-custom-init validation (attempt 0), batch 2, finite: 2000/2000, min: 7.950e+03, max: 3.509e+05, mean: 4.872e+04
[Stage B] Prediction scale check (attempt 0): pred_median=3.775e+04, true_median=9.826e-02, ratio=3.842e+05
[Stage B] Warning: init scale_ratio extreme; rejecting candidate.
[Stage B]    Candidate (planck_full[z_inv]) rejected at init (non-finite loss); trying next.
[Stage B]  Trying 1D symexp_denom_1d rewrite (scale/(exp(r)+exp(-r))) on NN leaf vars (1, 2)
[Stage B custom_init symexp_denom_1d] compound vars=(1, 2), scale≈164, r±(z)≈3.63*z
[Stage B] Post-custom-init validation (attempt 0), batch 0, finite: 2000/2000, min: 1.282e+02, max: 1.497e+04, mean: 1.952e+03
[Stage B] Post-custom-init validation (attempt 0), batch 1, finite: 2000/2000, min: 1.344e+02, max: 1.713e+04, mean: 1.987e+03
[Stage B] Post-custom-init validation (attempt 0), batch 2, finite: 2000/2000, min: 1.757e+02, max: 2.251e+04, mean: 3.054e+03
[Stage B] Prediction scale check (attempt 0): pred_median=1.543e+03, true_median=9.826e-02, ratio=1.571e+04
[Stage B] Warning: init scale_ratio extreme; rejecting candidate.
[Stage B]    Candidate (symexp_denom_1d) rejected at init (non-finite loss); trying next.
[Stage B]  Trying 1D symexp_denom_1d rewrite (scale/(exp(r)+exp(-r))) on NN leaf vars (1, 2) [coord=1/z]
[Stage B custom_init symexp_denom_1d] compound vars=(1, 2), scale≈164, r±(z)≈-1.55*z
[Stage B] Post-custom-init validation (attempt 0), batch 0, finite: 2000/2000, min: 1.675e+03, max: 1.632e+05, mean: 1.537e+04
[Stage B] Post-custom-init validation (attempt 0), batch 1, finite: 2000/2000, min: 1.689e+03, max: 1.432e+05, mean: 1.555e+04
[Stage B] Post-custom-init validation (attempt 0), batch 2, finite: 2000/2000, min: 1.488e+03, max: 7.391e+04, mean: 9.240e+03
[Stage B] Prediction scale check (attempt 0): pred_median=8.444e+03, true_median=9.826e-02, ratio=8.594e+04
[Stage B] Warning: init scale_ratio extreme; rejecting candidate.
[Stage B]    Candidate (symexp_denom_1d[z_inv]) rejected at init (non-finite loss); trying next.
[Stage B]  Trying 1D symexp_denom_1d_recip rewrite (scale/(exp(r)+exp(-r))) on NN leaf vars (1, 2)
[Stage B custom_init symexp_denom_1d_recip] compound vars=(1, 2), scale≈164, r±(z)≈3.86*z
[Stage B] Post-custom-init validation (attempt 0), batch 0, finite: 2000/2000, min: 9.933e+01, max: 1.205e+04, mean: 1.564e+03
[Stage B] Post-custom-init validation (attempt 0), batch 1, finite: 2000/2000, min: 1.045e+02, max: 1.394e+04, mean: 1.592e+03
[Stage B] Post-custom-init validation (attempt 0), batch 2, finite: 2000/2000, min: 1.366e+02, max: 1.877e+04, mean: 2.545e+03
[Stage B] Prediction scale check (attempt 0): pred_median=1.244e+03, true_median=9.826e-02, ratio=1.266e+04
[Stage B] Warning: init scale_ratio extreme; rejecting candidate.
[Stage B]    Candidate (symexp_denom_1d_recip) rejected at init (non-finite loss); trying next.
[Stage B]  Trying 1D symexp_denom_1d_recip rewrite (scale/(exp(r)+exp(-r))) on NN leaf vars (1, 2) [coord=1/z]
[Stage B custom_init symexp_denom_1d_recip] compound vars=(1, 2), scale≈164, r±(z)≈-1.59*z
[Stage B] Post-custom-init validation (attempt 0), batch 0, finite: 2000/2000, min: 1.606e+03, max: 1.579e+05, mean: 1.482e+04
[Stage B] Post-custom-init validation (attempt 0), batch 1, finite: 2000/2000, min: 1.621e+03, max: 1.388e+05, mean: 1.499e+04
[Stage B] Post-custom-init validation (attempt 0), batch 2, finite: 2000/2000, min: 1.413e+03, max: 7.162e+04, mean: 8.821e+03
[Stage B] Prediction scale check (attempt 0): pred_median=8.096e+03, true_median=9.826e-02, ratio=8.240e+04
[Stage B] Warning: init scale_ratio extreme; rejecting candidate.
[Stage B]    Candidate (symexp_denom_1d_recip[z_inv]) rejected at init (non-finite loss); trying next.
[Stage B]  Trying 1D power*exp-poly rewrite on NN leaf vars (1, 2)
[Stage B custom_init 1D] Power*exp-poly init on (x1 * (x2)**-1): A=6.701e+01, p=-0.615
[Stage B] Post-custom-init validation (attempt 0), batch 0, finite: 2000/2000, min: 3.022e+03, max: 2.683e+05, mean: 2.983e+04
[Stage B] Post-custom-init validation (attempt 0), batch 1, finite: 2000/2000, min: 2.992e+03, max: 2.191e+05, mean: 3.027e+04
[Stage B] Post-custom-init validation (attempt 0), batch 2, finite: 2000/2000, min: 3.937e+03, max: 2.013e+05, mean: 2.775e+04
[Stage B] Prediction scale check (attempt 0): pred_median=1.980e+04, true_median=9.826e-02, ratio=2.015e+05
[Stage B] Warning: init scale_ratio extreme; rejecting candidate.
[Stage B]    Candidate (1d_powexp) rejected at init (non-finite loss); trying next.
[Stage B]  Trying 1D power*exp-poly rewrite on NN leaf vars (1, 2) [coord=1/z]
[Stage B custom_init 1D] Power*exp-poly init on (x2 / x1): A=6.701e+01, p=0.615
[Stage B] Post-custom-init validation (attempt 0), batch 0, finite: 2000/2000, min: 3.108e+03, max: 2.757e+05, mean: 3.063e+04
[Stage B] Post-custom-init validation (attempt 0), batch 1, finite: 2000/2000, min: 3.077e+03, max: 2.254e+05, mean: 3.108e+04
[Stage B] Post-custom-init validation (attempt 0), batch 2, finite: 2000/2000, min: 4.048e+03, max: 2.063e+05, mean: 2.844e+04
[Stage B] Prediction scale check (attempt 0): pred_median=2.031e+04, true_median=9.826e-02, ratio=2.067e+05
[Stage B] Warning: init scale_ratio extreme; rejecting candidate.
[Stage B]    Candidate (1d_powexp[z_inv]) rejected at init (non-finite loss); trying next.
[Stage B]  Trying 1D polylog rewrite on NN leaf vars (1, 2), degree=1
[info] dataloader for provider ASTCompositeAdaptor yields 3 batches (equivalent to a single batch up to floating-point roundoff; minor Python-loop overhead per batch).
Validation patience exceeded at epoch 601/2000, nval_worse=500
[Stage B]    Candidate (polylog): params=386, val-loss=4.0009e-06
[Stage B]    Reject (polylog): simpler-over-budget(thr=1.477e-10) | loss 1.201e-12->4.001e-06 (Δ+4.00e-06) | params 768->386 | cx (0, 0, 0)->(0, 0, 0)
[Stage B]  Trying 1D shifted-log rewrite on NN leaf vars (1, 2)
[info] dataloader for provider ASTCompositeAdaptor yields 3 batches (equivalent to a single batch up to floating-point roundoff; minor Python-loop overhead per batch).
[LM][bucket] solving P=387 (trivially separable union)
Stopping at epoch 501/2000, lm_opt.state['halt']=True, loss=3.2756e-08, loss_val=4.8456e-08
[Stage B]    Candidate (logshifted): params=387, val-loss=4.8456e-08
[Stage B]    Reject (logshifted): simpler-over-budget(thr=1.475e-10) | loss 1.201e-12->4.846e-08 (Δ+4.85e-08) | params 768->387 | cx (0, 0, 0)->(0, 0, 0)
[Stage B]  Trying 1D shifted-log rewrite on NN leaf vars (1, 2) [coord=1/z]
[info] dataloader for provider ASTCompositeAdaptor yields 3 batches (equivalent to a single batch up to floating-point roundoff; minor Python-loop overhead per batch).
Validation patience exceeded at epoch 801/2000, nval_worse=500
[Stage B]    Candidate (logshifted[z_inv]): params=387, val-loss=1.8804e-06
[Stage B]    Reject (logshifted[z_inv]): simpler-over-budget(thr=1.475e-10) | loss 1.201e-12->1.880e-06 (Δ+1.88e-06) | params 768->387 | cx (0, 0, 0)->(0, 0, 0)
[Stage B]  Trying inv_poly degree=2 (1/P(x)) rewrite on NN leaf vars (1, 2)
[Stage B custom_init inv-poly] Init on vars (1, 2): degree=2, rel_rms≈2.78e-04
[Stage B] Post-custom-init validation (attempt 0), batch 0, finite: 2000/2000, min: 3.051e+03, max: 2.726e+05, mean: 3.047e+04
[Stage B] Post-custom-init validation (attempt 0), batch 1, finite: 2000/2000, min: 3.029e+03, max: 2.213e+05, mean: 3.093e+04
[Stage B] Post-custom-init validation (attempt 0), batch 2, finite: 2000/2000, min: 3.984e+03, max: 2.037e+05, mean: 2.806e+04
[Stage B] Prediction scale check (attempt 0): pred_median=2.011e+04, true_median=9.826e-02, ratio=2.046e+05
[Stage B] Warning: init scale_ratio extreme; rejecting candidate.
[Stage B]    Candidate (inv_poly) rejected at init (non-finite loss); trying next.
[Stage B]  Trying sqrt/invsqrt(poly) rewrite on NN leaf vars (1, 2), degree=2
[Stage B] Post-custom-init validation (attempt 0), batch 0, finite: 2000/2000, min: 3.049e+03, max: 2.726e+05, mean: 3.047e+04
[Stage B] Post-custom-init validation (attempt 0), batch 1, finite: 2000/2000, min: 3.028e+03, max: 2.212e+05, mean: 3.093e+04
[Stage B] Post-custom-init validation (attempt 0), batch 2, finite: 2000/2000, min: 3.983e+03, max: 2.037e+05, mean: 2.806e+04
[Stage B] Prediction scale check (attempt 0): pred_median=2.011e+04, true_median=9.826e-02, ratio=2.046e+05
[Stage B] Warning: init scale_ratio extreme; rejecting candidate.
[Stage B]    Candidate (sqrt_poly) rejected at init (non-finite loss); trying next.
[Stage B]  Trying sqrt/invsqrt(poly) rewrite on NN leaf vars (1, 2), degree=2 [coord=1/z]
[Stage B] Post-custom-init validation (attempt 0), batch 0, finite: 2000/2000, min: 3.051e+03, max: 2.726e+05, mean: 3.047e+04
[Stage B] Post-custom-init validation (attempt 0), batch 1, finite: 2000/2000, min: 3.030e+03, max: 2.213e+05, mean: 3.093e+04
[Stage B] Post-custom-init validation (attempt 0), batch 2, finite: 2000/2000, min: 3.985e+03, max: 2.037e+05, mean: 2.807e+04
[Stage B] Prediction scale check (attempt 0): pred_median=2.011e+04, true_median=9.826e-02, ratio=2.047e+05
[Stage B] Warning: init scale_ratio extreme; rejecting candidate.
[Stage B]    Candidate (sqrt_poly[z_inv]) rejected at init (non-finite loss); trying next.
[Stage B]  Trying 1D compound macro tier-3 linear combo on NN leaf vars [1, 2], terms=['sqrt1p *(arg0)', 'one_minus_cos *((arg0*arg0^2))'], screen_r2=1.000, ok_frac=1.000
[info] dataloader for provider ASTCompositeAdaptor yields 3 batches (equivalent to a single batch up to floating-point roundoff; minor Python-loop overhead per batch).
[Stage B]    Candidate (cf_combo): params=387, val-loss=7.1512e-06
[Stage B]    Reject (cf_combo): simpler-over-budget(thr=1.475e-10) | loss 1.201e-12->7.151e-06 (Δ+7.15e-06) | params 768->387 | cx (0, 0, 0)->(0, 0, 0)
[Stage B]  Trying 1D compound macro tier-3 linear combo on NN leaf vars [1, 2], terms=['sqrt1p *(arg0)', '1/arg0'], screen_r2=1.000, ok_frac=1.000 [coord=1/z]
[info] dataloader for provider ASTCompositeAdaptor yields 3 batches (equivalent to a single batch up to floating-point roundoff; minor Python-loop overhead per batch).
Stopping at epoch 201/2000, lm_opt.state['halt']=True, loss=4.4859e-08, loss_val=8.1177e-08
[Stage B]    Candidate (cf_combo[z_inv]): params=387, val-loss=8.1177e-08
[Stage B]    Reject (cf_combo[z_inv]): simpler-over-budget(thr=1.475e-10) | loss 1.201e-12->8.118e-08 (Δ+8.12e-08) | params 768->387 | cx (0, 0, 0)->(0, 0, 0)
[Stage B]  Skipping cf_combo[z_inv] (previously rejected on same target)
[Stage B]  Skipping cf_combo[z_inv] (previously rejected on same target)
[Stage B]  Skipping cf_combo[z_inv] (previously rejected on same target)
[Stage B]  Skipping cf_combo[z_inv] (previously rejected on same target)
[Stage B]  Skipping cf_combo[z_inv] (previously rejected on same target)
[Stage B]  Skipping cf_combo[z_inv] (previously rejected on same target)
[Stage B]  Skipping cf_combo[z_inv] (previously rejected on same target)
[Stage B]  Skipping cf_combo[z_inv] (previously rejected on same target)
[Stage B]  Skipping cf_combo[z_inv] (previously rejected on same target)
[Stage B]  Skipping cf_combo (previously rejected on same target)
[Stage B]  Skipping cf_combo (previously rejected on same target)
[Stage B]  Skipping cf_combo (previously rejected on same target)
[Stage B]  Skipping cf_combo (previously rejected on same target)
[Stage B]  Skipping cf_combo (previously rejected on same target)
[Stage B]  Skipping cf_combo (previously rejected on same target)
[Stage B]  Skipping cf_combo (previously rejected on same target)
[Stage B]  Skipping cf_combo (previously rejected on same target)
[Stage B]  Skipping cf_combo (previously rejected on same target)
[Stage B]  Trying 1D sqrt-ratpoly (sqrt) deg=(2,1)->(2,0) nnz=(3,1) on NN leaf vars (1, 2)
[Stage B custom_init ratpoly_1d] Init on vars (1, 2): deg=(2,1)->(2,0), nnz=(3,1), rel_rms≈2.92e-04
[Stage B] Post-custom-init validation (attempt 0), batch 0, finite: 2000/2000, min: 3.049e+03, max: 2.726e+05, mean: 3.047e+04
[Stage B] Post-custom-init validation (attempt 0), batch 1, finite: 2000/2000, min: 3.028e+03, max: 2.212e+05, mean: 3.093e+04
[Stage B] Post-custom-init validation (attempt 0), batch 2, finite: 2000/2000, min: 3.983e+03, max: 2.037e+05, mean: 2.806e+04
[Stage B] Prediction scale check (attempt 0): pred_median=2.011e+04, true_median=9.826e-02, ratio=2.046e+05
[Stage B] Warning: init scale_ratio extreme; rejecting candidate.
[Stage B]    Candidate (sqrt_ratpoly_1d) rejected at init (non-finite loss); trying next.
[Stage B]  Trying 1D sqrt-ratpoly (sqrt) deg=(1,4)->(1,2) nnz=(2,3) on NN leaf vars (1, 2)
[Stage B custom_init ratpoly_1d] Init on vars (1, 2): deg=(1,4)->(1,2), nnz=(2,3), rel_rms≈3.78e-05
[Stage B] Post-custom-init validation (attempt 0), batch 0, finite: 2000/2000, min: 3.049e+03, max: 2.726e+05, mean: 3.047e+04
[Stage B] Post-custom-init validation (attempt 0), batch 1, finite: 2000/2000, min: 3.028e+03, max: 2.212e+05, mean: 3.093e+04
[Stage B] Post-custom-init validation (attempt 0), batch 2, finite: 2000/2000, min: 3.983e+03, max: 2.037e+05, mean: 2.806e+04
[Stage B] Prediction scale check (attempt 0): pred_median=2.011e+04, true_median=9.826e-02, ratio=2.046e+05
[Stage B] Warning: init scale_ratio extreme; rejecting candidate.
[Stage B]    Candidate (sqrt_ratpoly_1d[1]) rejected at init (non-finite loss); trying next.
[Stage B]  Trying 1D sqrt-ratpoly (sqrt) deg=(1,3)->(1,3) nnz=(2,3) on NN leaf vars (1, 2)
[Stage B custom_init ratpoly_1d] Init on vars (1, 2): deg=(1,3)->(1,3), nnz=(2,3), rel_rms≈2.53e-05
[Stage B] Post-custom-init validation (attempt 0), batch 0, finite: 2000/2000, min: 3.049e+03, max: 2.726e+05, mean: 3.047e+04
[Stage B] Post-custom-init validation (attempt 0), batch 1, finite: 2000/2000, min: 3.028e+03, max: 2.212e+05, mean: 3.093e+04
[Stage B] Post-custom-init validation (attempt 0), batch 2, finite: 2000/2000, min: 3.983e+03, max: 2.037e+05, mean: 2.806e+04
[Stage B] Prediction scale check (attempt 0): pred_median=2.011e+04, true_median=9.826e-02, ratio=2.046e+05
[Stage B] Warning: init scale_ratio extreme; rejecting candidate.
[Stage B]    Candidate (sqrt_ratpoly_1d[2]) rejected at init (non-finite loss); trying next.
[Stage B]  Trying 1D sqrt-ratpoly (sqrt) deg=(2,2)->(2,2) nnz=(3,2) on NN leaf vars (1, 2)
[Stage B custom_init ratpoly_1d] Init on vars (1, 2): deg=(2,2)->(2,2), nnz=(3,2), rel_rms≈3.26e-06
[Stage B] Post-custom-init validation (attempt 0), batch 0, finite: 2000/2000, min: 3.049e+03, max: 2.726e+05, mean: 3.047e+04
[Stage B] Post-custom-init validation (attempt 0), batch 1, finite: 2000/2000, min: 3.028e+03, max: 2.212e+05, mean: 3.093e+04
[Stage B] Post-custom-init validation (attempt 0), batch 2, finite: 2000/2000, min: 3.983e+03, max: 2.037e+05, mean: 2.806e+04
[Stage B] Prediction scale check (attempt 0): pred_median=2.011e+04, true_median=9.826e-02, ratio=2.046e+05
[Stage B] Warning: init scale_ratio extreme; rejecting candidate.
[Stage B]    Candidate (sqrt_ratpoly_1d[3]) rejected at init (non-finite loss); trying next.
[Stage B]  Trying 1D sqrt-ratpoly (sqrt) deg=(3,1)->(3,1) nnz=(3,2) on NN leaf vars (1, 2)
[Stage B custom_init ratpoly_1d] Init on vars (1, 2): deg=(3,1)->(3,1), nnz=(3,2), rel_rms≈2.93e-06
[Stage B] Post-custom-init validation (attempt 0), batch 0, finite: 2000/2000, min: 3.049e+03, max: 2.726e+05, mean: 3.047e+04
[Stage B] Post-custom-init validation (attempt 0), batch 1, finite: 2000/2000, min: 3.028e+03, max: 2.212e+05, mean: 3.093e+04
[Stage B] Post-custom-init validation (attempt 0), batch 2, finite: 2000/2000, min: 3.983e+03, max: 2.037e+05, mean: 2.806e+04
[Stage B] Prediction scale check (attempt 0): pred_median=2.011e+04, true_median=9.826e-02, ratio=2.046e+05
[Stage B] Warning: init scale_ratio extreme; rejecting candidate.
[Stage B]    Candidate (sqrt_ratpoly_1d[4]) rejected at init (non-finite loss); trying next.
[Stage B]  Trying 1D sqrt-ratpoly (sqrt) deg=(3,3)->(3,1) nnz=(3,2) on NN leaf vars (1, 2)
[Stage B custom_init ratpoly_1d] Init on vars (1, 2): deg=(3,3)->(3,1), nnz=(3,2), rel_rms≈1.74e-05
[Stage B] Post-custom-init validation (attempt 0), batch 0, finite: 2000/2000, min: 3.049e+03, max: 2.726e+05, mean: 3.047e+04
[Stage B] Post-custom-init validation (attempt 0), batch 1, finite: 2000/2000, min: 3.028e+03, max: 2.212e+05, mean: 3.093e+04
[Stage B] Post-custom-init validation (attempt 0), batch 2, finite: 2000/2000, min: 3.983e+03, max: 2.037e+05, mean: 2.806e+04
[Stage B] Prediction scale check (attempt 0): pred_median=2.011e+04, true_median=9.826e-02, ratio=2.046e+05
[Stage B] Warning: init scale_ratio extreme; rejecting candidate.
[Stage B]    Candidate (sqrt_ratpoly_1d[5]) rejected at init (non-finite loss); trying next.
[Stage B]  Trying 1D sqrt-ratpoly (sqrt) deg=(4,1)->(4,0) nnz=(4,1) on NN leaf vars (1, 2)
[Stage B custom_init ratpoly_1d] Init on vars (1, 2): deg=(4,1)->(4,0), nnz=(4,1), rel_rms≈1.44e-05
[Stage B] Post-custom-init validation (attempt 0), batch 0, finite: 2000/2000, min: 3.049e+03, max: 2.726e+05, mean: 3.047e+04
[Stage B] Post-custom-init validation (attempt 0), batch 1, finite: 2000/2000, min: 3.028e+03, max: 2.212e+05, mean: 3.093e+04
[Stage B] Post-custom-init validation (attempt 0), batch 2, finite: 2000/2000, min: 3.983e+03, max: 2.037e+05, mean: 2.806e+04
[Stage B] Prediction scale check (attempt 0): pred_median=2.011e+04, true_median=9.826e-02, ratio=2.046e+05
[Stage B] Warning: init scale_ratio extreme; rejecting candidate.
[Stage B]    Candidate (sqrt_ratpoly_1d[6]) rejected at init (non-finite loss); trying next.
[Stage B]  Trying 1D sqrt-ratpoly (sqrt) deg=(4,4)->(3,2) nnz=(2,3) on NN leaf vars (1, 2)
[Stage B custom_init ratpoly_1d] Init on vars (1, 2): deg=(4,4)->(3,2), nnz=(2,3), rel_rms≈1.38e-04
[Stage B] Post-custom-init validation (attempt 0), batch 0, finite: 2000/2000, min: 3.049e+03, max: 2.726e+05, mean: 3.047e+04
[Stage B] Post-custom-init validation (attempt 0), batch 1, finite: 2000/2000, min: 3.028e+03, max: 2.212e+05, mean: 3.093e+04
[Stage B] Post-custom-init validation (attempt 0), batch 2, finite: 2000/2000, min: 3.983e+03, max: 2.037e+05, mean: 2.806e+04
[Stage B] Prediction scale check (attempt 0): pred_median=2.011e+04, true_median=9.826e-02, ratio=2.046e+05
[Stage B] Warning: init scale_ratio extreme; rejecting candidate.
[Stage B]    Candidate (sqrt_ratpoly_1d[7]) rejected at init (non-finite loss); trying next.
[Stage B]  Trying 1D sqrt-ratpoly (sqrt) deg=(0,4)->(0,4) nnz=(1,5) on NN leaf vars (1, 2)
[Stage B custom_init ratpoly_1d] Init on vars (1, 2): deg=(0,4)->(0,4), nnz=(1,5), rel_rms≈5.46e-05
[Stage B] Post-custom-init validation (attempt 0), batch 0, finite: 2000/2000, min: 3.049e+03, max: 2.726e+05, mean: 3.047e+04
[Stage B] Post-custom-init validation (attempt 0), batch 1, finite: 2000/2000, min: 3.028e+03, max: 2.212e+05, mean: 3.093e+04
[Stage B] Post-custom-init validation (attempt 0), batch 2, finite: 2000/2000, min: 3.983e+03, max: 2.037e+05, mean: 2.806e+04
[Stage B] Prediction scale check (attempt 0): pred_median=2.011e+04, true_median=9.826e-02, ratio=2.046e+05
[Stage B] Warning: init scale_ratio extreme; rejecting candidate.
[Stage B]    Candidate (sqrt_ratpoly_1d[8]) rejected at init (non-finite loss); trying next.
[Stage B]  Trying 1D sqrt-ratpoly (inv_sqrt) deg=(0,2)->(0,2) nnz=(1,3) on NN leaf vars (1, 2)
[Stage B custom_init ratpoly_1d] Init on vars (1, 2): deg=(0,2)->(0,2), nnz=(1,3), rel_rms≈2.88e-04
[Stage B] Post-custom-init validation (attempt 0), batch 0, finite: 2000/2000, min: 3.049e+03, max: 2.726e+05, mean: 3.047e+04
[Stage B] Post-custom-init validation (attempt 0), batch 1, finite: 2000/2000, min: 3.028e+03, max: 2.212e+05, mean: 3.093e+04
[Stage B] Post-custom-init validation (attempt 0), batch 2, finite: 2000/2000, min: 3.983e+03, max: 2.037e+05, mean: 2.806e+04
[Stage B] Prediction scale check (attempt 0): pred_median=2.011e+04, true_median=9.826e-02, ratio=2.046e+05
[Stage B] Warning: init scale_ratio extreme; rejecting candidate.
[Stage B]    Candidate (sqrt_ratpoly_1d[9]) rejected at init (non-finite loss); trying next.
[Stage B]  Trying 1D sqrt-ratpoly (inv_sqrt) deg=(0,3)->(0,3) nnz=(1,4) on NN leaf vars (1, 2)
[Stage B custom_init ratpoly_1d] Init on vars (1, 2): deg=(0,3)->(0,3), nnz=(1,4), rel_rms≈2.92e-05
[Stage B] Post-custom-init validation (attempt 0), batch 0, finite: 2000/2000, min: 3.049e+03, max: 2.726e+05, mean: 3.047e+04
[Stage B] Post-custom-init validation (attempt 0), batch 1, finite: 2000/2000, min: 3.028e+03, max: 2.212e+05, mean: 3.093e+04
[Stage B] Post-custom-init validation (attempt 0), batch 2, finite: 2000/2000, min: 3.983e+03, max: 2.037e+05, mean: 2.806e+04
[Stage B] Prediction scale check (attempt 0): pred_median=2.011e+04, true_median=9.826e-02, ratio=2.046e+05
[Stage B] Warning: init scale_ratio extreme; rejecting candidate.
[Stage B]    Candidate (sqrt_ratpoly_1d[10]) rejected at init (non-finite loss); trying next.
[Stage B]  Precheck reject (duplicate-signature) rule=univariate_nn cand=sqrt_ratpoly_1d[11] target=nn#leaf1 vars=(1, 2) sig=(960898949, 2, 1, 1, -1, 3, 1, 1, 1) attempted=16
[Stage B]  Trying 1D sqrt-ratpoly (inv_sqrt) deg=(2,1)->(2,1) nnz=(3,2) on NN leaf vars (1, 2)
[Stage B custom_init ratpoly_1d] Init on vars (1, 2): deg=(2,1)->(2,1), nnz=(3,2), rel_rms≈3.70e-05
[Stage B] Post-custom-init validation (attempt 0), batch 0, finite: 2000/2000, min: 3.049e+03, max: 2.726e+05, mean: 3.047e+04
[Stage B] Post-custom-init validation (attempt 0), batch 1, finite: 2000/2000, min: 3.028e+03, max: 2.212e+05, mean: 3.093e+04
[Stage B] Post-custom-init validation (attempt 0), batch 2, finite: 2000/2000, min: 3.983e+03, max: 2.037e+05, mean: 2.806e+04
[Stage B] Prediction scale check (attempt 0): pred_median=2.011e+04, true_median=9.826e-02, ratio=2.046e+05
[Stage B] Warning: init scale_ratio extreme; rejecting candidate.
[Stage B]    Candidate (sqrt_ratpoly_1d[12]) rejected at init (non-finite loss); trying next.
[Stage B]  Precheck reject (duplicate-signature) rule=univariate_nn cand=sqrt_ratpoly_1d[13] target=nn#leaf1 vars=(1, 2) sig=(960898949, 3, 1, 1, 1, -1, 3, 1, 0, 1) attempted=17
[Stage B]  Trying 1D sqrt-ratpoly (inv_sqrt) deg=(2,3)->(2,3) nnz=(3,2) on NN leaf vars (1, 2)
[Stage B custom_init ratpoly_1d] Init on vars (1, 2): deg=(2,3)->(2,3), nnz=(3,2), rel_rms≈1.36e-04
[Stage B] Post-custom-init validation (attempt 0), batch 0, finite: 2000/2000, min: 3.049e+03, max: 2.726e+05, mean: 3.047e+04
[Stage B] Post-custom-init validation (attempt 0), batch 1, finite: 2000/2000, min: 3.028e+03, max: 2.212e+05, mean: 3.093e+04
[Stage B] Post-custom-init validation (attempt 0), batch 2, finite: 2000/2000, min: 3.983e+03, max: 2.037e+05, mean: 2.806e+04
[Stage B] Prediction scale check (attempt 0): pred_median=2.011e+04, true_median=9.826e-02, ratio=2.046e+05
[Stage B] Warning: init scale_ratio extreme; rejecting candidate.
[Stage B]    Candidate (sqrt_ratpoly_1d[14]) rejected at init (non-finite loss); trying next.
[Stage B]  Trying 1D sqrt-ratpoly (inv_sqrt) deg=(3,3)->(3,3) nnz=(3,2) on NN leaf vars (1, 2)
[Stage B custom_init ratpoly_1d] Init on vars (1, 2): deg=(3,3)->(3,3), nnz=(3,2), rel_rms≈5.83e-05
[Stage B] Post-custom-init validation (attempt 0), batch 0, finite: 2000/2000, min: 3.049e+03, max: 2.726e+05, mean: 3.047e+04
[Stage B] Post-custom-init validation (attempt 0), batch 1, finite: 2000/2000, min: 3.028e+03, max: 2.212e+05, mean: 3.093e+04
[Stage B] Post-custom-init validation (attempt 0), batch 2, finite: 2000/2000, min: 3.983e+03, max: 2.037e+05, mean: 2.806e+04
[Stage B] Prediction scale check (attempt 0): pred_median=2.011e+04, true_median=9.826e-02, ratio=2.046e+05
[Stage B] Warning: init scale_ratio extreme; rejecting candidate.
[Stage B]    Candidate (sqrt_ratpoly_1d[15]) rejected at init (non-finite loss); trying next.
[Stage B]  Trying 1D sqrt-ratpoly (inv_sqrt) deg=(3,4)->(3,4) nnz=(3,2) on NN leaf vars (1, 2)
[Stage B custom_init ratpoly_1d] Init on vars (1, 2): deg=(3,4)->(3,4), nnz=(3,2), rel_rms≈2.42e-05
[Stage B] Post-custom-init validation (attempt 0), batch 0, finite: 2000/2000, min: 3.049e+03, max: 2.726e+05, mean: 3.047e+04
[Stage B] Post-custom-init validation (attempt 0), batch 1, finite: 2000/2000, min: 3.028e+03, max: 2.212e+05, mean: 3.093e+04
[Stage B] Post-custom-init validation (attempt 0), batch 2, finite: 2000/2000, min: 3.983e+03, max: 2.037e+05, mean: 2.806e+04
[Stage B] Prediction scale check (attempt 0): pred_median=2.011e+04, true_median=9.826e-02, ratio=2.046e+05
[Stage B] Warning: init scale_ratio extreme; rejecting candidate.
[Stage B]    Candidate (sqrt_ratpoly_1d[16]) rejected at init (non-finite loss); trying next.
[Stage B]  Precheck reject (duplicate-signature) rule=univariate_nn cand=sqrt_ratpoly_1d[17] target=nn#leaf1 vars=(1, 2) sig=(960898949, 1, 1, -1, 5, 1, 1, 1, 1, 1) attempted=20
[Stage B]  Trying 1D sqrt-ratpoly (inv_sqrt) deg=(3,1)->(3,1) nnz=(4,2) on NN leaf vars (1, 2)
[Stage B custom_init ratpoly_1d] Init on vars (1, 2): deg=(3,1)->(3,1), nnz=(4,2), rel_rms≈1.43e-06
[Stage B] Post-custom-init validation (attempt 0), batch 0, finite: 2000/2000, min: 3.049e+03, max: 2.726e+05, mean: 3.047e+04
[Stage B] Post-custom-init validation (attempt 0), batch 1, finite: 2000/2000, min: 3.028e+03, max: 2.212e+05, mean: 3.093e+04
[Stage B] Post-custom-init validation (attempt 0), batch 2, finite: 2000/2000, min: 3.983e+03, max: 2.037e+05, mean: 2.806e+04
[Stage B] Prediction scale check (attempt 0): pred_median=2.011e+04, true_median=9.826e-02, ratio=2.046e+05
[Stage B] Warning: init scale_ratio extreme; rejecting candidate.
[Stage B]    Candidate (sqrt_ratpoly_1d[18]) rejected at init (non-finite loss); trying next.
[Stage B]  Trying 1D sqrt-ratpoly (inv_sqrt) deg=(4,1)->(4,0) nnz=(5,1) on NN leaf vars (1, 2)
[Stage B custom_init ratpoly_1d] Init on vars (1, 2): deg=(4,1)->(4,0), nnz=(5,1), rel_rms≈5.44e-05
[Stage B] Post-custom-init validation (attempt 0), batch 0, finite: 2000/2000, min: 3.049e+03, max: 2.726e+05, mean: 3.047e+04
[Stage B] Post-custom-init validation (attempt 0), batch 1, finite: 2000/2000, min: 3.028e+03, max: 2.212e+05, mean: 3.093e+04
[Stage B] Post-custom-init validation (attempt 0), batch 2, finite: 2000/2000, min: 3.983e+03, max: 2.037e+05, mean: 2.806e+04
[Stage B] Prediction scale check (attempt 0): pred_median=2.011e+04, true_median=9.826e-02, ratio=2.046e+05
[Stage B] Warning: init scale_ratio extreme; rejecting candidate.
[Stage B]    Candidate (sqrt_ratpoly_1d[19]) rejected at init (non-finite loss); trying next.
[Stage B]  Trying 1D sqrt-ratpoly (inv_sqrt) deg=(1,4)->(1,4) nnz=(2,5) on NN leaf vars (1, 2)
[Stage B custom_init ratpoly_1d] Init on vars (1, 2): deg=(1,4)->(1,4), nnz=(2,5), rel_rms≈1.33e-07
[Stage B] Post-custom-init validation (attempt 0), batch 0, finite: 2000/2000, min: 3.049e+03, max: 2.726e+05, mean: 3.047e+04
[Stage B] Post-custom-init validation (attempt 0), batch 1, finite: 2000/2000, min: 3.028e+03, max: 2.212e+05, mean: 3.093e+04
[Stage B] Post-custom-init validation (attempt 0), batch 2, finite: 2000/2000, min: 3.983e+03, max: 2.037e+05, mean: 2.806e+04
[Stage B] Prediction scale check (attempt 0): pred_median=2.011e+04, true_median=9.826e-02, ratio=2.046e+05
[Stage B] Warning: init scale_ratio extreme; rejecting candidate.
[Stage B]    Candidate (sqrt_ratpoly_1d[20]) rejected at init (non-finite loss); trying next.
[Stage B]  Trying 1D cbrt-ratpoly (cbrt) deg=(1,2)->(1,2) nnz=(2,2) on NN leaf vars (1, 2)
[Stage B custom_init ratpoly_1d] Init on vars (1, 2): deg=(1,2)->(1,2), nnz=(2,2), rel_rms≈1.91e-04
[Stage B] Post-custom-init validation (attempt 0), batch 0, finite: 2000/2000, min: 3.049e+03, max: 2.726e+05, mean: 3.047e+04
[Stage B] Post-custom-init validation (attempt 0), batch 1, finite: 2000/2000, min: 3.028e+03, max: 2.212e+05, mean: 3.093e+04
[Stage B] Post-custom-init validation (attempt 0), batch 2, finite: 2000/2000, min: 3.983e+03, max: 2.037e+05, mean: 2.806e+04
[Stage B] Prediction scale check (attempt 0): pred_median=2.011e+04, true_median=9.826e-02, ratio=2.046e+05
[Stage B] Warning: init scale_ratio extreme; rejecting candidate.
[Stage B]    Candidate (cbrt_ratpoly_1d) rejected at init (non-finite loss); trying next.
[Stage B]  Trying 1D cbrt-ratpoly (cbrt) deg=(2,2)->(2,1) nnz=(3,2) on NN leaf vars (1, 2)
[Stage B custom_init ratpoly_1d] Init on vars (1, 2): deg=(2,2)->(2,1), nnz=(3,2), rel_rms≈6.67e-05
[Stage B] Post-custom-init validation (attempt 0), batch 0, finite: 2000/2000, min: 3.049e+03, max: 2.726e+05, mean: 3.047e+04
[Stage B] Post-custom-init validation (attempt 0), batch 1, finite: 2000/2000, min: 3.028e+03, max: 2.212e+05, mean: 3.093e+04
[Stage B] Post-custom-init validation (attempt 0), batch 2, finite: 2000/2000, min: 3.983e+03, max: 2.037e+05, mean: 2.806e+04
[Stage B] Prediction scale check (attempt 0): pred_median=2.011e+04, true_median=9.826e-02, ratio=2.046e+05
[Stage B] Warning: init scale_ratio extreme; rejecting candidate.
[Stage B]    Candidate (cbrt_ratpoly_1d[1]) rejected at init (non-finite loss); trying next.
[Stage B]  Trying 1D cbrt-ratpoly (cbrt) deg=(3,1)->(3,0) nnz=(4,1) on NN leaf vars (1, 2)
[Stage B custom_init ratpoly_1d] Init on vars (1, 2): deg=(3,1)->(3,0), nnz=(4,1), rel_rms≈4.88e-05
[Stage B] Post-custom-init validation (attempt 0), batch 0, finite: 2000/2000, min: 3.049e+03, max: 2.726e+05, mean: 3.047e+04
[Stage B] Post-custom-init validation (attempt 0), batch 1, finite: 2000/2000, min: 3.028e+03, max: 2.212e+05, mean: 3.093e+04
[Stage B] Post-custom-init validation (attempt 0), batch 2, finite: 2000/2000, min: 3.983e+03, max: 2.037e+05, mean: 2.806e+04
[Stage B] Prediction scale check (attempt 0): pred_median=2.011e+04, true_median=9.826e-02, ratio=2.046e+05
[Stage B] Warning: init scale_ratio extreme; rejecting candidate.
[Stage B]    Candidate (cbrt_ratpoly_1d[2]) rejected at init (non-finite loss); trying next.
[Stage B]  Trying 1D cbrt-ratpoly (cbrt) deg=(4,1)->(3,1) nnz=(3,2) on NN leaf vars (1, 2)
[Stage B custom_init ratpoly_1d] Init on vars (1, 2): deg=(4,1)->(3,1), nnz=(3,2), rel_rms≈1.15e-04
[Stage B] Post-custom-init validation (attempt 0), batch 0, finite: 2000/2000, min: 3.049e+03, max: 2.726e+05, mean: 3.047e+04
[Stage B] Post-custom-init validation (attempt 0), batch 1, finite: 2000/2000, min: 3.028e+03, max: 2.212e+05, mean: 3.093e+04
[Stage B] Post-custom-init validation (attempt 0), batch 2, finite: 2000/2000, min: 3.983e+03, max: 2.037e+05, mean: 2.806e+04
[Stage B] Prediction scale check (attempt 0): pred_median=2.011e+04, true_median=9.826e-02, ratio=2.046e+05
[Stage B] Warning: init scale_ratio extreme; rejecting candidate.
[Stage B]    Candidate (cbrt_ratpoly_1d[3]) rejected at init (non-finite loss); trying next.
[Stage B]  Trying 1D cbrt-ratpoly (cbrt) deg=(2,3)->(2,3) nnz=(2,3) on NN leaf vars (1, 2)
[Stage B custom_init ratpoly_1d] Init on vars (1, 2): deg=(2,3)->(2,3), nnz=(2,3), rel_rms≈6.77e-05
[Stage B] Post-custom-init validation (attempt 0), batch 0, finite: 2000/2000, min: 3.049e+03, max: 2.726e+05, mean: 3.047e+04
[Stage B] Post-custom-init validation (attempt 0), batch 1, finite: 2000/2000, min: 3.028e+03, max: 2.212e+05, mean: 3.093e+04
[Stage B] Post-custom-init validation (attempt 0), batch 2, finite: 2000/2000, min: 3.983e+03, max: 2.037e+05, mean: 2.806e+04
[Stage B] Prediction scale check (attempt 0): pred_median=2.011e+04, true_median=9.826e-02, ratio=2.046e+05
[Stage B] Warning: init scale_ratio extreme; rejecting candidate.
[Stage B]    Candidate (cbrt_ratpoly_1d[4]) rejected at init (non-finite loss); trying next.
[Stage B]  Trying 1D cbrt-ratpoly (cbrt) deg=(3,3)->(3,3) nnz=(2,3) on NN leaf vars (1, 2)
[Stage B custom_init ratpoly_1d] Init on vars (1, 2): deg=(3,3)->(3,3), nnz=(2,3), rel_rms≈7.00e-04
[Stage B] Post-custom-init validation (attempt 0), batch 0, finite: 2000/2000, min: 3.049e+03, max: 2.726e+05, mean: 3.047e+04
[Stage B] Post-custom-init validation (attempt 0), batch 1, finite: 2000/2000, min: 3.028e+03, max: 2.211e+05, mean: 3.093e+04
[Stage B] Post-custom-init validation (attempt 0), batch 2, finite: 2000/2000, min: 3.983e+03, max: 2.037e+05, mean: 2.806e+04
[Stage B] Prediction scale check (attempt 0): pred_median=2.011e+04, true_median=9.826e-02, ratio=2.046e+05
[Stage B] Warning: init scale_ratio extreme; rejecting candidate.
[Stage B]    Candidate (cbrt_ratpoly_1d[5]) rejected at init (non-finite loss); trying next.
[Stage B]  Trying 1D cbrt-ratpoly (cbrt) deg=(0,4)->(0,4) nnz=(1,5) on NN leaf vars (1, 2)
[Stage B custom_init ratpoly_1d] Init on vars (1, 2): deg=(0,4)->(0,4), nnz=(1,5), rel_rms≈1.27e-04
[Stage B] Post-custom-init validation (attempt 0), batch 0, finite: 2000/2000, min: 3.049e+03, max: 2.726e+05, mean: 3.047e+04
[Stage B] Post-custom-init validation (attempt 0), batch 1, finite: 2000/2000, min: 3.028e+03, max: 2.212e+05, mean: 3.093e+04
[Stage B] Post-custom-init validation (attempt 0), batch 2, finite: 2000/2000, min: 3.983e+03, max: 2.037e+05, mean: 2.806e+04
[Stage B] Prediction scale check (attempt 0): pred_median=2.011e+04, true_median=9.826e-02, ratio=2.046e+05
[Stage B] Warning: init scale_ratio extreme; rejecting candidate.
[Stage B]    Candidate (cbrt_ratpoly_1d[6]) rejected at init (non-finite loss); trying next.
[Stage B]  Trying 1D cbrt-ratpoly (cbrt) deg=(4,3)->(4,1) nnz=(4,2) on NN leaf vars (1, 2)
[Stage B custom_init ratpoly_1d] Init on vars (1, 2): deg=(4,3)->(4,1), nnz=(4,2), rel_rms≈3.11e-06
[Stage B] Post-custom-init validation (attempt 0), batch 0, finite: 2000/2000, min: 3.049e+03, max: 2.726e+05, mean: 3.047e+04
[Stage B] Post-custom-init validation (attempt 0), batch 1, finite: 2000/2000, min: 3.028e+03, max: 2.212e+05, mean: 3.093e+04
[Stage B] Post-custom-init validation (attempt 0), batch 2, finite: 2000/2000, min: 3.983e+03, max: 2.037e+05, mean: 2.806e+04
[Stage B] Prediction scale check (attempt 0): pred_median=2.011e+04, true_median=9.826e-02, ratio=2.046e+05
[Stage B] Warning: init scale_ratio extreme; rejecting candidate.
[Stage B]    Candidate (cbrt_ratpoly_1d[7]) rejected at init (non-finite loss); trying next.
[Stage B]  Trying 1D cbrt-ratpoly (cbrt) deg=(1,4)->(1,4) nnz=(2,5) on NN leaf vars (1, 2)
[Stage B custom_init ratpoly_1d] Init on vars (1, 2): deg=(1,4)->(1,4), nnz=(2,5), rel_rms≈3.07e-04
[Stage B] Post-custom-init validation (attempt 0), batch 0, finite: 2000/2000, min: 3.049e+03, max: 2.726e+05, mean: 3.047e+04
[Stage B] Post-custom-init validation (attempt 0), batch 1, finite: 2000/2000, min: 3.028e+03, max: 2.212e+05, mean: 3.093e+04
[Stage B] Post-custom-init validation (attempt 0), batch 2, finite: 2000/2000, min: 3.983e+03, max: 2.037e+05, mean: 2.806e+04
[Stage B] Prediction scale check (attempt 0): pred_median=2.011e+04, true_median=9.826e-02, ratio=2.046e+05
[Stage B] Warning: init scale_ratio extreme; rejecting candidate.
[Stage B]    Candidate (cbrt_ratpoly_1d[8]) rejected at init (non-finite loss); trying next.
[Stage B]  Trying 1D cbrt-ratpoly (cbrt) deg=(2,4)->(2,4) nnz=(3,5) on NN leaf vars (1, 2)
[Stage B custom_init ratpoly_1d] Init on vars (1, 2): deg=(2,4)->(2,4), nnz=(3,5), rel_rms≈2.98e-04
[Stage B] Post-custom-init validation (attempt 0), batch 0, finite: 2000/2000, min: 3.049e+03, max: 2.726e+05, mean: 3.047e+04
[Stage B] Post-custom-init validation (attempt 0), batch 1, finite: 2000/2000, min: 3.028e+03, max: 2.212e+05, mean: 3.093e+04
[Stage B] Post-custom-init validation (attempt 0), batch 2, finite: 2000/2000, min: 3.983e+03, max: 2.037e+05, mean: 2.806e+04
[Stage B] Prediction scale check (attempt 0): pred_median=2.011e+04, true_median=9.826e-02, ratio=2.046e+05
[Stage B] Warning: init scale_ratio extreme; rejecting candidate.
[Stage B]    Candidate (cbrt_ratpoly_1d[9]) rejected at init (non-finite loss); trying next.
[Stage B]  Trying 1D cbrt-ratpoly (cbrt) deg=(4,4)->(4,4) nnz=(5,5) on NN leaf vars (1, 2)
[Stage B custom_init ratpoly_1d] Init on vars (1, 2): deg=(4,4)->(4,4), nnz=(5,5), rel_rms≈1.27e-04
[Stage B] Post-custom-init validation (attempt 0), batch 0, finite: 2000/2000, min: 3.049e+03, max: 2.726e+05, mean: 3.047e+04
[Stage B] Post-custom-init validation (attempt 0), batch 1, finite: 2000/2000, min: 3.028e+03, max: 2.212e+05, mean: 3.093e+04
[Stage B] Post-custom-init validation (attempt 0), batch 2, finite: 2000/2000, min: 3.983e+03, max: 2.037e+05, mean: 2.806e+04
[Stage B] Prediction scale check (attempt 0): pred_median=2.011e+04, true_median=9.826e-02, ratio=2.046e+05
[Stage B] Warning: init scale_ratio extreme; rejecting candidate.
[Stage B]    Candidate (cbrt_ratpoly_1d[10]) rejected at init (non-finite loss); trying next.
[Stage B]  Trying 1D cbrt-ratpoly (inv_cbrt) deg=(0,3)->(0,3) nnz=(1,4) on NN leaf vars (1, 2)
[Stage B custom_init ratpoly_1d] Init on vars (1, 2): deg=(0,3)->(0,3), nnz=(1,4), rel_rms≈4.70e-05
[Stage B] Post-custom-init validation (attempt 0), batch 0, finite: 2000/2000, min: 3.049e+03, max: 2.726e+05, mean: 3.047e+04
[Stage B] Post-custom-init validation (attempt 0), batch 1, finite: 2000/2000, min: 3.028e+03, max: 2.212e+05, mean: 3.093e+04
[Stage B] Post-custom-init validation (attempt 0), batch 2, finite: 2000/2000, min: 3.983e+03, max: 2.037e+05, mean: 2.806e+04
[Stage B] Prediction scale check (attempt 0): pred_median=2.011e+04, true_median=9.826e-02, ratio=2.046e+05
[Stage B] Warning: init scale_ratio extreme; rejecting candidate.
[Stage B]    Candidate (cbrt_ratpoly_1d[11]) rejected at init (non-finite loss); trying next.
[Stage B]  Trying 1D cbrt-ratpoly (inv_cbrt) deg=(1,2)->(1,2) nnz=(2,3) on NN leaf vars (1, 2)
[Stage B custom_init ratpoly_1d] Init on vars (1, 2): deg=(1,2)->(1,2), nnz=(2,3), rel_rms≈6.59e-05
[Stage B] Post-custom-init validation (attempt 0), batch 0, finite: 2000/2000, min: 3.049e+03, max: 2.726e+05, mean: 3.047e+04
[Stage B] Post-custom-init validation (attempt 0), batch 1, finite: 2000/2000, min: 3.028e+03, max: 2.212e+05, mean: 3.093e+04
[Stage B] Post-custom-init validation (attempt 0), batch 2, finite: 2000/2000, min: 3.983e+03, max: 2.037e+05, mean: 2.806e+04
[Stage B] Prediction scale check (attempt 0): pred_median=2.011e+04, true_median=9.826e-02, ratio=2.046e+05
[Stage B] Warning: init scale_ratio extreme; rejecting candidate.
[Stage B]    Candidate (cbrt_ratpoly_1d[12]) rejected at init (non-finite loss); trying next.
[Stage B]  Trying 1D cbrt-ratpoly (inv_cbrt) deg=(2,1)->(2,1) nnz=(3,2) on NN leaf vars (1, 2)
[Stage B custom_init ratpoly_1d] Init on vars (1, 2): deg=(2,1)->(2,1), nnz=(3,2), rel_rms≈1.50e-04
[Stage B] Post-custom-init validation (attempt 0), batch 0, finite: 2000/2000, min: 3.049e+03, max: 2.726e+05, mean: 3.047e+04
[Stage B] Post-custom-init validation (attempt 0), batch 1, finite: 2000/2000, min: 3.028e+03, max: 2.212e+05, mean: 3.093e+04
[Stage B] Post-custom-init validation (attempt 0), batch 2, finite: 2000/2000, min: 3.983e+03, max: 2.037e+05, mean: 2.806e+04
[Stage B] Prediction scale check (attempt 0): pred_median=2.011e+04, true_median=9.826e-02, ratio=2.046e+05
[Stage B] Warning: init scale_ratio extreme; rejecting candidate.
[Stage B]    Candidate (cbrt_ratpoly_1d[13]) rejected at init (non-finite loss); trying next.
[Stage B]  Trying 1D cbrt-ratpoly (inv_cbrt) deg=(0,4)->(0,4) nnz=(1,5) on NN leaf vars (1, 2)
[Stage B custom_init ratpoly_1d] Init on vars (1, 2): deg=(0,4)->(0,4), nnz=(1,5), rel_rms≈2.43e-06
[Stage B] Post-custom-init validation (attempt 0), batch 0, finite: 2000/2000, min: 3.049e+03, max: 2.726e+05, mean: 3.047e+04
[Stage B] Post-custom-init validation (attempt 0), batch 1, finite: 2000/2000, min: 3.028e+03, max: 2.212e+05, mean: 3.093e+04
[Stage B] Post-custom-init validation (attempt 0), batch 2, finite: 2000/2000, min: 3.983e+03, max: 2.037e+05, mean: 2.806e+04
[Stage B] Prediction scale check (attempt 0): pred_median=2.011e+04, true_median=9.826e-02, ratio=2.046e+05
[Stage B] Warning: init scale_ratio extreme; rejecting candidate.
[Stage B]    Candidate (cbrt_ratpoly_1d[14]) rejected at init (non-finite loss); trying next.
[Stage B]  Trying 1D cbrt-ratpoly (inv_cbrt) deg=(1,3)->(1,3) nnz=(2,4) on NN leaf vars (1, 2)
[Stage B custom_init ratpoly_1d] Init on vars (1, 2): deg=(1,3)->(1,3), nnz=(2,4), rel_rms≈4.70e-06
[Stage B] Post-custom-init validation (attempt 0), batch 0, finite: 2000/2000, min: 3.049e+03, max: 2.726e+05, mean: 3.047e+04
[Stage B] Post-custom-init validation (attempt 0), batch 1, finite: 2000/2000, min: 3.028e+03, max: 2.212e+05, mean: 3.093e+04
[Stage B] Post-custom-init validation (attempt 0), batch 2, finite: 2000/2000, min: 3.983e+03, max: 2.037e+05, mean: 2.806e+04
[Stage B] Prediction scale check (attempt 0): pred_median=2.011e+04, true_median=9.826e-02, ratio=2.046e+05
[Stage B] Warning: init scale_ratio extreme; rejecting candidate.
[Stage B]    Candidate (cbrt_ratpoly_1d[15]) rejected at init (non-finite loss); trying next.
[Stage B]  Trying 1D cbrt-ratpoly (inv_cbrt) deg=(2,2)->(2,2) nnz=(3,3) on NN leaf vars (1, 2)
[Stage B custom_init ratpoly_1d] Init on vars (1, 2): deg=(2,2)->(2,2), nnz=(3,3), rel_rms≈1.00e-06
[Stage B] Post-custom-init validation (attempt 0), batch 0, finite: 2000/2000, min: 3.049e+03, max: 2.726e+05, mean: 3.047e+04
[Stage B] Post-custom-init validation (attempt 0), batch 1, finite: 2000/2000, min: 3.028e+03, max: 2.212e+05, mean: 3.093e+04
[Stage B] Post-custom-init validation (attempt 0), batch 2, finite: 2000/2000, min: 3.983e+03, max: 2.037e+05, mean: 2.806e+04
[Stage B] Prediction scale check (attempt 0): pred_median=2.011e+04, true_median=9.826e-02, ratio=2.046e+05
[Stage B] Warning: init scale_ratio extreme; rejecting candidate.
[Stage B]    Candidate (cbrt_ratpoly_1d[16]) rejected at init (non-finite loss); trying next.
[Stage B]  Trying 1D cbrt-ratpoly (inv_cbrt) deg=(3,1)->(3,1) nnz=(4,2) on NN leaf vars (1, 2)
[Stage B custom_init ratpoly_1d] Init on vars (1, 2): deg=(3,1)->(3,1), nnz=(4,2), rel_rms≈8.15e-06
[Stage B] Post-custom-init validation (attempt 0), batch 0, finite: 2000/2000, min: 3.049e+03, max: 2.726e+05, mean: 3.047e+04
[Stage B] Post-custom-init validation (attempt 0), batch 1, finite: 2000/2000, min: 3.028e+03, max: 2.212e+05, mean: 3.093e+04
[Stage B] Post-custom-init validation (attempt 0), batch 2, finite: 2000/2000, min: 3.983e+03, max: 2.037e+05, mean: 2.806e+04
[Stage B] Prediction scale check (attempt 0): pred_median=2.011e+04, true_median=9.826e-02, ratio=2.046e+05
[Stage B] Warning: init scale_ratio extreme; rejecting candidate.
[Stage B]    Candidate (cbrt_ratpoly_1d[17]) rejected at init (non-finite loss); trying next.
[Stage B]  Trying 1D cbrt-ratpoly (inv_cbrt) deg=(4,1)->(4,0) nnz=(5,1) on NN leaf vars (1, 2)
[Stage B custom_init ratpoly_1d] Init on vars (1, 2): deg=(4,1)->(4,0), nnz=(5,1), rel_rms≈1.25e-04
[Stage B] Post-custom-init validation (attempt 0), batch 0, finite: 2000/2000, min: 3.049e+03, max: 2.726e+05, mean: 3.047e+04
[Stage B] Post-custom-init validation (attempt 0), batch 1, finite: 2000/2000, min: 3.028e+03, max: 2.212e+05, mean: 3.093e+04
[Stage B] Post-custom-init validation (attempt 0), batch 2, finite: 2000/2000, min: 3.983e+03, max: 2.037e+05, mean: 2.806e+04
[Stage B] Prediction scale check (attempt 0): pred_median=2.011e+04, true_median=9.826e-02, ratio=2.046e+05
[Stage B] Warning: init scale_ratio extreme; rejecting candidate.
[Stage B]    Candidate (cbrt_ratpoly_1d[18]) rejected at init (non-finite loss); trying next.
[Stage B]  Trying 1D cbrt-ratpoly (inv_cbrt) deg=(1,4)->(1,4) nnz=(2,5) on NN leaf vars (1, 2)
[Stage B custom_init ratpoly_1d] Init on vars (1, 2): deg=(1,4)->(1,4), nnz=(2,5), rel_rms≈1.65e-07
[Stage B] Post-custom-init validation (attempt 0), batch 0, finite: 2000/2000, min: 3.049e+03, max: 2.726e+05, mean: 3.047e+04
[Stage B] Post-custom-init validation (attempt 0), batch 1, finite: 2000/2000, min: 3.028e+03, max: 2.212e+05, mean: 3.093e+04
[Stage B] Post-custom-init validation (attempt 0), batch 2, finite: 2000/2000, min: 3.983e+03, max: 2.037e+05, mean: 2.806e+04
[Stage B] Prediction scale check (attempt 0): pred_median=2.011e+04, true_median=9.826e-02, ratio=2.046e+05
[Stage B] Warning: init scale_ratio extreme; rejecting candidate.
[Stage B]    Candidate (cbrt_ratpoly_1d[19]) rejected at init (non-finite loss); trying next.
[Stage B]  Trying 1D cbrt-ratpoly (inv_cbrt) deg=(2,3)->(2,3) nnz=(3,4) on NN leaf vars (1, 2)
[Stage B custom_init ratpoly_1d] Init on vars (1, 2): deg=(2,3)->(2,3), nnz=(3,4), rel_rms≈8.04e-08
[Stage B] Post-custom-init validation (attempt 0), batch 0, finite: 2000/2000, min: 3.049e+03, max: 2.726e+05, mean: 3.047e+04
[Stage B] Post-custom-init validation (attempt 0), batch 1, finite: 2000/2000, min: 3.028e+03, max: 2.212e+05, mean: 3.093e+04
[Stage B] Post-custom-init validation (attempt 0), batch 2, finite: 2000/2000, min: 3.983e+03, max: 2.037e+05, mean: 2.806e+04
[Stage B] Prediction scale check (attempt 0): pred_median=2.011e+04, true_median=9.826e-02, ratio=2.046e+05
[Stage B] Warning: init scale_ratio extreme; rejecting candidate.
[Stage B]    Candidate (cbrt_ratpoly_1d[20]) rejected at init (non-finite loss); trying next.
[Stage B]  Trying 1D cbrt-ratpoly (inv_cbrt) deg=(3,2)->(3,2) nnz=(4,3) on NN leaf vars (1, 2)
[Stage B custom_init ratpoly_1d] Init on vars (1, 2): deg=(3,2)->(3,2), nnz=(4,3), rel_rms≈3.85e-08
[Stage B] Post-custom-init validation (attempt 0), batch 0, finite: 2000/2000, min: 3.049e+03, max: 2.726e+05, mean: 3.047e+04
[Stage B] Post-custom-init validation (attempt 0), batch 1, finite: 2000/2000, min: 3.028e+03, max: 2.212e+05, mean: 3.093e+04
[Stage B] Post-custom-init validation (attempt 0), batch 2, finite: 2000/2000, min: 3.983e+03, max: 2.037e+05, mean: 2.806e+04
[Stage B] Prediction scale check (attempt 0): pred_median=2.011e+04, true_median=9.826e-02, ratio=2.046e+05
[Stage B] Warning: init scale_ratio extreme; rejecting candidate.
[Stage B]    Candidate (cbrt_ratpoly_1d[21]) rejected at init (non-finite loss); trying next.
[Stage B]  Trying 1D cbrt-ratpoly (inv_cbrt) deg=(2,4)->(2,4) nnz=(3,5) on NN leaf vars (1, 2)
[Stage B custom_init ratpoly_1d] Init on vars (1, 2): deg=(2,4)->(2,4), nnz=(3,5), rel_rms≈7.57e-08
[Stage B] Post-custom-init validation (attempt 0), batch 0, finite: 2000/2000, min: 3.049e+03, max: 2.726e+05, mean: 3.047e+04
[Stage B] Post-custom-init validation (attempt 0), batch 1, finite: 2000/2000, min: 3.028e+03, max: 2.212e+05, mean: 3.093e+04
[Stage B] Post-custom-init validation (attempt 0), batch 2, finite: 2000/2000, min: 3.983e+03, max: 2.037e+05, mean: 2.806e+04
[Stage B] Prediction scale check (attempt 0): pred_median=2.011e+04, true_median=9.826e-02, ratio=2.046e+05
[Stage B] Warning: init scale_ratio extreme; rejecting candidate.
[Stage B]    Candidate (cbrt_ratpoly_1d[22]) rejected at init (non-finite loss); trying next.
[Stage B]  Trying 1D cbrt-ratpoly (inv_cbrt) deg=(3,3)->(3,3) nnz=(4,4) on NN leaf vars (1, 2)
[Stage B custom_init ratpoly_1d] Init on vars (1, 2): deg=(3,3)->(3,3), nnz=(4,4), rel_rms≈2.42e-06
[Stage B] Post-custom-init validation (attempt 0), batch 0, finite: 2000/2000, min: 3.049e+03, max: 2.726e+05, mean: 3.047e+04
[Stage B] Post-custom-init validation (attempt 0), batch 1, finite: 2000/2000, min: 3.028e+03, max: 2.212e+05, mean: 3.093e+04
[Stage B] Post-custom-init validation (attempt 0), batch 2, finite: 2000/2000, min: 3.983e+03, max: 2.037e+05, mean: 2.806e+04
[Stage B] Prediction scale check (attempt 0): pred_median=2.011e+04, true_median=9.826e-02, ratio=2.046e+05
[Stage B] Warning: init scale_ratio extreme; rejecting candidate.
[Stage B]    Candidate (cbrt_ratpoly_1d[23]) rejected at init (non-finite loss); trying next.
[Stage B]  Precheck reject (duplicate-signature) rule=univariate_nn cand=ratpoly_1d target=nn#leaf1 vars=(1, 2) sig=(960898949, 1, 1, -1, 3, 1, 1, 1) attempted=47
[Stage B]  Trying 1D ratpoly deg=(1,1)->(1,1) nnz=(2,2) (scale*P_red(x)/Q(x)) rewrite on NN leaf vars (1, 2)
[Stage B custom_init ratpoly_1d] Init on vars (1, 2): deg=(1,1)->(1,1), nnz=(2,2), rel_rms≈2.30e-04
[Stage B] Post-custom-init validation (attempt 0), batch 0, finite: 2000/2000, min: 3.049e+03, max: 2.726e+05, mean: 3.047e+04
[Stage B] Post-custom-init validation (attempt 0), batch 1, finite: 2000/2000, min: 3.028e+03, max: 2.212e+05, mean: 3.093e+04
[Stage B] Post-custom-init validation (attempt 0), batch 2, finite: 2000/2000, min: 3.983e+03, max: 2.037e+05, mean: 2.806e+04
[Stage B] Prediction scale check (attempt 0): pred_median=2.011e+04, true_median=9.826e-02, ratio=2.046e+05
[Stage B] Warning: init scale_ratio extreme; rejecting candidate.
[Stage B]    Candidate (ratpoly_1d[1]) rejected at init (non-finite loss); trying next.
[Stage B]  Trying 1D ratpoly deg=(2,1)->(2,1) nnz=(2,2) (scale*P_red(x)/Q(x)) rewrite on NN leaf vars (1, 2)
[Stage B custom_init ratpoly_1d] Init on vars (1, 2): deg=(2,1)->(2,1), nnz=(2,2), rel_rms≈1.29e-04
[Stage B] Post-custom-init validation (attempt 0), batch 0, finite: 2000/2000, min: 3.049e+03, max: 2.726e+05, mean: 3.047e+04
[Stage B] Post-custom-init validation (attempt 0), batch 1, finite: 2000/2000, min: 3.028e+03, max: 2.212e+05, mean: 3.093e+04
[Stage B] Post-custom-init validation (attempt 0), batch 2, finite: 2000/2000, min: 3.983e+03, max: 2.037e+05, mean: 2.806e+04
[Stage B] Prediction scale check (attempt 0): pred_median=2.011e+04, true_median=9.826e-02, ratio=2.046e+05
[Stage B] Warning: init scale_ratio extreme; rejecting candidate.
[Stage B]    Candidate (ratpoly_1d[2]) rejected at init (non-finite loss); trying next.
[Stage B]  Trying 1D ratpoly deg=(2,2)->(2,1) nnz=(2,2) (scale*P_red(x)/Q(x)) rewrite on NN leaf vars (1, 2)
[Stage B custom_init ratpoly_1d] Init on vars (1, 2): deg=(2,2)->(2,1), nnz=(2,2), rel_rms≈2.02e-04
[Stage B] Post-custom-init validation (attempt 0), batch 0, finite: 2000/2000, min: 3.049e+03, max: 2.726e+05, mean: 3.047e+04
[Stage B] Post-custom-init validation (attempt 0), batch 1, finite: 2000/2000, min: 3.028e+03, max: 2.212e+05, mean: 3.093e+04
[Stage B] Post-custom-init validation (attempt 0), batch 2, finite: 2000/2000, min: 3.983e+03, max: 2.037e+05, mean: 2.806e+04
[Stage B] Prediction scale check (attempt 0): pred_median=2.011e+04, true_median=9.826e-02, ratio=2.046e+05
[Stage B] Warning: init scale_ratio extreme; rejecting candidate.
[Stage B]    Candidate (ratpoly_1d[3]) rejected at init (non-finite loss); trying next.
[Stage B]  Precheck reject (duplicate-signature) rule=univariate_nn cand=ratpoly_1d[4] target=nn#leaf1 vars=(1, 2) sig=(960898949, 1, 1, -1, 4, 1, 1, 1, 1) attempted=50
[Stage B]  Precheck reject (duplicate-signature) rule=univariate_nn cand=ratpoly_1d[5] target=nn#leaf1 vars=(1, 2) sig=(960898949, 2, 1, 1, -1, 3, 1, 1, 1) attempted=50
[Stage B]  Trying 1D ratpoly deg=(3,3)->(3,0) nnz=(4,1) (scale*P_red(x)/Q(x)) rewrite on NN leaf vars (1, 2)
[Stage B custom_init ratpoly_1d] Init on vars (1, 2): deg=(3,3)->(3,0), nnz=(4,1), rel_rms≈1.51e-05
[Stage B] Post-custom-init validation (attempt 0), batch 0, finite: 2000/2000, min: 3.049e+03, max: 2.726e+05, mean: 3.047e+04
[Stage B] Post-custom-init validation (attempt 0), batch 1, finite: 2000/2000, min: 3.028e+03, max: 2.212e+05, mean: 3.093e+04
[Stage B] Post-custom-init validation (attempt 0), batch 2, finite: 2000/2000, min: 3.983e+03, max: 2.037e+05, mean: 2.806e+04
[Stage B] Prediction scale check (attempt 0): pred_median=2.011e+04, true_median=9.826e-02, ratio=2.046e+05
[Stage B] Warning: init scale_ratio extreme; rejecting candidate.
[Stage B]    Candidate (ratpoly_1d[6]) rejected at init (non-finite loss); trying next.
[Stage B]  Trying 1D ratpoly deg=(0,4)->(0,4) nnz=(1,4) (scale*P_red(x)/Q(x)) rewrite on NN leaf vars (1, 2)
[Stage B custom_init ratpoly_1d] Init on vars (1, 2): deg=(0,4)->(0,4), nnz=(1,4), rel_rms≈2.41e-05
[Stage B] Post-custom-init validation (attempt 0), batch 0, finite: 2000/2000, min: 3.049e+03, max: 2.726e+05, mean: 3.047e+04
[Stage B] Post-custom-init validation (attempt 0), batch 1, finite: 2000/2000, min: 3.028e+03, max: 2.212e+05, mean: 3.093e+04
[Stage B] Post-custom-init validation (attempt 0), batch 2, finite: 2000/2000, min: 3.983e+03, max: 2.037e+05, mean: 2.806e+04
[Stage B] Prediction scale check (attempt 0): pred_median=2.011e+04, true_median=9.826e-02, ratio=2.046e+05
[Stage B] Warning: init scale_ratio extreme; rejecting candidate.
[Stage B]    Candidate (ratpoly_1d[7]) rejected at init (non-finite loss); trying next.
[Stage B]  Trying 1D ratpoly deg=(4,1)->(3,1) nnz=(3,2) (scale*P_red(x)/Q(x)) rewrite on NN leaf vars (1, 2)
[Stage B custom_init ratpoly_1d] Init on vars (1, 2): deg=(4,1)->(3,1), nnz=(3,2), rel_rms≈1.68e-05
[Stage B] Post-custom-init validation (attempt 0), batch 0, finite: 2000/2000, min: 3.049e+03, max: 2.726e+05, mean: 3.047e+04
[Stage B] Post-custom-init validation (attempt 0), batch 1, finite: 2000/2000, min: 3.028e+03, max: 2.212e+05, mean: 3.093e+04
[Stage B] Post-custom-init validation (attempt 0), batch 2, finite: 2000/2000, min: 3.983e+03, max: 2.037e+05, mean: 2.806e+04
[Stage B] Prediction scale check (attempt 0): pred_median=2.011e+04, true_median=9.826e-02, ratio=2.046e+05
[Stage B] Warning: init scale_ratio extreme; rejecting candidate.
[Stage B]    Candidate (ratpoly_1d[8]) rejected at init (non-finite loss); trying next.
[Stage B]  Precheck reject (duplicate-signature) rule=univariate_nn cand=ratpoly_1d[9] target=nn#leaf1 vars=(1, 2) sig=(960898949, 4, 1, 0, 0, 1, -1, 3, 1, 1, 1) attempted=53
[Stage B]  Trying exp-poly rewrite on NN leaf vars (1, 2), degree=2
[Stage B] Initialising ExpPolyLeaf for vars (1, 2), tag=leaf1
[info] dataloader for provider ASTCompositeAdaptor yields 3 batches (equivalent to a single batch up to floating-point roundoff; minor Python-loop overhead per batch).
Stopping at epoch 201/2000, lm_opt.state['halt']=True, loss=1.3275e-07, loss_val=2.3206e-07
[Stage B]    Candidate (exp): params=387, val-loss=2.3204e-07
[Stage B]    Reject (exp): simpler-over-budget(thr=1.475e-10) | loss 1.201e-12->2.320e-07 (Δ+2.32e-07) | params 768->387 | cx (0, 0, 0)->(0, 0, 0)
[Stage B]  Trying exp-poly rewrite on NN leaf vars (1, 2), degree=2 [coord=1/z]
[Stage B] Initialising ExpPolyLeaf for vars (1, 2), tag=leaf1
[info] dataloader for provider ASTCompositeAdaptor yields 3 batches (equivalent to a single batch up to floating-point roundoff; minor Python-loop overhead per batch).
Stopping at epoch 201/2000, lm_opt.state['halt']=True, loss=5.1229e-09, loss_val=9.3518e-09
[Stage B]    Candidate (exp[z_inv]): params=387, val-loss=9.3518e-09
[Stage B]    Reject (exp[z_inv]): simpler-over-budget(thr=1.475e-10) | loss 1.201e-12->9.352e-09 (Δ+9.35e-09) | params 768->387 | cx (0, 0, 0)->(0, 0, 0)
[Stage B]  Trying exp-ratpoly rewrite on NN leaf vars (1, 2), degs=2/2
[Stage B] Initialising ExpRationalPolyLeaf for vars (1, 2), tag=leaf1
[info] dataloader for provider ASTCompositeAdaptor yields 3 batches (equivalent to a single batch up to floating-point roundoff; minor Python-loop overhead per batch).
[LM][bucket] solving P=390 (trivially separable union)
Stopping at epoch 301/2000, lm_opt.state['halt']=True, loss=2.5686e-11, loss_val=2.1614e-11
[Stage B]    Candidate (exp_rat): params=390, val-loss=2.1614e-11
[Stage B]    Reject (exp_rat): loss-below-floor-too-much-regression(ratio=1.799e+01, cap=1.201e-11) | loss 1.201e-12->2.161e-11 (Δ+2.04e-11) | params 768->390 | cx (0, 0, 0)->(0, 0, 0)
[Stage B]  Trying tanh rewrite on NN leaf vars (1, 2)
[Stage B] Initialising TanhLinearLeaf for vars (1, 2), tag=leaf1
[info] dataloader for provider ASTCompositeAdaptor yields 3 batches (equivalent to a single batch up to floating-point roundoff; minor Python-loop overhead per batch).
[LM][bucket] solving P=387 (trivially separable union)
Validation patience exceeded at epoch 601/2000, nval_worse=500
[Stage B]    Candidate (tanh): params=387, val-loss=7.1742e-06
[Stage B]    Reject (tanh): simpler-over-budget(thr=1.475e-10) | loss 1.201e-12->7.174e-06 (Δ+7.17e-06) | params 768->387 | cx (0, 0, 0)->(0, 0, 0)
[Stage B]  Trying tanh rewrite on NN leaf vars (1, 2) [coord=1/z]
[Stage B] Initialising TanhLinearLeaf for vars (1, 2), tag=leaf1
[info] dataloader for provider ASTCompositeAdaptor yields 3 batches (equivalent to a single batch up to floating-point roundoff; minor Python-loop overhead per batch).
Validation patience exceeded at epoch 701/2000, nval_worse=500
[Stage B]    Candidate (tanh[z_inv]): params=387, val-loss=1.8253e-06
[Stage B]    Reject (tanh[z_inv]): simpler-over-budget(thr=1.475e-10) | loss 1.201e-12->1.825e-06 (Δ+1.83e-06) | params 768->387 | cx (0, 0, 0)->(0, 0, 0)
[Stage B]  Trying trig on NN vars (1, 2), omega≈25.209, amp≈3.556
[Stage B] Initialising SinLinearLeaf for vars (1, 2), tag=leaf1
[Stage B] Post-custom-init validation (attempt 0), batch 0, finite: 2000/2000, min: -9.266e+03, max: 1.280e+04, mean: -5.740e+01
[Stage B] Post-custom-init validation (attempt 0), batch 1, finite: 2000/2000, min: -8.698e+03, max: 1.182e+04, mean: -1.225e+02
[Stage B] Post-custom-init validation (attempt 0), batch 2, finite: 2000/2000, min: -5.060e+03, max: 9.173e+03, mean: 1.607e+02
[Stage B] Prediction scale check (attempt 0): pred_median=5.290e+02, true_median=9.826e-02, ratio=5.384e+03
[Stage B] Warning: init scale_ratio extreme; rejecting candidate.
[Stage B]    Candidate (trig) rejected at init (non-finite loss); trying next.
[Stage B]  Trying trig on NN vars (1, 2), omega≈25.966, amp≈3.534 [coord=1/z]
[Stage B] Initialising SinLinearLeaf for vars (1, 2), tag=leaf1
[Stage B] Post-custom-init validation (attempt 0), batch 0, finite: 2000/2000, min: -9.570e+03, max: 1.308e+04, mean: -3.802e+01
[Stage B] Post-custom-init validation (attempt 0), batch 1, finite: 2000/2000, min: -1.061e+04, max: 1.098e+04, mean: 1.229e+01
[Stage B] Post-custom-init validation (attempt 0), batch 2, finite: 2000/2000, min: -4.720e+03, max: 8.787e+03, mean: 2.305e+02
[Stage B] Prediction scale check (attempt 0): pred_median=5.277e+02, true_median=9.826e-02, ratio=5.370e+03
[Stage B] Warning: init scale_ratio extreme; rejecting candidate.
[Stage B]    Candidate (trig[z_inv]) rejected at init (non-finite loss); trying next.
[Stage B]  Trying trig on NN vars (1, 2), omega≈4.000, amp≈3.534 [coord=1/z]
[Stage B] Initialising SinLinearLeaf for vars (1, 2), tag=leaf1
[Stage B] Post-custom-init validation (attempt 0), batch 0, finite: 2000/2000, min: -1.284e+04, max: -4.250e+01, mean: -9.421e+02
[Stage B] Post-custom-init validation (attempt 0), batch 1, finite: 2000/2000, min: -1.156e+04, max: -4.001e+01, mean: -9.514e+02
[Stage B] Post-custom-init validation (attempt 0), batch 2, finite: 2000/2000, min: -5.956e+03, max: 3.163e+03, mean: 2.739e+02
[Stage B] Prediction scale check (attempt 0): pred_median=4.025e+02, true_median=9.826e-02, ratio=4.097e+03
[Stage B] Warning: init scale_ratio extreme; rejecting candidate.
[Stage B]    Candidate (trig[z_inv]) rejected at init (non-finite loss); trying next.
[Stage B]  Trying trig on NN vars (1, 2), omega≈1.000, amp≈3.534 [coord=1/z]
[Stage B] Initialising SinLinearLeaf for vars (1, 2), tag=leaf1
[Stage B] Post-custom-init validation (attempt 0), batch 0, finite: 2000/2000, min: 7.701e+01, max: 8.335e+03, mean: 7.610e+02
[Stage B] Post-custom-init validation (attempt 0), batch 1, finite: 2000/2000, min: 7.917e+01, max: 7.348e+03, mean: 7.700e+02
[Stage B] Post-custom-init validation (attempt 0), batch 2, finite: 2000/2000, min: 4.333e+01, max: 3.790e+03, mean: 3.600e+02
[Stage B] Prediction scale check (attempt 0): pred_median=3.669e+02, true_median=9.826e-02, ratio=3.734e+03
[Stage B] Warning: init scale_ratio extreme; rejecting candidate.
[Stage B]    Candidate (trig[z_inv]) rejected at init (non-finite loss); trying next.
[Stage B]  Trying trig on NN vars (1, 2), omega≈12.983, amp≈3.534 [coord=1/z]
[Stage B] Initialising SinLinearLeaf for vars (1, 2), tag=leaf1
[Stage B] Post-custom-init validation (attempt 0), batch 0, finite: 2000/2000, min: -3.069e+03, max: 1.406e+04, mean: 9.265e+02
[Stage B] Post-custom-init validation (attempt 0), batch 1, finite: 2000/2000, min: -1.758e+03, max: 1.100e+04, mean: 9.635e+02
[Stage B] Post-custom-init validation (attempt 0), batch 2, finite: 2000/2000, min: -9.263e+03, max: 4.297e+03, mean: -8.639e+02
[Stage B] Prediction scale check (attempt 0): pred_median=5.552e+02, true_median=9.826e-02, ratio=5.650e+03
[Stage B] Warning: init scale_ratio extreme; rejecting candidate.
[Stage B]    Candidate (trig[z_inv]) rejected at init (non-finite loss); trying next.
[Stage B]  Trying trig on NN vars (1, 2), omega≈51.933, amp≈3.534 [coord=1/z]
[Stage B] Initialising SinLinearLeaf for vars (1, 2), tag=leaf1
[Stage B] Post-custom-init validation (attempt 0), batch 0, finite: 2000/2000, min: -1.480e+04, max: 8.839e+03, mean: -2.521e+01
[Stage B] Post-custom-init validation (attempt 0), batch 1, finite: 2000/2000, min: -1.220e+04, max: 1.076e+04, mean: 1.768e+01
[Stage B] Post-custom-init validation (attempt 0), batch 2, finite: 2000/2000, min: -9.016e+03, max: 7.197e+03, mean: -1.698e+02
[Stage B] Prediction scale check (attempt 0): pred_median=5.531e+02, true_median=9.826e-02, ratio=5.629e+03
[Stage B] Warning: init scale_ratio extreme; rejecting candidate.
[Stage B]    Candidate (trig[z_inv]) rejected at init (non-finite loss); trying next.
[Stage B]  Trying trig on NN vars (1, 2), omega≈4.000, amp≈3.556
[Stage B] Initialising SinLinearLeaf for vars (1, 2), tag=leaf1
[Stage B] Post-custom-init validation (attempt 0), batch 0, finite: 2000/2000, min: 2.329e+01, max: 8.134e+03, mean: 9.546e+02
[Stage B] Post-custom-init validation (attempt 0), batch 1, finite: 2000/2000, min: 3.125e+01, max: 9.075e+03, mean: 9.786e+02
[Stage B] Post-custom-init validation (attempt 0), batch 2, finite: 2000/2000, min: 3.170e+01, max: 9.509e+03, mean: 1.275e+03
[Stage B] Prediction scale check (attempt 0): pred_median=6.964e+02, true_median=9.826e-02, ratio=7.088e+03
[Stage B] Warning: init scale_ratio extreme; rejecting candidate.
[Stage B]    Candidate (trig) rejected at init (non-finite loss); trying next.
[Stage B]  Trying trig on NN vars (1, 2), omega≈1.000, amp≈3.556
[Stage B] Initialising SinLinearLeaf for vars (1, 2), tag=leaf1
[Stage B] Post-custom-init validation (attempt 0), batch 0, finite: 2000/2000, min: -7.014e+03, max: -7.283e+01, mean: -8.504e+02
[Stage B] Post-custom-init validation (attempt 0), batch 1, finite: 2000/2000, min: -6.409e+03, max: -7.430e+01, mean: -8.647e+02
[Stage B] Post-custom-init validation (attempt 0), batch 2, finite: 2000/2000, min: -6.521e+03, max: -9.743e+01, mean: -8.917e+02
[Stage B] Prediction scale check (attempt 0): pred_median=5.858e+02, true_median=9.826e-02, ratio=5.962e+03
[Stage B] Warning: init scale_ratio extreme; rejecting candidate.
[Stage B]    Candidate (trig) rejected at init (non-finite loss); trying next.
[Stage B]  Trying trig on NN vars (1, 2), omega≈12.605, amp≈3.556
[Stage B] Initialising SinLinearLeaf for vars (1, 2), tag=leaf1
[Stage B] Post-custom-init validation (attempt 0), batch 0, finite: 2000/2000, min: -1.075e+04, max: 3.704e+03, mean: -1.015e+03
[Stage B] Post-custom-init validation (attempt 0), batch 1, finite: 2000/2000, min: -1.023e+04, max: 3.267e+03, mean: -1.069e+03
[Stage B] Post-custom-init validation (attempt 0), batch 2, finite: 2000/2000, min: -4.649e+03, max: 6.001e+03, mean: 6.374e+02
[Stage B] Prediction scale check (attempt 0): pred_median=5.618e+02, true_median=9.826e-02, ratio=5.718e+03
[Stage B] Warning: init scale_ratio extreme; rejecting candidate.
[Stage B]    Candidate (trig) rejected at init (non-finite loss); trying next.
[Stage B]  Trying trig on NN vars (1, 2), omega≈50.419, amp≈3.556
[Stage B] Initialising SinLinearLeaf for vars (1, 2), tag=leaf1
[Stage B] Post-custom-init validation (attempt 0), batch 0, finite: 2000/2000, min: -8.950e+03, max: 1.383e+04, mean: 6.065e+01
[Stage B] Post-custom-init validation (attempt 0), batch 1, finite: 2000/2000, min: -9.843e+03, max: 9.813e+03, mean: 9.652e+01
[Stage B] Post-custom-init validation (attempt 0), batch 2, finite: 2000/2000, min: -9.159e+03, max: 8.753e+03, mean: -3.353e+01
[Stage B] Prediction scale check (attempt 0): pred_median=5.253e+02, true_median=9.826e-02, ratio=5.347e+03
[Stage B] Warning: init scale_ratio extreme; rejecting candidate.
[Stage B]    Candidate (trig) rejected at init (non-finite loss); trying next.
[Stage B]  Trying sinc_p2 on compound nn vars=(1, 2) (poly: 1D degree=1, seed: k0*z)
[Stage B] Post-custom-init validation (attempt 0), batch 0, finite: 2000/2000, min: 3.018e+03, max: 2.710e+05, mean: 3.046e+04
[Stage B] Post-custom-init validation (attempt 0), batch 1, finite: 2000/2000, min: 3.004e+03, max: 2.190e+05, mean: 3.092e+04
[Stage B] Post-custom-init validation (attempt 0), batch 2, finite: 2000/2000, min: 3.950e+03, max: 2.044e+05, mean: 2.816e+04
[Stage B] Prediction scale check (attempt 0): pred_median=2.011e+04, true_median=9.826e-02, ratio=2.046e+05
[Stage B] Warning: init scale_ratio extreme; rejecting candidate.
[Stage B]    Candidate (sinc_p2) rejected at init (non-finite loss); trying next.
[Stage B]  Precheck reject (duplicate-signature) rule=univariate_nn cand=sinc_p2[z_inv] target=nn#leaf1 vars=(1, 2) sig=(2, 2, 1, -1, -1, 0) attempted=54
[Stage B]  Trying affine trig (c + A*sin) on NN leaf vars (1, 2), omega≈25.209, amp≈3.556, offset≈66.299
[Stage B] Initialising SinLinearLeaf for vars (1, 2), tag=leaf1
[Stage B] Post-custom-init validation (attempt 0), batch 0, finite: 2000/2000, min: 3.332e+03, max: 3.000e+05, mean: 3.019e+04
[Stage B] Post-custom-init validation (attempt 0), batch 1, finite: 2000/2000, min: 3.313e+03, max: 2.518e+05, mean: 3.055e+04
[Stage B] Post-custom-init validation (attempt 0), batch 2, finite: 2000/2000, min: 3.916e+03, max: 1.810e+05, mean: 2.500e+04
[Stage B] Prediction scale check (attempt 0): pred_median=1.901e+04, true_median=9.826e-02, ratio=1.935e+05
[Stage B] Warning: init scale_ratio extreme; rejecting candidate.
[Stage B]    Candidate (affine_trig) rejected at init (non-finite loss); trying next.
[Stage B]  Trying affine trig (c + A*sin) on NN leaf vars (1, 2), omega≈25.966, amp≈3.534, offset≈66.751 [coord=1/z]
[Stage B] Initialising SinLinearLeaf for vars (1, 2), tag=leaf1
[Stage B] Post-custom-init validation (attempt 0), batch 0, finite: 2000/2000, min: 3.220e+03, max: 2.918e+05, mean: 3.042e+04
[Stage B] Post-custom-init validation (attempt 0), batch 1, finite: 2000/2000, min: 3.209e+03, max: 2.337e+05, mean: 3.089e+04
[Stage B] Post-custom-init validation (attempt 0), batch 2, finite: 2000/2000, min: 3.989e+03, max: 1.890e+05, mean: 2.524e+04
[Stage B] Prediction scale check (attempt 0): pred_median=1.912e+04, true_median=9.826e-02, ratio=1.946e+05
[Stage B] Warning: init scale_ratio extreme; rejecting candidate.
[Stage B]    Candidate (affine_trig[z_inv]) rejected at init (non-finite loss); trying next.
[Stage B]  Leaf-transform 'square' poly(deg=3): rms≈0.000
[Stage B] Post-custom-init validation (attempt 0), batch 0, finite: 2000/2000, min: 3.049e+03, max: 2.726e+05, mean: 3.047e+04
[Stage B] Post-custom-init validation (attempt 0), batch 1, finite: 2000/2000, min: 3.028e+03, max: 2.212e+05, mean: 3.093e+04
[Stage B] Post-custom-init validation (attempt 0), batch 2, finite: 2000/2000, min: 3.983e+03, max: 2.037e+05, mean: 2.806e+04
[Stage B] Prediction scale check (attempt 0): pred_median=2.011e+04, true_median=9.826e-02, ratio=2.046e+05
[Stage B] Warning: init scale_ratio extreme; rejecting candidate.
[Stage B]    Candidate (leaftr_square_poly3) rejected at init (non-finite loss); trying next.
[Stage B]  Leaf-transform 'square' poly(deg=3): rms≈0.000 [coord=1/z]
[Stage B] Post-custom-init validation (attempt 0), batch 0, finite: 2000/2000, min: 3.049e+03, max: 2.726e+05, mean: 3.047e+04
[Stage B] Post-custom-init validation (attempt 0), batch 1, finite: 2000/2000, min: 3.028e+03, max: 2.212e+05, mean: 3.093e+04
[Stage B] Post-custom-init validation (attempt 0), batch 2, finite: 2000/2000, min: 3.983e+03, max: 2.037e+05, mean: 2.806e+04
[Stage B] Prediction scale check (attempt 0): pred_median=2.011e+04, true_median=9.826e-02, ratio=2.046e+05
[Stage B] Warning: init scale_ratio extreme; rejecting candidate.
[Stage B]    Candidate (leaftr_square_poly3[z_inv]) rejected at init (non-finite loss); trying next.
[Stage B]  Leaf-transform 'sqrt' poly(deg=3): rms≈0.000
[Stage B] Post-custom-init validation (attempt 0), batch 0, finite: 2000/2000, min: 3.049e+03, max: 2.726e+05, mean: 3.047e+04
[Stage B] Post-custom-init validation (attempt 0), batch 1, finite: 2000/2000, min: 3.028e+03, max: 2.212e+05, mean: 3.093e+04
[Stage B] Post-custom-init validation (attempt 0), batch 2, finite: 2000/2000, min: 3.983e+03, max: 2.037e+05, mean: 2.806e+04
[Stage B] Prediction scale check (attempt 0): pred_median=2.011e+04, true_median=9.826e-02, ratio=2.046e+05
[Stage B] Warning: init scale_ratio extreme; rejecting candidate.
[Stage B]    Candidate (leaftr_sqrt_poly3) rejected at init (non-finite loss); trying next.
[Stage B]  Leaf-transform 'sqrt' poly(deg=3): rms≈0.000 [coord=1/z]
[Stage B] Post-custom-init validation (attempt 0), batch 0, finite: 2000/2000, min: 3.050e+03, max: 2.726e+05, mean: 3.047e+04
[Stage B] Post-custom-init validation (attempt 0), batch 1, finite: 2000/2000, min: 3.029e+03, max: 2.212e+05, mean: 3.093e+04
[Stage B] Post-custom-init validation (attempt 0), batch 2, finite: 2000/2000, min: 3.984e+03, max: 2.036e+05, mean: 2.806e+04
[Stage B] Prediction scale check (attempt 0): pred_median=2.011e+04, true_median=9.826e-02, ratio=2.046e+05
[Stage B] Warning: init scale_ratio extreme; rejecting candidate.
[Stage B]    Candidate (leaftr_sqrt_poly3[z_inv]) rejected at init (non-finite loss); trying next.
[Stage B]  Leaf-transform 'log' poly(deg=3): rms≈0.000
[Stage B] Post-custom-init validation (attempt 0), batch 0, finite: 2000/2000, min: 3.049e+03, max: 2.726e+05, mean: 3.047e+04
[Stage B] Post-custom-init validation (attempt 0), batch 1, finite: 2000/2000, min: 3.028e+03, max: 2.212e+05, mean: 3.093e+04
[Stage B] Post-custom-init validation (attempt 0), batch 2, finite: 2000/2000, min: 3.983e+03, max: 2.037e+05, mean: 2.806e+04
[Stage B] Prediction scale check (attempt 0): pred_median=2.011e+04, true_median=9.826e-02, ratio=2.046e+05
[Stage B] Warning: init scale_ratio extreme; rejecting candidate.
[Stage B]    Candidate (leaftr_log_poly3) rejected at init (non-finite loss); trying next.
[Stage B]  Leaf-transform 'log' poly(deg=3): rms≈0.000 [coord=1/z]
[Stage B] Post-custom-init validation (attempt 0), batch 0, finite: 2000/2000, min: 3.050e+03, max: 2.726e+05, mean: 3.047e+04
[Stage B] Post-custom-init validation (attempt 0), batch 1, finite: 2000/2000, min: 3.029e+03, max: 2.213e+05, mean: 3.093e+04
[Stage B] Post-custom-init validation (attempt 0), batch 2, finite: 2000/2000, min: 3.984e+03, max: 2.036e+05, mean: 2.806e+04
[Stage B] Prediction scale check (attempt 0): pred_median=2.010e+04, true_median=9.826e-02, ratio=2.046e+05
[Stage B] Warning: init scale_ratio extreme; rejecting candidate.
[Stage B]    Candidate (leaftr_log_poly3[z_inv]) rejected at init (non-finite loss); trying next.
[Stage B]  Trying 1D Expm1 rewrite on NN leaf vars (1, 2) [coord=1/z]
[Stage B custom_init Expm1] compound vars=(1, 2), a≈0.456, logA≈3.76
[Stage B] Post-custom-init validation (attempt 0), batch 0, finite: 2000/2000, min: 1.059e+03, max: 9.624e+04, mean: 1.130e+04
[Stage B] Post-custom-init validation (attempt 0), batch 1, finite: 2000/2000, min: 1.058e+03, max: 8.297e+04, mean: 1.147e+04
[Stage B] Post-custom-init validation (attempt 0), batch 2, finite: 2000/2000, min: 1.391e+03, max: 8.689e+04, mean: 1.192e+04
[Stage B] Prediction scale check (attempt 0): pred_median=7.802e+03, true_median=9.826e-02, ratio=7.940e+04
[Stage B] Warning: init scale_ratio extreme; rejecting candidate.
[Stage B]    Candidate (expm1[z_inv]) rejected at init (non-finite loss); trying next.
[Stage B] Rule log_ratio found 0 targets
[Stage B] Rule power_product found 0 targets
[Stage B] Rule joint_product_monomial_closure found 2 targets
[Stage B]   target order (arity-asc): [vars=?(arity=0), vars=?(arity=1)]
[Stage B]  joint_product_monomial_closure target: tags=('leaf0', 'leaf1'), supports=((0,), (1, 2)), compound=(False, True), fit_support=(0, 1, 2)
[Stage B]  joint_product_monomial_closure: no clean integer monomial for 2 NN factor(s), support=(0, 1, 2); reason=integer-snap-failed, n=5000, raw=[0.0723, -0.616, 0.618], snap=[0, -1, 1], snap_err=0.384
[Stage B]  joint_product_monomial_closure target: tags=('leaf0', 'leaf1'), supports=((0,), (1, 2)), compound=(False, True), fit_support=(0, 1, 2)
[Stage B]  joint_product_monomial_closure: no clean integer monomial for 2 NN factor(s), support=(0, 1, 2); reason=integer-snap-failed, n=5000, raw=[0.0723, -0.616, 0.618], snap=[0, -1, 1], snap_err=0.384
[Stage B] Rule overlap_prefactor_peel found 0 targets
[Stage B] Rule overlap_counterterm_peel found 0 targets
[Stage B] Rule common_prefactor found 0 targets
[Stage B] Rule additive_gauge_transfer found 0 targets
[Stage B] Rule multiplicative_homogeneity_transfer found 1 targets
[Stage B]   target order (arity-asc): [vars=?(arity=1)]
[Stage B] Rule univariate_mono found 2 targets
[Stage B]   target order (arity-asc): [vars=(0,)(arity=1), vars=(1, 2)(arity=1)]
[Stage B]  Greedy order (3 cands): monomial_deg1[z_inv](999p), monomial_deg2[z_inv](999p), monomial_deg3[z_inv](999p)
[Stage B]  Precheck reject (units: nn-output-unreachable leaf1 inputs=((x1 * (x2)**-1)) target=L^4*T^-8/3 basis=['dimless-only']) rule=univariate_mono cand=monomial_deg1[z_inv] target=nn#leaf0 vars=(0,) attempted=0
[Stage B]  Precheck reject (units: nn-output-unreachable leaf1 inputs=((x1 * (x2)**-1)) target=L^7*T^-14/3 basis=['dimless-only']) rule=univariate_mono cand=monomial_deg2[z_inv] target=nn#leaf0 vars=(0,) attempted=0
[Stage B]  Precheck reject (units: nn-output-unreachable leaf1 inputs=((x1 * (x2)**-1)) target=L^10*T^-20/3 basis=['dimless-only']) rule=univariate_mono cand=monomial_deg3[z_inv] target=nn#leaf0 vars=(0,) attempted=0
[Stage B]  Greedy order (6 cands): monomial_deg1(999p), monomial_deg1[z_inv](999p), monomial_deg2(999p), monomial_deg2[z_inv](999p), monomial_deg3(999p), monomial_deg3[z_inv](999p)
[Stage B]  Trying 1D monomial (c·x^1) rewrite on NN leaf vars (1, 2)
[Stage B] Initialising RPolyLeaf for vars (1, 2), tag=leaf1
[info] dataloader for provider ASTCompositeAdaptor yields 3 batches (equivalent to a single batch up to floating-point roundoff; minor Python-loop overhead per batch).
[nestynet.optimizer] [95m[LM] Potential K-colinearity issue in rm[0].providers[0] (_Composite, segments=16, outputs=1, seg_width=1): 1080/1080 cross-segment channel pairs exceed |cos|>0.95 (worst seg 1/out 2 ↔ seg 15/out 2 |cos|=1.0000). Grouped segment pairs: 8/120 exceed |cos|>0.95 (worst seg 6 ↔ seg 9 |cos|=0.9997). This can make LM/direct_solve ill-conditioned; consider increasing seg_width, reducing segment count, or using a more diversity-preserving initialization. This model uses low-dimensional K-vectors (Nx*seg_width=1), so channel-level directional crowding can appear before whole segments overlap.[0m
[LM][bucket] solving P=384 (trivially separable union)
Validation patience exceeded at epoch 1001/2000, nval_worse=500
[Stage B]    Candidate (monomial_deg1): params=384, val-loss=3.3386e-03
[Stage B]    Reject (monomial_deg1): simpler-over-budget(thr=1.479e-10) | loss 1.201e-12->3.339e-03 (Δ+3.34e-03) | params 768->384 | cx (0, 0, 0)->(0, 0, 0)
[Stage B]  Trying 1D monomial (c·x^1) rewrite on NN leaf vars (1, 2) [coord=1/z]
[Stage B] Initialising RPolyLeaf for vars (1, 2), tag=leaf1
[info] dataloader for provider ASTCompositeAdaptor yields 3 batches (equivalent to a single batch up to floating-point roundoff; minor Python-loop overhead per batch).
[nestynet.optimizer] [95m[LM] Potential K-colinearity issue in rm[0].providers[0] (_Composite, segments=16, outputs=1, seg_width=1): 1080/1080 cross-segment channel pairs exceed |cos|>0.95 (worst seg 1/out 2 ↔ seg 15/out 2 |cos|=1.0000). Grouped segment pairs: 8/120 exceed |cos|>0.95 (worst seg 6 ↔ seg 9 |cos|=0.9997). This can make LM/direct_solve ill-conditioned; consider increasing seg_width, reducing segment count, or using a more diversity-preserving initialization. This model uses low-dimensional K-vectors (Nx*seg_width=1), so channel-level directional crowding can appear before whole segments overlap.[0m
Validation patience exceeded at epoch 1001/2000, nval_worse=500
[Stage B]    Candidate (monomial_deg1[z_inv]): params=384, val-loss=9.4666e-04
[Stage B]    Reject (monomial_deg1[z_inv]): simpler-over-budget(thr=1.479e-10) | loss 1.201e-12->9.467e-04 (Δ+9.47e-04) | params 768->384 | cx (0, 0, 0)->(0, 0, 0)
[Stage B]  Trying 1D monomial (c·x^2) rewrite on NN leaf vars (1, 2)
[Stage B] Initialising RPolyLeaf for vars (1, 2), tag=leaf1
[info] dataloader for provider ASTCompositeAdaptor yields 3 batches (equivalent to a single batch up to floating-point roundoff; minor Python-loop overhead per batch).
[nestynet.optimizer] [95m[LM] Potential K-colinearity issue in rm[0].providers[0] (_Composite, segments=16, outputs=1, seg_width=1): 1080/1080 cross-segment channel pairs exceed |cos|>0.95 (worst seg 1/out 2 ↔ seg 15/out 2 |cos|=1.0000). Grouped segment pairs: 8/120 exceed |cos|>0.95 (worst seg 6 ↔ seg 9 |cos|=0.9997). This can make LM/direct_solve ill-conditioned; consider increasing seg_width, reducing segment count, or using a more diversity-preserving initialization. This model uses low-dimensional K-vectors (Nx*seg_width=1), so channel-level directional crowding can appear before whole segments overlap.[0m
Validation patience exceeded at epoch 1101/2000, nval_worse=500
[Stage B]    Candidate (monomial_deg2): params=384, val-loss=9.4934e-03
[Stage B]    Reject (monomial_deg2): simpler-over-budget(thr=1.479e-10) | loss 1.201e-12->9.493e-03 (Δ+9.49e-03) | params 768->384 | cx (0, 0, 0)->(0, 0, 0)
[Stage B]  Trying 1D monomial (c·x^2) rewrite on NN leaf vars (1, 2) [coord=1/z]
[Stage B] Initialising RPolyLeaf for vars (1, 2), tag=leaf1
[info] dataloader for provider ASTCompositeAdaptor yields 3 batches (equivalent to a single batch up to floating-point roundoff; minor Python-loop overhead per batch).
[nestynet.optimizer] [95m[LM] Potential K-colinearity issue in rm[0].providers[0] (_Composite, segments=16, outputs=1, seg_width=1): 1080/1080 cross-segment channel pairs exceed |cos|>0.95 (worst seg 1/out 2 ↔ seg 15/out 2 |cos|=1.0000). Grouped segment pairs: 8/120 exceed |cos|>0.95 (worst seg 6 ↔ seg 9 |cos|=0.9997). This can make LM/direct_solve ill-conditioned; consider increasing seg_width, reducing segment count, or using a more diversity-preserving initialization. This model uses low-dimensional K-vectors (Nx*seg_width=1), so channel-level directional crowding can appear before whole segments overlap.[0m
Validation patience exceeded at epoch 801/2000, nval_worse=500
[Stage B]    Candidate (monomial_deg2[z_inv]): params=384, val-loss=5.0049e-03
[Stage B]    Reject (monomial_deg2[z_inv]): simpler-over-budget(thr=1.479e-10) | loss 1.201e-12->5.005e-03 (Δ+5.00e-03) | params 768->384 | cx (0, 0, 0)->(0, 0, 0)
[Stage B]  Trying 1D monomial (c·x^3) rewrite on NN leaf vars (1, 2)
[Stage B] Initialising RPolyLeaf for vars (1, 2), tag=leaf1
[info] dataloader for provider ASTCompositeAdaptor yields 3 batches (equivalent to a single batch up to floating-point roundoff; minor Python-loop overhead per batch).
[nestynet.optimizer] [95m[LM] Potential K-colinearity issue in rm[0].providers[0] (_Composite, segments=16, outputs=1, seg_width=1): 1080/1080 cross-segment channel pairs exceed |cos|>0.95 (worst seg 1/out 2 ↔ seg 15/out 2 |cos|=1.0000). Grouped segment pairs: 8/120 exceed |cos|>0.95 (worst seg 6 ↔ seg 9 |cos|=0.9997). This can make LM/direct_solve ill-conditioned; consider increasing seg_width, reducing segment count, or using a more diversity-preserving initialization. This model uses low-dimensional K-vectors (Nx*seg_width=1), so channel-level directional crowding can appear before whole segments overlap.[0m
[Stage B]    Candidate (monomial_deg3): params=384, val-loss=1.7421e-02
[Stage B]    Reject (monomial_deg3): simpler-over-budget(thr=1.479e-10) | loss 1.201e-12->1.742e-02 (Δ+1.74e-02) | params 768->384 | cx (0, 0, 0)->(0, 0, 0)
[Stage B]  Trying 1D monomial (c·x^3) rewrite on NN leaf vars (1, 2) [coord=1/z]
[Stage B] Initialising RPolyLeaf for vars (1, 2), tag=leaf1
[info] dataloader for provider ASTCompositeAdaptor yields 3 batches (equivalent to a single batch up to floating-point roundoff; minor Python-loop overhead per batch).
[nestynet.optimizer] [95m[LM] Potential K-colinearity issue in rm[0].providers[0] (_Composite, segments=16, outputs=1, seg_width=1): 1080/1080 cross-segment channel pairs exceed |cos|>0.95 (worst seg 1/out 2 ↔ seg 15/out 2 |cos|=1.0000). Grouped segment pairs: 8/120 exceed |cos|>0.95 (worst seg 6 ↔ seg 9 |cos|=0.9997). This can make LM/direct_solve ill-conditioned; consider increasing seg_width, reducing segment count, or using a more diversity-preserving initialization. This model uses low-dimensional K-vectors (Nx*seg_width=1), so channel-level directional crowding can appear before whole segments overlap.[0m
Validation patience exceeded at epoch 601/2000, nval_worse=500
[Stage B]    Candidate (monomial_deg3[z_inv]): params=384, val-loss=1.1172e-02
[Stage B]    Reject (monomial_deg3[z_inv]): simpler-over-budget(thr=1.479e-10) | loss 1.201e-12->1.117e-02 (Δ+1.12e-02) | params 768->384 | cx (0, 0, 0)->(0, 0, 0)
[Stage B] Rule nn_leaf_separability found 0 targets
[Stage B] Rule counterterm_mul_split found 0 targets
[Stage B] Rule counterfactor_add_split found 0 targets
[Stage B] === Phase 1: Searching for separabilities (additive, multiplicative) ===
[Stage B] Rule nonsense_units_zero_prune found 0 targets
[Stage B] Rule monomial_peel_priority found 2 targets
[Stage B]   target order (arity-asc): [vars=(0,)(arity=1), vars=(1, 2)(arity=1)]
[Stage B] monomial_peel_priority shortlist: monomial_deg1[z_inv]@nn#leaf1 vars=(1, 2) (k=-0.615, rel=0.0966); monomial_deg2[z_inv]@nn#leaf1 vars=(1, 2) (k=-0.615, rel=0.0966); monomial_deg1@nn#leaf1 vars=(1, 2) (k=-0.615, rel=0.0966); monomial_deg3[z_inv]@nn#leaf1 vars=(1, 2) (k=-0.615, rel=0.0966); monomial_deg2@nn#leaf1 vars=(1, 2) (k=-0.615, rel=0.0966); monomial_deg3@nn#leaf1 vars=(1, 2) (k=-0.615, rel=0.0966); monomial_deg1[z_inv]@nn#leaf0 vars=(0,) (k=0.0723, rel=0.71); monomial_deg2[z_inv]@nn#leaf0 vars=(0,) (k=0.0723, rel=0.71)
[Stage B] Rule monomial_peel_priority trying 9 globally ranked candidates
[Stage B]  Greedy order (1 cands): monomial_deg1[z_inv](999p)
[Stage B]  Skipping monomial_deg1[z_inv] (previously rejected on same target)
[Stage B]  Greedy order (1 cands): monomial_deg2[z_inv](999p)
[Stage B]  Skipping monomial_deg2[z_inv] (previously rejected on same target)
[Stage B]  Greedy order (1 cands): monomial_deg1(999p)
[Stage B]  Skipping monomial_deg1 (previously rejected on same target)
[Stage B]  Greedy order (1 cands): monomial_deg3[z_inv](999p)
[Stage B]  Skipping monomial_deg3[z_inv] (previously rejected on same target)
[Stage B]  Greedy order (1 cands): monomial_deg2(999p)
[Stage B]  Skipping monomial_deg2 (previously rejected on same target)
[Stage B]  Greedy order (1 cands): monomial_deg3(999p)
[Stage B]  Skipping monomial_deg3 (previously rejected on same target)
[Stage B]  Greedy order (1 cands): monomial_deg1[z_inv](999p)
[Stage B]  Precheck reject (units: nn-output-unreachable leaf1 inputs=((x1 * (x2)**-1)) target=L^4*T^-8/3 basis=['dimless-only']) rule=monomial_peel_priority cand=monomial_deg1[z_inv] target=nn#leaf0 vars=(0,) attempted=0
[Stage B]  Greedy order (1 cands): monomial_deg2[z_inv](999p)
[Stage B]  Precheck reject (units: nn-output-unreachable leaf1 inputs=((x1 * (x2)**-1)) target=L^7*T^-14/3 basis=['dimless-only']) rule=monomial_peel_priority cand=monomial_deg2[z_inv] target=nn#leaf0 vars=(0,) attempted=0
[Stage B]  Greedy order (1 cands): monomial_deg3[z_inv](999p)
[Stage B]  Precheck reject (units: nn-output-unreachable leaf1 inputs=((x1 * (x2)**-1)) target=L^10*T^-20/3 basis=['dimless-only']) rule=monomial_peel_priority cand=monomial_deg3[z_inv] target=nn#leaf0 vars=(0,) attempted=0
[Stage B] Rule subtree_separability found 0 targets
[Stage B] Rule last_hard_trig_square found 0 targets
[Stage B] Rule univariate_nn found 2 targets
[Stage B]   target order (arity-asc): [vars=(0,)(arity=1), vars=(1, 2)(arity=1)]
[Stage B]  one_minus_cos_over_z2 skip NN vars (0,): no trig hint
[Stage B] ratpoly_1d degree probe: no valid pairs, falling back to unconstrained grid, vars=(0,)
[Stage B] ratpoly_1d rejected: best rel_rms=0.0061 > 0.001, deg=(4,2), vars=(0,)
[Stage B] ratpoly_1d degree probe: no valid pairs, falling back to unconstrained grid, vars=(0,)
[Stage B] ratpoly_1d rejected: best rel_rms=0.0038 > 0.001, deg=(2,4), vars=(0,)
[Stage B] ratpoly_1d degree probe: 8 valid pair(s), min_deg=(1,0), vars=(0,)
[Stage B] ratpoly_1d rejected: best rel_rms=0.4618 > 0.001, deg=(1,0), vars=(0,)
[Stage B] ratpoly_1d degree probe: 8 valid pair(s), min_deg=(0,1), vars=(0,)
[Stage B] ratpoly_1d rejected: best rel_rms=14.4528 > 0.001, deg=(7,8), vars=(0,)
[Stage B]  one_minus_cos_over_z2 skip NN vars (0,): no trig hint
[Stage B] ratpoly_1d degree probe: no valid pairs, falling back to unconstrained grid, vars=(0,)
[Stage B] ratpoly_1d rejected: best rel_rms=0.7186 > 0.001, deg=(4,4), vars=(0,)
[Stage B] ratpoly_1d degree probe: no valid pairs, falling back to unconstrained grid, vars=(0,)
[Stage B] ratpoly_1d rejected: best rel_rms=0.0484 > 0.001, deg=(4,1), vars=(0,)
[Stage B] ratpoly_1d degree probe: 8 valid pair(s), min_deg=(0,1), vars=(0,)
[Stage B] ratpoly_1d rejected: best rel_rms=23.6484 > 0.001, deg=(0,1), vars=(0,)
[Stage B] ratpoly_1d degree probe: 8 valid pair(s), min_deg=(1,0), vars=(0,)
[Stage B] ratpoly_1d rejected: best rel_rms=2.4440 > 0.001, deg=(1,0), vars=(0,)
[Stage B] RuleUniNN proposing 13 candidates for NN vars=(0,): ['monomial_deg1', 'monomial_deg2', 'monomial_deg3', 'cf_sharedpref_resid', 'cf_combo', 'cf_combo', 'cf_combo', 'cf_combo', 'cf_combo', 'cf_combo', 'cf_combo', 'cf_combo', 'cf_combo']
[Stage B] RuleUniNN proposing 14 candidates for NN vars=(0,): ['scale', 'monomial_deg1[z_inv]', 'monomial_deg2[z_inv]', 'monomial_deg3[z_inv]', 'cf_sharedpref_resid[z_inv]', 'cf_combo[z_inv]', 'cf_combo[z_inv]', 'cf_combo[z_inv]', 'cf_combo[z_inv]', 'cf_combo[z_inv]', 'cf_combo[z_inv]', 'cf_combo[z_inv]', 'cf_combo[z_inv]', 'cf_combo[z_inv]']
[Stage B]  Greedy order (14 cands): scale(1001p), monomial_deg1[z_inv](1000p), monomial_deg2[z_inv](1000p), monomial_deg3[z_inv](1000p), cf_sharedpref_resid[z_inv](1002p), cf_combo[z_inv](1002p), cf_combo[z_inv](1001p), cf_combo[z_inv](1002p), cf_combo[z_inv](1001p), cf_combo[z_inv](1002p), cf_combo[z_inv](1001p), cf_combo[z_inv](1002p), cf_combo[z_inv](1001p), cf_combo[z_inv](1002p)
[Stage B]  Skipping scale (previously rejected on same target)
[Stage B]  Precheck reject (units: nn-output-unreachable leaf1 inputs=((x1 * (x2)**-1)) target=L^4*T^-8/3 basis=['dimless-only']) rule=univariate_nn cand=monomial_deg1[z_inv] target=nn#leaf0 vars=(0,) attempted=54
[Stage B]  Precheck reject (units: nn-output-unreachable leaf1 inputs=((x1 * (x2)**-1)) target=L^7*T^-14/3 basis=['dimless-only']) rule=univariate_nn cand=monomial_deg2[z_inv] target=nn#leaf0 vars=(0,) attempted=54
[Stage B]  Precheck reject (units: nn-output-unreachable leaf1 inputs=((x1 * (x2)**-1)) target=L^10*T^-20/3 basis=['dimless-only']) rule=univariate_nn cand=monomial_deg3[z_inv] target=nn#leaf0 vars=(0,) attempted=54
[Stage B]  Precheck reject (units: units-inconsistent (L)) rule=univariate_nn cand=cf_sharedpref_resid[z_inv] target=nn#leaf0 vars=(0,) attempted=54
[Stage B]  Precheck reject (units: units-inconsistent (L)) rule=univariate_nn cand=cf_combo[z_inv] target=nn#leaf0 vars=(0,) attempted=54
[Stage B]  Precheck reject (units: units-inconsistent (L)) rule=univariate_nn cand=cf_combo[z_inv] target=nn#leaf0 vars=(0,) attempted=54
[Stage B]  Precheck reject (units: units-inconsistent (L)) rule=univariate_nn cand=cf_combo[z_inv] target=nn#leaf0 vars=(0,) attempted=54
[Stage B]  Precheck reject (units: units-inconsistent (L)) rule=univariate_nn cand=cf_combo[z_inv] target=nn#leaf0 vars=(0,) attempted=54
[Stage B]  Precheck reject (units: units-inconsistent (L)) rule=univariate_nn cand=cf_combo[z_inv] target=nn#leaf0 vars=(0,) attempted=54
[Stage B]  Precheck reject (units: units-inconsistent (L)) rule=univariate_nn cand=cf_combo[z_inv] target=nn#leaf0 vars=(0,) attempted=54
[Stage B]  Precheck reject (units: units-inconsistent (L)) rule=univariate_nn cand=cf_combo[z_inv] target=nn#leaf0 vars=(0,) attempted=54
[Stage B]  Precheck reject (units: units-inconsistent (L)) rule=univariate_nn cand=cf_combo[z_inv] target=nn#leaf0 vars=(0,) attempted=54
[Stage B]  Precheck reject (units: units-inconsistent (L)) rule=univariate_nn cand=cf_combo[z_inv] target=nn#leaf0 vars=(0,) attempted=54
[Stage B] symexp_denom_1d accepted: rel_rms=0.0138, scale≈164, linear≈3.63, compound vars=(1, 2)
[Stage B] symexp_denom_1d_recip (poly) accepted: rel_rms=0.0139, scale≈164, linear≈3.86, compound vars=(1, 2)
[Stage B] inv_poly: using degree-probe monomials, 3 valid terms, vars=(1, 2)
[Stage B] inv_poly probe: 1 sub-threshold trial(s) for vars=(1, 2): deg=2 rms=0.0003 n=3
[Stage B] sqrt_poly: degree-probe active, sqrt=3 terms (probed=True), inv=3 terms (probed=True), vars=(1, 2)
[Stage B]  one_minus_cos_over_z2 skip NN vars (1, 2): screen failed for z=(x1 * (x2)**-1); exact best rel=5.83e-02 at omega≈2; affine best rel=4.17e-02, offset_rel=2.23e-02 at omega≈2; thresholds rel<=2.00e-02, offset_rel<=1.50e-01
[Stage B]  sparse_factor_1d skip NN vars (1, 2): screen failed for z=(x1 * (x2)**-1); best rel=7.62e-02, threshold=2.00e-02
[Stage B] ratpoly_1d degree probe: 1 valid pair(s), min_deg=(0,0), vars=(1, 2)
[Stage B] ratpoly_1d probe: 9 sub-threshold trial(s) for vars=(1, 2): deg=(2,1)->(2,0) nnz=(3,1) rms=0.0003, deg=(1,4)->(1,2) nnz=(2,3) rms=0.0000, deg=(1,3)->(1,3) nnz=(2,3) rms=0.0000, deg=(2,2)->(2,2) nnz=(3,2) rms=0.0000, deg=(3,1)->(3,1) nnz=(3,2) rms=0.0000, deg=(3,3)->(3,1) nnz=(3,2) rms=0.0000, deg=(4,1)->(4,0) nnz=(4,1) rms=0.0000, deg=(4,4)->(3,2) nnz=(2,3) rms=0.0001, deg=(0,4)->(0,4) nnz=(1,5) rms=0.0001
[Stage B] ratpoly_1d degree probe: 1 valid pair(s), min_deg=(0,0), vars=(1, 2)
[Stage B] ratpoly_1d probe: 12 sub-threshold trial(s) for vars=(1, 2): deg=(0,2)->(0,2) nnz=(1,3) rms=0.0003, deg=(0,3)->(0,3) nnz=(1,4) rms=0.0000, deg=(1,2)->(1,2) nnz=(2,3) rms=0.0000, deg=(2,1)->(2,1) nnz=(3,2) rms=0.0000, deg=(2,2)->(2,2) nnz=(3,2) rms=0.0002, deg=(2,3)->(2,3) nnz=(3,2) rms=0.0001, deg=(3,3)->(3,3) nnz=(3,2) rms=0.0001, deg=(3,4)->(3,4) nnz=(3,2) rms=0.0000, deg=(0,4)->(0,4) nnz=(1,5) rms=0.0000, deg=(3,1)->(3,1) nnz=(4,2) rms=0.0000, deg=(4,1)->(4,0) nnz=(5,1) rms=0.0001, deg=(1,4)->(1,4) nnz=(2,5) rms=0.0000
[Stage B] ratpoly_1d degree probe: 1 valid pair(s), min_deg=(0,0), vars=(1, 2)
[Stage B] ratpoly_1d probe: 11 sub-threshold trial(s) for vars=(1, 2): deg=(1,2)->(1,2) nnz=(2,2) rms=0.0002, deg=(2,2)->(2,1) nnz=(3,2) rms=0.0001, deg=(3,1)->(3,0) nnz=(4,1) rms=0.0000, deg=(4,1)->(3,1) nnz=(3,2) rms=0.0001, deg=(2,3)->(2,3) nnz=(2,3) rms=0.0001, deg=(3,3)->(3,3) nnz=(2,3) rms=0.0007, deg=(0,4)->(0,4) nnz=(1,5) rms=0.0001, deg=(4,3)->(4,1) nnz=(4,2) rms=0.0000, deg=(1,4)->(1,4) nnz=(2,5) rms=0.0003, deg=(2,4)->(2,4) nnz=(3,5) rms=0.0003, deg=(4,4)->(4,4) nnz=(5,5) rms=0.0001
[Stage B] ratpoly_1d degree probe: 1 valid pair(s), min_deg=(0,0), vars=(1, 2)
[Stage B] ratpoly_1d probe: 13 sub-threshold trial(s) for vars=(1, 2): deg=(0,3)->(0,3) nnz=(1,4) rms=0.0000, deg=(1,2)->(1,2) nnz=(2,3) rms=0.0001, deg=(2,1)->(2,1) nnz=(3,2) rms=0.0001, deg=(0,4)->(0,4) nnz=(1,5) rms=0.0000, deg=(1,3)->(1,3) nnz=(2,4) rms=0.0000, deg=(2,2)->(2,2) nnz=(3,3) rms=0.0000, deg=(3,1)->(3,1) nnz=(4,2) rms=0.0000, deg=(4,1)->(4,0) nnz=(5,1) rms=0.0001, deg=(1,4)->(1,4) nnz=(2,5) rms=0.0000, deg=(2,3)->(2,3) nnz=(3,4) rms=0.0000, deg=(3,2)->(3,2) nnz=(4,3) rms=0.0000, deg=(2,4)->(2,4) nnz=(3,5) rms=0.0000, deg=(3,3)->(3,3) nnz=(4,4) rms=0.0000
[Stage B] ratpoly_1d degree probe: 1 valid pair(s), min_deg=(0,0), vars=(1, 2)
[Stage B] ratpoly_1d probe: 10 sub-threshold trial(s) for vars=(1, 2): deg=(0,2)->(0,2) nnz=(1,3) rms=0.0042, deg=(1,1)->(1,1) nnz=(2,2) rms=0.0002, deg=(2,1)->(2,1) nnz=(2,2) rms=0.0001, deg=(2,2)->(2,1) nnz=(2,2) rms=0.0002, deg=(0,3)->(0,3) nnz=(1,4) rms=0.0003, deg=(1,3)->(1,2) nnz=(2,3) rms=0.0000, deg=(3,3)->(3,0) nnz=(4,1) rms=0.0000, deg=(0,4)->(0,4) nnz=(1,4) rms=0.0000, deg=(4,1)->(3,1) nnz=(3,2) rms=0.0000, deg=(3,2)->(3,2) nnz=(2,3) rms=0.0000
[Stage B] symexp_denom_1d accepted: rel_rms=0.0139, scale≈164, linear≈-1.55, compound vars=(1, 2)
[Stage B] symexp_denom_1d_recip (poly) accepted: rel_rms=0.0138, scale≈164, linear≈-1.59, compound vars=(1, 2)
[Stage B] inv_poly: using degree-probe monomials, 3 valid terms, vars=(1, 2)
[Stage B] inv_poly rejected: best rel_rms=0.0019 > 0.001, degree=2, vars=(1, 2)
[Stage B] sqrt_poly: degree-probe active, sqrt=3 terms (probed=True), inv=3 terms (probed=True), vars=(1, 2)
[Stage B]  one_minus_cos_over_z2 skip NN vars (1, 2): screen failed for z=(x2 / x1); exact best rel=1.05e-01 at omega≈2; affine best rel=5.31e-02, offset_rel=7.92e-02 at omega≈2; thresholds rel<=2.00e-02, offset_rel<=1.50e-01
[Stage B]  sparse_factor_1d skip NN vars (1, 2): screen failed for z=(x2 / x1); best rel=9.17e-02, threshold=2.00e-02
[Stage B] ratpoly_1d degree probe: 1 valid pair(s), min_deg=(0,0), vars=(1, 2)
[Stage B] ratpoly_1d probe: 9 sub-threshold trial(s) for vars=(1, 2): deg=(1,2)->(1,2) nnz=(2,3) rms=0.0002, deg=(2,1)->(2,1) nnz=(3,2) rms=0.0002, deg=(3,1)->(3,0) nnz=(4,1) rms=0.0001, deg=(1,3)->(1,3) nnz=(2,3) rms=0.0001, deg=(2,2)->(2,2) nnz=(3,2) rms=0.0000, deg=(2,4)->(2,3) nnz=(2,3) rms=0.0000, deg=(4,2)->(3,2) nnz=(3,2) rms=0.0000, deg=(3,3)->(3,3) nnz=(2,3) rms=0.0000, deg=(4,4)->(4,4) nnz=(2,4) rms=0.0000
[Stage B] ratpoly_1d degree probe: 1 valid pair(s), min_deg=(0,0), vars=(1, 2)
[Stage B] ratpoly_1d probe: 8 sub-threshold trial(s) for vars=(1, 2): deg=(2,2)->(2,2) nnz=(3,3) rms=0.0000, deg=(2,3)->(2,3) nnz=(3,4) rms=0.0000, deg=(3,2)->(3,2) nnz=(4,3) rms=0.0000, deg=(2,4)->(2,4) nnz=(3,5) rms=0.0000, deg=(3,3)->(3,3) nnz=(4,4) rms=0.0000, deg=(4,2)->(4,2) nnz=(5,3) rms=0.0000, deg=(3,4)->(3,4) nnz=(4,5) rms=0.0000, deg=(4,3)->(4,3) nnz=(5,4) rms=0.0000
[Stage B] ratpoly_1d degree probe: 1 valid pair(s), min_deg=(0,0), vars=(1, 2)
[Stage B] ratpoly_1d probe: 6 sub-threshold trial(s) for vars=(1, 2): deg=(1,2)->(1,2) nnz=(2,2) rms=0.0009, deg=(2,2)->(2,2) nnz=(2,2) rms=0.0002, deg=(1,3)->(1,2) nnz=(2,3) rms=0.0005, deg=(3,1)->(3,1) nnz=(3,2) rms=0.0005, deg=(4,1)->(4,1) nnz=(4,2) rms=0.0001, deg=(3,4)->(3,4) nnz=(4,5) rms=0.0003
[Stage B] ratpoly_1d degree probe: 1 valid pair(s), min_deg=(0,0), vars=(1, 2)
[Stage B] ratpoly_1d probe: 10 sub-threshold trial(s) for vars=(1, 2): deg=(1,3)->(1,3) nnz=(2,4) rms=0.0006, deg=(2,2)->(2,2) nnz=(3,3) rms=0.0000, deg=(1,4)->(1,4) nnz=(2,5) rms=0.0000, deg=(2,3)->(2,3) nnz=(3,4) rms=0.0000, deg=(3,2)->(3,2) nnz=(4,3) rms=0.0000, deg=(2,4)->(2,4) nnz=(3,5) rms=0.0000, deg=(3,3)->(3,3) nnz=(4,4) rms=0.0000, deg=(4,2)->(4,2) nnz=(5,3) rms=0.0000, deg=(3,4)->(3,4) nnz=(4,5) rms=0.0000, deg=(4,3)->(4,3) nnz=(5,4) rms=0.0000
[Stage B] ratpoly_1d degree probe: 1 valid pair(s), min_deg=(0,0), vars=(1, 2)
[Stage B] ratpoly_1d probe: 8 sub-threshold trial(s) for vars=(1, 2): deg=(0,3)->(0,3) nnz=(1,4) rms=0.0052, deg=(1,3)->(1,2) nnz=(2,3) rms=0.0000, deg=(2,1)->(2,1) nnz=(3,2) rms=0.0000, deg=(2,2)->(2,2) nnz=(2,3) rms=0.0000, deg=(4,1)->(3,1) nnz=(3,2) rms=0.0000, deg=(3,4)->(3,2) nnz=(3,2) rms=0.0000, deg=(0,4)->(0,4) nnz=(1,5) rms=0.0008, deg=(1,4)->(1,4) nnz=(2,5) rms=0.0000
[Stage B] RuleUniNN proposing 78 candidates for NN vars=(1, 2): ['monomial_deg1', 'monomial_deg2', 'monomial_deg3', 'poly', 'planck_p1', 'planck_p2', 'planck_full', 'expm1', 'symexp_denom_1d_recip', 'symexp_denom_1d', '1d_powexp', 'polylog', 'logshifted', 'sqrt_poly', 'cf_combo', 'cf_combo', 'cf_combo', 'cf_combo', 'cf_combo', 'cf_combo', 'cf_combo', 'cf_combo', 'cf_combo', 'cf_combo', 'sqrt_ratpoly_1d', 'sqrt_ratpoly_1d[1]', 'sqrt_ratpoly_1d[2]', 'sqrt_ratpoly_1d[3]', 'sqrt_ratpoly_1d[4]', 'sqrt_ratpoly_1d[5]', 'sqrt_ratpoly_1d[6]', 'sqrt_ratpoly_1d[7]', 'sqrt_ratpoly_1d[8]', 'sqrt_ratpoly_1d[9]', 'sqrt_ratpoly_1d[10]', 'sqrt_ratpoly_1d[11]', 'sqrt_ratpoly_1d[12]', 'sqrt_ratpoly_1d[13]', 'sqrt_ratpoly_1d[14]', 'sqrt_ratpoly_1d[15]', 'sqrt_ratpoly_1d[16]', 'cbrt_ratpoly_1d', 'cbrt_ratpoly_1d[1]', 'cbrt_ratpoly_1d[2]', 'cbrt_ratpoly_1d[3]', 'cbrt_ratpoly_1d[4]', 'cbrt_ratpoly_1d[5]', 'cbrt_ratpoly_1d[6]', 'cbrt_ratpoly_1d[7]', 'cbrt_ratpoly_1d[8]', 'cbrt_ratpoly_1d[9]', 'cbrt_ratpoly_1d[10]', 'cbrt_ratpoly_1d[11]', 'cbrt_ratpoly_1d[12]', 'cbrt_ratpoly_1d[13]', 'cbrt_ratpoly_1d[14]', 'cbrt_ratpoly_1d[15]', 'ratpoly_1d', 'ratpoly_1d[1]', 'ratpoly_1d[2]', 'ratpoly_1d[3]', 'ratpoly_1d[4]', 'ratpoly_1d[5]', 'ratpoly_1d[6]', 'ratpoly_1d[7]', 'exp', 'exp_rat', 'tanh', 'trig', 'trig', 'trig', 'trig', 'trig', 'sinc_p2', 'affine_trig', 'leaftr_square_poly3', 'leaftr_sqrt_poly3', 'leaftr_log_poly3']
[Stage B]  Skipping reciprocal-coordinate alias polylog: closed-under-reciprocal:polylog
[Stage B]  Skipping reciprocal-coordinate alias sqrt_ratpoly_1d: closed-under-reciprocal:sqrt_ratpoly_1d
[Stage B]  Skipping reciprocal-coordinate alias sqrt_ratpoly_1d[1]: closed-under-reciprocal:sqrt_ratpoly_1d
[Stage B]  Skipping reciprocal-coordinate alias sqrt_ratpoly_1d[2]: closed-under-reciprocal:sqrt_ratpoly_1d
[Stage B]  Skipping reciprocal-coordinate alias sqrt_ratpoly_1d[3]: closed-under-reciprocal:sqrt_ratpoly_1d
[Stage B]  Skipping reciprocal-coordinate alias sqrt_ratpoly_1d[4]: closed-under-reciprocal:sqrt_ratpoly_1d
[Stage B]  Skipping reciprocal-coordinate alias sqrt_ratpoly_1d[5]: closed-under-reciprocal:sqrt_ratpoly_1d
[Stage B]  Skipping reciprocal-coordinate alias sqrt_ratpoly_1d[6]: closed-under-reciprocal:sqrt_ratpoly_1d
[Stage B]  Skipping reciprocal-coordinate alias sqrt_ratpoly_1d[7]: closed-under-reciprocal:sqrt_ratpoly_1d
[Stage B]  Skipping reciprocal-coordinate alias sqrt_ratpoly_1d[8]: closed-under-reciprocal:sqrt_ratpoly_1d
[Stage B]  Skipping reciprocal-coordinate alias sqrt_ratpoly_1d[9]: closed-under-reciprocal:sqrt_ratpoly_1d
[Stage B]  Skipping reciprocal-coordinate alias sqrt_ratpoly_1d[10]: closed-under-reciprocal:sqrt_ratpoly_1d
[Stage B]  Skipping reciprocal-coordinate alias sqrt_ratpoly_1d[11]: closed-under-reciprocal:sqrt_ratpoly_1d
[Stage B]  Skipping reciprocal-coordinate alias sqrt_ratpoly_1d[12]: closed-under-reciprocal:sqrt_ratpoly_1d
[Stage B]  Skipping reciprocal-coordinate alias sqrt_ratpoly_1d[13]: closed-under-reciprocal:sqrt_ratpoly_1d
[Stage B]  Skipping reciprocal-coordinate alias sqrt_ratpoly_1d[14]: closed-under-reciprocal:sqrt_ratpoly_1d
[Stage B]  Skipping reciprocal-coordinate alias sqrt_ratpoly_1d[15]: closed-under-reciprocal:sqrt_ratpoly_1d
[Stage B]  Skipping reciprocal-coordinate alias sqrt_ratpoly_1d[16]: closed-under-reciprocal:sqrt_ratpoly_1d
[Stage B]  Skipping reciprocal-coordinate alias cbrt_ratpoly_1d: closed-under-reciprocal:cbrt_ratpoly_1d
[Stage B]  Skipping reciprocal-coordinate alias cbrt_ratpoly_1d[1]: closed-under-reciprocal:cbrt_ratpoly_1d
[Stage B]  Skipping reciprocal-coordinate alias cbrt_ratpoly_1d[2]: closed-under-reciprocal:cbrt_ratpoly_1d
[Stage B]  Skipping reciprocal-coordinate alias cbrt_ratpoly_1d[3]: closed-under-reciprocal:cbrt_ratpoly_1d
[Stage B]  Skipping reciprocal-coordinate alias cbrt_ratpoly_1d[4]: closed-under-reciprocal:cbrt_ratpoly_1d
[Stage B]  Skipping reciprocal-coordinate alias cbrt_ratpoly_1d[5]: closed-under-reciprocal:cbrt_ratpoly_1d
[Stage B]  Skipping reciprocal-coordinate alias cbrt_ratpoly_1d[6]: closed-under-reciprocal:cbrt_ratpoly_1d
[Stage B]  Skipping reciprocal-coordinate alias cbrt_ratpoly_1d[7]: closed-under-reciprocal:cbrt_ratpoly_1d
[Stage B]  Skipping reciprocal-coordinate alias cbrt_ratpoly_1d[8]: closed-under-reciprocal:cbrt_ratpoly_1d
[Stage B]  Skipping reciprocal-coordinate alias cbrt_ratpoly_1d[9]: closed-under-reciprocal:cbrt_ratpoly_1d
[Stage B]  Skipping reciprocal-coordinate alias cbrt_ratpoly_1d[10]: closed-under-reciprocal:cbrt_ratpoly_1d
[Stage B]  Skipping reciprocal-coordinate alias cbrt_ratpoly_1d[11]: closed-under-reciprocal:cbrt_ratpoly_1d
[Stage B]  Skipping reciprocal-coordinate alias cbrt_ratpoly_1d[12]: closed-under-reciprocal:cbrt_ratpoly_1d
[Stage B]  Skipping reciprocal-coordinate alias cbrt_ratpoly_1d[13]: closed-under-reciprocal:cbrt_ratpoly_1d
[Stage B]  Skipping reciprocal-coordinate alias cbrt_ratpoly_1d[14]: closed-under-reciprocal:cbrt_ratpoly_1d
[Stage B]  Skipping reciprocal-coordinate alias cbrt_ratpoly_1d[15]: closed-under-reciprocal:cbrt_ratpoly_1d
[Stage B]  Skipping reciprocal-coordinate alias ratpoly_1d: closed-under-reciprocal:ratpoly_1d
[Stage B]  Skipping reciprocal-coordinate alias ratpoly_1d[1]: closed-under-reciprocal:ratpoly_1d
[Stage B]  Skipping reciprocal-coordinate alias ratpoly_1d[2]: closed-under-reciprocal:ratpoly_1d
[Stage B]  Skipping reciprocal-coordinate alias ratpoly_1d[3]: closed-under-reciprocal:ratpoly_1d
[Stage B]  Skipping reciprocal-coordinate alias ratpoly_1d[4]: closed-under-reciprocal:ratpoly_1d
[Stage B]  Skipping reciprocal-coordinate alias ratpoly_1d[5]: closed-under-reciprocal:ratpoly_1d
[Stage B]  Skipping reciprocal-coordinate alias ratpoly_1d[6]: closed-under-reciprocal:ratpoly_1d
[Stage B]  Skipping reciprocal-coordinate alias ratpoly_1d[7]: closed-under-reciprocal:ratpoly_1d
[Stage B]  Skipping reciprocal-coordinate alias exp_rat: closed-under-reciprocal:exp_rat
[Stage B] RuleUniNN proposing 128 candidates for NN vars=(1, 2): ['monomial_deg1', 'monomial_deg1[z_inv]', 'monomial_deg2', 'monomial_deg2[z_inv]', 'monomial_deg3', 'monomial_deg3[z_inv]', 'poly', 'poly[z_inv]', 'planck_p0', 'planck_p1', 'planck_p1[z_inv]', 'planck_p2', 'planck_p2[z_inv]', 'planck_full', 'planck_full[z_inv]', 'symexp_denom_1d', 'symexp_denom_1d[z_inv]', 'symexp_denom_1d_recip', 'symexp_denom_1d_recip[z_inv]', '1d_powexp', '1d_powexp[z_inv]', 'polylog', 'logshifted', 'logshifted[z_inv]', 'inv_poly', 'sqrt_poly', 'sqrt_poly[z_inv]', 'cf_combo', 'cf_combo[z_inv]', 'cf_combo[z_inv]', 'cf_combo[z_inv]', 'cf_combo[z_inv]', 'cf_combo[z_inv]', 'cf_combo[z_inv]', 'cf_combo[z_inv]', 'cf_combo[z_inv]', 'cf_combo[z_inv]', 'cf_combo[z_inv]', 'cf_combo', 'cf_combo', 'cf_combo', 'cf_combo', 'cf_combo', 'cf_combo', 'cf_combo', 'cf_combo', 'cf_combo', 'sqrt_ratpoly_1d', 'sqrt_ratpoly_1d[1]', 'sqrt_ratpoly_1d[2]', 'sqrt_ratpoly_1d[3]', 'sqrt_ratpoly_1d[4]', 'sqrt_ratpoly_1d[5]', 'sqrt_ratpoly_1d[6]', 'sqrt_ratpoly_1d[7]', 'sqrt_ratpoly_1d[8]', 'sqrt_ratpoly_1d[9]', 'sqrt_ratpoly_1d[10]', 'sqrt_ratpoly_1d[11]', 'sqrt_ratpoly_1d[12]', 'sqrt_ratpoly_1d[13]', 'sqrt_ratpoly_1d[14]', 'sqrt_ratpoly_1d[15]', 'sqrt_ratpoly_1d[16]', 'sqrt_ratpoly_1d[17]', 'sqrt_ratpoly_1d[18]', 'sqrt_ratpoly_1d[19]', 'sqrt_ratpoly_1d[20]', 'cbrt_ratpoly_1d', 'cbrt_ratpoly_1d[1]', 'cbrt_ratpoly_1d[2]', 'cbrt_ratpoly_1d[3]', 'cbrt_ratpoly_1d[4]', 'cbrt_ratpoly_1d[5]', 'cbrt_ratpoly_1d[6]', 'cbrt_ratpoly_1d[7]', 'cbrt_ratpoly_1d[8]', 'cbrt_ratpoly_1d[9]', 'cbrt_ratpoly_1d[10]', 'cbrt_ratpoly_1d[11]', 'cbrt_ratpoly_1d[12]', 'cbrt_ratpoly_1d[13]', 'cbrt_ratpoly_1d[14]', 'cbrt_ratpoly_1d[15]', 'cbrt_ratpoly_1d[16]', 'cbrt_ratpoly_1d[17]', 'cbrt_ratpoly_1d[18]', 'cbrt_ratpoly_1d[19]', 'cbrt_ratpoly_1d[20]', 'cbrt_ratpoly_1d[21]', 'cbrt_ratpoly_1d[22]', 'cbrt_ratpoly_1d[23]', 'ratpoly_1d', 'ratpoly_1d[1]', 'ratpoly_1d[2]', 'ratpoly_1d[3]', 'ratpoly_1d[4]', 'ratpoly_1d[5]', 'ratpoly_1d[6]', 'ratpoly_1d[7]', 'ratpoly_1d[8]', 'ratpoly_1d[9]', 'exp', 'exp[z_inv]', 'exp_rat', 'tanh', 'tanh[z_inv]', 'trig', 'trig[z_inv]', 'trig[z_inv]', 'trig[z_inv]', 'trig[z_inv]', 'trig[z_inv]', 'trig', 'trig', 'trig', 'trig', 'sinc_p2', 'sinc_p2[z_inv]', 'affine_trig', 'affine_trig[z_inv]', 'leaftr_square_poly3', 'leaftr_square_poly3[z_inv]', 'leaftr_sqrt_poly3', 'leaftr_sqrt_poly3[z_inv]', 'leaftr_log_poly3', 'leaftr_log_poly3[z_inv]', 'expm1[z_inv]']
[Stage B]  Greedy order (128 cands): monomial_deg1(1000p), monomial_deg1[z_inv](1000p), monomial_deg2(1000p), monomial_deg2[z_inv](1000p), monomial_deg3(1000p), monomial_deg3[z_inv](1000p), poly(1001p), poly[z_inv](1001p), planck_p0(2p), planck_p1(2p), planck_p1[z_inv](2p), planck_p2(2p), planck_p2[z_inv](2p), planck_full(4p), planck_full[z_inv](4p), symexp_denom_1d(1005p), symexp_denom_1d[z_inv](1005p), symexp_denom_1d_recip(1005p), symexp_denom_1d_recip[z_inv](1005p), 1d_powexp(1004p), 1d_powexp[z_inv](1004p), polylog(1001p), logshifted(1002p), logshifted[z_inv](1002p), inv_poly(1002p), sqrt_poly(1002p), sqrt_poly[z_inv](1002p), cf_combo(1002p), cf_combo[z_inv](1002p), cf_combo[z_inv](1001p), cf_combo[z_inv](1002p), cf_combo[z_inv](1001p), cf_combo[z_inv](1002p), cf_combo[z_inv](1001p), cf_combo[z_inv](1002p), cf_combo[z_inv](1001p), cf_combo[z_inv](1002p), cf_combo[z_inv](1001p), cf_combo(1001p), cf_combo(1002p), cf_combo(1001p), cf_combo(1002p), cf_combo(1001p), cf_combo(1002p), cf_combo(1001p), cf_combo(1002p), cf_combo(1001p), sqrt_ratpoly_1d(1003p), sqrt_ratpoly_1d[1](1004p), sqrt_ratpoly_1d[2](1004p), sqrt_ratpoly_1d[3](1004p), sqrt_ratpoly_1d[4](1004p), sqrt_ratpoly_1d[5](1004p), sqrt_ratpoly_1d[6](1004p), sqrt_ratpoly_1d[7](1004p), sqrt_ratpoly_1d[8](1005p), sqrt_ratpoly_1d[9](1003p), sqrt_ratpoly_1d[10](1004p), sqrt_ratpoly_1d[11](1004p), sqrt_ratpoly_1d[12](1004p), sqrt_ratpoly_1d[13](1004p), sqrt_ratpoly_1d[14](1004p), sqrt_ratpoly_1d[15](1004p), sqrt_ratpoly_1d[16](1004p), sqrt_ratpoly_1d[17](1005p), sqrt_ratpoly_1d[18](1005p), sqrt_ratpoly_1d[19](1005p), sqrt_ratpoly_1d[20](1006p), cbrt_ratpoly_1d(1003p), cbrt_ratpoly_1d[1](1004p), cbrt_ratpoly_1d[2](1004p), cbrt_ratpoly_1d[3](1004p), cbrt_ratpoly_1d[4](1004p), cbrt_ratpoly_1d[5](1004p), cbrt_ratpoly_1d[6](1005p), cbrt_ratpoly_1d[7](1005p), cbrt_ratpoly_1d[8](1006p), cbrt_ratpoly_1d[9](1007p), cbrt_ratpoly_1d[10](1009p), cbrt_ratpoly_1d[11](1004p), cbrt_ratpoly_1d[12](1004p), cbrt_ratpoly_1d[13](1004p), cbrt_ratpoly_1d[14](1005p), cbrt_ratpoly_1d[15](1005p), cbrt_ratpoly_1d[16](1005p), cbrt_ratpoly_1d[17](1005p), cbrt_ratpoly_1d[18](1005p), cbrt_ratpoly_1d[19](1006p), cbrt_ratpoly_1d[20](1006p), cbrt_ratpoly_1d[21](1006p), cbrt_ratpoly_1d[22](1007p), cbrt_ratpoly_1d[23](1007p), ratpoly_1d(1003p), ratpoly_1d[1](1003p), ratpoly_1d[2](1003p), ratpoly_1d[3](1003p), ratpoly_1d[4](1004p), ratpoly_1d[5](1004p), ratpoly_1d[6](1004p), ratpoly_1d[7](1004p), ratpoly_1d[8](1004p), ratpoly_1d[9](1004p), exp(1002p), exp[z_inv](1002p), exp_rat(1005p), tanh(1002p), tanh[z_inv](1002p), trig(1002p), trig[z_inv](1002p), trig[z_inv](1002p), trig[z_inv](1002p), trig[z_inv](1002p), trig[z_inv](1002p), trig(1002p), trig(1002p), trig(1002p), trig(1002p), sinc_p2(1002p), sinc_p2[z_inv](1002p), affine_trig(1003p), affine_trig[z_inv](1003p), leaftr_square_poly3(1003p), leaftr_square_poly3[z_inv](1003p), leaftr_sqrt_poly3(1003p), leaftr_sqrt_poly3[z_inv](1003p), leaftr_log_poly3(1003p), leaftr_log_poly3[z_inv](1003p), expm1[z_inv](1002p)
[Stage B]  Skipping monomial_deg1 (previously rejected on same target)
[Stage B]  Skipping monomial_deg1[z_inv] (previously rejected on same target)
[Stage B]  Skipping monomial_deg2 (previously rejected on same target)
[Stage B]  Skipping monomial_deg2[z_inv] (previously rejected on same target)
[Stage B]  Skipping monomial_deg3 (previously rejected on same target)
[Stage B]  Skipping monomial_deg3[z_inv] (previously rejected on same target)
[Stage B]  Skipping poly (previously rejected on same target)
[Stage B]  Skipping poly[z_inv] (previously rejected on same target)
[Stage B]  Precheck reject (duplicate-signature) rule=univariate_nn cand=planck_p0 target=nn#leaf1 vars=(1, 2) sig=(7993880283250547706, 43007, 0) attempted=54
[Stage B]  Precheck reject (duplicate-signature) rule=univariate_nn cand=planck_p1 target=nn#leaf1 vars=(1, 2) sig=(7993880283250547706, 43007, 1000) attempted=54
[Stage B]  Precheck reject (duplicate-signature) rule=univariate_nn cand=planck_p1[z_inv] target=nn#leaf1 vars=(1, 2) sig=(8678102051078946241, 43007, 1000) attempted=54
[Stage B]  Precheck reject (duplicate-signature) rule=univariate_nn cand=planck_p2 target=nn#leaf1 vars=(1, 2) sig=(7993880283250547706, 43007, 2000) attempted=54
[Stage B]  Precheck reject (duplicate-signature) rule=univariate_nn cand=planck_p2[z_inv] target=nn#leaf1 vars=(1, 2) sig=(8678102051078946241, 43007, 2000) attempted=54
[Stage B]  Trying full 1D Planck rewrite on NN leaf vars (1, 2)
[Stage B custom_init PlanckFull] compound vars=(1, 2), p≈0.541, a≈1.21, logA≈5.41
[Stage B] Post-custom-init validation (attempt 0), batch 0, finite: 2000/2000, min: 4.075e+03, max: 3.714e+05, mean: 4.344e+04
[Stage B] Post-custom-init validation (attempt 0), batch 1, finite: 2000/2000, min: 4.078e+03, max: 3.171e+05, mean: 4.411e+04
[Stage B] Post-custom-init validation (attempt 0), batch 2, finite: 2000/2000, min: 5.359e+03, max: 3.236e+05, mean: 4.439e+04
[Stage B] Prediction scale check (attempt 0): pred_median=2.973e+04, true_median=9.826e-02, ratio=3.025e+05
[Stage B] Warning: init scale_ratio extreme; rejecting candidate.
[Stage B]    Candidate (planck_full) rejected at init (non-finite loss); trying next.
[Stage B]  Trying full 1D Planck rewrite on NN leaf vars (1, 2) [coord=1/z]
[Stage B custom_init PlanckFull] compound vars=(1, 2), p≈1.35, a≈0.711, logA≈4.92
[Stage B] Post-custom-init validation (attempt 0), batch 0, finite: 2000/2000, min: 6.602e+03, max: 5.750e+05, mean: 6.037e+04
[Stage B] Post-custom-init validation (attempt 0), batch 1, finite: 2000/2000, min: 6.515e+03, max: 4.814e+05, mean: 6.121e+04
[Stage B] Post-custom-init validation (attempt 0), batch 2, finite: 2000/2000, min: 7.950e+03, max: 3.509e+05, mean: 4.872e+04
[Stage B] Prediction scale check (attempt 0): pred_median=3.775e+04, true_median=9.826e-02, ratio=3.842e+05
[Stage B] Warning: init scale_ratio extreme; rejecting candidate.
[Stage B]    Candidate (planck_full[z_inv]) rejected at init (non-finite loss); trying next.
[Stage B]  Trying 1D symexp_denom_1d rewrite (scale/(exp(r)+exp(-r))) on NN leaf vars (1, 2)
[Stage B custom_init symexp_denom_1d] compound vars=(1, 2), scale≈164, r±(z)≈3.63*z
[Stage B] Post-custom-init validation (attempt 0), batch 0, finite: 2000/2000, min: 1.282e+02, max: 1.497e+04, mean: 1.952e+03
[Stage B] Post-custom-init validation (attempt 0), batch 1, finite: 2000/2000, min: 1.344e+02, max: 1.713e+04, mean: 1.987e+03
[Stage B] Post-custom-init validation (attempt 0), batch 2, finite: 2000/2000, min: 1.757e+02, max: 2.251e+04, mean: 3.054e+03
[Stage B] Prediction scale check (attempt 0): pred_median=1.543e+03, true_median=9.826e-02, ratio=1.571e+04
[Stage B] Warning: init scale_ratio extreme; rejecting candidate.
[Stage B]    Candidate (symexp_denom_1d) rejected at init (non-finite loss); trying next.
[Stage B]  Trying 1D symexp_denom_1d rewrite (scale/(exp(r)+exp(-r))) on NN leaf vars (1, 2) [coord=1/z]
[Stage B custom_init symexp_denom_1d] compound vars=(1, 2), scale≈164, r±(z)≈-1.55*z
[Stage B] Post-custom-init validation (attempt 0), batch 0, finite: 2000/2000, min: 1.675e+03, max: 1.632e+05, mean: 1.537e+04
[Stage B] Post-custom-init validation (attempt 0), batch 1, finite: 2000/2000, min: 1.689e+03, max: 1.432e+05, mean: 1.555e+04
[Stage B] Post-custom-init validation (attempt 0), batch 2, finite: 2000/2000, min: 1.488e+03, max: 7.391e+04, mean: 9.240e+03
[Stage B] Prediction scale check (attempt 0): pred_median=8.444e+03, true_median=9.826e-02, ratio=8.594e+04
[Stage B] Warning: init scale_ratio extreme; rejecting candidate.
[Stage B]    Candidate (symexp_denom_1d[z_inv]) rejected at init (non-finite loss); trying next.
[Stage B]  Trying 1D symexp_denom_1d_recip rewrite (scale/(exp(r)+exp(-r))) on NN leaf vars (1, 2)
[Stage B custom_init symexp_denom_1d_recip] compound vars=(1, 2), scale≈164, r±(z)≈3.86*z
[Stage B] Post-custom-init validation (attempt 0), batch 0, finite: 2000/2000, min: 9.933e+01, max: 1.205e+04, mean: 1.564e+03
[Stage B] Post-custom-init validation (attempt 0), batch 1, finite: 2000/2000, min: 1.045e+02, max: 1.394e+04, mean: 1.592e+03
[Stage B] Post-custom-init validation (attempt 0), batch 2, finite: 2000/2000, min: 1.366e+02, max: 1.877e+04, mean: 2.545e+03
[Stage B] Prediction scale check (attempt 0): pred_median=1.244e+03, true_median=9.826e-02, ratio=1.266e+04
[Stage B] Warning: init scale_ratio extreme; rejecting candidate.
[Stage B]    Candidate (symexp_denom_1d_recip) rejected at init (non-finite loss); trying next.
[Stage B]  Trying 1D symexp_denom_1d_recip rewrite (scale/(exp(r)+exp(-r))) on NN leaf vars (1, 2) [coord=1/z]
[Stage B custom_init symexp_denom_1d_recip] compound vars=(1, 2), scale≈164, r±(z)≈-1.59*z
[Stage B] Post-custom-init validation (attempt 0), batch 0, finite: 2000/2000, min: 1.606e+03, max: 1.579e+05, mean: 1.482e+04
[Stage B] Post-custom-init validation (attempt 0), batch 1, finite: 2000/2000, min: 1.621e+03, max: 1.388e+05, mean: 1.499e+04
[Stage B] Post-custom-init validation (attempt 0), batch 2, finite: 2000/2000, min: 1.413e+03, max: 7.162e+04, mean: 8.821e+03
[Stage B] Prediction scale check (attempt 0): pred_median=8.096e+03, true_median=9.826e-02, ratio=8.240e+04
[Stage B] Warning: init scale_ratio extreme; rejecting candidate.
[Stage B]    Candidate (symexp_denom_1d_recip[z_inv]) rejected at init (non-finite loss); trying next.
[Stage B]  Trying 1D power*exp-poly rewrite on NN leaf vars (1, 2)
[Stage B custom_init 1D] Power*exp-poly init on (x1 * (x2)**-1): A=6.701e+01, p=-0.615
[Stage B] Post-custom-init validation (attempt 0), batch 0, finite: 2000/2000, min: 3.042e+03, max: 2.698e+05, mean: 2.997e+04
[Stage B] Post-custom-init validation (attempt 0), batch 1, finite: 2000/2000, min: 3.011e+03, max: 2.205e+05, mean: 3.042e+04
[Stage B] Post-custom-init validation (attempt 0), batch 2, finite: 2000/2000, min: 3.961e+03, max: 2.017e+05, mean: 2.781e+04
[Stage B] Prediction scale check (attempt 0): pred_median=1.988e+04, true_median=9.826e-02, ratio=2.023e+05
[Stage B] Warning: init scale_ratio extreme; rejecting candidate.
[Stage B]    Candidate (1d_powexp) rejected at init (non-finite loss); trying next.
[Stage B]  Trying 1D power*exp-poly rewrite on NN leaf vars (1, 2) [coord=1/z]
[Stage B custom_init 1D] Power*exp-poly init on (x2 / x1): A=6.701e+01, p=0.615
[Stage B] Post-custom-init validation (attempt 0), batch 0, finite: 2000/2000, min: 3.095e+03, max: 2.744e+05, mean: 3.045e+04
[Stage B] Post-custom-init validation (attempt 0), batch 1, finite: 2000/2000, min: 3.063e+03, max: 2.244e+05, mean: 3.090e+04
[Stage B] Post-custom-init validation (attempt 0), batch 2, finite: 2000/2000, min: 4.031e+03, max: 2.043e+05, mean: 2.817e+04
[Stage B] Prediction scale check (attempt 0): pred_median=2.015e+04, true_median=9.826e-02, ratio=2.051e+05
[Stage B] Warning: init scale_ratio extreme; rejecting candidate.
[Stage B]    Candidate (1d_powexp[z_inv]) rejected at init (non-finite loss); trying next.
[Stage B]  Skipping polylog (previously rejected on same target)
[Stage B]  Skipping logshifted (previously rejected on same target)
[Stage B]  Skipping logshifted[z_inv] (previously rejected on same target)
[Stage B]  Trying inv_poly degree=2 (1/P(x)) rewrite on NN leaf vars (1, 2)
[Stage B custom_init inv-poly] Init on vars (1, 2): degree=2, rel_rms≈2.78e-04
[Stage B] Post-custom-init validation (attempt 0), batch 0, finite: 2000/2000, min: 3.051e+03, max: 2.726e+05, mean: 3.047e+04
[Stage B] Post-custom-init validation (attempt 0), batch 1, finite: 2000/2000, min: 3.029e+03, max: 2.213e+05, mean: 3.093e+04
[Stage B] Post-custom-init validation (attempt 0), batch 2, finite: 2000/2000, min: 3.984e+03, max: 2.037e+05, mean: 2.806e+04
[Stage B] Prediction scale check (attempt 0): pred_median=2.011e+04, true_median=9.826e-02, ratio=2.046e+05
[Stage B] Warning: init scale_ratio extreme; rejecting candidate.
[Stage B]    Candidate (inv_poly) rejected at init (non-finite loss); trying next.
[Stage B]  Trying sqrt/invsqrt(poly) rewrite on NN leaf vars (1, 2), degree=2
[Stage B] Post-custom-init validation (attempt 0), batch 0, finite: 2000/2000, min: 3.049e+03, max: 2.726e+05, mean: 3.047e+04
[Stage B] Post-custom-init validation (attempt 0), batch 1, finite: 2000/2000, min: 3.028e+03, max: 2.212e+05, mean: 3.093e+04
[Stage B] Post-custom-init validation (attempt 0), batch 2, finite: 2000/2000, min: 3.983e+03, max: 2.037e+05, mean: 2.806e+04
[Stage B] Prediction scale check (attempt 0): pred_median=2.011e+04, true_median=9.826e-02, ratio=2.046e+05
[Stage B] Warning: init scale_ratio extreme; rejecting candidate.
[Stage B]    Candidate (sqrt_poly) rejected at init (non-finite loss); trying next.
[Stage B]  Trying sqrt/invsqrt(poly) rewrite on NN leaf vars (1, 2), degree=2 [coord=1/z]
[Stage B] Post-custom-init validation (attempt 0), batch 0, finite: 2000/2000, min: 3.051e+03, max: 2.726e+05, mean: 3.047e+04
[Stage B] Post-custom-init validation (attempt 0), batch 1, finite: 2000/2000, min: 3.030e+03, max: 2.213e+05, mean: 3.093e+04
[Stage B] Post-custom-init validation (attempt 0), batch 2, finite: 2000/2000, min: 3.985e+03, max: 2.037e+05, mean: 2.807e+04
[Stage B] Prediction scale check (attempt 0): pred_median=2.011e+04, true_median=9.826e-02, ratio=2.047e+05
[Stage B] Warning: init scale_ratio extreme; rejecting candidate.
[Stage B]    Candidate (sqrt_poly[z_inv]) rejected at init (non-finite loss); trying next.
[Stage B]  Skipping cf_combo (previously rejected on same target)
[Stage B]  Skipping cf_combo[z_inv] (previously rejected on same target)
[Stage B]  Skipping cf_combo[z_inv] (previously rejected on same target)
[Stage B]  Skipping cf_combo[z_inv] (previously rejected on same target)
[Stage B]  Skipping cf_combo[z_inv] (previously rejected on same target)
[Stage B]  Skipping cf_combo[z_inv] (previously rejected on same target)
[Stage B]  Skipping cf_combo[z_inv] (previously rejected on same target)
[Stage B]  Skipping cf_combo[z_inv] (previously rejected on same target)
[Stage B]  Skipping cf_combo[z_inv] (previously rejected on same target)
[Stage B]  Skipping cf_combo[z_inv] (previously rejected on same target)
[Stage B]  Skipping cf_combo[z_inv] (previously rejected on same target)
[Stage B]  Skipping cf_combo (previously rejected on same target)
[Stage B]  Skipping cf_combo (previously rejected on same target)
[Stage B]  Skipping cf_combo (previously rejected on same target)
[Stage B]  Skipping cf_combo (previously rejected on same target)
[Stage B]  Skipping cf_combo (previously rejected on same target)
[Stage B]  Skipping cf_combo (previously rejected on same target)
[Stage B]  Skipping cf_combo (previously rejected on same target)
[Stage B]  Skipping cf_combo (previously rejected on same target)
[Stage B]  Skipping cf_combo (previously rejected on same target)
[Stage B]  Precheck reject (duplicate-signature) rule=univariate_nn cand=sqrt_ratpoly_1d target=nn#leaf1 vars=(1, 2) sig=(960898949, 3, 1, 1, 1, -1, 1, 1) attempted=54
[Stage B]  Precheck reject (duplicate-signature) rule=univariate_nn cand=sqrt_ratpoly_1d[1] target=nn#leaf1 vars=(1, 2) sig=(960898949, 2, 1, 1, -1, 3, 1, 1, 1) attempted=54
[Stage B]  Precheck reject (duplicate-signature) rule=univariate_nn cand=sqrt_ratpoly_1d[2] target=nn#leaf1 vars=(1, 2) sig=(960898949, 2, 1, 1, -1, 4, 1, 1, 0, 1) attempted=54
[Stage B]  Precheck reject (duplicate-signature) rule=univariate_nn cand=sqrt_ratpoly_1d[3] target=nn#leaf1 vars=(1, 2) sig=(960898949, 3, 1, 1, 1, -1, 3, 1, 0, 1) attempted=54
[Stage B]  Precheck reject (duplicate-signature) rule=univariate_nn cand=sqrt_ratpoly_1d[4] target=nn#leaf1 vars=(1, 2) sig=(960898949, 4, 0, 1, 1, 1, -1, 2, 1, 1) attempted=54
[Stage B]  Precheck reject (duplicate-signature) rule=univariate_nn cand=sqrt_ratpoly_1d[5] target=nn#leaf1 vars=(1, 2) sig=(960898949, 4, 1, 0, 1, 1, -1, 2, 1, 1) attempted=54
[Stage B]  Precheck reject (duplicate-signature) rule=univariate_nn cand=sqrt_ratpoly_1d[6] target=nn#leaf1 vars=(1, 2) sig=(960898949, 5, 1, 1, 0, 1, 1, -1, 1, 1) attempted=54
[Stage B]  Precheck reject (duplicate-signature) rule=univariate_nn cand=sqrt_ratpoly_1d[7] target=nn#leaf1 vars=(1, 2) sig=(960898949, 4, 1, 0, 0, 1, -1, 3, 1, 1, 1) attempted=54
[Stage B]  Precheck reject (duplicate-signature) rule=univariate_nn cand=sqrt_ratpoly_1d[8] target=nn#leaf1 vars=(1, 2) sig=(960898949, 1, 1, -1, 5, 1, 1, 1, 1, 1) attempted=54
[Stage B]  Precheck reject (duplicate-signature) rule=univariate_nn cand=sqrt_ratpoly_1d[9] target=nn#leaf1 vars=(1, 2) sig=(960898949, 1, 1, -1, 3, 1, 1, 1) attempted=54
[Stage B]  Precheck reject (duplicate-signature) rule=univariate_nn cand=sqrt_ratpoly_1d[10] target=nn#leaf1 vars=(1, 2) sig=(960898949, 1, 1, -1, 4, 1, 1, 1, 1) attempted=54
[Stage B]  Precheck reject (duplicate-signature) rule=univariate_nn cand=sqrt_ratpoly_1d[11] target=nn#leaf1 vars=(1, 2) sig=(960898949, 2, 1, 1, -1, 3, 1, 1, 1) attempted=54
[Stage B]  Precheck reject (duplicate-signature) rule=univariate_nn cand=sqrt_ratpoly_1d[12] target=nn#leaf1 vars=(1, 2) sig=(960898949, 3, 1, 1, 1, -1, 2, 1, 1) attempted=54
[Stage B]  Precheck reject (duplicate-signature) rule=univariate_nn cand=sqrt_ratpoly_1d[13] target=nn#leaf1 vars=(1, 2) sig=(960898949, 3, 1, 1, 1, -1, 3, 1, 0, 1) attempted=54
[Stage B]  Precheck reject (duplicate-signature) rule=univariate_nn cand=sqrt_ratpoly_1d[14] target=nn#leaf1 vars=(1, 2) sig=(960898949, 3, 1, 1, 1, -1, 4, 1, 0, 0, 1) attempted=54
[Stage B]  Precheck reject (duplicate-signature) rule=univariate_nn cand=sqrt_ratpoly_1d[15] target=nn#leaf1 vars=(1, 2) sig=(960898949, 4, 1, 1, 0, 1, -1, 4, 1, 0, 0, 1) attempted=54
[Stage B]  Precheck reject (duplicate-signature) rule=univariate_nn cand=sqrt_ratpoly_1d[16] target=nn#leaf1 vars=(1, 2) sig=(960898949, 4, 1, 1, 0, 1, -1, 5, 1, 0, 0, 0, 1) attempted=54
[Stage B]  Precheck reject (duplicate-signature) rule=univariate_nn cand=sqrt_ratpoly_1d[17] target=nn#leaf1 vars=(1, 2) sig=(960898949, 1, 1, -1, 5, 1, 1, 1, 1, 1) attempted=54
[Stage B]  Precheck reject (duplicate-signature) rule=univariate_nn cand=sqrt_ratpoly_1d[18] target=nn#leaf1 vars=(1, 2) sig=(960898949, 4, 1, 1, 1, 1, -1, 2, 1, 1) attempted=54
[Stage B]  Precheck reject (duplicate-signature) rule=univariate_nn cand=sqrt_ratpoly_1d[19] target=nn#leaf1 vars=(1, 2) sig=(960898949, 5, 1, 1, 1, 1, 1, -1, 1, 1) attempted=54
[Stage B]  Precheck reject (duplicate-signature) rule=univariate_nn cand=sqrt_ratpoly_1d[20] target=nn#leaf1 vars=(1, 2) sig=(960898949, 2, 1, 1, -1, 5, 1, 1, 1, 1, 1) attempted=54
[Stage B]  Precheck reject (duplicate-signature) rule=univariate_nn cand=cbrt_ratpoly_1d target=nn#leaf1 vars=(1, 2) sig=(960898949, 2, 1, 1, -1, 3, 1, 0, 1, 330) attempted=54
[Stage B]  Precheck reject (duplicate-signature) rule=univariate_nn cand=cbrt_ratpoly_1d[1] target=nn#leaf1 vars=(1, 2) sig=(960898949, 3, 1, 1, 1, -1, 2, 1, 1, 330) attempted=54
[Stage B]  Precheck reject (duplicate-signature) rule=univariate_nn cand=cbrt_ratpoly_1d[2] target=nn#leaf1 vars=(1, 2) sig=(960898949, 4, 1, 1, 1, 1, -1, 1, 1, 330) attempted=54
[Stage B]  Precheck reject (duplicate-signature) rule=univariate_nn cand=cbrt_ratpoly_1d[3] target=nn#leaf1 vars=(1, 2) sig=(960898949, 4, 1, 0, 1, 1, -1, 2, 1, 1, 330) attempted=54
[Stage B]  Precheck reject (duplicate-signature) rule=univariate_nn cand=cbrt_ratpoly_1d[4] target=nn#leaf1 vars=(1, 2) sig=(960898949, 3, 1, 0, 1, -1, 4, 1, 1, 0, 1, 330) attempted=54
[Stage B]  Precheck reject (duplicate-signature) rule=univariate_nn cand=cbrt_ratpoly_1d[5] target=nn#leaf1 vars=(1, 2) sig=(960898949, 4, 0, 0, 1, 1, -1, 4, 1, 0, 1, 1, 330) attempted=54
[Stage B]  Precheck reject (duplicate-signature) rule=univariate_nn cand=cbrt_ratpoly_1d[6] target=nn#leaf1 vars=(1, 2) sig=(960898949, 1, 1, -1, 5, 1, 1, 1, 1, 1, 330) attempted=54
[Stage B]  Precheck reject (duplicate-signature) rule=univariate_nn cand=cbrt_ratpoly_1d[7] target=nn#leaf1 vars=(1, 2) sig=(960898949, 5, 0, 1, 1, 1, 1, -1, 2, 1, 1, 330) attempted=54
[Stage B]  Precheck reject (duplicate-signature) rule=univariate_nn cand=cbrt_ratpoly_1d[8] target=nn#leaf1 vars=(1, 2) sig=(960898949, 2, 1, 1, -1, 5, 1, 1, 1, 1, 1, 330) attempted=54
[Stage B]  Precheck reject (duplicate-signature) rule=univariate_nn cand=cbrt_ratpoly_1d[9] target=nn#leaf1 vars=(1, 2) sig=(960898949, 3, 1, 1, 1, -1, 5, 1, 1, 1, 1, 1, 330) attempted=54
[Stage B]  Precheck reject (duplicate-signature) rule=univariate_nn cand=cbrt_ratpoly_1d[10] target=nn#leaf1 vars=(1, 2) sig=(960898949, 5, 1, 1, 1, 1, 1, -1, 5, 1, 1, 1, 1, 1, 330) attempted=54
[Stage B]  Precheck reject (duplicate-signature) rule=univariate_nn cand=cbrt_ratpoly_1d[11] target=nn#leaf1 vars=(1, 2) sig=(960898949, 1, 1, -1, 4, 1, 1, 1, 1, -330) attempted=54
[Stage B]  Precheck reject (duplicate-signature) rule=univariate_nn cand=cbrt_ratpoly_1d[12] target=nn#leaf1 vars=(1, 2) sig=(960898949, 2, 1, 1, -1, 3, 1, 1, 1, -330) attempted=54
[Stage B]  Precheck reject (duplicate-signature) rule=univariate_nn cand=cbrt_ratpoly_1d[13] target=nn#leaf1 vars=(1, 2) sig=(960898949, 3, 1, 1, 1, -1, 2, 1, 1, -330) attempted=54
[Stage B]  Precheck reject (duplicate-signature) rule=univariate_nn cand=cbrt_ratpoly_1d[14] target=nn#leaf1 vars=(1, 2) sig=(960898949, 1, 1, -1, 5, 1, 1, 1, 1, 1, -330) attempted=54
[Stage B]  Precheck reject (duplicate-signature) rule=univariate_nn cand=cbrt_ratpoly_1d[15] target=nn#leaf1 vars=(1, 2) sig=(960898949, 2, 1, 1, -1, 4, 1, 1, 1, 1, -330) attempted=54
[Stage B]  Precheck reject (duplicate-signature) rule=univariate_nn cand=cbrt_ratpoly_1d[16] target=nn#leaf1 vars=(1, 2) sig=(960898949, 3, 1, 1, 1, -1, 3, 1, 1, 1, -330) attempted=54
[Stage B]  Precheck reject (duplicate-signature) rule=univariate_nn cand=cbrt_ratpoly_1d[17] target=nn#leaf1 vars=(1, 2) sig=(960898949, 4, 1, 1, 1, 1, -1, 2, 1, 1, -330) attempted=54
[Stage B]  Precheck reject (duplicate-signature) rule=univariate_nn cand=cbrt_ratpoly_1d[18] target=nn#leaf1 vars=(1, 2) sig=(960898949, 5, 1, 1, 1, 1, 1, -1, 1, 1, -330) attempted=54
[Stage B]  Precheck reject (duplicate-signature) rule=univariate_nn cand=cbrt_ratpoly_1d[19] target=nn#leaf1 vars=(1, 2) sig=(960898949, 2, 1, 1, -1, 5, 1, 1, 1, 1, 1, -330) attempted=54
[Stage B]  Precheck reject (duplicate-signature) rule=univariate_nn cand=cbrt_ratpoly_1d[20] target=nn#leaf1 vars=(1, 2) sig=(960898949, 3, 1, 1, 1, -1, 4, 1, 1, 1, 1, -330) attempted=54
[Stage B]  Precheck reject (duplicate-signature) rule=univariate_nn cand=cbrt_ratpoly_1d[21] target=nn#leaf1 vars=(1, 2) sig=(960898949, 4, 1, 1, 1, 1, -1, 3, 1, 1, 1, -330) attempted=54
[Stage B]  Precheck reject (duplicate-signature) rule=univariate_nn cand=cbrt_ratpoly_1d[22] target=nn#leaf1 vars=(1, 2) sig=(960898949, 3, 1, 1, 1, -1, 5, 1, 1, 1, 1, 1, -330) attempted=54
[Stage B]  Precheck reject (duplicate-signature) rule=univariate_nn cand=cbrt_ratpoly_1d[23] target=nn#leaf1 vars=(1, 2) sig=(960898949, 4, 1, 1, 1, 1, -1, 4, 1, 1, 1, 1, -330) attempted=54
[Stage B]  Precheck reject (duplicate-signature) rule=univariate_nn cand=ratpoly_1d target=nn#leaf1 vars=(1, 2) sig=(960898949, 1, 1, -1, 3, 1, 1, 1) attempted=54
[Stage B]  Precheck reject (duplicate-signature) rule=univariate_nn cand=ratpoly_1d[1] target=nn#leaf1 vars=(1, 2) sig=(960898949, 2, 1, 1, -1, 2, 1, 1) attempted=54
[Stage B]  Precheck reject (duplicate-signature) rule=univariate_nn cand=ratpoly_1d[2] target=nn#leaf1 vars=(1, 2) sig=(960898949, 3, 0, 1, 1, -1, 2, 1, 1) attempted=54
[Stage B]  Precheck reject (duplicate-signature) rule=univariate_nn cand=ratpoly_1d[3] target=nn#leaf1 vars=(1, 2) sig=(960898949, 3, 1, 0, 1, -1, 2, 1, 1) attempted=54
[Stage B]  Precheck reject (duplicate-signature) rule=univariate_nn cand=ratpoly_1d[4] target=nn#leaf1 vars=(1, 2) sig=(960898949, 1, 1, -1, 4, 1, 1, 1, 1) attempted=54
[Stage B]  Precheck reject (duplicate-signature) rule=univariate_nn cand=ratpoly_1d[5] target=nn#leaf1 vars=(1, 2) sig=(960898949, 2, 1, 1, -1, 3, 1, 1, 1) attempted=54
[Stage B]  Precheck reject (duplicate-signature) rule=univariate_nn cand=ratpoly_1d[6] target=nn#leaf1 vars=(1, 2) sig=(960898949, 4, 1, 1, 1, 1, -1, 1, 1) attempted=54
[Stage B]  Precheck reject (duplicate-signature) rule=univariate_nn cand=ratpoly_1d[7] target=nn#leaf1 vars=(1, 2) sig=(960898949, 1, 1, -1, 5, 1, 0, 1, 1, 1) attempted=54
[Stage B]  Precheck reject (duplicate-signature) rule=univariate_nn cand=ratpoly_1d[8] target=nn#leaf1 vars=(1, 2) sig=(960898949, 4, 1, 1, 0, 1, -1, 2, 1, 1) attempted=54
[Stage B]  Precheck reject (duplicate-signature) rule=univariate_nn cand=ratpoly_1d[9] target=nn#leaf1 vars=(1, 2) sig=(960898949, 4, 1, 0, 0, 1, -1, 3, 1, 1, 1) attempted=54
[Stage B]  Skipping exp (previously rejected on same target)
[Stage B]  Skipping exp[z_inv] (previously rejected on same target)
[Stage B]  Skipping exp_rat (previously rejected on same target)
[Stage B]  Skipping tanh (previously rejected on same target)
[Stage B]  Skipping tanh[z_inv] (previously rejected on same target)
[Stage B]  Trying trig on NN vars (1, 2), omega≈25.209, amp≈3.556
[Stage B] Initialising SinLinearLeaf for vars (1, 2), tag=leaf1
[Stage B] Post-custom-init validation (attempt 0), batch 0, finite: 2000/2000, min: -9.266e+03, max: 1.280e+04, mean: -5.740e+01
[Stage B] Post-custom-init validation (attempt 0), batch 1, finite: 2000/2000, min: -8.698e+03, max: 1.182e+04, mean: -1.225e+02
[Stage B] Post-custom-init validation (attempt 0), batch 2, finite: 2000/2000, min: -5.060e+03, max: 9.173e+03, mean: 1.607e+02
[Stage B] Prediction scale check (attempt 0): pred_median=5.290e+02, true_median=9.826e-02, ratio=5.384e+03
[Stage B] Warning: init scale_ratio extreme; rejecting candidate.
[Stage B]    Candidate (trig) rejected at init (non-finite loss); trying next.
[Stage B]  Trying trig on NN vars (1, 2), omega≈25.966, amp≈3.534 [coord=1/z]
[Stage B] Initialising SinLinearLeaf for vars (1, 2), tag=leaf1
[Stage B] Post-custom-init validation (attempt 0), batch 0, finite: 2000/2000, min: -9.570e+03, max: 1.308e+04, mean: -3.802e+01
[Stage B] Post-custom-init validation (attempt 0), batch 1, finite: 2000/2000, min: -1.061e+04, max: 1.098e+04, mean: 1.229e+01
[Stage B] Post-custom-init validation (attempt 0), batch 2, finite: 2000/2000, min: -4.720e+03, max: 8.787e+03, mean: 2.305e+02
[Stage B] Prediction scale check (attempt 0): pred_median=5.277e+02, true_median=9.826e-02, ratio=5.370e+03
[Stage B] Warning: init scale_ratio extreme; rejecting candidate.
[Stage B]    Candidate (trig[z_inv]) rejected at init (non-finite loss); trying next.
[Stage B]  Trying trig on NN vars (1, 2), omega≈4.000, amp≈3.534 [coord=1/z]
[Stage B] Initialising SinLinearLeaf for vars (1, 2), tag=leaf1
[Stage B] Post-custom-init validation (attempt 0), batch 0, finite: 2000/2000, min: -1.284e+04, max: -4.250e+01, mean: -9.421e+02
[Stage B] Post-custom-init validation (attempt 0), batch 1, finite: 2000/2000, min: -1.156e+04, max: -4.001e+01, mean: -9.514e+02
[Stage B] Post-custom-init validation (attempt 0), batch 2, finite: 2000/2000, min: -5.956e+03, max: 3.163e+03, mean: 2.739e+02
[Stage B] Prediction scale check (attempt 0): pred_median=4.025e+02, true_median=9.826e-02, ratio=4.097e+03
[Stage B] Warning: init scale_ratio extreme; rejecting candidate.
[Stage B]    Candidate (trig[z_inv]) rejected at init (non-finite loss); trying next.
[Stage B]  Trying trig on NN vars (1, 2), omega≈1.000, amp≈3.534 [coord=1/z]
[Stage B] Initialising SinLinearLeaf for vars (1, 2), tag=leaf1
[Stage B] Post-custom-init validation (attempt 0), batch 0, finite: 2000/2000, min: 7.701e+01, max: 8.335e+03, mean: 7.610e+02
[Stage B] Post-custom-init validation (attempt 0), batch 1, finite: 2000/2000, min: 7.917e+01, max: 7.348e+03, mean: 7.700e+02
[Stage B] Post-custom-init validation (attempt 0), batch 2, finite: 2000/2000, min: 4.333e+01, max: 3.790e+03, mean: 3.600e+02
[Stage B] Prediction scale check (attempt 0): pred_median=3.669e+02, true_median=9.826e-02, ratio=3.734e+03
[Stage B] Warning: init scale_ratio extreme; rejecting candidate.
[Stage B]    Candidate (trig[z_inv]) rejected at init (non-finite loss); trying next.
[Stage B]  Trying trig on NN vars (1, 2), omega≈12.983, amp≈3.534 [coord=1/z]
[Stage B] Initialising SinLinearLeaf for vars (1, 2), tag=leaf1
[Stage B] Post-custom-init validation (attempt 0), batch 0, finite: 2000/2000, min: -3.069e+03, max: 1.406e+04, mean: 9.265e+02
[Stage B] Post-custom-init validation (attempt 0), batch 1, finite: 2000/2000, min: -1.758e+03, max: 1.100e+04, mean: 9.635e+02
[Stage B] Post-custom-init validation (attempt 0), batch 2, finite: 2000/2000, min: -9.263e+03, max: 4.297e+03, mean: -8.639e+02
[Stage B] Prediction scale check (attempt 0): pred_median=5.552e+02, true_median=9.826e-02, ratio=5.650e+03
[Stage B] Warning: init scale_ratio extreme; rejecting candidate.
[Stage B]    Candidate (trig[z_inv]) rejected at init (non-finite loss); trying next.
[Stage B]  Trying trig on NN vars (1, 2), omega≈51.933, amp≈3.534 [coord=1/z]
[Stage B] Initialising SinLinearLeaf for vars (1, 2), tag=leaf1
[Stage B] Post-custom-init validation (attempt 0), batch 0, finite: 2000/2000, min: -1.480e+04, max: 8.839e+03, mean: -2.521e+01
[Stage B] Post-custom-init validation (attempt 0), batch 1, finite: 2000/2000, min: -1.220e+04, max: 1.076e+04, mean: 1.768e+01
[Stage B] Post-custom-init validation (attempt 0), batch 2, finite: 2000/2000, min: -9.016e+03, max: 7.197e+03, mean: -1.698e+02
[Stage B] Prediction scale check (attempt 0): pred_median=5.531e+02, true_median=9.826e-02, ratio=5.629e+03
[Stage B] Warning: init scale_ratio extreme; rejecting candidate.
[Stage B]    Candidate (trig[z_inv]) rejected at init (non-finite loss); trying next.
[Stage B]  Trying trig on NN vars (1, 2), omega≈4.000, amp≈3.556
[Stage B] Initialising SinLinearLeaf for vars (1, 2), tag=leaf1
[Stage B] Post-custom-init validation (attempt 0), batch 0, finite: 2000/2000, min: 2.329e+01, max: 8.134e+03, mean: 9.546e+02
[Stage B] Post-custom-init validation (attempt 0), batch 1, finite: 2000/2000, min: 3.125e+01, max: 9.075e+03, mean: 9.786e+02
[Stage B] Post-custom-init validation (attempt 0), batch 2, finite: 2000/2000, min: 3.170e+01, max: 9.509e+03, mean: 1.275e+03
[Stage B] Prediction scale check (attempt 0): pred_median=6.964e+02, true_median=9.826e-02, ratio=7.088e+03
[Stage B] Warning: init scale_ratio extreme; rejecting candidate.
[Stage B]    Candidate (trig) rejected at init (non-finite loss); trying next.
[Stage B]  Trying trig on NN vars (1, 2), omega≈1.000, amp≈3.556
[Stage B] Initialising SinLinearLeaf for vars (1, 2), tag=leaf1
[Stage B] Post-custom-init validation (attempt 0), batch 0, finite: 2000/2000, min: -7.014e+03, max: -7.283e+01, mean: -8.504e+02
[Stage B] Post-custom-init validation (attempt 0), batch 1, finite: 2000/2000, min: -6.409e+03, max: -7.430e+01, mean: -8.647e+02
[Stage B] Post-custom-init validation (attempt 0), batch 2, finite: 2000/2000, min: -6.521e+03, max: -9.743e+01, mean: -8.917e+02
[Stage B] Prediction scale check (attempt 0): pred_median=5.858e+02, true_median=9.826e-02, ratio=5.962e+03
[Stage B] Warning: init scale_ratio extreme; rejecting candidate.
[Stage B]    Candidate (trig) rejected at init (non-finite loss); trying next.
[Stage B]  Trying trig on NN vars (1, 2), omega≈12.605, amp≈3.556
[Stage B] Initialising SinLinearLeaf for vars (1, 2), tag=leaf1
[Stage B] Post-custom-init validation (attempt 0), batch 0, finite: 2000/2000, min: -1.075e+04, max: 3.704e+03, mean: -1.015e+03
[Stage B] Post-custom-init validation (attempt 0), batch 1, finite: 2000/2000, min: -1.023e+04, max: 3.267e+03, mean: -1.069e+03
[Stage B] Post-custom-init validation (attempt 0), batch 2, finite: 2000/2000, min: -4.649e+03, max: 6.001e+03, mean: 6.374e+02
[Stage B] Prediction scale check (attempt 0): pred_median=5.618e+02, true_median=9.826e-02, ratio=5.718e+03
[Stage B] Warning: init scale_ratio extreme; rejecting candidate.
[Stage B]    Candidate (trig) rejected at init (non-finite loss); trying next.
[Stage B]  Trying trig on NN vars (1, 2), omega≈50.419, amp≈3.556
[Stage B] Initialising SinLinearLeaf for vars (1, 2), tag=leaf1
[Stage B] Post-custom-init validation (attempt 0), batch 0, finite: 2000/2000, min: -8.950e+03, max: 1.383e+04, mean: 6.065e+01
[Stage B] Post-custom-init validation (attempt 0), batch 1, finite: 2000/2000, min: -9.843e+03, max: 9.813e+03, mean: 9.652e+01
[Stage B] Post-custom-init validation (attempt 0), batch 2, finite: 2000/2000, min: -9.159e+03, max: 8.753e+03, mean: -3.353e+01
[Stage B] Prediction scale check (attempt 0): pred_median=5.253e+02, true_median=9.826e-02, ratio=5.347e+03
[Stage B] Warning: init scale_ratio extreme; rejecting candidate.
[Stage B]    Candidate (trig) rejected at init (non-finite loss); trying next.
[Stage B]  Precheck reject (duplicate-signature) rule=univariate_nn cand=sinc_p2 target=nn#leaf1 vars=(1, 2) sig=(2, 2, 1, -1, -1, 0) attempted=54
[Stage B]  Precheck reject (duplicate-signature) rule=univariate_nn cand=sinc_p2[z_inv] target=nn#leaf1 vars=(1, 2) sig=(2, 2, 1, -1, -1, 0) attempted=54
[Stage B]  Trying affine trig (c + A*sin) on NN leaf vars (1, 2), omega≈25.209, amp≈3.556, offset≈66.299
[Stage B] Initialising SinLinearLeaf for vars (1, 2), tag=leaf1
[Stage B] Post-custom-init validation (attempt 0), batch 0, finite: 2000/2000, min: 3.332e+03, max: 3.000e+05, mean: 3.019e+04
[Stage B] Post-custom-init validation (attempt 0), batch 1, finite: 2000/2000, min: 3.313e+03, max: 2.518e+05, mean: 3.055e+04
[Stage B] Post-custom-init validation (attempt 0), batch 2, finite: 2000/2000, min: 3.916e+03, max: 1.810e+05, mean: 2.500e+04
[Stage B] Prediction scale check (attempt 0): pred_median=1.901e+04, true_median=9.826e-02, ratio=1.935e+05
[Stage B] Warning: init scale_ratio extreme; rejecting candidate.
[Stage B]    Candidate (affine_trig) rejected at init (non-finite loss); trying next.
[Stage B]  Trying affine trig (c + A*sin) on NN leaf vars (1, 2), omega≈25.966, amp≈3.534, offset≈66.751 [coord=1/z]
[Stage B] Initialising SinLinearLeaf for vars (1, 2), tag=leaf1
[Stage B] Post-custom-init validation (attempt 0), batch 0, finite: 2000/2000, min: 3.220e+03, max: 2.918e+05, mean: 3.042e+04
[Stage B] Post-custom-init validation (attempt 0), batch 1, finite: 2000/2000, min: 3.209e+03, max: 2.337e+05, mean: 3.089e+04
[Stage B] Post-custom-init validation (attempt 0), batch 2, finite: 2000/2000, min: 3.989e+03, max: 1.890e+05, mean: 2.524e+04
[Stage B] Prediction scale check (attempt 0): pred_median=1.912e+04, true_median=9.826e-02, ratio=1.946e+05
[Stage B] Warning: init scale_ratio extreme; rejecting candidate.
[Stage B]    Candidate (affine_trig[z_inv]) rejected at init (non-finite loss); trying next.
[Stage B]  Leaf-transform 'square' poly(deg=3): rms≈0.000
[Stage B] Post-custom-init validation (attempt 0), batch 0, finite: 2000/2000, min: 3.049e+03, max: 2.726e+05, mean: 3.047e+04
[Stage B] Post-custom-init validation (attempt 0), batch 1, finite: 2000/2000, min: 3.028e+03, max: 2.212e+05, mean: 3.093e+04
[Stage B] Post-custom-init validation (attempt 0), batch 2, finite: 2000/2000, min: 3.983e+03, max: 2.037e+05, mean: 2.806e+04
[Stage B] Prediction scale check (attempt 0): pred_median=2.011e+04, true_median=9.826e-02, ratio=2.046e+05
[Stage B] Warning: init scale_ratio extreme; rejecting candidate.
[Stage B]    Candidate (leaftr_square_poly3) rejected at init (non-finite loss); trying next.
[Stage B]  Leaf-transform 'square' poly(deg=3): rms≈0.000 [coord=1/z]
[Stage B] Post-custom-init validation (attempt 0), batch 0, finite: 2000/2000, min: 3.049e+03, max: 2.726e+05, mean: 3.047e+04
[Stage B] Post-custom-init validation (attempt 0), batch 1, finite: 2000/2000, min: 3.028e+03, max: 2.212e+05, mean: 3.093e+04
[Stage B] Post-custom-init validation (attempt 0), batch 2, finite: 2000/2000, min: 3.983e+03, max: 2.037e+05, mean: 2.806e+04
[Stage B] Prediction scale check (attempt 0): pred_median=2.011e+04, true_median=9.826e-02, ratio=2.046e+05
[Stage B] Warning: init scale_ratio extreme; rejecting candidate.
[Stage B]    Candidate (leaftr_square_poly3[z_inv]) rejected at init (non-finite loss); trying next.
[Stage B]  Leaf-transform 'sqrt' poly(deg=3): rms≈0.000
[Stage B] Post-custom-init validation (attempt 0), batch 0, finite: 2000/2000, min: 3.049e+03, max: 2.726e+05, mean: 3.047e+04
[Stage B] Post-custom-init validation (attempt 0), batch 1, finite: 2000/2000, min: 3.028e+03, max: 2.212e+05, mean: 3.093e+04
[Stage B] Post-custom-init validation (attempt 0), batch 2, finite: 2000/2000, min: 3.983e+03, max: 2.037e+05, mean: 2.806e+04
[Stage B] Prediction scale check (attempt 0): pred_median=2.011e+04, true_median=9.826e-02, ratio=2.046e+05
[Stage B] Warning: init scale_ratio extreme; rejecting candidate.
[Stage B]    Candidate (leaftr_sqrt_poly3) rejected at init (non-finite loss); trying next.
[Stage B]  Leaf-transform 'sqrt' poly(deg=3): rms≈0.000 [coord=1/z]
[Stage B] Post-custom-init validation (attempt 0), batch 0, finite: 2000/2000, min: 3.050e+03, max: 2.726e+05, mean: 3.047e+04
[Stage B] Post-custom-init validation (attempt 0), batch 1, finite: 2000/2000, min: 3.029e+03, max: 2.212e+05, mean: 3.093e+04
[Stage B] Post-custom-init validation (attempt 0), batch 2, finite: 2000/2000, min: 3.984e+03, max: 2.036e+05, mean: 2.806e+04
[Stage B] Prediction scale check (attempt 0): pred_median=2.011e+04, true_median=9.826e-02, ratio=2.046e+05
[Stage B] Warning: init scale_ratio extreme; rejecting candidate.
[Stage B]    Candidate (leaftr_sqrt_poly3[z_inv]) rejected at init (non-finite loss); trying next.
[Stage B]  Leaf-transform 'log' poly(deg=3): rms≈0.000
[Stage B] Post-custom-init validation (attempt 0), batch 0, finite: 2000/2000, min: 3.049e+03, max: 2.726e+05, mean: 3.047e+04
[Stage B] Post-custom-init validation (attempt 0), batch 1, finite: 2000/2000, min: 3.028e+03, max: 2.212e+05, mean: 3.093e+04
[Stage B] Post-custom-init validation (attempt 0), batch 2, finite: 2000/2000, min: 3.983e+03, max: 2.037e+05, mean: 2.806e+04
[Stage B] Prediction scale check (attempt 0): pred_median=2.011e+04, true_median=9.826e-02, ratio=2.046e+05
[Stage B] Warning: init scale_ratio extreme; rejecting candidate.
[Stage B]    Candidate (leaftr_log_poly3) rejected at init (non-finite loss); trying next.
[Stage B]  Leaf-transform 'log' poly(deg=3): rms≈0.000 [coord=1/z]
[Stage B] Post-custom-init validation (attempt 0), batch 0, finite: 2000/2000, min: 3.050e+03, max: 2.726e+05, mean: 3.047e+04
[Stage B] Post-custom-init validation (attempt 0), batch 1, finite: 2000/2000, min: 3.029e+03, max: 2.213e+05, mean: 3.093e+04
[Stage B] Post-custom-init validation (attempt 0), batch 2, finite: 2000/2000, min: 3.984e+03, max: 2.036e+05, mean: 2.806e+04
[Stage B] Prediction scale check (attempt 0): pred_median=2.010e+04, true_median=9.826e-02, ratio=2.046e+05
[Stage B] Warning: init scale_ratio extreme; rejecting candidate.
[Stage B]    Candidate (leaftr_log_poly3[z_inv]) rejected at init (non-finite loss); trying next.
[Stage B]  Trying 1D Expm1 rewrite on NN leaf vars (1, 2) [coord=1/z]
[Stage B custom_init Expm1] compound vars=(1, 2), a≈0.456, logA≈3.76
[Stage B] Post-custom-init validation (attempt 0), batch 0, finite: 2000/2000, min: 1.059e+03, max: 9.624e+04, mean: 1.130e+04
[Stage B] Post-custom-init validation (attempt 0), batch 1, finite: 2000/2000, min: 1.058e+03, max: 8.297e+04, mean: 1.147e+04
[Stage B] Post-custom-init validation (attempt 0), batch 2, finite: 2000/2000, min: 1.391e+03, max: 8.689e+04, mean: 1.192e+04
[Stage B] Prediction scale check (attempt 0): pred_median=7.802e+03, true_median=9.826e-02, ratio=7.940e+04
[Stage B] Warning: init scale_ratio extreme; rejecting candidate.
[Stage B]    Candidate (expm1[z_inv]) rejected at init (non-finite loss); trying next.
[Stage B] Rule log_ratio found 0 targets
[Stage B] Rule power_product found 0 targets
[Stage B] Rule joint_product_monomial_closure found 2 targets
[Stage B]   target order (arity-asc): [vars=?(arity=0), vars=?(arity=1)]
[Stage B]  joint_product_monomial_closure target: tags=('leaf0', 'leaf1'), supports=((0,), (1, 2)), compound=(False, True), fit_support=(0, 1, 2)
[Stage B]  joint_product_monomial_closure: no clean integer monomial for 2 NN factor(s), support=(0, 1, 2); reason=integer-snap-failed, n=5000, raw=[0.0723, -0.616, 0.618], snap=[0, -1, 1], snap_err=0.384
[Stage B]  joint_product_monomial_closure target: tags=('leaf0', 'leaf1'), supports=((0,), (1, 2)), compound=(False, True), fit_support=(0, 1, 2)
[Stage B]  joint_product_monomial_closure: no clean integer monomial for 2 NN factor(s), support=(0, 1, 2); reason=integer-snap-failed, n=5000, raw=[0.0723, -0.616, 0.618], snap=[0, -1, 1], snap_err=0.384
[Stage B] Rule overlap_prefactor_peel found 0 targets
[Stage B] Rule overlap_counterterm_peel found 0 targets
[Stage B] Rule common_prefactor found 0 targets
[Stage B] Rule additive_gauge_transfer found 0 targets
[Stage B] Rule multiplicative_homogeneity_transfer found 1 targets
[Stage B]   target order (arity-asc): [vars=?(arity=1)]
[Stage B] Rule univariate_mono found 2 targets
[Stage B]   target order (arity-asc): [vars=(0,)(arity=1), vars=(1, 2)(arity=1)]
[Stage B]  Greedy order (3 cands): monomial_deg1[z_inv](999p), monomial_deg2[z_inv](999p), monomial_deg3[z_inv](999p)
[Stage B]  Precheck reject (units: nn-output-unreachable leaf1 inputs=((x1 * (x2)**-1)) target=L^4*T^-8/3 basis=['dimless-only']) rule=univariate_mono cand=monomial_deg1[z_inv] target=nn#leaf0 vars=(0,) attempted=0
[Stage B]  Precheck reject (units: nn-output-unreachable leaf1 inputs=((x1 * (x2)**-1)) target=L^7*T^-14/3 basis=['dimless-only']) rule=univariate_mono cand=monomial_deg2[z_inv] target=nn#leaf0 vars=(0,) attempted=0
[Stage B]  Precheck reject (units: nn-output-unreachable leaf1 inputs=((x1 * (x2)**-1)) target=L^10*T^-20/3 basis=['dimless-only']) rule=univariate_mono cand=monomial_deg3[z_inv] target=nn#leaf0 vars=(0,) attempted=0
[Stage B]  Greedy order (6 cands): monomial_deg1(999p), monomial_deg1[z_inv](999p), monomial_deg2(999p), monomial_deg2[z_inv](999p), monomial_deg3(999p), monomial_deg3[z_inv](999p)
[Stage B]  Skipping monomial_deg1 (previously rejected on same target)
[Stage B]  Skipping monomial_deg1[z_inv] (previously rejected on same target)
[Stage B]  Skipping monomial_deg2 (previously rejected on same target)
[Stage B]  Skipping monomial_deg2[z_inv] (previously rejected on same target)
[Stage B]  Skipping monomial_deg3 (previously rejected on same target)
[Stage B]  Skipping monomial_deg3[z_inv] (previously rejected on same target)
[Stage B] Rule nn_leaf_separability found 0 targets
[Stage B] Rule counterterm_mul_split found 0 targets
[Stage B] Rule counterfactor_add_split found 0 targets
[Stage B] === Phase 1 complete: No more separabilities found ===
[Stage B] === Phase 2: Trying specialized patterns (after exhausting separability) ===
[Stage B]   target order (arity-asc): [vars=(0,)(arity=1), vars=(1, 2)(arity=1)]
[Stage B]  Greedy order (10 cands): cf_sharedpref_resid(1002p), cf_sharedpref_resid(1002p), cf_sharedpref_resid(1002p), cf_sharedpref_resid(1002p), cf_sharedpref_resid(1002p), cf_sharedpref_resid(1002p), cf_combo(1002p), cf_combo(1001p), cf_combo(1002p), cf_combo(1001p)
[Stage B]  Precheck reject (units: units-inconsistent (L)) rule=compound_fn_macros cand=cf_sharedpref_resid target=nn#leaf0 vars=(0,) attempted=0
[Stage B]  Precheck reject (units: units-inconsistent (L)) rule=compound_fn_macros cand=cf_sharedpref_resid target=nn#leaf0 vars=(0,) attempted=0
[Stage B]  Precheck reject (units: units-inconsistent (L)) rule=compound_fn_macros cand=cf_sharedpref_resid target=nn#leaf0 vars=(0,) attempted=0
[Stage B]  Precheck reject (units: units-inconsistent (L)) rule=compound_fn_macros cand=cf_sharedpref_resid target=nn#leaf0 vars=(0,) attempted=0
[Stage B]  Precheck reject (units: units-inconsistent (L)) rule=compound_fn_macros cand=cf_sharedpref_resid target=nn#leaf0 vars=(0,) attempted=0
[Stage B]  Precheck reject (units: units-inconsistent (L)) rule=compound_fn_macros cand=cf_sharedpref_resid target=nn#leaf0 vars=(0,) attempted=0
[Stage B]  Precheck reject (units: units-inconsistent (L)) rule=compound_fn_macros cand=cf_combo target=nn#leaf0 vars=(0,) attempted=0
[Stage B]  Precheck reject (units: units-inconsistent (L)) rule=compound_fn_macros cand=cf_combo target=nn#leaf0 vars=(0,) attempted=0
[Stage B]  Precheck reject (units: units-inconsistent (L)) rule=compound_fn_macros cand=cf_combo target=nn#leaf0 vars=(0,) attempted=0
[Stage B]  Precheck reject (units: units-inconsistent (L)) rule=compound_fn_macros cand=cf_combo target=nn#leaf0 vars=(0,) attempted=0
[Stage B]  Greedy order (10 cands): cf_combo(1002p), cf_combo(1001p), cf_combo(1002p), cf_combo(1001p), cf_combo(1002p), cf_combo(1001p), cf_combo(1002p), cf_combo(1001p), cf_combo(1002p), cf_combo(1001p)
[Stage B]  Trying tier-3 linear combo on NN leaf vars [1, 2], terms=['sqrt1p *(arg0)', 'one_minus_cos *((arg0*arg0^2))'], screen_r2=1.000, ok_frac=1.000
[info] dataloader for provider ASTCompositeAdaptor yields 3 batches (equivalent to a single batch up to floating-point roundoff; minor Python-loop overhead per batch).
[LM][bucket] solving P=387 (trivially separable union)
[Stage B]    Candidate (cf_combo): params=387, val-loss=7.1512e-06
[Stage B]    Reject (cf_combo): simpler-over-budget(thr=1.475e-10) | loss 1.201e-12->7.151e-06 (Δ+7.15e-06) | params 768->387 | cx (0, 0, 0)->(0, 0, 0)
[Stage B]  Skipping cf_combo (previously rejected on same target)
[Stage B]  Skipping cf_combo (previously rejected on same target)
[Stage B]  Skipping cf_combo (previously rejected on same target)
[Stage B]  Skipping cf_combo (previously rejected on same target)
[Stage B]  Skipping cf_combo (previously rejected on same target)
[Stage B]  Skipping cf_combo (previously rejected on same target)
[Stage B]  Skipping cf_combo (previously rejected on same target)
[Stage B]  Skipping cf_combo (previously rejected on same target)
[Stage B]  Skipping cf_combo (previously rejected on same target)
[Stage B]   target order (arity-asc): [vars=(0,)(arity=1), vars=(1, 2)(arity=1)]
[Stage B]  Greedy order (2 cands): chirp_cos_prod(1005p), trig_harmonics_1_3(1005p)
[Stage B]  Precheck reject (units: free_const 'leaf1_uinv_amp' is not declared in UnitsSpec.free_const_dims) rule=univariate_oracle_invariants cand=chirp_cos_prod target=nn#leaf1 vars=(1, 2) attempted=0
[Stage B]  Trying trig harmonics (1&3) on NN vars=(1, 2): omega≈0.4098, rel=5.54e-08
[Stage B] Post-custom-init validation (attempt 0), batch 0, finite: 2000/2000, min: 3.049e+03, max: 2.726e+05, mean: 3.047e+04
[Stage B] Post-custom-init validation (attempt 0), batch 1, finite: 2000/2000, min: 3.028e+03, max: 2.212e+05, mean: 3.093e+04
[Stage B] Post-custom-init validation (attempt 0), batch 2, finite: 2000/2000, min: 3.983e+03, max: 2.037e+05, mean: 2.806e+04
[Stage B] Prediction scale check (attempt 0): pred_median=2.011e+04, true_median=9.826e-02, ratio=2.046e+05
[Stage B] Warning: init scale_ratio extreme; rejecting candidate.
[Stage B]    Candidate (trig_harmonics_1_3) rejected at init (non-finite loss); trying next.
[Stage B]   target order (arity-asc): [vars=(0,)(arity=1), vars=(1, 2)(arity=1)]
[Stage B]  Greedy order (2 cands): logexp_dimless_input_log(1000p), logexp_dimless_input_exp(1000p)
[Stage B]  Trying log/exp compound closure dimless_input:log on NN vars=(1, 2): log((x1 * (x2)**-1))
[Stage B] Post-custom-init validation (attempt 0), batch 0, finite: 2000/2000, min: -2.403e+02, max: 5.343e+02, mean: 4.120e+00
[Stage B] Post-custom-init validation (attempt 0), batch 1, finite: 2000/2000, min: -2.373e+02, max: 4.799e+02, mean: 3.523e+00
[Stage B] Post-custom-init validation (attempt 0), batch 2, finite: 2000/2000, min: -5.414e+02, max: 2.432e+02, mean: -7.061e+01
[Stage B] Prediction scale check (attempt 0): pred_median=2.349e+01, true_median=9.826e-02, ratio=2.391e+02
[info] dataloader for provider ASTCompositeAdaptor yields 3 batches (equivalent to a single batch up to floating-point roundoff; minor Python-loop overhead per batch).
[LM][bucket] solving P=385 (trivially separable union)
Validation patience exceeded at epoch 601/2000, nval_worse=500
[Stage B]    Candidate (logexp_dimless_input_log): params=385, val-loss=2.1483e-02
[Stage B]    Reject (logexp_dimless_input_log): simpler-over-budget(thr=1.478e-10) | loss 1.201e-12->2.148e-02 (Δ+2.15e-02) | params 768->385 | cx (0, 0, 0)->(0, 0, 0)
[Stage B]  Trying log/exp compound closure dimless_input:exp on NN vars=(1, 2): exp((x1 * (x2)**-1))
[Stage B] Post-custom-init validation (attempt 0), batch 0, finite: 2000/2000, min: 1.439e+02, max: 1.299e+04, mean: 1.258e+03
[Stage B] Post-custom-init validation (attempt 0), batch 1, finite: 2000/2000, min: 1.443e+02, max: 1.136e+04, mean: 1.273e+03
[Stage B] Post-custom-init validation (attempt 0), batch 2, finite: 2000/2000, min: 1.412e+02, max: 6.183e+03, mean: 8.610e+02
[Stage B] Prediction scale check (attempt 0): pred_median=7.232e+02, true_median=9.826e-02, ratio=7.361e+03
[Stage B] Warning: init scale_ratio extreme; rejecting candidate.
[Stage B]    Candidate (logexp_dimless_input_exp) rejected at init (non-finite loss); trying next.
[Stage B]   target order (arity-asc): [vars=(0,)(arity=1), vars=(1, 2)(arity=1)]
[Stage B]  Greedy order (3 cands): r1_affine(1001p), r1_log_exp(1001p), r1_power_affine_p1_2(1001p)
[Stage B R1Cert] Trying r1_affine: identity(y)≈-44.7652*psi(z)+112.071, inverse=identity, rel=6.82e-05, dom=1.000, branch=1.000
[Stage B] Post-custom-init validation (attempt 0), batch 0, finite: 2000/2000, min: 3.049e+03, max: 2.726e+05, mean: 3.047e+04
[Stage B] Post-custom-init validation (attempt 0), batch 1, finite: 2000/2000, min: 3.029e+03, max: 2.212e+05, mean: 3.093e+04
[Stage B] Post-custom-init validation (attempt 0), batch 2, finite: 2000/2000, min: 3.983e+03, max: 2.037e+05, mean: 2.806e+04
[Stage B] Prediction scale check (attempt 0): pred_median=2.011e+04, true_median=9.826e-02, ratio=2.046e+05
[Stage B] Warning: init scale_ratio extreme; rejecting candidate.
[Stage B]    Candidate (r1_affine) rejected at init (non-finite loss); trying next.
[Stage B R1Cert] Trying r1_log_exp: log(y)≈-0.649678*psi(z)+4.85711, inverse=exp, rel=5.66e-04, dom=1.000, branch=1.000
[Stage B] Post-custom-init validation (attempt 0), batch 0, finite: 2000/2000, min: 3.065e+03, max: 2.731e+05, mean: 3.046e+04
[Stage B] Post-custom-init validation (attempt 0), batch 1, finite: 2000/2000, min: 3.040e+03, max: 2.223e+05, mean: 3.091e+04
[Stage B] Post-custom-init validation (attempt 0), batch 2, finite: 2000/2000, min: 3.999e+03, max: 2.041e+05, mean: 2.813e+04
[Stage B] Prediction scale check (attempt 0): pred_median=2.010e+04, true_median=9.826e-02, ratio=2.046e+05
[Stage B] Warning: init scale_ratio extreme; rejecting candidate.
[Stage B]    Candidate (r1_log_exp) rejected at init (non-finite loss); trying next.
[Stage B R1Cert] Trying r1_power_affine_p1_2: identity(y)≈-87.338*psi(z)+154.551, inverse=identity, rel=1.98e-03, dom=1.000, branch=1.000
[Stage B] Post-custom-init validation (attempt 0), batch 0, finite: 2000/2000, min: 3.063e+03, max: 2.731e+05, mean: 3.046e+04
[Stage B] Post-custom-init validation (attempt 0), batch 1, finite: 2000/2000, min: 3.039e+03, max: 2.222e+05, mean: 3.092e+04
[Stage B] Post-custom-init validation (attempt 0), batch 2, finite: 2000/2000, min: 3.997e+03, max: 2.040e+05, mean: 2.811e+04
[Stage B] Prediction scale check (attempt 0): pred_median=2.010e+04, true_median=9.826e-02, ratio=2.046e+05
[Stage B] Warning: init scale_ratio extreme; rejecting candidate.
[Stage B]    Candidate (r1_power_affine_p1_2) rejected at init (non-finite loss); trying next.
[Stage B]   target order (arity-asc): [vars=(0,)(arity=1), vars=(1, 2)(arity=1)]
[Stage B] RuleUnivariateMulPeel: detected [mu=0.02445] on NN vars=(0,)
[Stage B]  Greedy order (1 cands): exp_peel_nn_resid(2000p)
[Stage B]  Precheck reject (units: Atom kind 'exp_poly' expects dimensionless inputs; x0 has units L^3*T^-2) rule=univariate_mul_peel cand=exp_peel_nn_resid target=nn#leaf0 vars=(0,) attempted=0
[Stage B] RuleUnivariateMulPeel: detected [k=0.5+mu=-1.172] on NN vars=(1, 2)
[Stage B]  Greedy order (3 cands): mono_exp_peel(1003p), mono_peel_nn_resid(2000p), exp_peel_nn_resid(2000p)
[Stage B]  Trying mono*exp peel (k=0.5, mu=-1.172) on NN leaf vars (1, 2)
[Stage B] Post-custom-init validation (attempt 0), batch 0, finite: 2000/2000, min: 1.402e+01, max: 1.254e+03, mean: 1.402e+02
[Stage B] Post-custom-init validation (attempt 0), batch 1, finite: 2000/2000, min: 1.393e+01, max: 1.017e+03, mean: 1.423e+02
[Stage B] Post-custom-init validation (attempt 0), batch 2, finite: 2000/2000, min: 1.832e+01, max: 9.359e+02, mean: 1.289e+02
[Stage B] Prediction scale check (attempt 0): pred_median=9.243e+01, true_median=9.826e-02, ratio=9.406e+02
[info] dataloader for provider ASTCompositeAdaptor yields 3 batches (equivalent to a single batch up to floating-point roundoff; minor Python-loop overhead per batch).
[LM][bucket] solving P=388 (trivially separable union)
Stopping at epoch 201/2000, lm_opt.state['halt']=True, loss=5.5072e-08, loss_val=9.7597e-08
[Stage B]    Candidate (mono_exp_peel): params=388, val-loss=9.7597e-08
[Stage B]    Reject (mono_exp_peel): simpler-over-budget(thr=1.474e-10) | loss 1.201e-12->9.760e-08 (Δ+9.76e-08) | params 768->388 | cx (0, 0, 0)->(0, 0, 0)
[Stage B]  Trying mono-peel + NN residual (k=0.5) on NN leaf vars (1, 2)
[Stage B] Post-custom-init validation (attempt 0), batch 0, finite: 2000/2000, min: -4.413e+05, max: -5.022e+03, mean: -4.478e+04
[Stage B] Post-custom-init validation (attempt 0), batch 1, finite: 2000/2000, min: -3.758e+05, max: -4.999e+03, mean: -4.537e+04
[Stage B] Post-custom-init validation (attempt 0), batch 2, finite: 2000/2000, min: -2.408e+05, max: -5.520e+03, mean: -3.361e+04
[Stage B] Prediction scale check (attempt 0): pred_median=2.708e+04, true_median=9.826e-02, ratio=2.756e+05
[Stage B] Warning: init scale_ratio extreme; rejecting candidate.
[Stage B]    Candidate (mono_peel_nn_resid) rejected at init (non-finite loss); trying next.
[Stage B]  Trying exp-peel + NN residual (mu=-1.172) on NN leaf vars (1, 2)
[Stage B] Post-custom-init validation (attempt 0), batch 0, finite: 2000/2000, min: 2.800e+03, max: 2.551e+05, mean: 2.971e+04
[Stage B] Post-custom-init validation (attempt 0), batch 1, finite: 2000/2000, min: 2.802e+03, max: 2.160e+05, mean: 3.018e+04
[Stage B] Post-custom-init validation (attempt 0), batch 2, finite: 2000/2000, min: 3.682e+03, max: 2.181e+05, mean: 2.992e+04
[Stage B] Prediction scale check (attempt 0): pred_median=2.026e+04, true_median=9.826e-02, ratio=2.062e+05
[Stage B] Warning: init scale_ratio extreme; rejecting candidate.
[Stage B]    Candidate (exp_peel_nn_resid) rejected at init (non-finite loss); trying next.
[Stage B]   target order (arity-asc): [vars=(0,)(arity=1)]
[Stage B]  Greedy order (1 cands): precond_fallback_div(2000p)
[Stage B]  Precheck reject (units: poly leaf with unitful inputs requires homogeneous basis (min_total=degree=1), but got min_total=0) rule=preconditioner_fallback_nn cand=precond_fallback_div target=nn#leaf0 vars=(0,) attempted=0
[Stage B]   Backtrack: reverted accept (monomial_pow2_3[z_inv]), restored to loss=2.650e-10 (budget=2 remaining)
[Stage B] === Phase 1: Searching for separabilities (additive, multiplicative) ===
[Stage B] Rule nonsense_units_zero_prune found 0 targets
[Stage B] Rule monomial_peel_priority found 3 targets
[Stage B]   target order (arity-asc): [vars=(0,)(arity=1), vars=(1, 2)(arity=1), vars=(1,)(arity=1)]
[Stage B] monomial_peel_priority shortlist: monomial_deg1[z_inv]@nn#leaf1 vars=(1, 2) (k=-0.615, rel=0.0966); monomial_deg2[z_inv]@nn#leaf1 vars=(1, 2) (k=-0.615, rel=0.0966); monomial_deg1@nn#leaf1 vars=(1, 2) (k=-0.615, rel=0.0966); monomial_deg3[z_inv]@nn#leaf1 vars=(1, 2) (k=-0.615, rel=0.0966); monomial_deg2@nn#leaf1 vars=(1, 2) (k=-0.615, rel=0.0966); monomial_deg3@nn#leaf1 vars=(1, 2) (k=-0.615, rel=0.0966); monomial_deg1[z_inv]@nn#leaf2 vars=(1,) (k=0.453, rel=0.485); monomial_deg2[z_inv]@nn#leaf2 vars=(1,) (k=0.453, rel=0.485)
[Stage B] Rule monomial_peel_priority trying 12 globally ranked candidates
[Stage B]  Greedy order (1 cands): monomial_deg1[z_inv](1998p)
[Stage B]  Priority trying 1D monomial (c·x^1) rewrite on NN leaf vars (1, 2) [coord=1/z]
[Stage B] Initialising RPolyLeaf for vars (1, 2), tag=leaf1
[info] dataloader for provider ASTCompositeAdaptor yields 3 batches (equivalent to a single batch up to floating-point roundoff; minor Python-loop overhead per batch).
[LM][bucket] solving P=768 (trivially separable union)
Validation patience exceeded at epoch 601/2000, nval_worse=500
[Stage B]    Candidate (monomial_deg1[z_inv]): params=768, val-loss=5.0440e-04
[Stage B]    Reject (monomial_deg1[z_inv]): simpler-over-budget(thr=6.032e-10) | loss 2.650e-10->5.044e-04 (Δ+5.04e-04) | params 1152->768 | cx (0, 0, 0)->(0, 0, 0)
[Stage B]  Greedy order (1 cands): monomial_deg2[z_inv](1998p)
[Stage B]  Priority trying 1D monomial (c·x^2) rewrite on NN leaf vars (1, 2) [coord=1/z]
[Stage B] Initialising RPolyLeaf for vars (1, 2), tag=leaf1
[info] dataloader for provider ASTCompositeAdaptor yields 3 batches (equivalent to a single batch up to floating-point roundoff; minor Python-loop overhead per batch).
Validation patience exceeded at epoch 1101/2000, nval_worse=500
[Stage B]    Candidate (monomial_deg2[z_inv]): params=768, val-loss=2.4360e-03
[Stage B]    Reject (monomial_deg2[z_inv]): simpler-over-budget(thr=6.032e-10) | loss 2.650e-10->2.436e-03 (Δ+2.44e-03) | params 1152->768 | cx (0, 0, 0)->(0, 0, 0)
[Stage B]  Greedy order (1 cands): monomial_deg1(1998p)
[Stage B]  Priority trying 1D monomial (c·x^1) rewrite on NN leaf vars (1, 2)
[Stage B] Initialising RPolyLeaf for vars (1, 2), tag=leaf1
[info] dataloader for provider ASTCompositeAdaptor yields 3 batches (equivalent to a single batch up to floating-point roundoff; minor Python-loop overhead per batch).
[Stage B]    Candidate (monomial_deg1): params=768, val-loss=2.2225e-03
[Stage B]    Reject (monomial_deg1): simpler-over-budget(thr=6.032e-10) | loss 2.650e-10->2.222e-03 (Δ+2.22e-03) | params 1152->768 | cx (0, 0, 0)->(0, 0, 0)
[Stage B]  Greedy order (1 cands): monomial_deg3[z_inv](1998p)
[Stage B]  Priority trying 1D monomial (c·x^3) rewrite on NN leaf vars (1, 2) [coord=1/z]
[Stage B] Initialising RPolyLeaf for vars (1, 2), tag=leaf1
[info] dataloader for provider ASTCompositeAdaptor yields 3 batches (equivalent to a single batch up to floating-point roundoff; minor Python-loop overhead per batch).
Validation patience exceeded at epoch 701/2000, nval_worse=500
[Stage B]    Candidate (monomial_deg3[z_inv]): params=768, val-loss=5.0652e-03
[Stage B]    Reject (monomial_deg3[z_inv]): simpler-over-budget(thr=6.032e-10) | loss 2.650e-10->5.065e-03 (Δ+5.07e-03) | params 1152->768 | cx (0, 0, 0)->(0, 0, 0)
[Stage B]  Greedy order (1 cands): monomial_deg2(1998p)
[Stage B]  Priority trying 1D monomial (c·x^2) rewrite on NN leaf vars (1, 2)
[Stage B] Initialising RPolyLeaf for vars (1, 2), tag=leaf1
[info] dataloader for provider ASTCompositeAdaptor yields 3 batches (equivalent to a single batch up to floating-point roundoff; minor Python-loop overhead per batch).
Validation patience exceeded at epoch 1401/2000, nval_worse=500
[Stage B]    Candidate (monomial_deg2): params=768, val-loss=7.0453e-03
[Stage B]    Reject (monomial_deg2): simpler-over-budget(thr=6.032e-10) | loss 2.650e-10->7.045e-03 (Δ+7.05e-03) | params 1152->768 | cx (0, 0, 0)->(0, 0, 0)
[Stage B]  Greedy order (1 cands): monomial_deg3(1998p)
[Stage B]  Priority trying 1D monomial (c·x^3) rewrite on NN leaf vars (1, 2)
[Stage B] Initialising RPolyLeaf for vars (1, 2), tag=leaf1
[info] dataloader for provider ASTCompositeAdaptor yields 3 batches (equivalent to a single batch up to floating-point roundoff; minor Python-loop overhead per batch).
[Stage B]    Candidate (monomial_deg3): params=768, val-loss=1.4172e-02
[Stage B]    Reject (monomial_deg3): simpler-over-budget(thr=6.032e-10) | loss 2.650e-10->1.417e-02 (Δ+1.42e-02) | params 1152->768 | cx (0, 0, 0)->(0, 0, 0)
[Stage B]  Greedy order (1 cands): monomial_deg1[z_inv](1998p)
[Stage B]  Priority trying 1D monomial (c·x^1) rewrite on NN leaf vars (1,) [coord=1/z]
[Stage B] Initialising RPolyLeaf for vars (1,), tag=leaf2
[info] dataloader for provider ASTCompositeAdaptor yields 3 batches (equivalent to a single batch up to floating-point roundoff; minor Python-loop overhead per batch).
Validation patience exceeded at epoch 601/2000, nval_worse=500
[Stage B]    Candidate (monomial_deg1[z_inv]): params=768, val-loss=2.5828e-03
[Stage B]    Reject (monomial_deg1[z_inv]): simpler-over-budget(thr=6.032e-10) | loss 2.650e-10->2.583e-03 (Δ+2.58e-03) | params 1152->768 | cx (0, 0, 0)->(0, 0, 0)
[Stage B]  Greedy order (1 cands): monomial_deg2[z_inv](1998p)
[Stage B]  Priority trying 1D monomial (c·x^2) rewrite on NN leaf vars (1,) [coord=1/z]
[Stage B] Initialising RPolyLeaf for vars (1,), tag=leaf2
[info] dataloader for provider ASTCompositeAdaptor yields 3 batches (equivalent to a single batch up to floating-point roundoff; minor Python-loop overhead per batch).
Validation patience exceeded at epoch 801/2000, nval_worse=500
[Stage B]    Candidate (monomial_deg2[z_inv]): params=768, val-loss=1.7016e-02
[Stage B]    Reject (monomial_deg2[z_inv]): simpler-over-budget(thr=6.032e-10) | loss 2.650e-10->1.702e-02 (Δ+1.70e-02) | params 1152->768 | cx (0, 0, 0)->(0, 0, 0)
[Stage B]  Greedy order (1 cands): monomial_deg3[z_inv](1998p)
[Stage B]  Priority trying 1D monomial (c·x^3) rewrite on NN leaf vars (1,) [coord=1/z]
[Stage B] Initialising RPolyLeaf for vars (1,), tag=leaf2
[info] dataloader for provider ASTCompositeAdaptor yields 3 batches (equivalent to a single batch up to floating-point roundoff; minor Python-loop overhead per batch).
Validation patience exceeded at epoch 801/2000, nval_worse=500
[Stage B]    Candidate (monomial_deg3[z_inv]): params=768, val-loss=2.7791e-02
[Stage B]    Reject (monomial_deg3[z_inv]): simpler-over-budget(thr=6.032e-10) | loss 2.650e-10->2.779e-02 (Δ+2.78e-02) | params 1152->768 | cx (0, 0, 0)->(0, 0, 0)
[Stage B]  Greedy order (1 cands): monomial_deg1[z_inv](1998p)
[Stage B]  Priority trying 1D monomial (c·x^1) rewrite on NN leaf vars (0,) [coord=1/z]
[Stage B] Initialising RPolyLeaf for vars (0,), tag=leaf0
[info] dataloader for provider ASTCompositeAdaptor yields 3 batches (equivalent to a single batch up to floating-point roundoff; minor Python-loop overhead per batch).
Validation patience exceeded at epoch 801/2000, nval_worse=500
[Stage B]    Candidate (monomial_deg1[z_inv]): params=768, val-loss=7.1861e-02
[Stage B]    Reject (monomial_deg1[z_inv]): simpler-over-budget(thr=6.032e-10) | loss 2.650e-10->7.186e-02 (Δ+7.19e-02) | params 1152->768 | cx (0, 0, 0)->(0, 0, 0)
[Stage B]  Greedy order (1 cands): monomial_deg2[z_inv](1998p)
[Stage B]  Priority trying 1D monomial (c·x^2) rewrite on NN leaf vars (0,) [coord=1/z]
[Stage B] Initialising RPolyLeaf for vars (0,), tag=leaf0
[info] dataloader for provider ASTCompositeAdaptor yields 3 batches (equivalent to a single batch up to floating-point roundoff; minor Python-loop overhead per batch).
Validation patience exceeded at epoch 601/2000, nval_worse=500
[Stage B]    Candidate (monomial_deg2[z_inv]): params=768, val-loss=7.2406e-02
[Stage B]    Reject (monomial_deg2[z_inv]): simpler-over-budget(thr=6.032e-10) | loss 2.650e-10->7.241e-02 (Δ+7.24e-02) | params 1152->768 | cx (0, 0, 0)->(0, 0, 0)
[Stage B]  Greedy order (1 cands): monomial_deg3[z_inv](1998p)
[Stage B]  Priority trying 1D monomial (c·x^3) rewrite on NN leaf vars (0,) [coord=1/z]
[Stage B] Initialising RPolyLeaf for vars (0,), tag=leaf0
[info] dataloader for provider ASTCompositeAdaptor yields 3 batches (equivalent to a single batch up to floating-point roundoff; minor Python-loop overhead per batch).
Validation patience exceeded at epoch 601/2000, nval_worse=500
[Stage B]    Candidate (monomial_deg3[z_inv]): params=768, val-loss=7.2517e-02
[Stage B]    Reject (monomial_deg3[z_inv]): simpler-over-budget(thr=6.032e-10) | loss 2.650e-10->7.252e-02 (Δ+7.25e-02) | params 1152->768 | cx (0, 0, 0)->(0, 0, 0)
[Stage B] Rule subtree_separability found 0 targets
[Stage B] Rule last_hard_trig_square found 0 targets
[Stage B] Rule univariate_nn found 3 targets
[Stage B]   target order (arity-asc): [vars=(0,)(arity=1), vars=(1, 2)(arity=1), vars=(1,)(arity=1)]
[Stage B]  one_minus_cos_over_z2 skip NN vars (0,): no trig hint
[Stage B] ratpoly_1d degree probe: no valid pairs, falling back to unconstrained grid, vars=(0,)
[Stage B] ratpoly_1d rejected: best rel_rms=0.0061 > 0.001, deg=(4,2), vars=(0,)
[Stage B] ratpoly_1d degree probe: no valid pairs, falling back to unconstrained grid, vars=(0,)
[Stage B] ratpoly_1d rejected: best rel_rms=0.0038 > 0.001, deg=(2,4), vars=(0,)
[Stage B] ratpoly_1d degree probe: 8 valid pair(s), min_deg=(1,0), vars=(0,)
[Stage B] ratpoly_1d rejected: best rel_rms=0.4618 > 0.001, deg=(1,0), vars=(0,)
[Stage B] ratpoly_1d degree probe: 8 valid pair(s), min_deg=(0,1), vars=(0,)
[Stage B] ratpoly_1d rejected: best rel_rms=14.4528 > 0.001, deg=(7,8), vars=(0,)
[Stage B]  one_minus_cos_over_z2 skip NN vars (0,): no trig hint
[Stage B] ratpoly_1d degree probe: no valid pairs, falling back to unconstrained grid, vars=(0,)
[Stage B] ratpoly_1d rejected: best rel_rms=0.7186 > 0.001, deg=(4,4), vars=(0,)
[Stage B] ratpoly_1d degree probe: no valid pairs, falling back to unconstrained grid, vars=(0,)
[Stage B] ratpoly_1d rejected: best rel_rms=0.0484 > 0.001, deg=(4,1), vars=(0,)
[Stage B] ratpoly_1d degree probe: 8 valid pair(s), min_deg=(0,1), vars=(0,)
[Stage B] ratpoly_1d rejected: best rel_rms=23.6484 > 0.001, deg=(0,1), vars=(0,)
[Stage B] ratpoly_1d degree probe: 8 valid pair(s), min_deg=(1,0), vars=(0,)
[Stage B] ratpoly_1d rejected: best rel_rms=2.4440 > 0.001, deg=(1,0), vars=(0,)
[Stage B] RuleUniNN proposing 13 candidates for NN vars=(0,): ['monomial_deg1', 'monomial_deg2', 'monomial_deg3', 'cf_sharedpref_resid', 'cf_combo', 'cf_combo', 'cf_combo', 'cf_combo', 'cf_combo', 'cf_combo', 'cf_combo', 'cf_combo', 'cf_combo']
[Stage B] RuleUniNN proposing 14 candidates for NN vars=(0,): ['scale', 'monomial_deg1[z_inv]', 'monomial_deg2[z_inv]', 'monomial_deg3[z_inv]', 'cf_sharedpref_resid[z_inv]', 'cf_combo[z_inv]', 'cf_combo[z_inv]', 'cf_combo[z_inv]', 'cf_combo[z_inv]', 'cf_combo[z_inv]', 'cf_combo[z_inv]', 'cf_combo[z_inv]', 'cf_combo[z_inv]', 'cf_combo[z_inv]']
[Stage B]  Greedy order (14 cands): scale(2000p), monomial_deg1[z_inv](1999p), monomial_deg2[z_inv](1999p), monomial_deg3[z_inv](1999p), cf_sharedpref_resid[z_inv](2001p), cf_combo[z_inv](2001p), cf_combo[z_inv](2000p), cf_combo[z_inv](2001p), cf_combo[z_inv](2000p), cf_combo[z_inv](2001p), cf_combo[z_inv](2000p), cf_combo[z_inv](2001p), cf_combo[z_inv](2000p), cf_combo[z_inv](2001p)
[Stage B]  Trying scaling rewrite on NN leaf vars (0,), k≈0.333
[Stage B] Initialising PowerLeaf for vars (0,), tag=leaf0
[info] dataloader for provider ASTCompositeAdaptor yields 3 batches (equivalent to a single batch up to floating-point roundoff; minor Python-loop overhead per batch).
[LM][bucket] solving P=770 (trivially separable union)
Stopping at epoch 301/2000, lm_opt.state['halt']=True, loss=1.7450e-11, loss_val=3.2205e-11
[Stage B]    Candidate (scale): params=770, val-loss=3.2205e-11
[Stage B]    [32mAccepted[0m rewrite (scale, loss-below-floor-simpler)
[Stage B]    NN metrics: total=2, multivar=0, max_arity=1
[Stage B]    Current: [35mpower0(x0) * nn0(z=(x1 * x2^-1)) * nn1(x1)[0m
[Stage B] === Phase 1: Searching for separabilities (additive, multiplicative) ===
[Stage B] Rule nonsense_units_zero_prune found 0 targets
[Stage B] Rule monomial_peel_priority found 2 targets
[Stage B]   target order (arity-asc): [vars=(1, 2)(arity=1), vars=(1,)(arity=1)]
[Stage B] monomial_peel_priority shortlist: monomial_deg1[z_inv]@nn#leaf1 vars=(1, 2) (k=-0.0129, rel=0.0671); monomial_deg1@nn#leaf1 vars=(1, 2) (k=-0.0129, rel=0.0671); monomial_deg2[z_inv]@nn#leaf1 vars=(1, 2) (k=-0.0129, rel=0.0671); monomial_deg2@nn#leaf1 vars=(1, 2) (k=-0.0129, rel=0.0671); monomial_deg3[z_inv]@nn#leaf1 vars=(1, 2) (k=-0.0129, rel=0.0671); monomial_deg3@nn#leaf1 vars=(1, 2) (k=-0.0129, rel=0.0671); monomial_deg1[z_inv]@nn#leaf2 vars=(1,) (k=1.2, rel=0.368); monomial_deg2[z_inv]@nn#leaf2 vars=(1,) (k=1.2, rel=0.368)
[Stage B] Rule monomial_peel_priority trying 9 globally ranked candidates
[Stage B]  Greedy order (1 cands): monomial_deg1[z_inv](1001p)
[Stage B]  Priority trying 1D monomial (c·x^1) rewrite on NN leaf vars (1, 2) [coord=1/z]
[Stage B] Initialising RPolyLeaf for vars (1, 2), tag=leaf1
[info] dataloader for provider ASTCompositeAdaptor yields 3 batches (equivalent to a single batch up to floating-point roundoff; minor Python-loop overhead per batch).
[LM][bucket] solving P=386 (trivially separable union)
Validation patience exceeded at epoch 601/2000, nval_worse=500
[Stage B]    Candidate (monomial_deg1[z_inv]): params=386, val-loss=4.9809e-04
[Stage B]    Reject (monomial_deg1[z_inv]): simpler-over-budget(thr=6.571e-10) | loss 3.220e-11->4.981e-04 (Δ+4.98e-04) | params 770->386 | cx (0, 0, 0)->(0, 0, 0)
[Stage B]  Greedy order (1 cands): monomial_deg1(1001p)
[Stage B]  Priority trying 1D monomial (c·x^1) rewrite on NN leaf vars (1, 2)
[Stage B] Initialising RPolyLeaf for vars (1, 2), tag=leaf1
[info] dataloader for provider ASTCompositeAdaptor yields 3 batches (equivalent to a single batch up to floating-point roundoff; minor Python-loop overhead per batch).
Validation patience exceeded at epoch 801/2000, nval_worse=500
[Stage B]    Candidate (monomial_deg1): params=386, val-loss=2.2511e-03
[Stage B]    Reject (monomial_deg1): simpler-over-budget(thr=6.571e-10) | loss 3.220e-11->2.251e-03 (Δ+2.25e-03) | params 770->386 | cx (0, 0, 0)->(0, 0, 0)
[Stage B]  Greedy order (1 cands): monomial_deg2[z_inv](1001p)
[Stage B]  Priority trying 1D monomial (c·x^2) rewrite on NN leaf vars (1, 2) [coord=1/z]
[Stage B] Initialising RPolyLeaf for vars (1, 2), tag=leaf1
[info] dataloader for provider ASTCompositeAdaptor yields 3 batches (equivalent to a single batch up to floating-point roundoff; minor Python-loop overhead per batch).
Validation patience exceeded at epoch 801/2000, nval_worse=500
[Stage B]    Candidate (monomial_deg2[z_inv]): params=386, val-loss=2.4713e-03
[Stage B]    Reject (monomial_deg2[z_inv]): simpler-over-budget(thr=6.571e-10) | loss 3.220e-11->2.471e-03 (Δ+2.47e-03) | params 770->386 | cx (0, 0, 0)->(0, 0, 0)
[Stage B]  Greedy order (1 cands): monomial_deg2(1001p)
[Stage B]  Priority trying 1D monomial (c·x^2) rewrite on NN leaf vars (1, 2)
[Stage B] Initialising RPolyLeaf for vars (1, 2), tag=leaf1
[info] dataloader for provider ASTCompositeAdaptor yields 3 batches (equivalent to a single batch up to floating-point roundoff; minor Python-loop overhead per batch).
Validation patience exceeded at epoch 801/2000, nval_worse=500
[Stage B]    Candidate (monomial_deg2): params=386, val-loss=7.1893e-03
[Stage B]    Reject (monomial_deg2): simpler-over-budget(thr=6.571e-10) | loss 3.220e-11->7.189e-03 (Δ+7.19e-03) | params 770->386 | cx (0, 0, 0)->(0, 0, 0)
[Stage B]  Greedy order (1 cands): monomial_deg3[z_inv](1001p)
[Stage B]  Priority trying 1D monomial (c·x^3) rewrite on NN leaf vars (1, 2) [coord=1/z]
[Stage B] Initialising RPolyLeaf for vars (1, 2), tag=leaf1
[info] dataloader for provider ASTCompositeAdaptor yields 3 batches (equivalent to a single batch up to floating-point roundoff; minor Python-loop overhead per batch).
Validation patience exceeded at epoch 901/2000, nval_worse=500
[Stage B]    Candidate (monomial_deg3[z_inv]): params=386, val-loss=4.9883e-03
[Stage B]    Reject (monomial_deg3[z_inv]): simpler-over-budget(thr=6.571e-10) | loss 3.220e-11->4.988e-03 (Δ+4.99e-03) | params 770->386 | cx (0, 0, 0)->(0, 0, 0)
[Stage B]  Greedy order (1 cands): monomial_deg3(1001p)
[Stage B]  Priority trying 1D monomial (c·x^3) rewrite on NN leaf vars (1, 2)
[Stage B] Initialising RPolyLeaf for vars (1, 2), tag=leaf1
[info] dataloader for provider ASTCompositeAdaptor yields 3 batches (equivalent to a single batch up to floating-point roundoff; minor Python-loop overhead per batch).
Validation patience exceeded at epoch 1601/2000, nval_worse=500
[Stage B]    Candidate (monomial_deg3): params=386, val-loss=1.4440e-02
[Stage B]    Reject (monomial_deg3): simpler-over-budget(thr=6.571e-10) | loss 3.220e-11->1.444e-02 (Δ+1.44e-02) | params 770->386 | cx (0, 0, 0)->(0, 0, 0)
[Stage B]  Greedy order (1 cands): monomial_deg1[z_inv](1001p)
[Stage B]  Precheck reject (units: nn-output-unreachable leaf1 inputs=((x1 * (x2)**-1)) target=T^-1/3 basis=['dimless-only']) rule=monomial_peel_priority cand=monomial_deg1[z_inv] target=nn#leaf2 vars=(1,) attempted=0
[Stage B]  Greedy order (1 cands): monomial_deg2[z_inv](1001p)
[Stage B]  Precheck reject (units: nn-output-unreachable leaf1 inputs=((x1 * (x2)**-1)) target=T^-4/3 basis=['dimless-only']) rule=monomial_peel_priority cand=monomial_deg2[z_inv] target=nn#leaf2 vars=(1,) attempted=0
[Stage B]  Greedy order (1 cands): monomial_deg3[z_inv](1001p)
[Stage B]  Precheck reject (units: nn-output-unreachable leaf1 inputs=((x1 * (x2)**-1)) target=T^-7/3 basis=['dimless-only']) rule=monomial_peel_priority cand=monomial_deg3[z_inv] target=nn#leaf2 vars=(1,) attempted=0
[Stage B] Rule subtree_separability found 0 targets
[Stage B] Rule last_hard_trig_square found 0 targets
[Stage B] Rule univariate_nn found 2 targets
[Stage B]   target order (arity-asc): [vars=(1, 2)(arity=1), vars=(1,)(arity=1)]
[Stage B] symexp_denom_1d accepted: rel_rms=0.0000, scale≈-990, linear≈0.0418, compound vars=(1, 2)
[Stage B] symexp_denom_1d_recip rejected: rel_rms=0.1048 > 0.05, compound vars=(1, 2)
[Stage B] inv_poly: using degree-probe monomials, 3 valid terms, vars=(1, 2)
[Stage B] inv_poly probe: 2 sub-threshold trial(s) for vars=(1, 2): deg=1 rms=0.0000 n=2, deg=2 rms=0.0000 n=3
[Stage B] sqrt_poly: degree-probe active, sqrt=3 terms (probed=True), inv=3 terms (probed=True), vars=(1, 2)
[Stage B]  one_minus_cos_over_z2 skip NN vars (1, 2): screen failed for z=(x1 * (x2)**-1); exact best rel=1.96e+00 at omega≈0.5; affine best rel=5.15e-01, offset_rel=1.31e-03 at omega≈0.5; thresholds rel<=2.00e-02, offset_rel<=1.50e-01
[Stage B]  sparse_factor_1d skip NN vars (1, 2): screen failed for z=(x1 * (x2)**-1); best rel=8.56e-01, threshold=2.00e-02
[Stage B] ratpoly_1d degree probe: 1 valid pair(s), min_deg=(0,0), vars=(1, 2)
[Stage B] ratpoly_1d probe: 13 sub-threshold trial(s) for vars=(1, 2): deg=(0,2)->(0,2) nnz=(1,3) rms=0.0000, deg=(2,2)->(2,1) nnz=(2,2) rms=0.0006, deg=(0,3)->(0,3) nnz=(1,4) rms=0.0000, deg=(1,2)->(1,2) nnz=(2,3) rms=0.0000, deg=(4,1)->(4,1) nnz=(3,2) rms=0.0000, deg=(2,4)->(2,4) nnz=(2,3) rms=0.0000, deg=(0,4)->(0,4) nnz=(1,5) rms=0.0000, deg=(1,4)->(1,4) nnz=(2,5) rms=0.0000, deg=(2,3)->(2,3) nnz=(3,4) rms=0.0000, deg=(3,2)->(3,2) nnz=(4,3) rms=0.0000, deg=(3,3)->(3,3) nnz=(4,4) rms=0.0000, deg=(4,3)->(4,3) nnz=(5,4) rms=0.0000, deg=(4,4)->(4,4) nnz=(5,5) rms=0.0000
[Stage B] ratpoly_1d degree probe: 1 valid pair(s), min_deg=(0,0), vars=(1, 2)
[Stage B] ratpoly_1d probe: 10 sub-threshold trial(s) for vars=(1, 2): deg=(0,2)->(0,2) nnz=(1,3) rms=0.0000, deg=(1,1)->(1,1) nnz=(2,2) rms=0.0001, deg=(2,1)->(2,0) nnz=(3,1) rms=0.0000, deg=(0,3)->(0,3) nnz=(1,4) rms=0.0000, deg=(1,2)->(1,2) nnz=(2,3) rms=0.0000, deg=(0,4)->(0,4) nnz=(1,5) rms=0.0000, deg=(1,3)->(1,3) nnz=(2,4) rms=0.0000, deg=(3,1)->(3,1) nnz=(4,2) rms=0.0000, deg=(1,4)->(1,4) nnz=(2,5) rms=0.0000, deg=(3,2)->(3,2) nnz=(4,3) rms=0.0000
[Stage B] ratpoly_1d degree probe: 1 valid pair(s), min_deg=(0,0), vars=(1, 2)
[Stage B] ratpoly_1d probe: 12 sub-threshold trial(s) for vars=(1, 2): deg=(0,2)->(0,2) nnz=(1,3) rms=0.0000, deg=(2,2)->(2,1) nnz=(2,2) rms=0.0005, deg=(0,3)->(0,3) nnz=(1,4) rms=0.0000, deg=(3,3)->(2,2) nnz=(2,3) rms=0.0000, deg=(4,4)->(1,4) nnz=(1,4) rms=0.0000, deg=(0,4)->(0,4) nnz=(1,5) rms=0.0000, deg=(1,3)->(1,3) nnz=(2,4) rms=0.0000, deg=(1,4)->(1,4) nnz=(2,5) rms=0.0000, deg=(2,3)->(2,3) nnz=(3,4) rms=0.0000, deg=(2,4)->(2,4) nnz=(3,5) rms=0.0000, deg=(4,2)->(4,2) nnz=(5,3) rms=0.0000, deg=(3,4)->(3,4) nnz=(4,5) rms=0.0000
[Stage B] ratpoly_1d degree probe: 1 valid pair(s), min_deg=(0,0), vars=(1, 2)
[Stage B] ratpoly_1d probe: 9 sub-threshold trial(s) for vars=(1, 2): deg=(0,2)->(0,2) nnz=(1,3) rms=0.0000, deg=(1,1)->(1,1) nnz=(2,2) rms=0.0001, deg=(2,1)->(2,0) nnz=(3,1) rms=0.0000, deg=(0,3)->(0,3) nnz=(1,4) rms=0.0000, deg=(1,2)->(1,2) nnz=(2,3) rms=0.0000, deg=(0,4)->(0,4) nnz=(1,5) rms=0.0000, deg=(1,3)->(1,3) nnz=(2,4) rms=0.0000, deg=(3,1)->(3,1) nnz=(4,2) rms=0.0000, deg=(3,2)->(3,2) nnz=(4,3) rms=0.0000
[Stage B] ratpoly_1d degree probe: 1 valid pair(s), min_deg=(0,0), vars=(1, 2)
[Stage B] ratpoly_1d probe: 16 sub-threshold trial(s) for vars=(1, 2): deg=(0,1)->(0,1) nnz=(1,2) rms=0.0083, deg=(1,3)->(0,2) nnz=(1,3) rms=0.0000, deg=(1,1)->(1,1) nnz=(2,2) rms=0.0001, deg=(3,1)->(2,1) nnz=(2,2) rms=0.0000, deg=(4,1)->(2,1) nnz=(2,2) rms=0.0007, deg=(0,3)->(0,3) nnz=(1,4) rms=0.0000, deg=(1,2)->(1,2) nnz=(2,3) rms=0.0008, deg=(2,1)->(2,1) nnz=(3,2) rms=0.0000, deg=(0,4)->(0,4) nnz=(1,5) rms=0.0000, deg=(2,2)->(2,2) nnz=(3,3) rms=0.0002, deg=(1,4)->(1,4) nnz=(2,5) rms=0.0000, deg=(2,4)->(2,4) nnz=(3,5) rms=0.0000, deg=(3,3)->(3,3) nnz=(4,4) rms=0.0000, deg=(4,2)->(4,2) nnz=(5,3) rms=0.0000, deg=(3,4)->(3,4) nnz=(4,5) rms=0.0000, deg=(4,3)->(4,3) nnz=(5,4) rms=0.0000
[Stage B] symexp_denom_1d rejected: rel_rms=0.1048 > 0.05, compound vars=(1, 2)
[Stage B] symexp_denom_1d_recip (poly) accepted: rel_rms=0.0000, scale≈-990, linear≈-63.1, compound vars=(1, 2)
[Stage B] inv_poly: using degree-probe monomials, 3 valid terms, vars=(1, 2)
[Stage B] inv_poly probe: 2 sub-threshold trial(s) for vars=(1, 2): deg=1 rms=0.0002 n=2, deg=2 rms=0.0000 n=3
[Stage B] sqrt_poly: degree-probe active, sqrt=3 terms (probed=True), inv=3 terms (probed=True), vars=(1, 2)
[Stage B]  one_minus_cos_over_z2 skip NN vars (1, 2): screen failed for z=(x2 / x1); exact best rel=2.27e+00 at omega≈0.5; affine best rel=5.92e-01, offset_rel=2.18e-03 at omega≈0.5; thresholds rel<=2.00e-02, offset_rel<=1.50e-01
[Stage B]  sparse_factor_1d skip NN vars (1, 2): screen failed for z=(x2 / x1); best rel=7.16e-01, threshold=2.00e-02
[Stage B] ratpoly_1d degree probe: 1 valid pair(s), min_deg=(0,0), vars=(1, 2)
[Stage B] ratpoly_1d probe: 11 sub-threshold trial(s) for vars=(1, 2): deg=(2,2)->(2,2) nnz=(1,3) rms=0.0000, deg=(1,2)->(1,2) nnz=(2,3) rms=0.0009, deg=(2,1)->(2,1) nnz=(3,2) rms=0.0009, deg=(1,4)->(1,3) nnz=(1,4) rms=0.0001, deg=(3,1)->(3,1) nnz=(3,2) rms=0.0001, deg=(0,4)->(0,4) nnz=(1,5) rms=0.0002, deg=(1,3)->(1,3) nnz=(2,4) rms=0.0001, deg=(3,2)->(3,2) nnz=(4,3) rms=0.0000, deg=(2,4)->(2,4) nnz=(3,5) rms=0.0002, deg=(3,4)->(3,4) nnz=(4,5) rms=0.0002, deg=(4,4)->(4,4) nnz=(5,5) rms=0.0002
[Stage B] ratpoly_1d degree probe: 1 valid pair(s), min_deg=(0,0), vars=(1, 2)
[Stage B] ratpoly_1d probe: 3 sub-threshold trial(s) for vars=(1, 2): deg=(0,4)->(0,4) nnz=(1,5) rms=0.0002, deg=(4,2)->(4,0) nnz=(5,1) rms=0.0002, deg=(4,4)->(4,4) nnz=(5,5) rms=0.0000
[Stage B] ratpoly_1d degree probe: 1 valid pair(s), min_deg=(0,0), vars=(1, 2)
[Stage B] ratpoly_1d probe: 6 sub-threshold trial(s) for vars=(1, 2): deg=(1,3)->(1,2) nnz=(1,3) rms=0.0010, deg=(4,2)->(2,2) nnz=(2,2) rms=0.0000, deg=(2,4)->(2,2) nnz=(1,3) rms=0.0000, deg=(0,4)->(0,4) nnz=(1,5) rms=0.0002, deg=(1,4)->(1,4) nnz=(2,5) rms=0.0002, deg=(4,4)->(4,4) nnz=(5,5) rms=0.0002
[Stage B] ratpoly_1d degree probe: 1 valid pair(s), min_deg=(0,0), vars=(1, 2)
[Stage B] ratpoly_1d probe: 3 sub-threshold trial(s) for vars=(1, 2): deg=(0,4)->(0,4) nnz=(1,5) rms=0.0001, deg=(4,4)->(4,0) nnz=(5,1) rms=0.0002, deg=(3,2)->(3,2) nnz=(4,3) rms=0.0000
[Stage B] ratpoly_1d degree probe: 1 valid pair(s), min_deg=(0,0), vars=(1, 2)
[Stage B] ratpoly_1d probe: 15 sub-threshold trial(s) for vars=(1, 2): deg=(1,1)->(1,1) nnz=(1,2) rms=0.0085, deg=(0,2)->(0,2) nnz=(1,3) rms=0.0131, deg=(2,2)->(2,2) nnz=(1,3) rms=0.0000, deg=(0,3)->(0,3) nnz=(1,4) rms=0.0015, deg=(3,4)->(1,3) nnz=(1,4) rms=0.0001, deg=(3,1)->(3,1) nnz=(3,2) rms=0.0001, deg=(4,4)->(3,2) nnz=(2,3) rms=0.0001, deg=(0,4)->(0,4) nnz=(1,5) rms=0.0002, deg=(1,3)->(1,3) nnz=(2,4) rms=0.0001, deg=(1,4)->(1,4) nnz=(2,5) rms=0.0000, deg=(2,3)->(2,3) nnz=(3,4) rms=0.0001, deg=(3,2)->(3,2) nnz=(4,3) rms=0.0001, deg=(4,1)->(4,1) nnz=(5,2) rms=0.0002, deg=(4,2)->(4,2) nnz=(5,3) rms=0.0003, deg=(4,3)->(4,3) nnz=(5,4) rms=0.0000
[Stage B] RuleUniNN proposing 72 candidates for NN vars=(1, 2): ['monomial_deg1', 'monomial_deg2', 'monomial_deg3', 'poly', 'expm1', 'symexp_denom_1d_recip', 'polylog', 'logshifted', 'inv_poly', 'inv_poly[1]', 'sqrt_poly', 'cf_sharedpref_resid', 'cf_combo', 'cf_combo', 'cf_combo', 'cf_combo', 'cf_combo', 'cf_combo', 'cf_combo', 'cf_combo', 'cf_sharedpref_resid', 'sqrt_ratpoly_1d', 'sqrt_ratpoly_1d[1]', 'sqrt_ratpoly_1d[2]', 'sqrt_ratpoly_1d[3]', 'sqrt_ratpoly_1d[4]', 'sqrt_ratpoly_1d[5]', 'sqrt_ratpoly_1d[6]', 'sqrt_ratpoly_1d[7]', 'sqrt_ratpoly_1d[8]', 'sqrt_ratpoly_1d[9]', 'sqrt_ratpoly_1d[10]', 'sqrt_ratpoly_1d[11]', 'sqrt_ratpoly_1d[12]', 'sqrt_ratpoly_1d[13]', 'cbrt_ratpoly_1d', 'cbrt_ratpoly_1d[1]', 'cbrt_ratpoly_1d[2]', 'cbrt_ratpoly_1d[3]', 'cbrt_ratpoly_1d[4]', 'cbrt_ratpoly_1d[5]', 'cbrt_ratpoly_1d[6]', 'cbrt_ratpoly_1d[7]', 'cbrt_ratpoly_1d[8]', 'ratpoly_1d', 'ratpoly_1d[1]', 'ratpoly_1d[2]', 'ratpoly_1d[3]', 'ratpoly_1d[4]', 'ratpoly_1d[5]', 'ratpoly_1d[6]', 'ratpoly_1d[7]', 'ratpoly_1d[8]', 'ratpoly_1d[9]', 'ratpoly_1d[10]', 'ratpoly_1d[11]', 'ratpoly_1d[12]', 'ratpoly_1d[13]', 'ratpoly_1d[14]', 'exp', 'exp_rat', 'tanh', 'trig', 'trig', 'trig', 'trig', 'trig', 'sinc_p2', 'affine_trig', 'leaftr_square_poly3', 'leaftr_recip_poly3', 'leaftr_square_affine_trig']
[Stage B]  Skipping reciprocal-coordinate alias polylog: closed-under-reciprocal:polylog
[Stage B]  Skipping reciprocal-coordinate alias sqrt_ratpoly_1d: closed-under-reciprocal:sqrt_ratpoly_1d
[Stage B]  Skipping reciprocal-coordinate alias sqrt_ratpoly_1d[1]: closed-under-reciprocal:sqrt_ratpoly_1d
[Stage B]  Skipping reciprocal-coordinate alias sqrt_ratpoly_1d[2]: closed-under-reciprocal:sqrt_ratpoly_1d
[Stage B]  Skipping reciprocal-coordinate alias sqrt_ratpoly_1d[3]: closed-under-reciprocal:sqrt_ratpoly_1d
[Stage B]  Skipping reciprocal-coordinate alias sqrt_ratpoly_1d[4]: closed-under-reciprocal:sqrt_ratpoly_1d
[Stage B]  Skipping reciprocal-coordinate alias sqrt_ratpoly_1d[5]: closed-under-reciprocal:sqrt_ratpoly_1d
[Stage B]  Skipping reciprocal-coordinate alias sqrt_ratpoly_1d[6]: closed-under-reciprocal:sqrt_ratpoly_1d
[Stage B]  Skipping reciprocal-coordinate alias sqrt_ratpoly_1d[7]: closed-under-reciprocal:sqrt_ratpoly_1d
[Stage B]  Skipping reciprocal-coordinate alias sqrt_ratpoly_1d[8]: closed-under-reciprocal:sqrt_ratpoly_1d
[Stage B]  Skipping reciprocal-coordinate alias sqrt_ratpoly_1d[9]: closed-under-reciprocal:sqrt_ratpoly_1d
[Stage B]  Skipping reciprocal-coordinate alias sqrt_ratpoly_1d[10]: closed-under-reciprocal:sqrt_ratpoly_1d
[Stage B]  Skipping reciprocal-coordinate alias sqrt_ratpoly_1d[11]: closed-under-reciprocal:sqrt_ratpoly_1d
[Stage B]  Skipping reciprocal-coordinate alias sqrt_ratpoly_1d[12]: closed-under-reciprocal:sqrt_ratpoly_1d
[Stage B]  Skipping reciprocal-coordinate alias sqrt_ratpoly_1d[13]: closed-under-reciprocal:sqrt_ratpoly_1d
[Stage B]  Skipping reciprocal-coordinate alias cbrt_ratpoly_1d: closed-under-reciprocal:cbrt_ratpoly_1d
[Stage B]  Skipping reciprocal-coordinate alias cbrt_ratpoly_1d[1]: closed-under-reciprocal:cbrt_ratpoly_1d
[Stage B]  Skipping reciprocal-coordinate alias cbrt_ratpoly_1d[2]: closed-under-reciprocal:cbrt_ratpoly_1d
[Stage B]  Skipping reciprocal-coordinate alias cbrt_ratpoly_1d[3]: closed-under-reciprocal:cbrt_ratpoly_1d
[Stage B]  Skipping reciprocal-coordinate alias cbrt_ratpoly_1d[4]: closed-under-reciprocal:cbrt_ratpoly_1d
[Stage B]  Skipping reciprocal-coordinate alias cbrt_ratpoly_1d[5]: closed-under-reciprocal:cbrt_ratpoly_1d
[Stage B]  Skipping reciprocal-coordinate alias cbrt_ratpoly_1d[6]: closed-under-reciprocal:cbrt_ratpoly_1d
[Stage B]  Skipping reciprocal-coordinate alias cbrt_ratpoly_1d[7]: closed-under-reciprocal:cbrt_ratpoly_1d
[Stage B]  Skipping reciprocal-coordinate alias cbrt_ratpoly_1d[8]: closed-under-reciprocal:cbrt_ratpoly_1d
[Stage B]  Skipping reciprocal-coordinate alias ratpoly_1d: closed-under-reciprocal:ratpoly_1d
[Stage B]  Skipping reciprocal-coordinate alias ratpoly_1d[1]: closed-under-reciprocal:ratpoly_1d
[Stage B]  Skipping reciprocal-coordinate alias ratpoly_1d[2]: closed-under-reciprocal:ratpoly_1d
[Stage B]  Skipping reciprocal-coordinate alias ratpoly_1d[3]: closed-under-reciprocal:ratpoly_1d
[Stage B]  Skipping reciprocal-coordinate alias ratpoly_1d[4]: closed-under-reciprocal:ratpoly_1d
[Stage B]  Skipping reciprocal-coordinate alias ratpoly_1d[5]: closed-under-reciprocal:ratpoly_1d
[Stage B]  Skipping reciprocal-coordinate alias ratpoly_1d[6]: closed-under-reciprocal:ratpoly_1d
[Stage B]  Skipping reciprocal-coordinate alias ratpoly_1d[7]: closed-under-reciprocal:ratpoly_1d
[Stage B]  Skipping reciprocal-coordinate alias ratpoly_1d[8]: closed-under-reciprocal:ratpoly_1d
[Stage B]  Skipping reciprocal-coordinate alias ratpoly_1d[9]: closed-under-reciprocal:ratpoly_1d
[Stage B]  Skipping reciprocal-coordinate alias ratpoly_1d[10]: closed-under-reciprocal:ratpoly_1d
[Stage B]  Skipping reciprocal-coordinate alias ratpoly_1d[11]: closed-under-reciprocal:ratpoly_1d
[Stage B]  Skipping reciprocal-coordinate alias ratpoly_1d[12]: closed-under-reciprocal:ratpoly_1d
[Stage B]  Skipping reciprocal-coordinate alias ratpoly_1d[13]: closed-under-reciprocal:ratpoly_1d
[Stage B]  Skipping reciprocal-coordinate alias ratpoly_1d[14]: closed-under-reciprocal:ratpoly_1d
[Stage B]  Skipping reciprocal-coordinate alias exp_rat: closed-under-reciprocal:exp_rat
[Stage B] RuleUniNN proposing 125 candidates for NN vars=(1, 2): ['monomial_deg1', 'monomial_deg1[z_inv]', 'monomial_deg2', 'monomial_deg2[z_inv]', 'monomial_deg3', 'monomial_deg3[z_inv]', 'poly', 'poly[z_inv]', 'symexp_denom_1d', 'polylog', 'logshifted', 'logshifted[z_inv]', 'inv_poly', 'inv_poly[z_inv]', 'inv_poly[1]', 'inv_poly[1][z_inv]', 'sqrt_poly', 'sqrt_poly[z_inv]', 'cf_combo', 'cf_combo[z_inv]', 'cf_combo[z_inv]', 'cf_combo[z_inv]', 'cf_combo[z_inv]', 'cf_combo[z_inv]', 'cf_combo[z_inv]', 'cf_combo[z_inv]', 'cf_combo[z_inv]', 'cf_combo', 'cf_combo', 'cf_combo', 'cf_combo', 'cf_combo', 'cf_combo', 'cf_combo', 'cf_combo', 'cf_combo', 'sqrt_ratpoly_1d', 'sqrt_ratpoly_1d[1]', 'sqrt_ratpoly_1d[2]', 'sqrt_ratpoly_1d[3]', 'sqrt_ratpoly_1d[4]', 'sqrt_ratpoly_1d[5]', 'sqrt_ratpoly_1d[6]', 'sqrt_ratpoly_1d[7]', 'sqrt_ratpoly_1d[8]', 'sqrt_ratpoly_1d[9]', 'sqrt_ratpoly_1d[10]', 'sqrt_ratpoly_1d[11]', 'sqrt_ratpoly_1d[12]', 'sqrt_ratpoly_1d[13]', 'sqrt_ratpoly_1d[14]', 'sqrt_ratpoly_1d[15]', 'sqrt_ratpoly_1d[16]', 'sqrt_ratpoly_1d[17]', 'sqrt_ratpoly_1d[18]', 'sqrt_ratpoly_1d[19]', 'sqrt_ratpoly_1d[20]', 'sqrt_ratpoly_1d[21]', 'sqrt_ratpoly_1d[22]', 'cbrt_ratpoly_1d', 'cbrt_ratpoly_1d[1]', 'cbrt_ratpoly_1d[2]', 'cbrt_ratpoly_1d[3]', 'cbrt_ratpoly_1d[4]', 'cbrt_ratpoly_1d[5]', 'cbrt_ratpoly_1d[6]', 'cbrt_ratpoly_1d[7]', 'cbrt_ratpoly_1d[8]', 'cbrt_ratpoly_1d[9]', 'cbrt_ratpoly_1d[10]', 'cbrt_ratpoly_1d[11]', 'cbrt_ratpoly_1d[12]', 'cbrt_ratpoly_1d[13]', 'cbrt_ratpoly_1d[14]', 'cbrt_ratpoly_1d[15]', 'cbrt_ratpoly_1d[16]', 'cbrt_ratpoly_1d[17]', 'cbrt_ratpoly_1d[18]', 'cbrt_ratpoly_1d[19]', 'cbrt_ratpoly_1d[20]', 'ratpoly_1d', 'ratpoly_1d[1]', 'ratpoly_1d[2]', 'ratpoly_1d[3]', 'ratpoly_1d[4]', 'ratpoly_1d[5]', 'ratpoly_1d[6]', 'ratpoly_1d[7]', 'ratpoly_1d[8]', 'ratpoly_1d[9]', 'ratpoly_1d[10]', 'ratpoly_1d[11]', 'ratpoly_1d[12]', 'ratpoly_1d[13]', 'ratpoly_1d[14]', 'ratpoly_1d[15]', 'exp', 'exp[z_inv]', 'exp_rat', 'tanh', 'tanh[z_inv]', 'trig', 'trig[z_inv]', 'trig[z_inv]', 'trig[z_inv]', 'trig[z_inv]', 'trig[z_inv]', 'trig', 'trig', 'trig', 'trig', 'sinc_p2', 'sinc_p2[z_inv]', 'affine_trig', 'affine_trig[z_inv]', 'leaftr_square_poly3', 'leaftr_square_poly3[z_inv]', 'leaftr_recip_poly3', 'leaftr_recip_poly3[z_inv]', 'leaftr_square_affine_trig', 'leaftr_square_affine_trig[z_inv]', 'expm1[z_inv]', 'symexp_denom_1d_recip[z_inv]', 'cf_sharedpref_resid[z_inv]', 'cf_sharedpref_resid[z_inv]']
[Stage B]  Greedy order (125 cands): monomial_deg1(1002p), monomial_deg1[z_inv](1002p), monomial_deg2(1002p), monomial_deg2[z_inv](1002p), monomial_deg3(1002p), monomial_deg3[z_inv](1002p), poly(1003p), poly[z_inv](1003p), symexp_denom_1d(1007p), polylog(1003p), logshifted(1004p), logshifted[z_inv](1004p), inv_poly(1003p), inv_poly[z_inv](1003p), inv_poly[1](1004p), inv_poly[1][z_inv](1004p), sqrt_poly(1004p), sqrt_poly[z_inv](1004p), cf_combo(1004p), cf_combo[z_inv](1004p), cf_combo[z_inv](1003p), cf_combo[z_inv](1004p), cf_combo[z_inv](1003p), cf_combo[z_inv](1004p), cf_combo[z_inv](1003p), cf_combo[z_inv](1004p), cf_combo[z_inv](1003p), cf_combo(1003p), cf_combo(1004p), cf_combo(1003p), cf_combo(1004p), cf_combo(1003p), cf_combo(1004p), cf_combo(1003p), cf_combo(1004p), cf_combo(1003p), sqrt_ratpoly_1d(1005p), sqrt_ratpoly_1d[1](1005p), sqrt_ratpoly_1d[2](1006p), sqrt_ratpoly_1d[3](1006p), sqrt_ratpoly_1d[4](1006p), sqrt_ratpoly_1d[5](1006p), sqrt_ratpoly_1d[6](1007p), sqrt_ratpoly_1d[7](1008p), sqrt_ratpoly_1d[8](1008p), sqrt_ratpoly_1d[9](1008p), sqrt_ratpoly_1d[10](1009p), sqrt_ratpoly_1d[11](1010p), sqrt_ratpoly_1d[12](1011p), sqrt_ratpoly_1d[13](1005p), sqrt_ratpoly_1d[14](1005p), sqrt_ratpoly_1d[15](1005p), sqrt_ratpoly_1d[16](1006p), sqrt_ratpoly_1d[17](1006p), sqrt_ratpoly_1d[18](1007p), sqrt_ratpoly_1d[19](1007p), sqrt_ratpoly_1d[20](1007p), sqrt_ratpoly_1d[21](1008p), sqrt_ratpoly_1d[22](1008p), cbrt_ratpoly_1d(1005p), cbrt_ratpoly_1d[1](1005p), cbrt_ratpoly_1d[2](1006p), cbrt_ratpoly_1d[3](1006p), cbrt_ratpoly_1d[4](1006p), cbrt_ratpoly_1d[5](1007p), cbrt_ratpoly_1d[6](1007p), cbrt_ratpoly_1d[7](1008p), cbrt_ratpoly_1d[8](1008p), cbrt_ratpoly_1d[9](1009p), cbrt_ratpoly_1d[10](1009p), cbrt_ratpoly_1d[11](1010p), cbrt_ratpoly_1d[12](1005p), cbrt_ratpoly_1d[13](1005p), cbrt_ratpoly_1d[14](1005p), cbrt_ratpoly_1d[15](1006p), cbrt_ratpoly_1d[16](1006p), cbrt_ratpoly_1d[17](1007p), cbrt_ratpoly_1d[18](1007p), cbrt_ratpoly_1d[19](1007p), cbrt_ratpoly_1d[20](1008p), ratpoly_1d(1004p), ratpoly_1d[1](1005p), ratpoly_1d[2](1005p), ratpoly_1d[3](1005p), ratpoly_1d[4](1005p), ratpoly_1d[5](1006p), ratpoly_1d[6](1006p), ratpoly_1d[7](1006p), ratpoly_1d[8](1007p), ratpoly_1d[9](1007p), ratpoly_1d[10](1008p), ratpoly_1d[11](1009p), ratpoly_1d[12](1009p), ratpoly_1d[13](1009p), ratpoly_1d[14](1010p), ratpoly_1d[15](1010p), exp(1004p), exp[z_inv](1004p), exp_rat(1007p), tanh(1004p), tanh[z_inv](1004p), trig(1004p), trig[z_inv](1004p), trig[z_inv](1004p), trig[z_inv](1004p), trig[z_inv](1004p), trig[z_inv](1004p), trig(1004p), trig(1004p), trig(1004p), trig(1004p), sinc_p2(1004p), sinc_p2[z_inv](1004p), affine_trig(1005p), affine_trig[z_inv](1005p), leaftr_square_poly3(1005p), leaftr_square_poly3[z_inv](1005p), leaftr_recip_poly3(1005p), leaftr_recip_poly3[z_inv](1005p), leaftr_square_affine_trig(1005p), leaftr_square_affine_trig[z_inv](1005p), expm1[z_inv](1004p), symexp_denom_1d_recip[z_inv](1007p), cf_sharedpref_resid[z_inv](1004p), cf_sharedpref_resid[z_inv](1004p)
[Stage B]  Trying 1D monomial (c·x^1) rewrite on NN leaf vars (1, 2)
[Stage B] Initialising PolyLeaf for vars (1, 2), tag=leaf1
[info] dataloader for provider ASTCompositeAdaptor yields 3 batches (equivalent to a single batch up to floating-point roundoff; minor Python-loop overhead per batch).
[LM][bucket] solving P=387 (trivially separable union)
Validation patience exceeded at epoch 601/2000, nval_worse=500
[Stage B]    Candidate (monomial_deg1): params=387, val-loss=2.2466e-03
[Stage B]    Reject (monomial_deg1): simpler-over-budget(thr=5.852e-10) | loss 3.220e-11->2.247e-03 (Δ+2.25e-03) | params 770->387 | cx (0, 0, 0)->(0, 0, 0)
[Stage B]  Trying 1D monomial (c·x^1) rewrite on NN leaf vars (1, 2) [coord=1/z]
[Stage B] Initialising PolyLeaf for vars (1, 2), tag=leaf1
[info] dataloader for provider ASTCompositeAdaptor yields 3 batches (equivalent to a single batch up to floating-point roundoff; minor Python-loop overhead per batch).
Validation patience exceeded at epoch 2001/2000, nval_worse=500
[Stage B]    Candidate (monomial_deg1[z_inv]): params=387, val-loss=5.0223e-04
[Stage B]    Reject (monomial_deg1[z_inv]): simpler-over-budget(thr=5.852e-10) | loss 3.220e-11->5.022e-04 (Δ+5.02e-04) | params 770->387 | cx (0, 0, 0)->(0, 0, 0)
[Stage B]  Trying 1D monomial (c·x^2) rewrite on NN leaf vars (1, 2)
[Stage B] Initialising PolyLeaf for vars (1, 2), tag=leaf1
[info] dataloader for provider ASTCompositeAdaptor yields 3 batches (equivalent to a single batch up to floating-point roundoff; minor Python-loop overhead per batch).
[Stage B]    Candidate (monomial_deg2): params=387, val-loss=7.1814e-03
[Stage B]    Reject (monomial_deg2): simpler-over-budget(thr=5.852e-10) | loss 3.220e-11->7.181e-03 (Δ+7.18e-03) | params 770->387 | cx (0, 0, 0)->(0, 0, 0)
[Stage B]  Trying 1D monomial (c·x^2) rewrite on NN leaf vars (1, 2) [coord=1/z]
[Stage B] Initialising PolyLeaf for vars (1, 2), tag=leaf1
[info] dataloader for provider ASTCompositeAdaptor yields 3 batches (equivalent to a single batch up to floating-point roundoff; minor Python-loop overhead per batch).
Validation patience exceeded at epoch 601/2000, nval_worse=500
[Stage B]    Candidate (monomial_deg2[z_inv]): params=387, val-loss=2.4584e-03
[Stage B]    Reject (monomial_deg2[z_inv]): simpler-over-budget(thr=5.852e-10) | loss 3.220e-11->2.458e-03 (Δ+2.46e-03) | params 770->387 | cx (0, 0, 0)->(0, 0, 0)
[Stage B]  Trying 1D monomial (c·x^3) rewrite on NN leaf vars (1, 2)
[Stage B] Initialising PolyLeaf for vars (1, 2), tag=leaf1
[info] dataloader for provider ASTCompositeAdaptor yields 3 batches (equivalent to a single batch up to floating-point roundoff; minor Python-loop overhead per batch).
Validation patience exceeded at epoch 1001/2000, nval_worse=500
[Stage B]    Candidate (monomial_deg3): params=387, val-loss=1.4466e-02
[Stage B]    Reject (monomial_deg3): simpler-over-budget(thr=5.852e-10) | loss 3.220e-11->1.447e-02 (Δ+1.45e-02) | params 770->387 | cx (0, 0, 0)->(0, 0, 0)
[Stage B]  Trying 1D monomial (c·x^3) rewrite on NN leaf vars (1, 2) [coord=1/z]
[Stage B] Initialising PolyLeaf for vars (1, 2), tag=leaf1
[info] dataloader for provider ASTCompositeAdaptor yields 3 batches (equivalent to a single batch up to floating-point roundoff; minor Python-loop overhead per batch).
Validation patience exceeded at epoch 1101/2000, nval_worse=500
[Stage B]    Candidate (monomial_deg3[z_inv]): params=387, val-loss=4.9784e-03
[Stage B]    Reject (monomial_deg3[z_inv]): simpler-over-budget(thr=5.852e-10) | loss 3.220e-11->4.978e-03 (Δ+4.98e-03) | params 770->387 | cx (0, 0, 0)->(0, 0, 0)
[Stage B]  Trying 1D poly rewrite on NN leaf vars (1, 2), degree=1
[Stage B] Initialising PolyLeaf for vars (1, 2), tag=leaf1
[info] dataloader for provider ASTCompositeAdaptor yields 3 batches (equivalent to a single batch up to floating-point roundoff; minor Python-loop overhead per batch).
[LM][bucket] solving P=388 (trivially separable union)
Validation patience exceeded at epoch 801/2000, nval_worse=500
[Stage B]    Candidate (poly): params=388, val-loss=1.0598e-04
[Stage B]    Reject (poly): simpler-over-budget(thr=5.847e-10) | loss 3.220e-11->1.060e-04 (Δ+1.06e-04) | params 770->388 | cx (0, 0, 0)->(0, 0, 0)
[Stage B]  Trying 1D poly rewrite on NN leaf vars (1, 2), degree=1 [coord=1/z]
[Stage B] Initialising PolyLeaf for vars (1, 2), tag=leaf1
[info] dataloader for provider ASTCompositeAdaptor yields 3 batches (equivalent to a single batch up to floating-point roundoff; minor Python-loop overhead per batch).
[Stage B]    Candidate (poly[z_inv]): params=388, val-loss=1.0856e-04
[Stage B]    Reject (poly[z_inv]): simpler-over-budget(thr=5.847e-10) | loss 3.220e-11->1.086e-04 (Δ+1.09e-04) | params 770->388 | cx (0, 0, 0)->(0, 0, 0)
[Stage B]  Trying 1D symexp_denom_1d rewrite (scale/(exp(r)+exp(-r))) on NN leaf vars (1, 2)
[Stage B custom_init symexp_denom_1d] compound vars=(1, 2), scale≈-990, r±(z)≈0.0418*z
[Stage B] Post-custom-init validation (attempt 0), batch 0, finite: 2000/2000, min: -2.139e+10, max: 4.641e+08, mean: -1.622e+09
[Stage B] Post-custom-init validation (attempt 0), batch 1, finite: 2000/2000, min: -2.233e+10, max: 3.977e+08, mean: -1.722e+09
[Stage B] Post-custom-init validation (attempt 0), batch 2, finite: 2000/2000, min: -2.187e+10, max: 3.122e+08, mean: -1.548e+09
[Stage B] Prediction scale check (attempt 0): pred_median=5.655e+08, true_median=9.826e-02, ratio=5.755e+09
[Stage B] Warning: init scale_ratio extreme; rejecting candidate.
[Stage B]    Candidate (symexp_denom_1d) rejected at init (non-finite loss); trying next.
[Stage B]  Trying 1D polylog rewrite on NN leaf vars (1, 2), degree=1
[info] dataloader for provider ASTCompositeAdaptor yields 3 batches (equivalent to a single batch up to floating-point roundoff; minor Python-loop overhead per batch).
Stopping at epoch 1101/2000, lm_opt.state['halt']=True, loss=2.3419e-06, loss_val=3.4314e-06
[Stage B]    Candidate (polylog): params=388, val-loss=3.4238e-06
[Stage B]    Reject (polylog): simpler-over-budget(thr=5.847e-10) | loss 3.220e-11->3.424e-06 (Δ+3.42e-06) | params 770->388 | cx (0, 0, 0)->(0, 0, 0)
[Stage B]  Trying 1D shifted-log rewrite on NN leaf vars (1, 2)
[info] dataloader for provider ASTCompositeAdaptor yields 3 batches (equivalent to a single batch up to floating-point roundoff; minor Python-loop overhead per batch).
[LM][bucket] solving P=389 (trivially separable union)
Stopping at epoch 201/2000, lm_opt.state['halt']=True, loss=3.0626e-08, loss_val=4.3386e-08
[Stage B]    Candidate (logshifted): params=389, val-loss=4.3386e-08
[Stage B]    Reject (logshifted): simpler-over-budget(thr=5.843e-10) | loss 3.220e-11->4.339e-08 (Δ+4.34e-08) | params 770->389 | cx (0, 0, 0)->(0, 0, 0)
[Stage B]  Trying 1D shifted-log rewrite on NN leaf vars (1, 2) [coord=1/z]
[info] dataloader for provider ASTCompositeAdaptor yields 3 batches (equivalent to a single batch up to floating-point roundoff; minor Python-loop overhead per batch).
Stopping at epoch 901/2000, lm_opt.state['halt']=True, loss=1.1326e-06, loss_val=1.6331e-06
[Stage B]    Candidate (logshifted[z_inv]): params=389, val-loss=1.6325e-06
[Stage B]    Reject (logshifted[z_inv]): simpler-over-budget(thr=5.843e-10) | loss 3.220e-11->1.633e-06 (Δ+1.63e-06) | params 770->389 | cx (0, 0, 0)->(0, 0, 0)
[Stage B]  Trying inv_poly degree=1 (1/P(x)) rewrite on NN leaf vars (1, 2)
[Stage B custom_init inv-poly] Init on vars (1, 2): degree=1, rel_rms≈1.11e-05
[Stage B] Post-custom-init validation (attempt 0), batch 0, finite: 2000/2000, min: -2.034e+10, max: 4.405e+08, mean: -1.541e+09
[Stage B] Post-custom-init validation (attempt 0), batch 1, finite: 2000/2000, min: -2.122e+10, max: 3.773e+08, mean: -1.635e+09
[Stage B] Post-custom-init validation (attempt 0), batch 2, finite: 2000/2000, min: -2.076e+10, max: 2.962e+08, mean: -1.474e+09
[Stage B] Prediction scale check (attempt 0): pred_median=5.375e+08, true_median=9.826e-02, ratio=5.470e+09
[Stage B] Warning: init scale_ratio extreme; rejecting candidate.
[Stage B]    Candidate (inv_poly) rejected at init (non-finite loss); trying next.
[Stage B]  Trying inv_poly degree=1 (1/P(x)) rewrite on NN leaf vars (1, 2) [coord=1/z]
[Stage B custom_init inv-poly] Init on vars (1, 2): degree=1, rel_rms≈1.71e-04
[Stage B] Post-custom-init validation (attempt 0), batch 0, finite: 2000/2000, min: -2.034e+10, max: 4.405e+08, mean: -1.541e+09
[Stage B] Post-custom-init validation (attempt 0), batch 1, finite: 2000/2000, min: -2.122e+10, max: 3.774e+08, mean: -1.635e+09
[Stage B] Post-custom-init validation (attempt 0), batch 2, finite: 2000/2000, min: -2.076e+10, max: 2.963e+08, mean: -1.474e+09
[Stage B] Prediction scale check (attempt 0): pred_median=5.374e+08, true_median=9.826e-02, ratio=5.469e+09
[Stage B] Warning: init scale_ratio extreme; rejecting candidate.
[Stage B]    Candidate (inv_poly[z_inv]) rejected at init (non-finite loss); trying next.
[Stage B]  Trying inv_poly degree=2 (1/P(x)) rewrite on NN leaf vars (1, 2)
[Stage B custom_init inv-poly] Init on vars (1, 2): degree=2, rel_rms≈3.71e-09
[Stage B] Post-custom-init validation (attempt 0), batch 0, finite: 2000/2000, min: -2.034e+10, max: 4.405e+08, mean: -1.541e+09
[Stage B] Post-custom-init validation (attempt 0), batch 1, finite: 2000/2000, min: -2.122e+10, max: 3.773e+08, mean: -1.635e+09
[Stage B] Post-custom-init validation (attempt 0), batch 2, finite: 2000/2000, min: -2.076e+10, max: 2.962e+08, mean: -1.474e+09
[Stage B] Prediction scale check (attempt 0): pred_median=5.375e+08, true_median=9.826e-02, ratio=5.470e+09
[Stage B] Warning: init scale_ratio extreme; rejecting candidate.
[Stage B]    Candidate (inv_poly[1]) rejected at init (non-finite loss); trying next.
[Stage B]  Trying inv_poly degree=2 (1/P(x)) rewrite on NN leaf vars (1, 2) [coord=1/z]
[Stage B custom_init inv-poly] Init on vars (1, 2): degree=2, rel_rms≈1.76e-05
[Stage B] Post-custom-init validation (attempt 0), batch 0, finite: 2000/2000, min: -2.034e+10, max: 4.405e+08, mean: -1.541e+09
[Stage B] Post-custom-init validation (attempt 0), batch 1, finite: 2000/2000, min: -2.122e+10, max: 3.773e+08, mean: -1.635e+09
[Stage B] Post-custom-init validation (attempt 0), batch 2, finite: 2000/2000, min: -2.076e+10, max: 2.962e+08, mean: -1.474e+09
[Stage B] Prediction scale check (attempt 0): pred_median=5.375e+08, true_median=9.826e-02, ratio=5.470e+09
[Stage B] Warning: init scale_ratio extreme; rejecting candidate.
[Stage B]    Candidate (inv_poly[1][z_inv]) rejected at init (non-finite loss); trying next.
[Stage B]  Trying sqrt/invsqrt(poly) rewrite on NN leaf vars (1, 2), degree=2
[Stage B] Post-custom-init validation (attempt 0), batch 0, finite: 2000/2000, min: -4.405e+08, max: 2.034e+10, mean: 1.541e+09
[Stage B] Post-custom-init validation (attempt 0), batch 1, finite: 2000/2000, min: -3.773e+08, max: 2.122e+10, mean: 1.635e+09
[Stage B] Post-custom-init validation (attempt 0), batch 2, finite: 2000/2000, min: -2.962e+08, max: 2.076e+10, mean: 1.474e+09
[Stage B] Prediction scale check (attempt 0): pred_median=5.375e+08, true_median=9.826e-02, ratio=5.470e+09
[Stage B] Warning: init scale_ratio extreme; rejecting candidate.
[Stage B]    Candidate (sqrt_poly) rejected at init (non-finite loss); trying next.
[Stage B]  Trying sqrt/invsqrt(poly) rewrite on NN leaf vars (1, 2), degree=2 [coord=1/z]
[Stage B] Post-custom-init validation (attempt 0), batch 0, finite: 2000/2000, min: -4.405e+08, max: 2.034e+10, mean: 1.541e+09
[Stage B] Post-custom-init validation (attempt 0), batch 1, finite: 2000/2000, min: -3.773e+08, max: 2.122e+10, mean: 1.635e+09
[Stage B] Post-custom-init validation (attempt 0), batch 2, finite: 2000/2000, min: -2.962e+08, max: 2.076e+10, mean: 1.474e+09
[Stage B] Prediction scale check (attempt 0): pred_median=5.375e+08, true_median=9.826e-02, ratio=5.470e+09
[Stage B] Warning: init scale_ratio extreme; rejecting candidate.
[Stage B]    Candidate (sqrt_poly[z_inv]) rejected at init (non-finite loss); trying next.
[Stage B]  Trying 1D compound macro tier-3 linear combo on NN leaf vars [1, 2], terms=['inv1p *(sqrt1p(arg0^2))', 'arg0'], screen_r2=1.000, ok_frac=1.000
[info] dataloader for provider ASTCompositeAdaptor yields 3 batches (equivalent to a single batch up to floating-point roundoff; minor Python-loop overhead per batch).
Validation patience exceeded at epoch 1801/2000, nval_worse=500
[Stage B]    Candidate (cf_combo): params=389, val-loss=1.0368e-04
[Stage B]    Reject (cf_combo): simpler-over-budget(thr=5.843e-10) | loss 3.220e-11->1.037e-04 (Δ+1.04e-04) | params 770->389 | cx (0, 0, 0)->(0, 0, 0)
[Stage B]  Trying 1D compound macro tier-3 linear combo on NN leaf vars [1, 2], terms=['hypot', 'arg0^2'], screen_r2=1.000, ok_frac=1.000 [coord=1/z]
[info] dataloader for provider ASTCompositeAdaptor yields 3 batches (equivalent to a single batch up to floating-point roundoff; minor Python-loop overhead per batch).
[Stage B]    Candidate (cf_combo[z_inv]): params=389, val-loss=8.9191e-06
[Stage B]    Reject (cf_combo[z_inv]): simpler-over-budget(thr=5.843e-10) | loss 3.220e-11->8.919e-06 (Δ+8.92e-06) | params 770->389 | cx (0, 0, 0)->(0, 0, 0)
[Stage B]  Skipping cf_combo[z_inv] (previously rejected on same target)
[Stage B]  Skipping cf_combo[z_inv] (previously rejected on same target)
[Stage B]  Skipping cf_combo[z_inv] (previously rejected on same target)
[Stage B]  Skipping cf_combo[z_inv] (previously rejected on same target)
[Stage B]  Skipping cf_combo[z_inv] (previously rejected on same target)
[Stage B]  Skipping cf_combo[z_inv] (previously rejected on same target)
[Stage B]  Skipping cf_combo[z_inv] (previously rejected on same target)
[Stage B]  Skipping cf_combo (previously rejected on same target)
[Stage B]  Skipping cf_combo (previously rejected on same target)
[Stage B]  Skipping cf_combo (previously rejected on same target)
[Stage B]  Skipping cf_combo (previously rejected on same target)
[Stage B]  Skipping cf_combo (previously rejected on same target)
[Stage B]  Skipping cf_combo (previously rejected on same target)
[Stage B]  Skipping cf_combo (previously rejected on same target)
[Stage B]  Skipping cf_combo (previously rejected on same target)
[Stage B]  Skipping cf_combo (previously rejected on same target)
[Stage B]  Precheck reject (duplicate-signature) rule=univariate_nn cand=sqrt_ratpoly_1d target=nn#leaf1 vars=(1, 2) sig=(960898949, 1, 1, -1, 3, 1, 1, 1) attempted=54
[Stage B]  Precheck reject (duplicate-signature) rule=univariate_nn cand=sqrt_ratpoly_1d[1] target=nn#leaf1 vars=(1, 2) sig=(960898949, 3, 0, 1, 1, -1, 2, 1, 1) attempted=54
[Stage B]  Precheck reject (duplicate-signature) rule=univariate_nn cand=sqrt_ratpoly_1d[2] target=nn#leaf1 vars=(1, 2) sig=(960898949, 1, 1, -1, 4, 1, 1, 1, 1) attempted=54
[Stage B]  Precheck reject (duplicate-signature) rule=univariate_nn cand=sqrt_ratpoly_1d[3] target=nn#leaf1 vars=(1, 2) sig=(960898949, 2, 1, 1, -1, 3, 1, 1, 1) attempted=54
[Stage B]  Trying 1D sqrt-ratpoly (sqrt) deg=(4,1)->(4,1) nnz=(3,2) on NN leaf vars (1, 2)
[Stage B custom_init ratpoly_1d] Init on vars (1, 2): deg=(4,1)->(4,1), nnz=(3,2), rel_rms≈2.63e-05
[Stage B] Post-custom-init validation (attempt 0), batch 0, finite: 2000/2000, min: -4.405e+08, max: 2.034e+10, mean: 1.541e+09
[Stage B] Post-custom-init validation (attempt 0), batch 1, finite: 2000/2000, min: -3.773e+08, max: 2.122e+10, mean: 1.635e+09
[Stage B] Post-custom-init validation (attempt 0), batch 2, finite: 2000/2000, min: -2.962e+08, max: 2.076e+10, mean: 1.474e+09
[Stage B] Prediction scale check (attempt 0): pred_median=5.375e+08, true_median=9.826e-02, ratio=5.470e+09
[Stage B] Warning: init scale_ratio extreme; rejecting candidate.
[Stage B]    Candidate (sqrt_ratpoly_1d[4]) rejected at init (non-finite loss); trying next.
[Stage B]  Trying 1D sqrt-ratpoly (sqrt) deg=(2,4)->(2,4) nnz=(2,3) on NN leaf vars (1, 2)
[Stage B custom_init ratpoly_1d] Init on vars (1, 2): deg=(2,4)->(2,4), nnz=(2,3), rel_rms≈2.60e-05
[Stage B] Post-custom-init validation (attempt 0), batch 0, finite: 2000/2000, min: -4.405e+08, max: 2.034e+10, mean: 1.541e+09
[Stage B] Post-custom-init validation (attempt 0), batch 1, finite: 2000/2000, min: -3.773e+08, max: 2.122e+10, mean: 1.635e+09
[Stage B] Post-custom-init validation (attempt 0), batch 2, finite: 2000/2000, min: -2.962e+08, max: 2.076e+10, mean: 1.474e+09
[Stage B] Prediction scale check (attempt 0): pred_median=5.375e+08, true_median=9.826e-02, ratio=5.470e+09
[Stage B] Warning: init scale_ratio extreme; rejecting candidate.
[Stage B]    Candidate (sqrt_ratpoly_1d[5]) rejected at init (non-finite loss); trying next.
[Stage B]  Precheck reject (duplicate-signature) rule=univariate_nn cand=sqrt_ratpoly_1d[6] target=nn#leaf1 vars=(1, 2) sig=(960898949, 1, 1, -1, 5, 1, 1, 1, 1, 1) attempted=56
[Stage B]  Precheck reject (duplicate-signature) rule=univariate_nn cand=sqrt_ratpoly_1d[7] target=nn#leaf1 vars=(1, 2) sig=(960898949, 2, 1, 1, -1, 5, 1, 1, 1, 1, 1) attempted=56
[Stage B]  Trying 1D sqrt-ratpoly (sqrt) deg=(2,3)->(2,3) nnz=(3,4) on NN leaf vars (1, 2)
[Stage B custom_init ratpoly_1d] Init on vars (1, 2): deg=(2,3)->(2,3), nnz=(3,4), rel_rms≈3.54e-07
[Stage B] Post-custom-init validation (attempt 0), batch 0, finite: 2000/2000, min: -4.405e+08, max: 2.034e+10, mean: 1.541e+09
[Stage B] Post-custom-init validation (attempt 0), batch 1, finite: 2000/2000, min: -3.773e+08, max: 2.122e+10, mean: 1.635e+09
[Stage B] Post-custom-init validation (attempt 0), batch 2, finite: 2000/2000, min: -2.962e+08, max: 2.076e+10, mean: 1.474e+09
[Stage B] Prediction scale check (attempt 0): pred_median=5.375e+08, true_median=9.826e-02, ratio=5.470e+09
[Stage B] Warning: init scale_ratio extreme; rejecting candidate.
[Stage B]    Candidate (sqrt_ratpoly_1d[8]) rejected at init (non-finite loss); trying next.
[Stage B]  Trying 1D sqrt-ratpoly (sqrt) deg=(3,2)->(3,2) nnz=(4,3) on NN leaf vars (1, 2)
[Stage B custom_init ratpoly_1d] Init on vars (1, 2): deg=(3,2)->(3,2), nnz=(4,3), rel_rms≈6.49e-06
[Stage B] Post-custom-init validation (attempt 0), batch 0, finite: 2000/2000, min: -4.405e+08, max: 2.034e+10, mean: 1.541e+09
[Stage B] Post-custom-init validation (attempt 0), batch 1, finite: 2000/2000, min: -3.773e+08, max: 2.122e+10, mean: 1.635e+09
[Stage B] Post-custom-init validation (attempt 0), batch 2, finite: 2000/2000, min: -2.962e+08, max: 2.076e+10, mean: 1.474e+09
[Stage B] Prediction scale check (attempt 0): pred_median=5.375e+08, true_median=9.826e-02, ratio=5.470e+09
[Stage B] Warning: init scale_ratio extreme; rejecting candidate.
[Stage B]    Candidate (sqrt_ratpoly_1d[9]) rejected at init (non-finite loss); trying next.
[Stage B]  Trying 1D sqrt-ratpoly (sqrt) deg=(3,3)->(3,3) nnz=(4,4) on NN leaf vars (1, 2)
[Stage B custom_init ratpoly_1d] Init on vars (1, 2): deg=(3,3)->(3,3), nnz=(4,4), rel_rms≈3.54e-07
[Stage B] Post-custom-init validation (attempt 0), batch 0, finite: 2000/2000, min: -4.405e+08, max: 2.034e+10, mean: 1.541e+09
[Stage B] Post-custom-init validation (attempt 0), batch 1, finite: 2000/2000, min: -3.773e+08, max: 2.122e+10, mean: 1.635e+09
[Stage B] Post-custom-init validation (attempt 0), batch 2, finite: 2000/2000, min: -2.962e+08, max: 2.076e+10, mean: 1.474e+09
[Stage B] Prediction scale check (attempt 0): pred_median=5.375e+08, true_median=9.826e-02, ratio=5.470e+09
[Stage B] Warning: init scale_ratio extreme; rejecting candidate.
[Stage B]    Candidate (sqrt_ratpoly_1d[10]) rejected at init (non-finite loss); trying next.
[Stage B]  Trying 1D sqrt-ratpoly (sqrt) deg=(4,3)->(4,3) nnz=(5,4) on NN leaf vars (1, 2)
[Stage B custom_init ratpoly_1d] Init on vars (1, 2): deg=(4,3)->(4,3), nnz=(5,4), rel_rms≈3.53e-07
[Stage B] Post-custom-init validation (attempt 0), batch 0, finite: 2000/2000, min: -4.405e+08, max: 2.034e+10, mean: 1.541e+09
[Stage B] Post-custom-init validation (attempt 0), batch 1, finite: 2000/2000, min: -3.773e+08, max: 2.122e+10, mean: 1.635e+09
[Stage B] Post-custom-init validation (attempt 0), batch 2, finite: 2000/2000, min: -2.962e+08, max: 2.076e+10, mean: 1.474e+09
[Stage B] Prediction scale check (attempt 0): pred_median=5.375e+08, true_median=9.826e-02, ratio=5.470e+09
[Stage B] Warning: init scale_ratio extreme; rejecting candidate.
[Stage B]    Candidate (sqrt_ratpoly_1d[11]) rejected at init (non-finite loss); trying next.
[Stage B]  Trying 1D sqrt-ratpoly (sqrt) deg=(4,4)->(4,4) nnz=(5,5) on NN leaf vars (1, 2)
[Stage B custom_init ratpoly_1d] Init on vars (1, 2): deg=(4,4)->(4,4), nnz=(5,5), rel_rms≈4.60e-08
[Stage B] Post-custom-init validation (attempt 0), batch 0, finite: 2000/2000, min: -4.405e+08, max: 2.034e+10, mean: 1.541e+09
[Stage B] Post-custom-init validation (attempt 0), batch 1, finite: 2000/2000, min: -3.773e+08, max: 2.122e+10, mean: 1.635e+09
[Stage B] Post-custom-init validation (attempt 0), batch 2, finite: 2000/2000, min: -2.962e+08, max: 2.076e+10, mean: 1.474e+09
[Stage B] Prediction scale check (attempt 0): pred_median=5.375e+08, true_median=9.826e-02, ratio=5.470e+09
[Stage B] Warning: init scale_ratio extreme; rejecting candidate.
[Stage B]    Candidate (sqrt_ratpoly_1d[12]) rejected at init (non-finite loss); trying next.
[Stage B]  Precheck reject (duplicate-signature) rule=univariate_nn cand=sqrt_ratpoly_1d[13] target=nn#leaf1 vars=(1, 2) sig=(960898949, 1, 1, -1, 3, 1, 1, 1) attempted=61
[Stage B]  Precheck reject (duplicate-signature) rule=univariate_nn cand=sqrt_ratpoly_1d[14] target=nn#leaf1 vars=(1, 2) sig=(960898949, 2, 1, 1, -1, 2, 1, 1) attempted=61
[Stage B]  Precheck reject (duplicate-signature) rule=univariate_nn cand=sqrt_ratpoly_1d[15] target=nn#leaf1 vars=(1, 2) sig=(960898949, 3, 1, 1, 1, -1, 1, 1) attempted=61
[Stage B]  Precheck reject (duplicate-signature) rule=univariate_nn cand=sqrt_ratpoly_1d[16] target=nn#leaf1 vars=(1, 2) sig=(960898949, 1, 1, -1, 4, 1, 1, 1, 1) attempted=61
[Stage B]  Precheck reject (duplicate-signature) rule=univariate_nn cand=sqrt_ratpoly_1d[17] target=nn#leaf1 vars=(1, 2) sig=(960898949, 2, 1, 1, -1, 3, 1, 1, 1) attempted=61
[Stage B]  Precheck reject (duplicate-signature) rule=univariate_nn cand=sqrt_ratpoly_1d[18] target=nn#leaf1 vars=(1, 2) sig=(960898949, 1, 1, -1, 5, 1, 1, 1, 1, 1) attempted=61
[Stage B]  Trying 1D sqrt-ratpoly (inv_sqrt) deg=(1,3)->(1,3) nnz=(2,4) on NN leaf vars (1, 2)
[Stage B custom_init ratpoly_1d] Init on vars (1, 2): deg=(1,3)->(1,3), nnz=(2,4), rel_rms≈7.94e-07
[Stage B] Post-custom-init validation (attempt 0), batch 0, finite: 2000/2000, min: -4.405e+08, max: 2.034e+10, mean: 1.541e+09
[Stage B] Post-custom-init validation (attempt 0), batch 1, finite: 2000/2000, min: -3.773e+08, max: 2.122e+10, mean: 1.635e+09
[Stage B] Post-custom-init validation (attempt 0), batch 2, finite: 2000/2000, min: -2.962e+08, max: 2.076e+10, mean: 1.474e+09
[Stage B] Prediction scale check (attempt 0): pred_median=5.375e+08, true_median=9.826e-02, ratio=5.470e+09
[Stage B] Warning: init scale_ratio extreme; rejecting candidate.
[Stage B]    Candidate (sqrt_ratpoly_1d[19]) rejected at init (non-finite loss); trying next.
[Stage B]  Precheck reject (duplicate-signature) rule=univariate_nn cand=sqrt_ratpoly_1d[20] target=nn#leaf1 vars=(1, 2) sig=(960898949, 4, 1, 1, 1, 1, -1, 2, 1, 1) attempted=62
[Stage B]  Precheck reject (duplicate-signature) rule=univariate_nn cand=sqrt_ratpoly_1d[21] target=nn#leaf1 vars=(1, 2) sig=(960898949, 2, 1, 1, -1, 5, 1, 1, 1, 1, 1) attempted=62
[Stage B]  Precheck reject (duplicate-signature) rule=univariate_nn cand=sqrt_ratpoly_1d[22] target=nn#leaf1 vars=(1, 2) sig=(960898949, 4, 1, 1, 1, 1, -1, 3, 1, 1, 1) attempted=62
[Stage B]  Trying 1D cbrt-ratpoly (cbrt) deg=(0,2)->(0,2) nnz=(1,3) on NN leaf vars (1, 2)
[Stage B custom_init ratpoly_1d] Init on vars (1, 2): deg=(0,2)->(0,2), nnz=(1,3), rel_rms≈1.87e-05
[Stage B] Post-custom-init validation (attempt 0), batch 0, finite: 2000/2000, min: -2.034e+10, max: 4.405e+08, mean: -1.541e+09
[Stage B] Post-custom-init validation (attempt 0), batch 1, finite: 2000/2000, min: -2.122e+10, max: 3.773e+08, mean: -1.635e+09
[Stage B] Post-custom-init validation (attempt 0), batch 2, finite: 2000/2000, min: -2.076e+10, max: 2.962e+08, mean: -1.474e+09
[Stage B] Prediction scale check (attempt 0): pred_median=5.375e+08, true_median=9.826e-02, ratio=5.470e+09
[Stage B] Warning: init scale_ratio extreme; rejecting candidate.
[Stage B]    Candidate (cbrt_ratpoly_1d) rejected at init (non-finite loss); trying next.
[Stage B]  Trying 1D cbrt-ratpoly (cbrt) deg=(2,2)->(2,1) nnz=(2,2) on NN leaf vars (1, 2)
[Stage B custom_init ratpoly_1d] Init on vars (1, 2): deg=(2,2)->(2,1), nnz=(2,2), rel_rms≈4.93e-04
[Stage B] Post-custom-init validation (attempt 0), batch 0, finite: 2000/2000, min: -2.034e+10, max: 4.405e+08, mean: -1.541e+09
[Stage B] Post-custom-init validation (attempt 0), batch 1, finite: 2000/2000, min: -2.122e+10, max: 3.773e+08, mean: -1.635e+09
[Stage B] Post-custom-init validation (attempt 0), batch 2, finite: 2000/2000, min: -2.076e+10, max: 2.962e+08, mean: -1.474e+09
[Stage B] Prediction scale check (attempt 0): pred_median=5.375e+08, true_median=9.826e-02, ratio=5.470e+09
[Stage B] Warning: init scale_ratio extreme; rejecting candidate.
[Stage B]    Candidate (cbrt_ratpoly_1d[1]) rejected at init (non-finite loss); trying next.
[Stage B]  Trying 1D cbrt-ratpoly (cbrt) deg=(0,3)->(0,3) nnz=(1,4) on NN leaf vars (1, 2)
[Stage B custom_init ratpoly_1d] Init on vars (1, 2): deg=(0,3)->(0,3), nnz=(1,4), rel_rms≈4.02e-07
[Stage B] Post-custom-init validation (attempt 0), batch 0, finite: 2000/2000, min: -2.034e+10, max: 4.405e+08, mean: -1.541e+09
[Stage B] Post-custom-init validation (attempt 0), batch 1, finite: 2000/2000, min: -2.122e+10, max: 3.773e+08, mean: -1.635e+09
[Stage B] Post-custom-init validation (attempt 0), batch 2, finite: 2000/2000, min: -2.076e+10, max: 2.962e+08, mean: -1.474e+09
[Stage B] Prediction scale check (attempt 0): pred_median=5.375e+08, true_median=9.826e-02, ratio=5.470e+09
[Stage B] Warning: init scale_ratio extreme; rejecting candidate.
[Stage B]    Candidate (cbrt_ratpoly_1d[2]) rejected at init (non-finite loss); trying next.
[Stage B]  Trying 1D cbrt-ratpoly (cbrt) deg=(3,3)->(2,2) nnz=(2,3) on NN leaf vars (1, 2)
[Stage B custom_init ratpoly_1d] Init on vars (1, 2): deg=(3,3)->(2,2), nnz=(2,3), rel_rms≈3.08e-05
[Stage B] Post-custom-init validation (attempt 0), batch 0, finite: 2000/2000, min: -2.034e+10, max: 4.405e+08, mean: -1.541e+09
[Stage B] Post-custom-init validation (attempt 0), batch 1, finite: 2000/2000, min: -2.122e+10, max: 3.773e+08, mean: -1.635e+09
[Stage B] Post-custom-init validation (attempt 0), batch 2, finite: 2000/2000, min: -2.076e+10, max: 2.962e+08, mean: -1.474e+09
[Stage B] Prediction scale check (attempt 0): pred_median=5.375e+08, true_median=9.826e-02, ratio=5.470e+09
[Stage B] Warning: init scale_ratio extreme; rejecting candidate.
[Stage B]    Candidate (cbrt_ratpoly_1d[3]) rejected at init (non-finite loss); trying next.
[Stage B]  Trying 1D cbrt-ratpoly (cbrt) deg=(4,4)->(1,4) nnz=(1,4) on NN leaf vars (1, 2)
[Stage B custom_init ratpoly_1d] Init on vars (1, 2): deg=(4,4)->(1,4), nnz=(1,4), rel_rms≈2.65e-05
[Stage B] Post-custom-init validation (attempt 0), batch 0, finite: 2000/2000, min: -2.034e+10, max: 4.405e+08, mean: -1.541e+09
[Stage B] Post-custom-init validation (attempt 0), batch 1, finite: 2000/2000, min: -2.122e+10, max: 3.773e+08, mean: -1.635e+09
[Stage B] Post-custom-init validation (attempt 0), batch 2, finite: 2000/2000, min: -2.076e+10, max: 2.962e+08, mean: -1.474e+09
[Stage B] Prediction scale check (attempt 0): pred_median=5.375e+08, true_median=9.826e-02, ratio=5.470e+09
[Stage B] Warning: init scale_ratio extreme; rejecting candidate.
[Stage B]    Candidate (cbrt_ratpoly_1d[4]) rejected at init (non-finite loss); trying next.
[Stage B]  Precheck reject (duplicate-signature) rule=univariate_nn cand=cbrt_ratpoly_1d[5] target=nn#leaf1 vars=(1, 2) sig=(960898949, 1, 1, -1, 5, 1, 1, 1, 1, 1, 330) attempted=67
[Stage B]  Trying 1D cbrt-ratpoly (cbrt) deg=(1,3)->(1,3) nnz=(2,4) on NN leaf vars (1, 2)
[Stage B custom_init ratpoly_1d] Init on vars (1, 2): deg=(1,3)->(1,3), nnz=(2,4), rel_rms≈4.02e-07
[Stage B] Post-custom-init validation (attempt 0), batch 0, finite: 2000/2000, min: -2.034e+10, max: 4.405e+08, mean: -1.541e+09
[Stage B] Post-custom-init validation (attempt 0), batch 1, finite: 2000/2000, min: -2.122e+10, max: 3.773e+08, mean: -1.635e+09
[Stage B] Post-custom-init validation (attempt 0), batch 2, finite: 2000/2000, min: -2.076e+10, max: 2.962e+08, mean: -1.474e+09
[Stage B] Prediction scale check (attempt 0): pred_median=5.375e+08, true_median=9.826e-02, ratio=5.470e+09
[Stage B] Warning: init scale_ratio extreme; rejecting candidate.
[Stage B]    Candidate (cbrt_ratpoly_1d[6]) rejected at init (non-finite loss); trying next.
[Stage B]  Precheck reject (duplicate-signature) rule=univariate_nn cand=cbrt_ratpoly_1d[7] target=nn#leaf1 vars=(1, 2) sig=(960898949, 2, 1, 1, -1, 5, 1, 1, 1, 1, 1, 330) attempted=68
[Stage B]  Trying 1D cbrt-ratpoly (cbrt) deg=(2,3)->(2,3) nnz=(3,4) on NN leaf vars (1, 2)
[Stage B custom_init ratpoly_1d] Init on vars (1, 2): deg=(2,3)->(2,3), nnz=(3,4), rel_rms≈4.02e-07
[Stage B] Post-custom-init validation (attempt 0), batch 0, finite: 2000/2000, min: -2.034e+10, max: 4.405e+08, mean: -1.541e+09
[Stage B] Post-custom-init validation (attempt 0), batch 1, finite: 2000/2000, min: -2.122e+10, max: 3.773e+08, mean: -1.635e+09
[Stage B] Post-custom-init validation (attempt 0), batch 2, finite: 2000/2000, min: -2.076e+10, max: 2.962e+08, mean: -1.474e+09
[Stage B] Prediction scale check (attempt 0): pred_median=5.375e+08, true_median=9.826e-02, ratio=5.470e+09
[Stage B] Warning: init scale_ratio extreme; rejecting candidate.
[Stage B]    Candidate (cbrt_ratpoly_1d[8]) rejected at init (non-finite loss); trying next.
[Stage B]  Precheck reject (duplicate-signature) rule=univariate_nn cand=cbrt_ratpoly_1d[9] target=nn#leaf1 vars=(1, 2) sig=(960898949, 3, 1, 1, 1, -1, 5, 1, 1, 1, 1, 1, 330) attempted=69
[Stage B]  Trying 1D cbrt-ratpoly (cbrt) deg=(4,2)->(4,2) nnz=(5,3) on NN leaf vars (1, 2)
[Stage B custom_init ratpoly_1d] Init on vars (1, 2): deg=(4,2)->(4,2), nnz=(5,3), rel_rms≈1.87e-05
[Stage B] Post-custom-init validation (attempt 0), batch 0, finite: 2000/2000, min: -2.034e+10, max: 4.405e+08, mean: -1.541e+09
[Stage B] Post-custom-init validation (attempt 0), batch 1, finite: 2000/2000, min: -2.122e+10, max: 3.773e+08, mean: -1.635e+09
[Stage B] Post-custom-init validation (attempt 0), batch 2, finite: 2000/2000, min: -2.076e+10, max: 2.962e+08, mean: -1.474e+09
[Stage B] Prediction scale check (attempt 0): pred_median=5.375e+08, true_median=9.826e-02, ratio=5.470e+09
[Stage B] Warning: init scale_ratio extreme; rejecting candidate.
[Stage B]    Candidate (cbrt_ratpoly_1d[10]) rejected at init (non-finite loss); trying next.
[Stage B]  Trying 1D cbrt-ratpoly (cbrt) deg=(3,4)->(3,4) nnz=(4,5) on NN leaf vars (1, 2)
[Stage B custom_init ratpoly_1d] Init on vars (1, 2): deg=(3,4)->(3,4), nnz=(4,5), rel_rms≈1.37e-08
[Stage B] Post-custom-init validation (attempt 0), batch 0, finite: 2000/2000, min: -2.034e+10, max: 4.405e+08, mean: -1.541e+09
[Stage B] Post-custom-init validation (attempt 0), batch 1, finite: 2000/2000, min: -2.122e+10, max: 3.773e+08, mean: -1.635e+09
[Stage B] Post-custom-init validation (attempt 0), batch 2, finite: 2000/2000, min: -2.076e+10, max: 2.962e+08, mean: -1.474e+09
[Stage B] Prediction scale check (attempt 0): pred_median=5.375e+08, true_median=9.826e-02, ratio=5.470e+09
[Stage B] Warning: init scale_ratio extreme; rejecting candidate.
[Stage B]    Candidate (cbrt_ratpoly_1d[11]) rejected at init (non-finite loss); trying next.
[Stage B]  Trying 1D cbrt-ratpoly (inv_cbrt) deg=(0,2)->(0,2) nnz=(1,3) on NN leaf vars (1, 2)
[Stage B custom_init ratpoly_1d] Init on vars (1, 2): deg=(0,2)->(0,2), nnz=(1,3), rel_rms≈3.81e-05
[Stage B] Post-custom-init validation (attempt 0), batch 0, finite: 2000/2000, min: -2.034e+10, max: 4.405e+08, mean: -1.541e+09
[Stage B] Post-custom-init validation (attempt 0), batch 1, finite: 2000/2000, min: -2.122e+10, max: 3.773e+08, mean: -1.635e+09
[Stage B] Post-custom-init validation (attempt 0), batch 2, finite: 2000/2000, min: -2.076e+10, max: 2.962e+08, mean: -1.474e+09
[Stage B] Prediction scale check (attempt 0): pred_median=5.375e+08, true_median=9.826e-02, ratio=5.470e+09
[Stage B] Warning: init scale_ratio extreme; rejecting candidate.
[Stage B]    Candidate (cbrt_ratpoly_1d[12]) rejected at init (non-finite loss); trying next.
[Stage B]  Trying 1D cbrt-ratpoly (inv_cbrt) deg=(1,1)->(1,1) nnz=(2,2) on NN leaf vars (1, 2)
[Stage B custom_init ratpoly_1d] Init on vars (1, 2): deg=(1,1)->(1,1), nnz=(2,2), rel_rms≈6.09e-05
[Stage B] Post-custom-init validation (attempt 0), batch 0, finite: 2000/2000, min: -2.034e+10, max: 4.405e+08, mean: -1.541e+09
[Stage B] Post-custom-init validation (attempt 0), batch 1, finite: 2000/2000, min: -2.122e+10, max: 3.773e+08, mean: -1.635e+09
[Stage B] Post-custom-init validation (attempt 0), batch 2, finite: 2000/2000, min: -2.076e+10, max: 2.962e+08, mean: -1.474e+09
[Stage B] Prediction scale check (attempt 0): pred_median=5.375e+08, true_median=9.826e-02, ratio=5.470e+09
[Stage B] Warning: init scale_ratio extreme; rejecting candidate.
[Stage B]    Candidate (cbrt_ratpoly_1d[13]) rejected at init (non-finite loss); trying next.
[Stage B]  Trying 1D cbrt-ratpoly (inv_cbrt) deg=(2,1)->(2,0) nnz=(3,1) on NN leaf vars (1, 2)
[Stage B custom_init ratpoly_1d] Init on vars (1, 2): deg=(2,1)->(2,0), nnz=(3,1), rel_rms≈1.88e-05
[Stage B] Post-custom-init validation (attempt 0), batch 0, finite: 2000/2000, min: -2.034e+10, max: 4.405e+08, mean: -1.541e+09
[Stage B] Post-custom-init validation (attempt 0), batch 1, finite: 2000/2000, min: -2.122e+10, max: 3.773e+08, mean: -1.635e+09
[Stage B] Post-custom-init validation (attempt 0), batch 2, finite: 2000/2000, min: -2.076e+10, max: 2.962e+08, mean: -1.474e+09
[Stage B] Prediction scale check (attempt 0): pred_median=5.375e+08, true_median=9.826e-02, ratio=5.470e+09
[Stage B] Warning: init scale_ratio extreme; rejecting candidate.
[Stage B]    Candidate (cbrt_ratpoly_1d[14]) rejected at init (non-finite loss); trying next.
[Stage B]  Precheck reject (duplicate-signature) rule=univariate_nn cand=cbrt_ratpoly_1d[15] target=nn#leaf1 vars=(1, 2) sig=(960898949, 1, 1, -1, 4, 1, 1, 1, 1, -330) attempted=74
[Stage B]  Precheck reject (duplicate-signature) rule=univariate_nn cand=cbrt_ratpoly_1d[16] target=nn#leaf1 vars=(1, 2) sig=(960898949, 2, 1, 1, -1, 3, 1, 1, 1, -330) attempted=74
[Stage B]  Precheck reject (duplicate-signature) rule=univariate_nn cand=cbrt_ratpoly_1d[17] target=nn#leaf1 vars=(1, 2) sig=(960898949, 1, 1, -1, 5, 1, 1, 1, 1, 1, -330) attempted=74
[Stage B]  Precheck reject (duplicate-signature) rule=univariate_nn cand=cbrt_ratpoly_1d[18] target=nn#leaf1 vars=(1, 2) sig=(960898949, 2, 1, 1, -1, 4, 1, 1, 1, 1, -330) attempted=74
[Stage B]  Precheck reject (duplicate-signature) rule=univariate_nn cand=cbrt_ratpoly_1d[19] target=nn#leaf1 vars=(1, 2) sig=(960898949, 4, 1, 1, 1, 1, -1, 2, 1, 1, -330) attempted=74
[Stage B]  Precheck reject (duplicate-signature) rule=univariate_nn cand=cbrt_ratpoly_1d[20] target=nn#leaf1 vars=(1, 2) sig=(960898949, 4, 1, 1, 1, 1, -1, 3, 1, 1, 1, -330) attempted=74
[Stage B]  Trying 1D ratpoly deg=(0,1)->(0,1) nnz=(1,2) (scale*P_red(x)/Q(x)) rewrite on NN leaf vars (1, 2)
[Stage B custom_init ratpoly_1d] Init on vars (1, 2): deg=(0,1)->(0,1), nnz=(1,2), rel_rms≈8.29e-03
[Stage B] Post-custom-init validation (attempt 0), batch 0, finite: 2000/2000, min: -2.034e+10, max: 4.405e+08, mean: -1.541e+09
[Stage B] Post-custom-init validation (attempt 0), batch 1, finite: 2000/2000, min: -2.122e+10, max: 3.773e+08, mean: -1.635e+09
[Stage B] Post-custom-init validation (attempt 0), batch 2, finite: 2000/2000, min: -2.076e+10, max: 2.962e+08, mean: -1.474e+09
[Stage B] Prediction scale check (attempt 0): pred_median=5.375e+08, true_median=9.826e-02, ratio=5.470e+09
[Stage B] Warning: init scale_ratio extreme; rejecting candidate.
[Stage B]    Candidate (ratpoly_1d) rejected at init (non-finite loss); trying next.
[Stage B]  Precheck reject (duplicate-signature) rule=univariate_nn cand=ratpoly_1d[1] target=nn#leaf1 vars=(1, 2) sig=(960898949, 1, 1, -1, 3, 1, 1, 1) attempted=75
[Stage B]  Precheck reject (duplicate-signature) rule=univariate_nn cand=ratpoly_1d[2] target=nn#leaf1 vars=(1, 2) sig=(960898949, 2, 1, 1, -1, 2, 1, 1) attempted=75
[Stage B]  Precheck reject (duplicate-signature) rule=univariate_nn cand=ratpoly_1d[3] target=nn#leaf1 vars=(1, 2) sig=(960898949, 3, 1, 0, 1, -1, 2, 1, 1) attempted=75
[Stage B]  Precheck reject (duplicate-signature) rule=univariate_nn cand=ratpoly_1d[4] target=nn#leaf1 vars=(1, 2) sig=(960898949, 3, 0, 1, 1, -1, 2, 1, 1) attempted=75
[Stage B]  Precheck reject (duplicate-signature) rule=univariate_nn cand=ratpoly_1d[5] target=nn#leaf1 vars=(1, 2) sig=(960898949, 1, 1, -1, 4, 1, 1, 1, 1) attempted=75
[Stage B]  Precheck reject (duplicate-signature) rule=univariate_nn cand=ratpoly_1d[6] target=nn#leaf1 vars=(1, 2) sig=(960898949, 2, 1, 1, -1, 3, 1, 1, 1) attempted=75
[Stage B]  Precheck reject (duplicate-signature) rule=univariate_nn cand=ratpoly_1d[7] target=nn#leaf1 vars=(1, 2) sig=(960898949, 3, 1, 1, 1, -1, 2, 1, 1) attempted=75
[Stage B]  Precheck reject (duplicate-signature) rule=univariate_nn cand=ratpoly_1d[8] target=nn#leaf1 vars=(1, 2) sig=(960898949, 1, 1, -1, 5, 1, 1, 1, 1, 1) attempted=75
[Stage B]  Trying 1D ratpoly deg=(2,2)->(2,2) nnz=(3,3) (scale*P_red(x)/Q(x)) rewrite on NN leaf vars (1, 2)
[Stage B custom_init ratpoly_1d] Init on vars (1, 2): deg=(2,2)->(2,2), nnz=(3,3), rel_rms≈1.72e-04
[Stage B] Post-custom-init validation (attempt 0), batch 0, finite: 2000/2000, min: -2.034e+10, max: 4.405e+08, mean: -1.541e+09
[Stage B] Post-custom-init validation (attempt 0), batch 1, finite: 2000/2000, min: -2.122e+10, max: 3.773e+08, mean: -1.635e+09
[Stage B] Post-custom-init validation (attempt 0), batch 2, finite: 2000/2000, min: -2.076e+10, max: 2.962e+08, mean: -1.474e+09
[Stage B] Prediction scale check (attempt 0): pred_median=5.375e+08, true_median=9.826e-02, ratio=5.470e+09
[Stage B] Warning: init scale_ratio extreme; rejecting candidate.
[Stage B]    Candidate (ratpoly_1d[9]) rejected at init (non-finite loss); trying next.
[Stage B]  Precheck reject (duplicate-signature) rule=univariate_nn cand=ratpoly_1d[10] target=nn#leaf1 vars=(1, 2) sig=(960898949, 2, 1, 1, -1, 5, 1, 1, 1, 1, 1) attempted=76
[Stage B]  Trying 1D ratpoly deg=(2,4)->(2,4) nnz=(3,5) (scale*P_red(x)/Q(x)) rewrite on NN leaf vars (1, 2)
[Stage B custom_init ratpoly_1d] Init on vars (1, 2): deg=(2,4)->(2,4), nnz=(3,5), rel_rms≈6.55e-08
[Stage B] Post-custom-init validation (attempt 0), batch 0, finite: 2000/2000, min: -2.034e+10, max: 4.405e+08, mean: -1.541e+09
[Stage B] Post-custom-init validation (attempt 0), batch 1, finite: 2000/2000, min: -2.122e+10, max: 3.773e+08, mean: -1.635e+09
[Stage B] Post-custom-init validation (attempt 0), batch 2, finite: 2000/2000, min: -2.076e+10, max: 2.962e+08, mean: -1.474e+09
[Stage B] Prediction scale check (attempt 0): pred_median=5.375e+08, true_median=9.826e-02, ratio=5.470e+09
[Stage B] Warning: init scale_ratio extreme; rejecting candidate.
[Stage B]    Candidate (ratpoly_1d[11]) rejected at init (non-finite loss); trying next.
[Stage B]  Precheck reject (duplicate-signature) rule=univariate_nn cand=ratpoly_1d[12] target=nn#leaf1 vars=(1, 2) sig=(960898949, 4, 1, 1, 1, 1, -1, 4, 1, 1, 1, 1) attempted=77
[Stage B]  Trying 1D ratpoly deg=(4,2)->(4,2) nnz=(5,3) (scale*P_red(x)/Q(x)) rewrite on NN leaf vars (1, 2)
[Stage B custom_init ratpoly_1d] Init on vars (1, 2): deg=(4,2)->(4,2), nnz=(5,3), rel_rms≈6.54e-08
[Stage B] Post-custom-init validation (attempt 0), batch 0, finite: 2000/2000, min: -2.034e+10, max: 4.405e+08, mean: -1.541e+09
[Stage B] Post-custom-init validation (attempt 0), batch 1, finite: 2000/2000, min: -2.122e+10, max: 3.773e+08, mean: -1.635e+09
[Stage B] Post-custom-init validation (attempt 0), batch 2, finite: 2000/2000, min: -2.076e+10, max: 2.962e+08, mean: -1.474e+09
[Stage B] Prediction scale check (attempt 0): pred_median=5.375e+08, true_median=9.826e-02, ratio=5.470e+09
[Stage B] Warning: init scale_ratio extreme; rejecting candidate.
[Stage B]    Candidate (ratpoly_1d[13]) rejected at init (non-finite loss); trying next.
[Stage B]  Trying 1D ratpoly deg=(3,4)->(3,4) nnz=(4,5) (scale*P_red(x)/Q(x)) rewrite on NN leaf vars (1, 2)
[Stage B custom_init ratpoly_1d] Init on vars (1, 2): deg=(3,4)->(3,4), nnz=(4,5), rel_rms≈1.09e-05
[Stage B] Post-custom-init validation (attempt 0), batch 0, finite: 2000/2000, min: -2.034e+10, max: 4.405e+08, mean: -1.541e+09
[Stage B] Post-custom-init validation (attempt 0), batch 1, finite: 2000/2000, min: -2.122e+10, max: 3.773e+08, mean: -1.635e+09
[Stage B] Post-custom-init validation (attempt 0), batch 2, finite: 2000/2000, min: -2.076e+10, max: 2.962e+08, mean: -1.474e+09
[Stage B] Prediction scale check (attempt 0): pred_median=5.375e+08, true_median=9.826e-02, ratio=5.470e+09
[Stage B] Warning: init scale_ratio extreme; rejecting candidate.
[Stage B]    Candidate (ratpoly_1d[14]) rejected at init (non-finite loss); trying next.
[Stage B]  Precheck reject (duplicate-signature) rule=univariate_nn cand=ratpoly_1d[15] target=nn#leaf1 vars=(1, 2) sig=(960898949, 5, 1, 1, 1, 1, 1, -1, 4, 1, 1, 1, 1) attempted=79
[Stage B]  Trying exp-poly rewrite on NN leaf vars (1, 2), degree=2
[Stage B] Initialising ExpPolyLeaf for vars (1, 2), tag=leaf1
[info] dataloader for provider ASTCompositeAdaptor yields 3 batches (equivalent to a single batch up to floating-point roundoff; minor Python-loop overhead per batch).
Stopping at epoch 201/2000, lm_opt.state['halt']=True, loss=1.2696e-07, loss_val=2.1218e-07
[Stage B]    Candidate (exp): params=389, val-loss=2.1218e-07
[Stage B]    Reject (exp): simpler-over-budget(thr=5.843e-10) | loss 3.220e-11->2.122e-07 (Δ+2.12e-07) | params 770->389 | cx (0, 0, 0)->(0, 0, 0)
[Stage B]  Trying exp-poly rewrite on NN leaf vars (1, 2), degree=2 [coord=1/z]
[Stage B] Initialising ExpPolyLeaf for vars (1, 2), tag=leaf1
[info] dataloader for provider ASTCompositeAdaptor yields 3 batches (equivalent to a single batch up to floating-point roundoff; minor Python-loop overhead per batch).
Stopping at epoch 201/2000, lm_opt.state['halt']=True, loss=4.8773e-09, loss_val=8.6673e-09
[Stage B]    Candidate (exp[z_inv]): params=389, val-loss=8.6527e-09
[Stage B]    Reject (exp[z_inv]): simpler-over-budget(thr=5.843e-10) | loss 3.220e-11->8.653e-09 (Δ+8.62e-09) | params 770->389 | cx (0, 0, 0)->(0, 0, 0)
[Stage B]  Trying exp-ratpoly rewrite on NN leaf vars (1, 2), degs=2/2
[Stage B] Initialising ExpRationalPolyLeaf for vars (1, 2), tag=leaf1
[info] dataloader for provider ASTCompositeAdaptor yields 3 batches (equivalent to a single batch up to floating-point roundoff; minor Python-loop overhead per batch).
[LM][bucket] solving P=392 (trivially separable union)
[nestynet.optimizer] [LM] **** Too many rejects at lam_max; halting. self.lam_max=1000000000000.0 lam_new=1000000000000.0, iteration 34
Stopping at epoch 35/2000, lm_opt.state['halt']=True, loss=9.1435e-02, loss_val=7.2718e-02
[Stage B]    Candidate (exp_rat): params=392, val-loss=7.2718e-02
[Stage B]    Reject (exp_rat): simpler-over-budget(thr=5.829e-10) | loss 3.220e-11->7.272e-02 (Δ+7.27e-02) | params 770->392 | cx (0, 0, 0)->(0, 0, 0)
[Stage B]  Trying tanh rewrite on NN leaf vars (1, 2)
[Stage B] Initialising TanhLinearLeaf for vars (1, 2), tag=leaf1
[info] dataloader for provider ASTCompositeAdaptor yields 3 batches (equivalent to a single batch up to floating-point roundoff; minor Python-loop overhead per batch).
[LM][bucket] solving P=389 (trivially separable union)
Validation patience exceeded at epoch 701/2000, nval_worse=500
[Stage B]    Candidate (tanh): params=389, val-loss=6.1073e-06
[Stage B]    Reject (tanh): simpler-over-budget(thr=5.843e-10) | loss 3.220e-11->6.107e-06 (Δ+6.11e-06) | params 770->389 | cx (0, 0, 0)->(0, 0, 0)
[Stage B]  Trying tanh rewrite on NN leaf vars (1, 2) [coord=1/z]
[Stage B] Initialising TanhLinearLeaf for vars (1, 2), tag=leaf1
[info] dataloader for provider ASTCompositeAdaptor yields 3 batches (equivalent to a single batch up to floating-point roundoff; minor Python-loop overhead per batch).
Validation patience exceeded at epoch 801/2000, nval_worse=500
[Stage B]    Candidate (tanh[z_inv]): params=389, val-loss=1.5623e-06
[Stage B]    Reject (tanh[z_inv]): simpler-over-budget(thr=5.843e-10) | loss 3.220e-11->1.562e-06 (Δ+1.56e-06) | params 770->389 | cx (0, 0, 0)->(0, 0, 0)
[Stage B]  Trying trig on NN vars (1, 2), omega≈25.209, amp≈0.510
[Stage B] Initialising SinLinearLeaf for vars (1, 2), tag=leaf1
[Stage B] Post-custom-init validation (attempt 0), batch 0, finite: 2000/2000, min: -1.987e+07, max: 1.549e+07, mean: 6.467e+04
[Stage B] Post-custom-init validation (attempt 0), batch 1, finite: 2000/2000, min: -2.210e+07, max: 1.958e+07, mean: 9.394e+04
[Stage B] Post-custom-init validation (attempt 0), batch 2, finite: 2000/2000, min: -1.780e+07, max: 1.338e+07, mean: -1.921e+05
[Stage B] Prediction scale check (attempt 0): pred_median=2.778e+05, true_median=9.826e-02, ratio=2.827e+06
[Stage B] Warning: init scale_ratio extreme; rejecting candidate.
[Stage B]    Candidate (trig) rejected at init (non-finite loss); trying next.
[Stage B]  Trying trig on NN vars (1, 2), omega≈25.966, amp≈0.507 [coord=1/z]
[Stage B] Initialising SinLinearLeaf for vars (1, 2), tag=leaf1
[Stage B] Post-custom-init validation (attempt 0), batch 0, finite: 2000/2000, min: -2.032e+07, max: 1.808e+07, mean: 4.534e+04
[Stage B] Post-custom-init validation (attempt 0), batch 1, finite: 2000/2000, min: -1.976e+07, max: 2.215e+07, mean: -5.956e+04
[Stage B] Post-custom-init validation (attempt 0), batch 2, finite: 2000/2000, min: -1.605e+07, max: 1.290e+07, mean: -2.926e+05
[Stage B] Prediction scale check (attempt 0): pred_median=2.717e+05, true_median=9.826e-02, ratio=2.765e+06
[Stage B] Warning: init scale_ratio extreme; rejecting candidate.
[Stage B]    Candidate (trig[z_inv]) rejected at init (non-finite loss); trying next.
[Stage B]  Trying trig on NN vars (1, 2), omega≈4.000, amp≈0.507 [coord=1/z]
[Stage B] Initialising SinLinearLeaf for vars (1, 2), tag=leaf1
[Stage B] Post-custom-init validation (attempt 0), batch 0, finite: 2000/2000, min: -4.148e+05, max: 1.923e+07, mean: 9.661e+05
[Stage B] Post-custom-init validation (attempt 0), batch 1, finite: 2000/2000, min: -3.669e+05, max: 2.025e+07, mean: 1.047e+06
[Stage B] Post-custom-init validation (attempt 0), batch 2, finite: 2000/2000, min: -8.326e+06, max: 1.829e+07, mean: -3.442e+05
[Stage B] Prediction scale check (attempt 0): pred_median=2.060e+05, true_median=9.826e-02, ratio=2.097e+06
[Stage B] Warning: init scale_ratio extreme; rejecting candidate.
[Stage B]    Candidate (trig[z_inv]) rejected at init (non-finite loss); trying next.
[Stage B]  Trying trig on NN vars (1, 2), omega≈1.000, amp≈0.507 [coord=1/z]
[Stage B] Initialising SinLinearLeaf for vars (1, 2), tag=leaf1
[Stage B] Post-custom-init validation (attempt 0), batch 0, finite: 2000/2000, min: -1.215e+07, max: 2.625e+05, mean: -7.784e+05
[Stage B] Post-custom-init validation (attempt 0), batch 1, finite: 2000/2000, min: -1.281e+07, max: 2.322e+05, mean: -8.317e+05
[Stage B] Post-custom-init validation (attempt 0), batch 2, finite: 2000/2000, min: -1.200e+07, max: 1.817e+05, mean: -4.222e+05
[Stage B] Prediction scale check (attempt 0): pred_median=2.077e+05, true_median=9.826e-02, ratio=2.114e+06
[Stage B] Warning: init scale_ratio extreme; rejecting candidate.
[Stage B]    Candidate (trig[z_inv]) rejected at init (non-finite loss); trying next.
[Stage B]  Trying trig on NN vars (1, 2), omega≈12.983, amp≈0.507 [coord=1/z]
[Stage B] Initialising SinLinearLeaf for vars (1, 2), tag=leaf1
[Stage B] Post-custom-init validation (attempt 0), batch 0, finite: 2000/2000, min: -2.081e+07, max: 3.314e+06, mean: -9.609e+05
[Stage B] Post-custom-init validation (attempt 0), batch 1, finite: 2000/2000, min: -2.006e+07, max: 5.278e+06, mean: -1.067e+06
[Stage B] Post-custom-init validation (attempt 0), batch 2, finite: 2000/2000, min: -1.891e+07, max: 1.676e+07, mean: 1.051e+06
[Stage B] Prediction scale check (attempt 0): pred_median=2.943e+05, true_median=9.826e-02, ratio=2.995e+06
[Stage B] Warning: init scale_ratio extreme; rejecting candidate.
[Stage B]    Candidate (trig[z_inv]) rejected at init (non-finite loss); trying next.
[Stage B]  Trying trig on NN vars (1, 2), omega≈51.933, amp≈0.507 [coord=1/z]
[Stage B] Initialising SinLinearLeaf for vars (1, 2), tag=leaf1
[Stage B] Post-custom-init validation (attempt 0), batch 0, finite: 2000/2000, min: -1.783e+07, max: 1.407e+07, mean: 4.515e+04
[Stage B] Post-custom-init validation (attempt 0), batch 1, finite: 2000/2000, min: -2.064e+07, max: 2.286e+07, mean: 6.219e+04
[Stage B] Post-custom-init validation (attempt 0), batch 2, finite: 2000/2000, min: -1.607e+07, max: 1.841e+07, mean: 2.533e+05
[Stage B] Prediction scale check (attempt 0): pred_median=2.905e+05, true_median=9.826e-02, ratio=2.956e+06
[Stage B] Warning: init scale_ratio extreme; rejecting candidate.
[Stage B]    Candidate (trig[z_inv]) rejected at init (non-finite loss); trying next.
[Stage B]  Trying trig on NN vars (1, 2), omega≈4.000, amp≈0.510
[Stage B] Initialising SinLinearLeaf for vars (1, 2), tag=leaf1
[Stage B] Post-custom-init validation (attempt 0), batch 0, finite: 2000/2000, min: -1.790e+07, max: 2.685e+05, mean: -9.926e+05
[Stage B] Post-custom-init validation (attempt 0), batch 1, finite: 2000/2000, min: -1.906e+07, max: 2.768e+05, mean: -1.034e+06
[Stage B] Post-custom-init validation (attempt 0), batch 2, finite: 2000/2000, min: -1.722e+07, max: 2.401e+05, mean: -1.532e+06
[Stage B] Prediction scale check (attempt 0): pred_median=3.874e+05, true_median=9.826e-02, ratio=3.943e+06
[Stage B] Warning: init scale_ratio extreme; rejecting candidate.
[Stage B]    Candidate (trig) rejected at init (non-finite loss); trying next.
[Stage B]  Trying trig on NN vars (1, 2), omega≈1.000, amp≈0.510
[Stage B] Initialising SinLinearLeaf for vars (1, 2), tag=leaf1
[Stage B] Post-custom-init validation (attempt 0), batch 0, finite: 2000/2000, min: -2.245e+05, max: 1.297e+07, mean: 8.842e+05
[Stage B] Post-custom-init validation (attempt 0), batch 1, finite: 2000/2000, min: -2.129e+05, max: 1.354e+07, mean: 9.328e+05
[Stage B] Post-custom-init validation (attempt 0), batch 2, finite: 2000/2000, min: -1.640e+05, max: 1.175e+07, mean: 1.075e+06
[Stage B] Prediction scale check (attempt 0): pred_median=3.417e+05, true_median=9.826e-02, ratio=3.478e+06
[Stage B] Warning: init scale_ratio extreme; rejecting candidate.
[Stage B]    Candidate (trig) rejected at init (non-finite loss); trying next.
[Stage B]  Trying trig on NN vars (1, 2), omega≈12.605, amp≈0.510
[Stage B] Initialising SinLinearLeaf for vars (1, 2), tag=leaf1
[Stage B] Post-custom-init validation (attempt 0), batch 0, finite: 2000/2000, min: -6.553e+06, max: 1.704e+07, mean: 1.059e+06
[Stage B] Post-custom-init validation (attempt 0), batch 1, finite: 2000/2000, min: -6.255e+06, max: 2.216e+07, mean: 1.128e+06
[Stage B] Post-custom-init validation (attempt 0), batch 2, finite: 2000/2000, min: -1.445e+07, max: 8.701e+06, mean: -7.899e+05
[Stage B] Prediction scale check (attempt 0): pred_median=2.969e+05, true_median=9.826e-02, ratio=3.022e+06
[Stage B] Warning: init scale_ratio extreme; rejecting candidate.
[Stage B]    Candidate (trig) rejected at init (non-finite loss); trying next.
[Stage B]  Trying trig on NN vars (1, 2), omega≈50.419, amp≈0.510
[Stage B] Initialising SinLinearLeaf for vars (1, 2), tag=leaf1
[Stage B] Post-custom-init validation (attempt 0), batch 0, finite: 2000/2000, min: -2.082e+07, max: 1.561e+07, mean: -1.112e+05
[Stage B] Post-custom-init validation (attempt 0), batch 1, finite: 2000/2000, min: -2.066e+07, max: 2.121e+07, mean: -1.976e+04
[Stage B] Post-custom-init validation (attempt 0), batch 2, finite: 2000/2000, min: -1.575e+07, max: 1.778e+07, mean: 1.670e+04
[Stage B] Prediction scale check (attempt 0): pred_median=2.820e+05, true_median=9.826e-02, ratio=2.870e+06
[Stage B] Warning: init scale_ratio extreme; rejecting candidate.
[Stage B]    Candidate (trig) rejected at init (non-finite loss); trying next.
[Stage B]  Precheck reject (duplicate-signature) rule=univariate_nn cand=sinc_p2 target=nn#leaf1 vars=(1, 2) sig=(2, 2, 1, -1, -1, 0) attempted=79
[Stage B]  Precheck reject (duplicate-signature) rule=univariate_nn cand=sinc_p2[z_inv] target=nn#leaf1 vars=(1, 2) sig=(2, 2, 1, -1, -1, 0) attempted=79
[Stage B]  Trying affine trig (c + A*sin) on NN leaf vars (1, 2), omega≈25.209, amp≈0.510, offset≈-469.616
[Stage B] Initialising SinLinearLeaf for vars (1, 2), tag=leaf1
[Stage B] Post-custom-init validation (attempt 0), batch 0, finite: 2000/2000, min: -2.031e+10, max: 4.413e+08, mean: -1.541e+09
[Stage B] Post-custom-init validation (attempt 0), batch 1, finite: 2000/2000, min: -2.119e+10, max: 3.783e+08, mean: -1.635e+09
[Stage B] Post-custom-init validation (attempt 0), batch 2, finite: 2000/2000, min: -2.079e+10, max: 2.970e+08, mean: -1.470e+09
[Stage B] Prediction scale check (attempt 0): pred_median=5.373e+08, true_median=9.826e-02, ratio=5.469e+09
[Stage B] Warning: init scale_ratio extreme; rejecting candidate.
[Stage B]    Candidate (affine_trig) rejected at init (non-finite loss); trying next.
[Stage B]  Trying affine trig (c + A*sin) on NN leaf vars (1, 2), omega≈25.966, amp≈0.507, offset≈-469.681 [coord=1/z]
[Stage B] Initialising SinLinearLeaf for vars (1, 2), tag=leaf1
[Stage B] Post-custom-init validation (attempt 0), batch 0, finite: 2000/2000, min: -2.030e+10, max: 4.411e+08, mean: -1.541e+09
[Stage B] Post-custom-init validation (attempt 0), batch 1, finite: 2000/2000, min: -2.121e+10, max: 3.777e+08, mean: -1.636e+09
[Stage B] Post-custom-init validation (attempt 0), batch 2, finite: 2000/2000, min: -2.079e+10, max: 2.965e+08, mean: -1.470e+09
[Stage B] Prediction scale check (attempt 0): pred_median=5.369e+08, true_median=9.826e-02, ratio=5.464e+09
[Stage B] Warning: init scale_ratio extreme; rejecting candidate.
[Stage B]    Candidate (affine_trig[z_inv]) rejected at init (non-finite loss); trying next.
[Stage B]  Leaf-transform 'square' poly(deg=3): rms≈0.000
[Stage B] Post-custom-init validation (attempt 0), batch 0, finite: 2000/2000, min: -2.034e+10, max: 4.405e+08, mean: -1.541e+09
[Stage B] Post-custom-init validation (attempt 0), batch 1, finite: 2000/2000, min: -2.122e+10, max: 3.773e+08, mean: -1.635e+09
[Stage B] Post-custom-init validation (attempt 0), batch 2, finite: 2000/2000, min: -2.076e+10, max: 2.962e+08, mean: -1.474e+09
[Stage B] Prediction scale check (attempt 0): pred_median=5.375e+08, true_median=9.826e-02, ratio=5.470e+09
[Stage B] Warning: init scale_ratio extreme; rejecting candidate.
[Stage B]    Candidate (leaftr_square_poly3) rejected at init (non-finite loss); trying next.
[Stage B]  Leaf-transform 'square' poly(deg=3): rms≈0.000 [coord=1/z]
[Stage B] Post-custom-init validation (attempt 0), batch 0, finite: 2000/2000, min: -2.034e+10, max: 4.405e+08, mean: -1.541e+09
[Stage B] Post-custom-init validation (attempt 0), batch 1, finite: 2000/2000, min: -2.122e+10, max: 3.773e+08, mean: -1.635e+09
[Stage B] Post-custom-init validation (attempt 0), batch 2, finite: 2000/2000, min: -2.076e+10, max: 2.962e+08, mean: -1.474e+09
[Stage B] Prediction scale check (attempt 0): pred_median=5.375e+08, true_median=9.826e-02, ratio=5.470e+09
[Stage B] Warning: init scale_ratio extreme; rejecting candidate.
[Stage B]    Candidate (leaftr_square_poly3[z_inv]) rejected at init (non-finite loss); trying next.
[Stage B]  Leaf-transform 'recip' poly(deg=3): rms≈0.000
[Stage B] Post-custom-init validation (attempt 0), batch 0, finite: 2000/2000, min: -2.034e+10, max: 4.405e+08, mean: -1.541e+09
[Stage B] Post-custom-init validation (attempt 0), batch 1, finite: 2000/2000, min: -2.122e+10, max: 3.773e+08, mean: -1.635e+09
[Stage B] Post-custom-init validation (attempt 0), batch 2, finite: 2000/2000, min: -2.076e+10, max: 2.962e+08, mean: -1.474e+09
[Stage B] Prediction scale check (attempt 0): pred_median=5.375e+08, true_median=9.826e-02, ratio=5.470e+09
[Stage B] Warning: init scale_ratio extreme; rejecting candidate.
[Stage B]    Candidate (leaftr_recip_poly3) rejected at init (non-finite loss); trying next.
[Stage B]  Leaf-transform 'recip' poly(deg=3): rms≈0.000 [coord=1/z]
[Stage B] Post-custom-init validation (attempt 0), batch 0, finite: 2000/2000, min: -2.034e+10, max: 4.405e+08, mean: -1.541e+09
[Stage B] Post-custom-init validation (attempt 0), batch 1, finite: 2000/2000, min: -2.122e+10, max: 3.773e+08, mean: -1.635e+09
[Stage B] Post-custom-init validation (attempt 0), batch 2, finite: 2000/2000, min: -2.076e+10, max: 2.962e+08, mean: -1.474e+09
[Stage B] Prediction scale check (attempt 0): pred_median=5.375e+08, true_median=9.826e-02, ratio=5.470e+09
[Stage B] Warning: init scale_ratio extreme; rejecting candidate.
[Stage B]    Candidate (leaftr_recip_poly3[z_inv]) rejected at init (non-finite loss); trying next.
[Stage B]  Leaf-transform 'square' trig: rms≈0.000, omega≈1.000, amp≈6052.792, offset≈220304.094
[Stage B] Initialising SinLinearLeaf for vars (1, 2), tag=leaf1
[Stage B] Post-custom-init validation (attempt 0), batch 0, finite: 2000/2000, min: -2.034e+10, max: 4.405e+08, mean: -1.541e+09
[Stage B] Post-custom-init validation (attempt 0), batch 1, finite: 2000/2000, min: -2.122e+10, max: 3.773e+08, mean: -1.635e+09
[Stage B] Post-custom-init validation (attempt 0), batch 2, finite: 2000/2000, min: -2.076e+10, max: 2.962e+08, mean: -1.474e+09
[Stage B] Prediction scale check (attempt 0): pred_median=5.375e+08, true_median=9.826e-02, ratio=5.470e+09
[Stage B] Warning: init scale_ratio extreme; rejecting candidate.
[Stage B]    Candidate (leaftr_square_affine_trig) rejected at init (non-finite loss); trying next.
[Stage B]  Leaf-transform 'square' trig: rms≈0.000, omega≈1.000, amp≈11589.097, offset≈210818.755 [coord=1/z]
[Stage B] Initialising SinLinearLeaf for vars (1, 2), tag=leaf1
[Stage B] Post-custom-init validation (attempt 0), batch 0, finite: 2000/2000, min: -2.034e+10, max: 4.405e+08, mean: -1.541e+09
[Stage B] Post-custom-init validation (attempt 0), batch 1, finite: 2000/2000, min: -2.122e+10, max: 3.773e+08, mean: -1.635e+09
[Stage B] Post-custom-init validation (attempt 0), batch 2, finite: 2000/2000, min: -2.076e+10, max: 2.962e+08, mean: -1.474e+09
[Stage B] Prediction scale check (attempt 0): pred_median=5.375e+08, true_median=9.826e-02, ratio=5.470e+09
[Stage B] Warning: init scale_ratio extreme; rejecting candidate.
[Stage B]    Candidate (leaftr_square_affine_trig[z_inv]) rejected at init (non-finite loss); trying next.
[Stage B]  Trying 1D Expm1 rewrite on NN leaf vars (1, 2) [coord=1/z]
[Stage B custom_init Expm1] compound vars=(1, 2), a≈0.01, logA≈6.14
[Stage B] Post-custom-init validation (attempt 0), batch 0, finite: 2000/2000, min: -4.003e+06, max: 2.153e+08, mean: 1.527e+07
[Stage B] Post-custom-init validation (attempt 0), batch 1, finite: 2000/2000, min: -3.577e+06, max: 2.238e+08, mean: 1.614e+07
[Stage B] Post-custom-init validation (attempt 0), batch 2, finite: 2000/2000, min: -2.690e+06, max: 1.940e+08, mean: 1.778e+07
[Stage B] Prediction scale check (attempt 0): pred_median=5.767e+06, true_median=9.826e-02, ratio=5.869e+07
[Stage B] Warning: init scale_ratio extreme; rejecting candidate.
[Stage B]    Candidate (expm1[z_inv]) rejected at init (non-finite loss); trying next.
[Stage B]  Trying 1D symexp_denom_1d_recip rewrite (scale/(exp(r)+exp(-r))) on NN leaf vars (1, 2) [coord=1/z]
[Stage B custom_init symexp_denom_1d_recip] compound vars=(1, 2), scale≈-990, r±(z)≈-63.1*z
[Stage B] Post-custom-init validation (attempt 0), batch 0, finite: 2000/2000, min: -5.295e-14, max: 9.335e-16, mean: -2.877e-16
[Stage B] Post-custom-init validation (attempt 0), batch 1, finite: 2000/2000, min: -4.971e-14, max: 8.089e-16, mean: -3.009e-16
[Stage B] Post-custom-init validation (attempt 0), batch 2, finite: 2000/2000, min: -7.641e-15, max: 5.439e-16, mean: -1.118e-17
[Stage B] Prediction scale check (attempt 0): pred_median=1.117e-20, true_median=9.826e-02, ratio=1.137e-19
[Stage B] Warning: init scale_ratio extreme; rejecting candidate.
[Stage B]    Candidate (symexp_denom_1d_recip[z_inv]) rejected at init (non-finite loss); trying next.
[Stage B]  Trying 1D compound macro shared-prefactor+residual macro on NN leaf vars [1, 2], pref=arg0^2, macro=hypot(1/arg0,1/arg0), screen_r2=1.000, ok_frac=1.000 [coord=1/z]
[info] dataloader for provider ASTCompositeAdaptor yields 3 batches (equivalent to a single batch up to floating-point roundoff; minor Python-loop overhead per batch).
[Stage B]    Candidate (cf_sharedpref_resid[z_inv]): params=389, val-loss=5.0512e-05
[Stage B]    Reject (cf_sharedpref_resid[z_inv]): simpler-over-budget(thr=5.843e-10) | loss 3.220e-11->5.051e-05 (Δ+5.05e-05) | params 770->389 | cx (0, 0, 0)->(0, 0, 0)
[Stage B]  Skipping cf_sharedpref_resid[z_inv] (previously rejected on same target)
[Stage B]  one_minus_cos_over_z2 skip NN vars (1,): phase is not dimensionless for z=x1, dim=(Fraction(0, 1), Fraction(-1, 1), Fraction(0, 1))
[Stage B] ratpoly_1d degree probe: no valid pairs, falling back to unconstrained grid, vars=(1,)
[Stage B] ratpoly_1d rejected: best rel_rms=0.0012 > 0.001, deg=(4,2), vars=(1,)
[Stage B] ratpoly_1d degree probe: no valid pairs, falling back to unconstrained grid, vars=(1,)
[Stage B] ratpoly_1d rejected: best rel_rms=0.0050 > 0.001, deg=(3,4), vars=(1,)
[Stage B]  one_minus_cos_over_z2 skip NN vars (1,): phase is not dimensionless for z=(x1)**-1, dim=(Fraction(0, 1), Fraction(1, 1), Fraction(0, 1))
[Stage B] ratpoly_1d degree probe: no valid pairs, falling back to unconstrained grid, vars=(1,)
[Stage B] ratpoly_1d rejected: best rel_rms=0.0206 > 0.001, deg=(3,2), vars=(1,)
[Stage B] ratpoly_1d degree probe: no valid pairs, falling back to unconstrained grid, vars=(1,)
[Stage B] ratpoly_1d probe: 3 sub-threshold trial(s) for vars=(1,): deg=(2,4)->(2,4) nnz=(3,5) rms=0.0008, deg=(4,2)->(4,2) nnz=(5,3) rms=0.0009, deg=(4,4)->(4,4) nnz=(5,5) rms=0.0005
[Stage B] RuleUniNN proposing 16 candidates for NN vars=(1,): ['monomial_deg1', 'monomial_deg2', 'monomial_deg3', 'cf_combo', 'cf_combo', 'cf_combo', 'cf_combo', 'cf_combo', 'cf_combo', 'cf_combo', 'cf_combo', 'cf_combo', 'cf_combo', 'sqrt_ratpoly_1d', 'sqrt_ratpoly_1d[1]', 'sqrt_ratpoly_1d[2]']
[Stage B]  Skipping reciprocal-coordinate alias sqrt_ratpoly_1d: closed-under-reciprocal:sqrt_ratpoly_1d
[Stage B]  Skipping reciprocal-coordinate alias sqrt_ratpoly_1d[1]: closed-under-reciprocal:sqrt_ratpoly_1d
[Stage B]  Skipping reciprocal-coordinate alias sqrt_ratpoly_1d[2]: closed-under-reciprocal:sqrt_ratpoly_1d
[Stage B] RuleUniNN proposing 13 candidates for NN vars=(1,): ['monomial_deg1[z_inv]', 'monomial_deg2[z_inv]', 'monomial_deg3[z_inv]', 'cf_combo[z_inv]', 'cf_combo[z_inv]', 'cf_combo[z_inv]', 'cf_combo[z_inv]', 'cf_combo[z_inv]', 'cf_combo[z_inv]', 'cf_combo[z_inv]', 'cf_combo[z_inv]', 'cf_combo[z_inv]', 'cf_combo[z_inv]']
[Stage B]  Greedy order (13 cands): monomial_deg1[z_inv](1002p), monomial_deg2[z_inv](1002p), monomial_deg3[z_inv](1002p), cf_combo[z_inv](1004p), cf_combo[z_inv](1003p), cf_combo[z_inv](1004p), cf_combo[z_inv](1003p), cf_combo[z_inv](1004p), cf_combo[z_inv](1003p), cf_combo[z_inv](1004p), cf_combo[z_inv](1003p), cf_combo[z_inv](1004p), cf_combo[z_inv](1003p)
[Stage B]  Precheck reject (units: nn-output-unreachable leaf1 inputs=((x1 * (x2)**-1)) target=T^-1/3 basis=['dimless-only']) rule=univariate_nn cand=monomial_deg1[z_inv] target=nn#leaf2 vars=(1,) attempted=79
[Stage B]  Precheck reject (units: nn-output-unreachable leaf1 inputs=((x1 * (x2)**-1)) target=T^-4/3 basis=['dimless-only']) rule=univariate_nn cand=monomial_deg2[z_inv] target=nn#leaf2 vars=(1,) attempted=79
[Stage B]  Precheck reject (units: nn-output-unreachable leaf1 inputs=((x1 * (x2)**-1)) target=T^-7/3 basis=['dimless-only']) rule=univariate_nn cand=monomial_deg3[z_inv] target=nn#leaf2 vars=(1,) attempted=79
[Stage B]  Precheck reject (units: units-inconsistent (T)) rule=univariate_nn cand=cf_combo[z_inv] target=nn#leaf2 vars=(1,) attempted=79
[Stage B]  Precheck reject (units: units-inconsistent (T)) rule=univariate_nn cand=cf_combo[z_inv] target=nn#leaf2 vars=(1,) attempted=79
[Stage B]  Precheck reject (units: units-inconsistent (T)) rule=univariate_nn cand=cf_combo[z_inv] target=nn#leaf2 vars=(1,) attempted=79
[Stage B]  Precheck reject (units: units-inconsistent (T)) rule=univariate_nn cand=cf_combo[z_inv] target=nn#leaf2 vars=(1,) attempted=79
[Stage B]  Precheck reject (units: units-inconsistent (T)) rule=univariate_nn cand=cf_combo[z_inv] target=nn#leaf2 vars=(1,) attempted=79
[Stage B]  Precheck reject (units: units-inconsistent (T)) rule=univariate_nn cand=cf_combo[z_inv] target=nn#leaf2 vars=(1,) attempted=79
[Stage B]  Precheck reject (units: units-inconsistent (T)) rule=univariate_nn cand=cf_combo[z_inv] target=nn#leaf2 vars=(1,) attempted=79
[Stage B]  Precheck reject (units: units-inconsistent (T)) rule=univariate_nn cand=cf_combo[z_inv] target=nn#leaf2 vars=(1,) attempted=79
[Stage B]  Precheck reject (units: units-inconsistent (T)) rule=univariate_nn cand=cf_combo[z_inv] target=nn#leaf2 vars=(1,) attempted=79
[Stage B]  Precheck reject (units: units-inconsistent (T)) rule=univariate_nn cand=cf_combo[z_inv] target=nn#leaf2 vars=(1,) attempted=79
[Stage B] Rule log_ratio found 0 targets
[Stage B] Rule power_product found 0 targets
[Stage B] Rule joint_product_monomial_closure found 1 targets
[Stage B]   target order (arity-asc): [vars=?(arity=0)]
[Stage B]  joint_product_monomial_closure target: tags=('leaf1', 'leaf2'), supports=((1, 2), (1,)), compound=(True, False), fit_support=(1, 2)
[Stage B]  joint_product_monomial_closure: no clean integer monomial for 2 NN factor(s), support=(1, 2); reason=integer-snap-failed, n=5000, raw=[1.68, -0.474], snap=[2, 0], snap_err=0.474
[Stage B] Rule overlap_prefactor_peel found 0 targets
[Stage B] Rule overlap_counterterm_peel found 0 targets
[Stage B] Rule common_prefactor found 0 targets
[Stage B] Rule additive_gauge_transfer found 0 targets
[Stage B] Rule multiplicative_homogeneity_transfer found 0 targets
[Stage B] Rule univariate_mono found 2 targets
[Stage B]   target order (arity-asc): [vars=(1, 2)(arity=1), vars=(1,)(arity=1)]
[Stage B]  Greedy order (6 cands): monomial_deg1(1001p), monomial_deg1[z_inv](1001p), monomial_deg2(1001p), monomial_deg2[z_inv](1001p), monomial_deg3(1001p), monomial_deg3[z_inv](1001p)
[Stage B]  Trying 1D monomial (c·x^1) rewrite on NN leaf vars (1, 2)
[Stage B] Initialising RPolyLeaf for vars (1, 2), tag=leaf1
[info] dataloader for provider ASTCompositeAdaptor yields 3 batches (equivalent to a single batch up to floating-point roundoff; minor Python-loop overhead per batch).
[LM][bucket] solving P=386 (trivially separable union)
Validation patience exceeded at epoch 801/2000, nval_worse=500
[Stage B]    Candidate (monomial_deg1): params=386, val-loss=2.2511e-03
[Stage B]    Reject (monomial_deg1): simpler-over-budget(thr=5.856e-10) | loss 3.220e-11->2.251e-03 (Δ+2.25e-03) | params 770->386 | cx (0, 0, 0)->(0, 0, 0)
[Stage B]  Trying 1D monomial (c·x^1) rewrite on NN leaf vars (1, 2) [coord=1/z]
[Stage B] Initialising RPolyLeaf for vars (1, 2), tag=leaf1
[info] dataloader for provider ASTCompositeAdaptor yields 3 batches (equivalent to a single batch up to floating-point roundoff; minor Python-loop overhead per batch).
Validation patience exceeded at epoch 601/2000, nval_worse=500
[Stage B]    Candidate (monomial_deg1[z_inv]): params=386, val-loss=4.9809e-04
[Stage B]    Reject (monomial_deg1[z_inv]): simpler-over-budget(thr=5.856e-10) | loss 3.220e-11->4.981e-04 (Δ+4.98e-04) | params 770->386 | cx (0, 0, 0)->(0, 0, 0)
[Stage B]  Trying 1D monomial (c·x^2) rewrite on NN leaf vars (1, 2)
[Stage B] Initialising RPolyLeaf for vars (1, 2), tag=leaf1
[info] dataloader for provider ASTCompositeAdaptor yields 3 batches (equivalent to a single batch up to floating-point roundoff; minor Python-loop overhead per batch).
Validation patience exceeded at epoch 801/2000, nval_worse=500
[Stage B]    Candidate (monomial_deg2): params=386, val-loss=7.1893e-03
[Stage B]    Reject (monomial_deg2): simpler-over-budget(thr=5.856e-10) | loss 3.220e-11->7.189e-03 (Δ+7.19e-03) | params 770->386 | cx (0, 0, 0)->(0, 0, 0)
[Stage B]  Trying 1D monomial (c·x^2) rewrite on NN leaf vars (1, 2) [coord=1/z]
[Stage B] Initialising RPolyLeaf for vars (1, 2), tag=leaf1
[info] dataloader for provider ASTCompositeAdaptor yields 3 batches (equivalent to a single batch up to floating-point roundoff; minor Python-loop overhead per batch).
Validation patience exceeded at epoch 801/2000, nval_worse=500
[Stage B]    Candidate (monomial_deg2[z_inv]): params=386, val-loss=2.4713e-03
[Stage B]    Reject (monomial_deg2[z_inv]): simpler-over-budget(thr=5.856e-10) | loss 3.220e-11->2.471e-03 (Δ+2.47e-03) | params 770->386 | cx (0, 0, 0)->(0, 0, 0)
[Stage B]  Trying 1D monomial (c·x^3) rewrite on NN leaf vars (1, 2)
[Stage B] Initialising RPolyLeaf for vars (1, 2), tag=leaf1
[info] dataloader for provider ASTCompositeAdaptor yields 3 batches (equivalent to a single batch up to floating-point roundoff; minor Python-loop overhead per batch).
Validation patience exceeded at epoch 1601/2000, nval_worse=500
[Stage B]    Candidate (monomial_deg3): params=386, val-loss=1.4440e-02
[Stage B]    Reject (monomial_deg3): simpler-over-budget(thr=5.856e-10) | loss 3.220e-11->1.444e-02 (Δ+1.44e-02) | params 770->386 | cx (0, 0, 0)->(0, 0, 0)
[Stage B]  Trying 1D monomial (c·x^3) rewrite on NN leaf vars (1, 2) [coord=1/z]
[Stage B] Initialising RPolyLeaf for vars (1, 2), tag=leaf1
[info] dataloader for provider ASTCompositeAdaptor yields 3 batches (equivalent to a single batch up to floating-point roundoff; minor Python-loop overhead per batch).
Validation patience exceeded at epoch 901/2000, nval_worse=500
[Stage B]    Candidate (monomial_deg3[z_inv]): params=386, val-loss=4.9883e-03
[Stage B]    Reject (monomial_deg3[z_inv]): simpler-over-budget(thr=5.856e-10) | loss 3.220e-11->4.988e-03 (Δ+4.99e-03) | params 770->386 | cx (0, 0, 0)->(0, 0, 0)
[Stage B]  Greedy order (3 cands): monomial_deg1[z_inv](1001p), monomial_deg2[z_inv](1001p), monomial_deg3[z_inv](1001p)
[Stage B]  Precheck reject (units: nn-output-unreachable leaf1 inputs=((x1 * (x2)**-1)) target=T^-1/3 basis=['dimless-only']) rule=univariate_mono cand=monomial_deg1[z_inv] target=nn#leaf2 vars=(1,) attempted=0
[Stage B]  Precheck reject (units: nn-output-unreachable leaf1 inputs=((x1 * (x2)**-1)) target=T^-4/3 basis=['dimless-only']) rule=univariate_mono cand=monomial_deg2[z_inv] target=nn#leaf2 vars=(1,) attempted=0
[Stage B]  Precheck reject (units: nn-output-unreachable leaf1 inputs=((x1 * (x2)**-1)) target=T^-7/3 basis=['dimless-only']) rule=univariate_mono cand=monomial_deg3[z_inv] target=nn#leaf2 vars=(1,) attempted=0
[Stage B] Rule nn_leaf_separability found 0 targets
[Stage B] Rule counterterm_mul_split found 0 targets
[Stage B] Rule counterfactor_add_split found 0 targets
[Stage B] === Phase 1 made only non-structural accepts; running Phase 2 closed-form/specialized rules ===
[Stage B] === Phase 2: Trying specialized patterns (after exhausting separability) ===
[Stage B]   target order (arity-asc): [vars=(1, 2)(arity=1), vars=(1,)(arity=1)]
[Stage B]  Greedy order (10 cands): cf_combo(1004p), cf_combo(1003p), cf_combo(1004p), cf_combo(1003p), cf_combo(1004p), cf_combo(1003p), cf_combo(1004p), cf_combo(1003p), cf_combo(1004p), cf_combo(1003p)
[Stage B]  Trying tier-3 linear combo on NN leaf vars [1, 2], terms=['inv1p *(sqrt1p(arg0^2))', 'arg0'], screen_r2=1.000, ok_frac=1.000
[info] dataloader for provider ASTCompositeAdaptor yields 3 batches (equivalent to a single batch up to floating-point roundoff; minor Python-loop overhead per batch).
[LM][bucket] solving P=389 (trivially separable union)
Validation patience exceeded at epoch 1801/2000, nval_worse=500
[Stage B]    Candidate (cf_combo): params=389, val-loss=1.0368e-04
[Stage B]    Reject (cf_combo): simpler-over-budget(thr=5.843e-10) | loss 3.220e-11->1.037e-04 (Δ+1.04e-04) | params 770->389 | cx (0, 0, 0)->(0, 0, 0)
[Stage B]  Skipping cf_combo (previously rejected on same target)
[Stage B]  Skipping cf_combo (previously rejected on same target)
[Stage B]  Skipping cf_combo (previously rejected on same target)
[Stage B]  Skipping cf_combo (previously rejected on same target)
[Stage B]  Skipping cf_combo (previously rejected on same target)
[Stage B]  Skipping cf_combo (previously rejected on same target)
[Stage B]  Skipping cf_combo (previously rejected on same target)
[Stage B]  Skipping cf_combo (previously rejected on same target)
[Stage B]  Skipping cf_combo (previously rejected on same target)
[Stage B]  Greedy order (10 cands): cf_sharedpref_resid(1004p), cf_sharedpref_resid(1004p), cf_sharedpref_resid(1004p), cf_sharedpref_resid(1004p), cf_sharedpref_resid(1004p), cf_sharedpref_resid(1004p), cf_combo(1004p), cf_combo(1003p), cf_combo(1004p), cf_combo(1003p)
[Stage B]  Precheck reject (units: units-inconsistent (T)) rule=compound_fn_macros cand=cf_sharedpref_resid target=nn#leaf2 vars=(1,) attempted=0
[Stage B]  Precheck reject (units: units-inconsistent (T)) rule=compound_fn_macros cand=cf_sharedpref_resid target=nn#leaf2 vars=(1,) attempted=0
[Stage B]  Precheck reject (units: units-inconsistent (T)) rule=compound_fn_macros cand=cf_sharedpref_resid target=nn#leaf2 vars=(1,) attempted=0
[Stage B]  Precheck reject (units: units-inconsistent (T)) rule=compound_fn_macros cand=cf_sharedpref_resid target=nn#leaf2 vars=(1,) attempted=0
[Stage B]  Precheck reject (units: units-inconsistent (T)) rule=compound_fn_macros cand=cf_sharedpref_resid target=nn#leaf2 vars=(1,) attempted=0
[Stage B]  Precheck reject (units: units-inconsistent (T)) rule=compound_fn_macros cand=cf_sharedpref_resid target=nn#leaf2 vars=(1,) attempted=0
[Stage B]  Precheck reject (units: units-inconsistent (T)) rule=compound_fn_macros cand=cf_combo target=nn#leaf2 vars=(1,) attempted=0
[Stage B]  Precheck reject (units: units-inconsistent (T)) rule=compound_fn_macros cand=cf_combo target=nn#leaf2 vars=(1,) attempted=0
[Stage B]  Precheck reject (units: units-inconsistent (T)) rule=compound_fn_macros cand=cf_combo target=nn#leaf2 vars=(1,) attempted=0
[Stage B]  Precheck reject (units: units-inconsistent (T)) rule=compound_fn_macros cand=cf_combo target=nn#leaf2 vars=(1,) attempted=0
[Stage B] === Phase 1: Searching for separabilities (additive, multiplicative) ===
[Stage B] Rule nonsense_units_zero_prune found 0 targets
[Stage B] Rule monomial_peel_priority found 2 targets
[Stage B]   target order (arity-asc): [vars=(1, 2)(arity=1), vars=(1,)(arity=1)]
[Stage B] monomial_peel_priority shortlist: monomial_deg1[z_inv]@nn#leaf1 vars=(1, 2) (k=-0.0129, rel=0.0671); monomial_deg1@nn#leaf1 vars=(1, 2) (k=-0.0129, rel=0.0671); monomial_deg2[z_inv]@nn#leaf1 vars=(1, 2) (k=-0.0129, rel=0.0671); monomial_deg2@nn#leaf1 vars=(1, 2) (k=-0.0129, rel=0.0671); monomial_deg3[z_inv]@nn#leaf1 vars=(1, 2) (k=-0.0129, rel=0.0671); monomial_deg3@nn#leaf1 vars=(1, 2) (k=-0.0129, rel=0.0671); monomial_deg1[z_inv]@nn#leaf2 vars=(1,) (k=1.2, rel=0.368); monomial_deg2[z_inv]@nn#leaf2 vars=(1,) (k=1.2, rel=0.368)
[Stage B] Rule monomial_peel_priority trying 9 globally ranked candidates
[Stage B]  Greedy order (1 cands): monomial_deg1[z_inv](1001p)
[Stage B]  Skipping monomial_deg1[z_inv] (previously rejected on same target)
[Stage B]  Greedy order (1 cands): monomial_deg1(1001p)
[Stage B]  Skipping monomial_deg1 (previously rejected on same target)
[Stage B]  Greedy order (1 cands): monomial_deg2[z_inv](1001p)
[Stage B]  Skipping monomial_deg2[z_inv] (previously rejected on same target)
[Stage B]  Greedy order (1 cands): monomial_deg2(1001p)
[Stage B]  Skipping monomial_deg2 (previously rejected on same target)
[Stage B]  Greedy order (1 cands): monomial_deg3[z_inv](1001p)
[Stage B]  Skipping monomial_deg3[z_inv] (previously rejected on same target)
[Stage B]  Greedy order (1 cands): monomial_deg3(1001p)
[Stage B]  Skipping monomial_deg3 (previously rejected on same target)
[Stage B]  Greedy order (1 cands): monomial_deg1[z_inv](1001p)
[Stage B]  Precheck reject (units: nn-output-unreachable leaf1 inputs=((x1 * (x2)**-1)) target=T^-1/3 basis=['dimless-only']) rule=monomial_peel_priority cand=monomial_deg1[z_inv] target=nn#leaf2 vars=(1,) attempted=0
[Stage B]  Greedy order (1 cands): monomial_deg2[z_inv](1001p)
[Stage B]  Precheck reject (units: nn-output-unreachable leaf1 inputs=((x1 * (x2)**-1)) target=T^-4/3 basis=['dimless-only']) rule=monomial_peel_priority cand=monomial_deg2[z_inv] target=nn#leaf2 vars=(1,) attempted=0
[Stage B]  Greedy order (1 cands): monomial_deg3[z_inv](1001p)
[Stage B]  Precheck reject (units: nn-output-unreachable leaf1 inputs=((x1 * (x2)**-1)) target=T^-7/3 basis=['dimless-only']) rule=monomial_peel_priority cand=monomial_deg3[z_inv] target=nn#leaf2 vars=(1,) attempted=0
[Stage B] Rule subtree_separability found 0 targets
[Stage B] Rule last_hard_trig_square found 0 targets
[Stage B] Rule univariate_nn found 2 targets
[Stage B]   target order (arity-asc): [vars=(1, 2)(arity=1), vars=(1,)(arity=1)]
[Stage B] symexp_denom_1d accepted: rel_rms=0.0000, scale≈-990, linear≈0.0418, compound vars=(1, 2)
[Stage B] symexp_denom_1d_recip rejected: rel_rms=0.1048 > 0.05, compound vars=(1, 2)
[Stage B] inv_poly: using degree-probe monomials, 3 valid terms, vars=(1, 2)
[Stage B] inv_poly probe: 2 sub-threshold trial(s) for vars=(1, 2): deg=1 rms=0.0000 n=2, deg=2 rms=0.0000 n=3
[Stage B] sqrt_poly: degree-probe active, sqrt=3 terms (probed=True), inv=3 terms (probed=True), vars=(1, 2)
[Stage B]  one_minus_cos_over_z2 skip NN vars (1, 2): screen failed for z=(x1 * (x2)**-1); exact best rel=1.96e+00 at omega≈0.5; affine best rel=5.15e-01, offset_rel=1.31e-03 at omega≈0.5; thresholds rel<=2.00e-02, offset_rel<=1.50e-01
[Stage B]  sparse_factor_1d skip NN vars (1, 2): screen failed for z=(x1 * (x2)**-1); best rel=8.56e-01, threshold=2.00e-02
[Stage B] ratpoly_1d degree probe: 1 valid pair(s), min_deg=(0,0), vars=(1, 2)
[Stage B] ratpoly_1d probe: 13 sub-threshold trial(s) for vars=(1, 2): deg=(0,2)->(0,2) nnz=(1,3) rms=0.0000, deg=(2,2)->(2,1) nnz=(2,2) rms=0.0006, deg=(0,3)->(0,3) nnz=(1,4) rms=0.0000, deg=(1,2)->(1,2) nnz=(2,3) rms=0.0000, deg=(4,1)->(4,1) nnz=(3,2) rms=0.0000, deg=(2,4)->(2,4) nnz=(2,3) rms=0.0000, deg=(0,4)->(0,4) nnz=(1,5) rms=0.0000, deg=(1,4)->(1,4) nnz=(2,5) rms=0.0000, deg=(2,3)->(2,3) nnz=(3,4) rms=0.0000, deg=(3,2)->(3,2) nnz=(4,3) rms=0.0000, deg=(3,3)->(3,3) nnz=(4,4) rms=0.0000, deg=(4,3)->(4,3) nnz=(5,4) rms=0.0000, deg=(4,4)->(4,4) nnz=(5,5) rms=0.0000
[Stage B] ratpoly_1d degree probe: 1 valid pair(s), min_deg=(0,0), vars=(1, 2)
[Stage B] ratpoly_1d probe: 10 sub-threshold trial(s) for vars=(1, 2): deg=(0,2)->(0,2) nnz=(1,3) rms=0.0000, deg=(1,1)->(1,1) nnz=(2,2) rms=0.0001, deg=(2,1)->(2,0) nnz=(3,1) rms=0.0000, deg=(0,3)->(0,3) nnz=(1,4) rms=0.0000, deg=(1,2)->(1,2) nnz=(2,3) rms=0.0000, deg=(0,4)->(0,4) nnz=(1,5) rms=0.0000, deg=(1,3)->(1,3) nnz=(2,4) rms=0.0000, deg=(3,1)->(3,1) nnz=(4,2) rms=0.0000, deg=(1,4)->(1,4) nnz=(2,5) rms=0.0000, deg=(3,2)->(3,2) nnz=(4,3) rms=0.0000
[Stage B] ratpoly_1d degree probe: 1 valid pair(s), min_deg=(0,0), vars=(1, 2)
[Stage B] ratpoly_1d probe: 12 sub-threshold trial(s) for vars=(1, 2): deg=(0,2)->(0,2) nnz=(1,3) rms=0.0000, deg=(2,2)->(2,1) nnz=(2,2) rms=0.0005, deg=(0,3)->(0,3) nnz=(1,4) rms=0.0000, deg=(3,3)->(2,2) nnz=(2,3) rms=0.0000, deg=(4,4)->(1,4) nnz=(1,4) rms=0.0000, deg=(0,4)->(0,4) nnz=(1,5) rms=0.0000, deg=(1,3)->(1,3) nnz=(2,4) rms=0.0000, deg=(1,4)->(1,4) nnz=(2,5) rms=0.0000, deg=(2,3)->(2,3) nnz=(3,4) rms=0.0000, deg=(2,4)->(2,4) nnz=(3,5) rms=0.0000, deg=(4,2)->(4,2) nnz=(5,3) rms=0.0000, deg=(3,4)->(3,4) nnz=(4,5) rms=0.0000
[Stage B] ratpoly_1d degree probe: 1 valid pair(s), min_deg=(0,0), vars=(1, 2)
[Stage B] ratpoly_1d probe: 9 sub-threshold trial(s) for vars=(1, 2): deg=(0,2)->(0,2) nnz=(1,3) rms=0.0000, deg=(1,1)->(1,1) nnz=(2,2) rms=0.0001, deg=(2,1)->(2,0) nnz=(3,1) rms=0.0000, deg=(0,3)->(0,3) nnz=(1,4) rms=0.0000, deg=(1,2)->(1,2) nnz=(2,3) rms=0.0000, deg=(0,4)->(0,4) nnz=(1,5) rms=0.0000, deg=(1,3)->(1,3) nnz=(2,4) rms=0.0000, deg=(3,1)->(3,1) nnz=(4,2) rms=0.0000, deg=(3,2)->(3,2) nnz=(4,3) rms=0.0000
[Stage B] ratpoly_1d degree probe: 1 valid pair(s), min_deg=(0,0), vars=(1, 2)
[Stage B] ratpoly_1d probe: 16 sub-threshold trial(s) for vars=(1, 2): deg=(0,1)->(0,1) nnz=(1,2) rms=0.0083, deg=(1,3)->(0,2) nnz=(1,3) rms=0.0000, deg=(1,1)->(1,1) nnz=(2,2) rms=0.0001, deg=(3,1)->(2,1) nnz=(2,2) rms=0.0000, deg=(4,1)->(2,1) nnz=(2,2) rms=0.0007, deg=(0,3)->(0,3) nnz=(1,4) rms=0.0000, deg=(1,2)->(1,2) nnz=(2,3) rms=0.0008, deg=(2,1)->(2,1) nnz=(3,2) rms=0.0000, deg=(0,4)->(0,4) nnz=(1,5) rms=0.0000, deg=(2,2)->(2,2) nnz=(3,3) rms=0.0002, deg=(1,4)->(1,4) nnz=(2,5) rms=0.0000, deg=(2,4)->(2,4) nnz=(3,5) rms=0.0000, deg=(3,3)->(3,3) nnz=(4,4) rms=0.0000, deg=(4,2)->(4,2) nnz=(5,3) rms=0.0000, deg=(3,4)->(3,4) nnz=(4,5) rms=0.0000, deg=(4,3)->(4,3) nnz=(5,4) rms=0.0000
[Stage B] symexp_denom_1d rejected: rel_rms=0.1048 > 0.05, compound vars=(1, 2)
[Stage B] symexp_denom_1d_recip (poly) accepted: rel_rms=0.0000, scale≈-990, linear≈-63.1, compound vars=(1, 2)
[Stage B] inv_poly: using degree-probe monomials, 3 valid terms, vars=(1, 2)
[Stage B] inv_poly probe: 2 sub-threshold trial(s) for vars=(1, 2): deg=1 rms=0.0002 n=2, deg=2 rms=0.0000 n=3
[Stage B] sqrt_poly: degree-probe active, sqrt=3 terms (probed=True), inv=3 terms (probed=True), vars=(1, 2)
[Stage B]  one_minus_cos_over_z2 skip NN vars (1, 2): screen failed for z=(x2 / x1); exact best rel=2.27e+00 at omega≈0.5; affine best rel=5.92e-01, offset_rel=2.18e-03 at omega≈0.5; thresholds rel<=2.00e-02, offset_rel<=1.50e-01
[Stage B]  sparse_factor_1d skip NN vars (1, 2): screen failed for z=(x2 / x1); best rel=7.16e-01, threshold=2.00e-02
[Stage B] ratpoly_1d degree probe: 1 valid pair(s), min_deg=(0,0), vars=(1, 2)
[Stage B] ratpoly_1d probe: 11 sub-threshold trial(s) for vars=(1, 2): deg=(2,2)->(2,2) nnz=(1,3) rms=0.0000, deg=(1,2)->(1,2) nnz=(2,3) rms=0.0009, deg=(2,1)->(2,1) nnz=(3,2) rms=0.0009, deg=(1,4)->(1,3) nnz=(1,4) rms=0.0001, deg=(3,1)->(3,1) nnz=(3,2) rms=0.0001, deg=(0,4)->(0,4) nnz=(1,5) rms=0.0002, deg=(1,3)->(1,3) nnz=(2,4) rms=0.0001, deg=(3,2)->(3,2) nnz=(4,3) rms=0.0000, deg=(2,4)->(2,4) nnz=(3,5) rms=0.0002, deg=(3,4)->(3,4) nnz=(4,5) rms=0.0002, deg=(4,4)->(4,4) nnz=(5,5) rms=0.0002
[Stage B] ratpoly_1d degree probe: 1 valid pair(s), min_deg=(0,0), vars=(1, 2)
[Stage B] ratpoly_1d probe: 3 sub-threshold trial(s) for vars=(1, 2): deg=(0,4)->(0,4) nnz=(1,5) rms=0.0002, deg=(4,2)->(4,0) nnz=(5,1) rms=0.0002, deg=(4,4)->(4,4) nnz=(5,5) rms=0.0000
[Stage B] ratpoly_1d degree probe: 1 valid pair(s), min_deg=(0,0), vars=(1, 2)
[Stage B] ratpoly_1d probe: 6 sub-threshold trial(s) for vars=(1, 2): deg=(1,3)->(1,2) nnz=(1,3) rms=0.0010, deg=(4,2)->(2,2) nnz=(2,2) rms=0.0000, deg=(2,4)->(2,2) nnz=(1,3) rms=0.0000, deg=(0,4)->(0,4) nnz=(1,5) rms=0.0002, deg=(1,4)->(1,4) nnz=(2,5) rms=0.0002, deg=(4,4)->(4,4) nnz=(5,5) rms=0.0002
[Stage B] ratpoly_1d degree probe: 1 valid pair(s), min_deg=(0,0), vars=(1, 2)
[Stage B] ratpoly_1d probe: 3 sub-threshold trial(s) for vars=(1, 2): deg=(0,4)->(0,4) nnz=(1,5) rms=0.0001, deg=(4,4)->(4,0) nnz=(5,1) rms=0.0002, deg=(3,2)->(3,2) nnz=(4,3) rms=0.0000
[Stage B] ratpoly_1d degree probe: 1 valid pair(s), min_deg=(0,0), vars=(1, 2)
[Stage B] ratpoly_1d probe: 15 sub-threshold trial(s) for vars=(1, 2): deg=(1,1)->(1,1) nnz=(1,2) rms=0.0085, deg=(0,2)->(0,2) nnz=(1,3) rms=0.0131, deg=(2,2)->(2,2) nnz=(1,3) rms=0.0000, deg=(0,3)->(0,3) nnz=(1,4) rms=0.0015, deg=(3,4)->(1,3) nnz=(1,4) rms=0.0001, deg=(3,1)->(3,1) nnz=(3,2) rms=0.0001, deg=(4,4)->(3,2) nnz=(2,3) rms=0.0001, deg=(0,4)->(0,4) nnz=(1,5) rms=0.0002, deg=(1,3)->(1,3) nnz=(2,4) rms=0.0001, deg=(1,4)->(1,4) nnz=(2,5) rms=0.0000, deg=(2,3)->(2,3) nnz=(3,4) rms=0.0001, deg=(3,2)->(3,2) nnz=(4,3) rms=0.0001, deg=(4,1)->(4,1) nnz=(5,2) rms=0.0002, deg=(4,2)->(4,2) nnz=(5,3) rms=0.0003, deg=(4,3)->(4,3) nnz=(5,4) rms=0.0000
[Stage B] RuleUniNN proposing 72 candidates for NN vars=(1, 2): ['monomial_deg1', 'monomial_deg2', 'monomial_deg3', 'poly', 'expm1', 'symexp_denom_1d_recip', 'polylog', 'logshifted', 'inv_poly', 'inv_poly[1]', 'sqrt_poly', 'cf_sharedpref_resid', 'cf_combo', 'cf_combo', 'cf_combo', 'cf_combo', 'cf_combo', 'cf_combo', 'cf_combo', 'cf_combo', 'cf_sharedpref_resid', 'sqrt_ratpoly_1d', 'sqrt_ratpoly_1d[1]', 'sqrt_ratpoly_1d[2]', 'sqrt_ratpoly_1d[3]', 'sqrt_ratpoly_1d[4]', 'sqrt_ratpoly_1d[5]', 'sqrt_ratpoly_1d[6]', 'sqrt_ratpoly_1d[7]', 'sqrt_ratpoly_1d[8]', 'sqrt_ratpoly_1d[9]', 'sqrt_ratpoly_1d[10]', 'sqrt_ratpoly_1d[11]', 'sqrt_ratpoly_1d[12]', 'sqrt_ratpoly_1d[13]', 'cbrt_ratpoly_1d', 'cbrt_ratpoly_1d[1]', 'cbrt_ratpoly_1d[2]', 'cbrt_ratpoly_1d[3]', 'cbrt_ratpoly_1d[4]', 'cbrt_ratpoly_1d[5]', 'cbrt_ratpoly_1d[6]', 'cbrt_ratpoly_1d[7]', 'cbrt_ratpoly_1d[8]', 'ratpoly_1d', 'ratpoly_1d[1]', 'ratpoly_1d[2]', 'ratpoly_1d[3]', 'ratpoly_1d[4]', 'ratpoly_1d[5]', 'ratpoly_1d[6]', 'ratpoly_1d[7]', 'ratpoly_1d[8]', 'ratpoly_1d[9]', 'ratpoly_1d[10]', 'ratpoly_1d[11]', 'ratpoly_1d[12]', 'ratpoly_1d[13]', 'ratpoly_1d[14]', 'exp', 'exp_rat', 'tanh', 'trig', 'trig', 'trig', 'trig', 'trig', 'sinc_p2', 'affine_trig', 'leaftr_square_poly3', 'leaftr_recip_poly3', 'leaftr_square_affine_trig']
[Stage B]  Skipping reciprocal-coordinate alias polylog: closed-under-reciprocal:polylog
[Stage B]  Skipping reciprocal-coordinate alias sqrt_ratpoly_1d: closed-under-reciprocal:sqrt_ratpoly_1d
[Stage B]  Skipping reciprocal-coordinate alias sqrt_ratpoly_1d[1]: closed-under-reciprocal:sqrt_ratpoly_1d
[Stage B]  Skipping reciprocal-coordinate alias sqrt_ratpoly_1d[2]: closed-under-reciprocal:sqrt_ratpoly_1d
[Stage B]  Skipping reciprocal-coordinate alias sqrt_ratpoly_1d[3]: closed-under-reciprocal:sqrt_ratpoly_1d
[Stage B]  Skipping reciprocal-coordinate alias sqrt_ratpoly_1d[4]: closed-under-reciprocal:sqrt_ratpoly_1d
[Stage B]  Skipping reciprocal-coordinate alias sqrt_ratpoly_1d[5]: closed-under-reciprocal:sqrt_ratpoly_1d
[Stage B]  Skipping reciprocal-coordinate alias sqrt_ratpoly_1d[6]: closed-under-reciprocal:sqrt_ratpoly_1d
[Stage B]  Skipping reciprocal-coordinate alias sqrt_ratpoly_1d[7]: closed-under-reciprocal:sqrt_ratpoly_1d
[Stage B]  Skipping reciprocal-coordinate alias sqrt_ratpoly_1d[8]: closed-under-reciprocal:sqrt_ratpoly_1d
[Stage B]  Skipping reciprocal-coordinate alias sqrt_ratpoly_1d[9]: closed-under-reciprocal:sqrt_ratpoly_1d
[Stage B]  Skipping reciprocal-coordinate alias sqrt_ratpoly_1d[10]: closed-under-reciprocal:sqrt_ratpoly_1d
[Stage B]  Skipping reciprocal-coordinate alias sqrt_ratpoly_1d[11]: closed-under-reciprocal:sqrt_ratpoly_1d
[Stage B]  Skipping reciprocal-coordinate alias sqrt_ratpoly_1d[12]: closed-under-reciprocal:sqrt_ratpoly_1d
[Stage B]  Skipping reciprocal-coordinate alias sqrt_ratpoly_1d[13]: closed-under-reciprocal:sqrt_ratpoly_1d
[Stage B]  Skipping reciprocal-coordinate alias cbrt_ratpoly_1d: closed-under-reciprocal:cbrt_ratpoly_1d
[Stage B]  Skipping reciprocal-coordinate alias cbrt_ratpoly_1d[1]: closed-under-reciprocal:cbrt_ratpoly_1d
[Stage B]  Skipping reciprocal-coordinate alias cbrt_ratpoly_1d[2]: closed-under-reciprocal:cbrt_ratpoly_1d
[Stage B]  Skipping reciprocal-coordinate alias cbrt_ratpoly_1d[3]: closed-under-reciprocal:cbrt_ratpoly_1d
[Stage B]  Skipping reciprocal-coordinate alias cbrt_ratpoly_1d[4]: closed-under-reciprocal:cbrt_ratpoly_1d
[Stage B]  Skipping reciprocal-coordinate alias cbrt_ratpoly_1d[5]: closed-under-reciprocal:cbrt_ratpoly_1d
[Stage B]  Skipping reciprocal-coordinate alias cbrt_ratpoly_1d[6]: closed-under-reciprocal:cbrt_ratpoly_1d
[Stage B]  Skipping reciprocal-coordinate alias cbrt_ratpoly_1d[7]: closed-under-reciprocal:cbrt_ratpoly_1d
[Stage B]  Skipping reciprocal-coordinate alias cbrt_ratpoly_1d[8]: closed-under-reciprocal:cbrt_ratpoly_1d
[Stage B]  Skipping reciprocal-coordinate alias ratpoly_1d: closed-under-reciprocal:ratpoly_1d
[Stage B]  Skipping reciprocal-coordinate alias ratpoly_1d[1]: closed-under-reciprocal:ratpoly_1d
[Stage B]  Skipping reciprocal-coordinate alias ratpoly_1d[2]: closed-under-reciprocal:ratpoly_1d
[Stage B]  Skipping reciprocal-coordinate alias ratpoly_1d[3]: closed-under-reciprocal:ratpoly_1d
[Stage B]  Skipping reciprocal-coordinate alias ratpoly_1d[4]: closed-under-reciprocal:ratpoly_1d
[Stage B]  Skipping reciprocal-coordinate alias ratpoly_1d[5]: closed-under-reciprocal:ratpoly_1d
[Stage B]  Skipping reciprocal-coordinate alias ratpoly_1d[6]: closed-under-reciprocal:ratpoly_1d
[Stage B]  Skipping reciprocal-coordinate alias ratpoly_1d[7]: closed-under-reciprocal:ratpoly_1d
[Stage B]  Skipping reciprocal-coordinate alias ratpoly_1d[8]: closed-under-reciprocal:ratpoly_1d
[Stage B]  Skipping reciprocal-coordinate alias ratpoly_1d[9]: closed-under-reciprocal:ratpoly_1d
[Stage B]  Skipping reciprocal-coordinate alias ratpoly_1d[10]: closed-under-reciprocal:ratpoly_1d
[Stage B]  Skipping reciprocal-coordinate alias ratpoly_1d[11]: closed-under-reciprocal:ratpoly_1d
[Stage B]  Skipping reciprocal-coordinate alias ratpoly_1d[12]: closed-under-reciprocal:ratpoly_1d
[Stage B]  Skipping reciprocal-coordinate alias ratpoly_1d[13]: closed-under-reciprocal:ratpoly_1d
[Stage B]  Skipping reciprocal-coordinate alias ratpoly_1d[14]: closed-under-reciprocal:ratpoly_1d
[Stage B]  Skipping reciprocal-coordinate alias exp_rat: closed-under-reciprocal:exp_rat
[Stage B] RuleUniNN proposing 125 candidates for NN vars=(1, 2): ['monomial_deg1', 'monomial_deg1[z_inv]', 'monomial_deg2', 'monomial_deg2[z_inv]', 'monomial_deg3', 'monomial_deg3[z_inv]', 'poly', 'poly[z_inv]', 'symexp_denom_1d', 'polylog', 'logshifted', 'logshifted[z_inv]', 'inv_poly', 'inv_poly[z_inv]', 'inv_poly[1]', 'inv_poly[1][z_inv]', 'sqrt_poly', 'sqrt_poly[z_inv]', 'cf_combo', 'cf_combo[z_inv]', 'cf_combo[z_inv]', 'cf_combo[z_inv]', 'cf_combo[z_inv]', 'cf_combo[z_inv]', 'cf_combo[z_inv]', 'cf_combo[z_inv]', 'cf_combo[z_inv]', 'cf_combo', 'cf_combo', 'cf_combo', 'cf_combo', 'cf_combo', 'cf_combo', 'cf_combo', 'cf_combo', 'cf_combo', 'sqrt_ratpoly_1d', 'sqrt_ratpoly_1d[1]', 'sqrt_ratpoly_1d[2]', 'sqrt_ratpoly_1d[3]', 'sqrt_ratpoly_1d[4]', 'sqrt_ratpoly_1d[5]', 'sqrt_ratpoly_1d[6]', 'sqrt_ratpoly_1d[7]', 'sqrt_ratpoly_1d[8]', 'sqrt_ratpoly_1d[9]', 'sqrt_ratpoly_1d[10]', 'sqrt_ratpoly_1d[11]', 'sqrt_ratpoly_1d[12]', 'sqrt_ratpoly_1d[13]', 'sqrt_ratpoly_1d[14]', 'sqrt_ratpoly_1d[15]', 'sqrt_ratpoly_1d[16]', 'sqrt_ratpoly_1d[17]', 'sqrt_ratpoly_1d[18]', 'sqrt_ratpoly_1d[19]', 'sqrt_ratpoly_1d[20]', 'sqrt_ratpoly_1d[21]', 'sqrt_ratpoly_1d[22]', 'cbrt_ratpoly_1d', 'cbrt_ratpoly_1d[1]', 'cbrt_ratpoly_1d[2]', 'cbrt_ratpoly_1d[3]', 'cbrt_ratpoly_1d[4]', 'cbrt_ratpoly_1d[5]', 'cbrt_ratpoly_1d[6]', 'cbrt_ratpoly_1d[7]', 'cbrt_ratpoly_1d[8]', 'cbrt_ratpoly_1d[9]', 'cbrt_ratpoly_1d[10]', 'cbrt_ratpoly_1d[11]', 'cbrt_ratpoly_1d[12]', 'cbrt_ratpoly_1d[13]', 'cbrt_ratpoly_1d[14]', 'cbrt_ratpoly_1d[15]', 'cbrt_ratpoly_1d[16]', 'cbrt_ratpoly_1d[17]', 'cbrt_ratpoly_1d[18]', 'cbrt_ratpoly_1d[19]', 'cbrt_ratpoly_1d[20]', 'ratpoly_1d', 'ratpoly_1d[1]', 'ratpoly_1d[2]', 'ratpoly_1d[3]', 'ratpoly_1d[4]', 'ratpoly_1d[5]', 'ratpoly_1d[6]', 'ratpoly_1d[7]', 'ratpoly_1d[8]', 'ratpoly_1d[9]', 'ratpoly_1d[10]', 'ratpoly_1d[11]', 'ratpoly_1d[12]', 'ratpoly_1d[13]', 'ratpoly_1d[14]', 'ratpoly_1d[15]', 'exp', 'exp[z_inv]', 'exp_rat', 'tanh', 'tanh[z_inv]', 'trig', 'trig[z_inv]', 'trig[z_inv]', 'trig[z_inv]', 'trig[z_inv]', 'trig[z_inv]', 'trig', 'trig', 'trig', 'trig', 'sinc_p2', 'sinc_p2[z_inv]', 'affine_trig', 'affine_trig[z_inv]', 'leaftr_square_poly3', 'leaftr_square_poly3[z_inv]', 'leaftr_recip_poly3', 'leaftr_recip_poly3[z_inv]', 'leaftr_square_affine_trig', 'leaftr_square_affine_trig[z_inv]', 'expm1[z_inv]', 'symexp_denom_1d_recip[z_inv]', 'cf_sharedpref_resid[z_inv]', 'cf_sharedpref_resid[z_inv]']
[Stage B]  Greedy order (125 cands): monomial_deg1(1002p), monomial_deg1[z_inv](1002p), monomial_deg2(1002p), monomial_deg2[z_inv](1002p), monomial_deg3(1002p), monomial_deg3[z_inv](1002p), poly(1003p), poly[z_inv](1003p), symexp_denom_1d(1007p), polylog(1003p), logshifted(1004p), logshifted[z_inv](1004p), inv_poly(1003p), inv_poly[z_inv](1003p), inv_poly[1](1004p), inv_poly[1][z_inv](1004p), sqrt_poly(1004p), sqrt_poly[z_inv](1004p), cf_combo(1004p), cf_combo[z_inv](1004p), cf_combo[z_inv](1003p), cf_combo[z_inv](1004p), cf_combo[z_inv](1003p), cf_combo[z_inv](1004p), cf_combo[z_inv](1003p), cf_combo[z_inv](1004p), cf_combo[z_inv](1003p), cf_combo(1003p), cf_combo(1004p), cf_combo(1003p), cf_combo(1004p), cf_combo(1003p), cf_combo(1004p), cf_combo(1003p), cf_combo(1004p), cf_combo(1003p), sqrt_ratpoly_1d(1005p), sqrt_ratpoly_1d[1](1005p), sqrt_ratpoly_1d[2](1006p), sqrt_ratpoly_1d[3](1006p), sqrt_ratpoly_1d[4](1006p), sqrt_ratpoly_1d[5](1006p), sqrt_ratpoly_1d[6](1007p), sqrt_ratpoly_1d[7](1008p), sqrt_ratpoly_1d[8](1008p), sqrt_ratpoly_1d[9](1008p), sqrt_ratpoly_1d[10](1009p), sqrt_ratpoly_1d[11](1010p), sqrt_ratpoly_1d[12](1011p), sqrt_ratpoly_1d[13](1005p), sqrt_ratpoly_1d[14](1005p), sqrt_ratpoly_1d[15](1005p), sqrt_ratpoly_1d[16](1006p), sqrt_ratpoly_1d[17](1006p), sqrt_ratpoly_1d[18](1007p), sqrt_ratpoly_1d[19](1007p), sqrt_ratpoly_1d[20](1007p), sqrt_ratpoly_1d[21](1008p), sqrt_ratpoly_1d[22](1008p), cbrt_ratpoly_1d(1005p), cbrt_ratpoly_1d[1](1005p), cbrt_ratpoly_1d[2](1006p), cbrt_ratpoly_1d[3](1006p), cbrt_ratpoly_1d[4](1006p), cbrt_ratpoly_1d[5](1007p), cbrt_ratpoly_1d[6](1007p), cbrt_ratpoly_1d[7](1008p), cbrt_ratpoly_1d[8](1008p), cbrt_ratpoly_1d[9](1009p), cbrt_ratpoly_1d[10](1009p), cbrt_ratpoly_1d[11](1010p), cbrt_ratpoly_1d[12](1005p), cbrt_ratpoly_1d[13](1005p), cbrt_ratpoly_1d[14](1005p), cbrt_ratpoly_1d[15](1006p), cbrt_ratpoly_1d[16](1006p), cbrt_ratpoly_1d[17](1007p), cbrt_ratpoly_1d[18](1007p), cbrt_ratpoly_1d[19](1007p), cbrt_ratpoly_1d[20](1008p), ratpoly_1d(1004p), ratpoly_1d[1](1005p), ratpoly_1d[2](1005p), ratpoly_1d[3](1005p), ratpoly_1d[4](1005p), ratpoly_1d[5](1006p), ratpoly_1d[6](1006p), ratpoly_1d[7](1006p), ratpoly_1d[8](1007p), ratpoly_1d[9](1007p), ratpoly_1d[10](1008p), ratpoly_1d[11](1009p), ratpoly_1d[12](1009p), ratpoly_1d[13](1009p), ratpoly_1d[14](1010p), ratpoly_1d[15](1010p), exp(1004p), exp[z_inv](1004p), exp_rat(1007p), tanh(1004p), tanh[z_inv](1004p), trig(1004p), trig[z_inv](1004p), trig[z_inv](1004p), trig[z_inv](1004p), trig[z_inv](1004p), trig[z_inv](1004p), trig(1004p), trig(1004p), trig(1004p), trig(1004p), sinc_p2(1004p), sinc_p2[z_inv](1004p), affine_trig(1005p), affine_trig[z_inv](1005p), leaftr_square_poly3(1005p), leaftr_square_poly3[z_inv](1005p), leaftr_recip_poly3(1005p), leaftr_recip_poly3[z_inv](1005p), leaftr_square_affine_trig(1005p), leaftr_square_affine_trig[z_inv](1005p), expm1[z_inv](1004p), symexp_denom_1d_recip[z_inv](1007p), cf_sharedpref_resid[z_inv](1004p), cf_sharedpref_resid[z_inv](1004p)
[Stage B]  Skipping monomial_deg1 (previously rejected on same target)
[Stage B]  Skipping monomial_deg1[z_inv] (previously rejected on same target)
[Stage B]  Skipping monomial_deg2 (previously rejected on same target)
[Stage B]  Skipping monomial_deg2[z_inv] (previously rejected on same target)
[Stage B]  Skipping monomial_deg3 (previously rejected on same target)
[Stage B]  Skipping monomial_deg3[z_inv] (previously rejected on same target)
[Stage B]  Skipping poly (previously rejected on same target)
[Stage B]  Skipping poly[z_inv] (previously rejected on same target)
[Stage B]  Trying 1D symexp_denom_1d rewrite (scale/(exp(r)+exp(-r))) on NN leaf vars (1, 2)
[Stage B custom_init symexp_denom_1d] compound vars=(1, 2), scale≈-990, r±(z)≈0.0418*z
[Stage B] Post-custom-init validation (attempt 0), batch 0, finite: 2000/2000, min: -2.139e+10, max: 4.641e+08, mean: -1.622e+09
[Stage B] Post-custom-init validation (attempt 0), batch 1, finite: 2000/2000, min: -2.233e+10, max: 3.977e+08, mean: -1.722e+09
[Stage B] Post-custom-init validation (attempt 0), batch 2, finite: 2000/2000, min: -2.187e+10, max: 3.122e+08, mean: -1.548e+09
[Stage B] Prediction scale check (attempt 0): pred_median=5.655e+08, true_median=9.826e-02, ratio=5.755e+09
[Stage B] Warning: init scale_ratio extreme; rejecting candidate.
[Stage B]    Candidate (symexp_denom_1d) rejected at init (non-finite loss); trying next.
[Stage B]  Skipping polylog (previously rejected on same target)
[Stage B]  Skipping logshifted (previously rejected on same target)
[Stage B]  Skipping logshifted[z_inv] (previously rejected on same target)
[Stage B]  Trying inv_poly degree=1 (1/P(x)) rewrite on NN leaf vars (1, 2)
[Stage B custom_init inv-poly] Init on vars (1, 2): degree=1, rel_rms≈1.11e-05
[Stage B] Post-custom-init validation (attempt 0), batch 0, finite: 2000/2000, min: -2.034e+10, max: 4.405e+08, mean: -1.541e+09
[Stage B] Post-custom-init validation (attempt 0), batch 1, finite: 2000/2000, min: -2.122e+10, max: 3.773e+08, mean: -1.635e+09
[Stage B] Post-custom-init validation (attempt 0), batch 2, finite: 2000/2000, min: -2.076e+10, max: 2.962e+08, mean: -1.474e+09
[Stage B] Prediction scale check (attempt 0): pred_median=5.375e+08, true_median=9.826e-02, ratio=5.470e+09
[Stage B] Warning: init scale_ratio extreme; rejecting candidate.
[Stage B]    Candidate (inv_poly) rejected at init (non-finite loss); trying next.
[Stage B]  Trying inv_poly degree=1 (1/P(x)) rewrite on NN leaf vars (1, 2) [coord=1/z]
[Stage B custom_init inv-poly] Init on vars (1, 2): degree=1, rel_rms≈1.71e-04
[Stage B] Post-custom-init validation (attempt 0), batch 0, finite: 2000/2000, min: -2.034e+10, max: 4.405e+08, mean: -1.541e+09
[Stage B] Post-custom-init validation (attempt 0), batch 1, finite: 2000/2000, min: -2.122e+10, max: 3.774e+08, mean: -1.635e+09
[Stage B] Post-custom-init validation (attempt 0), batch 2, finite: 2000/2000, min: -2.076e+10, max: 2.963e+08, mean: -1.474e+09
[Stage B] Prediction scale check (attempt 0): pred_median=5.374e+08, true_median=9.826e-02, ratio=5.469e+09
[Stage B] Warning: init scale_ratio extreme; rejecting candidate.
[Stage B]    Candidate (inv_poly[z_inv]) rejected at init (non-finite loss); trying next.
[Stage B]  Trying inv_poly degree=2 (1/P(x)) rewrite on NN leaf vars (1, 2)
[Stage B custom_init inv-poly] Init on vars (1, 2): degree=2, rel_rms≈3.71e-09
[Stage B] Post-custom-init validation (attempt 0), batch 0, finite: 2000/2000, min: -2.034e+10, max: 4.405e+08, mean: -1.541e+09
[Stage B] Post-custom-init validation (attempt 0), batch 1, finite: 2000/2000, min: -2.122e+10, max: 3.773e+08, mean: -1.635e+09
[Stage B] Post-custom-init validation (attempt 0), batch 2, finite: 2000/2000, min: -2.076e+10, max: 2.962e+08, mean: -1.474e+09
[Stage B] Prediction scale check (attempt 0): pred_median=5.375e+08, true_median=9.826e-02, ratio=5.470e+09
[Stage B] Warning: init scale_ratio extreme; rejecting candidate.
[Stage B]    Candidate (inv_poly[1]) rejected at init (non-finite loss); trying next.
[Stage B]  Trying inv_poly degree=2 (1/P(x)) rewrite on NN leaf vars (1, 2) [coord=1/z]
[Stage B custom_init inv-poly] Init on vars (1, 2): degree=2, rel_rms≈1.76e-05
[Stage B] Post-custom-init validation (attempt 0), batch 0, finite: 2000/2000, min: -2.034e+10, max: 4.405e+08, mean: -1.541e+09
[Stage B] Post-custom-init validation (attempt 0), batch 1, finite: 2000/2000, min: -2.122e+10, max: 3.773e+08, mean: -1.635e+09
[Stage B] Post-custom-init validation (attempt 0), batch 2, finite: 2000/2000, min: -2.076e+10, max: 2.962e+08, mean: -1.474e+09
[Stage B] Prediction scale check (attempt 0): pred_median=5.375e+08, true_median=9.826e-02, ratio=5.470e+09
[Stage B] Warning: init scale_ratio extreme; rejecting candidate.
[Stage B]    Candidate (inv_poly[1][z_inv]) rejected at init (non-finite loss); trying next.
[Stage B]  Trying sqrt/invsqrt(poly) rewrite on NN leaf vars (1, 2), degree=2
[Stage B] Post-custom-init validation (attempt 0), batch 0, finite: 2000/2000, min: -4.405e+08, max: 2.034e+10, mean: 1.541e+09
[Stage B] Post-custom-init validation (attempt 0), batch 1, finite: 2000/2000, min: -3.773e+08, max: 2.122e+10, mean: 1.635e+09
[Stage B] Post-custom-init validation (attempt 0), batch 2, finite: 2000/2000, min: -2.962e+08, max: 2.076e+10, mean: 1.474e+09
[Stage B] Prediction scale check (attempt 0): pred_median=5.375e+08, true_median=9.826e-02, ratio=5.470e+09
[Stage B] Warning: init scale_ratio extreme; rejecting candidate.
[Stage B]    Candidate (sqrt_poly) rejected at init (non-finite loss); trying next.
[Stage B]  Trying sqrt/invsqrt(poly) rewrite on NN leaf vars (1, 2), degree=2 [coord=1/z]
[Stage B] Post-custom-init validation (attempt 0), batch 0, finite: 2000/2000, min: -4.405e+08, max: 2.034e+10, mean: 1.541e+09
[Stage B] Post-custom-init validation (attempt 0), batch 1, finite: 2000/2000, min: -3.773e+08, max: 2.122e+10, mean: 1.635e+09
[Stage B] Post-custom-init validation (attempt 0), batch 2, finite: 2000/2000, min: -2.962e+08, max: 2.076e+10, mean: 1.474e+09
[Stage B] Prediction scale check (attempt 0): pred_median=5.375e+08, true_median=9.826e-02, ratio=5.470e+09
[Stage B] Warning: init scale_ratio extreme; rejecting candidate.
[Stage B]    Candidate (sqrt_poly[z_inv]) rejected at init (non-finite loss); trying next.
[Stage B]  Skipping cf_combo (previously rejected on same target)
[Stage B]  Skipping cf_combo[z_inv] (previously rejected on same target)
[Stage B]  Skipping cf_combo[z_inv] (previously rejected on same target)
[Stage B]  Skipping cf_combo[z_inv] (previously rejected on same target)
[Stage B]  Skipping cf_combo[z_inv] (previously rejected on same target)
[Stage B]  Skipping cf_combo[z_inv] (previously rejected on same target)
[Stage B]  Skipping cf_combo[z_inv] (previously rejected on same target)
[Stage B]  Skipping cf_combo[z_inv] (previously rejected on same target)
[Stage B]  Skipping cf_combo[z_inv] (previously rejected on same target)
[Stage B]  Skipping cf_combo (previously rejected on same target)
[Stage B]  Skipping cf_combo (previously rejected on same target)
[Stage B]  Skipping cf_combo (previously rejected on same target)
[Stage B]  Skipping cf_combo (previously rejected on same target)
[Stage B]  Skipping cf_combo (previously rejected on same target)
[Stage B]  Skipping cf_combo (previously rejected on same target)
[Stage B]  Skipping cf_combo (previously rejected on same target)
[Stage B]  Skipping cf_combo (previously rejected on same target)
[Stage B]  Skipping cf_combo (previously rejected on same target)
[Stage B]  Precheck reject (duplicate-signature) rule=univariate_nn cand=sqrt_ratpoly_1d target=nn#leaf1 vars=(1, 2) sig=(960898949, 1, 1, -1, 3, 1, 1, 1) attempted=79
[Stage B]  Precheck reject (duplicate-signature) rule=univariate_nn cand=sqrt_ratpoly_1d[1] target=nn#leaf1 vars=(1, 2) sig=(960898949, 3, 0, 1, 1, -1, 2, 1, 1) attempted=79
[Stage B]  Precheck reject (duplicate-signature) rule=univariate_nn cand=sqrt_ratpoly_1d[2] target=nn#leaf1 vars=(1, 2) sig=(960898949, 1, 1, -1, 4, 1, 1, 1, 1) attempted=79
[Stage B]  Precheck reject (duplicate-signature) rule=univariate_nn cand=sqrt_ratpoly_1d[3] target=nn#leaf1 vars=(1, 2) sig=(960898949, 2, 1, 1, -1, 3, 1, 1, 1) attempted=79
[Stage B]  Precheck reject (duplicate-signature) rule=univariate_nn cand=sqrt_ratpoly_1d[4] target=nn#leaf1 vars=(1, 2) sig=(960898949, 5, 0, 1, 1, 0, 1, -1, 2, 1, 1) attempted=79
[Stage B]  Precheck reject (duplicate-signature) rule=univariate_nn cand=sqrt_ratpoly_1d[5] target=nn#leaf1 vars=(1, 2) sig=(960898949, 3, 0, 1, 1, -1, 5, 1, 1, 0, 0, 1) attempted=79
[Stage B]  Precheck reject (duplicate-signature) rule=univariate_nn cand=sqrt_ratpoly_1d[6] target=nn#leaf1 vars=(1, 2) sig=(960898949, 1, 1, -1, 5, 1, 1, 1, 1, 1) attempted=79
[Stage B]  Precheck reject (duplicate-signature) rule=univariate_nn cand=sqrt_ratpoly_1d[7] target=nn#leaf1 vars=(1, 2) sig=(960898949, 2, 1, 1, -1, 5, 1, 1, 1, 1, 1) attempted=79
[Stage B]  Precheck reject (duplicate-signature) rule=univariate_nn cand=sqrt_ratpoly_1d[8] target=nn#leaf1 vars=(1, 2) sig=(960898949, 3, 1, 1, 1, -1, 4, 1, 1, 1, 1) attempted=79
[Stage B]  Precheck reject (duplicate-signature) rule=univariate_nn cand=sqrt_ratpoly_1d[9] target=nn#leaf1 vars=(1, 2) sig=(960898949, 4, 1, 1, 1, 1, -1, 3, 1, 1, 1) attempted=79
[Stage B]  Precheck reject (duplicate-signature) rule=univariate_nn cand=sqrt_ratpoly_1d[10] target=nn#leaf1 vars=(1, 2) sig=(960898949, 4, 1, 1, 1, 1, -1, 4, 1, 1, 1, 1) attempted=79
[Stage B]  Precheck reject (duplicate-signature) rule=univariate_nn cand=sqrt_ratpoly_1d[11] target=nn#leaf1 vars=(1, 2) sig=(960898949, 5, 1, 1, 1, 1, 1, -1, 4, 1, 1, 1, 1) attempted=79
[Stage B]  Precheck reject (duplicate-signature) rule=univariate_nn cand=sqrt_ratpoly_1d[12] target=nn#leaf1 vars=(1, 2) sig=(960898949, 5, 1, 1, 1, 1, 1, -1, 5, 1, 1, 1, 1, 1) attempted=79
[Stage B]  Precheck reject (duplicate-signature) rule=univariate_nn cand=sqrt_ratpoly_1d[13] target=nn#leaf1 vars=(1, 2) sig=(960898949, 1, 1, -1, 3, 1, 1, 1) attempted=79
[Stage B]  Precheck reject (duplicate-signature) rule=univariate_nn cand=sqrt_ratpoly_1d[14] target=nn#leaf1 vars=(1, 2) sig=(960898949, 2, 1, 1, -1, 2, 1, 1) attempted=79
[Stage B]  Precheck reject (duplicate-signature) rule=univariate_nn cand=sqrt_ratpoly_1d[15] target=nn#leaf1 vars=(1, 2) sig=(960898949, 3, 1, 1, 1, -1, 1, 1) attempted=79
[Stage B]  Precheck reject (duplicate-signature) rule=univariate_nn cand=sqrt_ratpoly_1d[16] target=nn#leaf1 vars=(1, 2) sig=(960898949, 1, 1, -1, 4, 1, 1, 1, 1) attempted=79
[Stage B]  Precheck reject (duplicate-signature) rule=univariate_nn cand=sqrt_ratpoly_1d[17] target=nn#leaf1 vars=(1, 2) sig=(960898949, 2, 1, 1, -1, 3, 1, 1, 1) attempted=79
[Stage B]  Precheck reject (duplicate-signature) rule=univariate_nn cand=sqrt_ratpoly_1d[18] target=nn#leaf1 vars=(1, 2) sig=(960898949, 1, 1, -1, 5, 1, 1, 1, 1, 1) attempted=79
[Stage B]  Precheck reject (duplicate-signature) rule=univariate_nn cand=sqrt_ratpoly_1d[19] target=nn#leaf1 vars=(1, 2) sig=(960898949, 2, 1, 1, -1, 4, 1, 1, 1, 1) attempted=79
[Stage B]  Precheck reject (duplicate-signature) rule=univariate_nn cand=sqrt_ratpoly_1d[20] target=nn#leaf1 vars=(1, 2) sig=(960898949, 4, 1, 1, 1, 1, -1, 2, 1, 1) attempted=79
[Stage B]  Precheck reject (duplicate-signature) rule=univariate_nn cand=sqrt_ratpoly_1d[21] target=nn#leaf1 vars=(1, 2) sig=(960898949, 2, 1, 1, -1, 5, 1, 1, 1, 1, 1) attempted=79
[Stage B]  Precheck reject (duplicate-signature) rule=univariate_nn cand=sqrt_ratpoly_1d[22] target=nn#leaf1 vars=(1, 2) sig=(960898949, 4, 1, 1, 1, 1, -1, 3, 1, 1, 1) attempted=79
[Stage B]  Precheck reject (duplicate-signature) rule=univariate_nn cand=cbrt_ratpoly_1d target=nn#leaf1 vars=(1, 2) sig=(960898949, 1, 1, -1, 3, 1, 1, 1, 330) attempted=79
[Stage B]  Precheck reject (duplicate-signature) rule=univariate_nn cand=cbrt_ratpoly_1d[1] target=nn#leaf1 vars=(1, 2) sig=(960898949, 3, 0, 1, 1, -1, 2, 1, 1, 330) attempted=79
[Stage B]  Precheck reject (duplicate-signature) rule=univariate_nn cand=cbrt_ratpoly_1d[2] target=nn#leaf1 vars=(1, 2) sig=(960898949, 1, 1, -1, 4, 1, 1, 1, 1, 330) attempted=79
[Stage B]  Precheck reject (duplicate-signature) rule=univariate_nn cand=cbrt_ratpoly_1d[3] target=nn#leaf1 vars=(1, 2) sig=(960898949, 3, 0, 1, 1, -1, 3, 1, 1, 1, 330) attempted=79
[Stage B]  Precheck reject (duplicate-signature) rule=univariate_nn cand=cbrt_ratpoly_1d[4] target=nn#leaf1 vars=(1, 2) sig=(960898949, 2, 0, 1, -1, 5, 1, 1, 1, 0, 1, 330) attempted=79
[Stage B]  Precheck reject (duplicate-signature) rule=univariate_nn cand=cbrt_ratpoly_1d[5] target=nn#leaf1 vars=(1, 2) sig=(960898949, 1, 1, -1, 5, 1, 1, 1, 1, 1, 330) attempted=79
[Stage B]  Precheck reject (duplicate-signature) rule=univariate_nn cand=cbrt_ratpoly_1d[6] target=nn#leaf1 vars=(1, 2) sig=(960898949, 2, 1, 1, -1, 4, 1, 1, 1, 1, 330) attempted=79
[Stage B]  Precheck reject (duplicate-signature) rule=univariate_nn cand=cbrt_ratpoly_1d[7] target=nn#leaf1 vars=(1, 2) sig=(960898949, 2, 1, 1, -1, 5, 1, 1, 1, 1, 1, 330) attempted=79
[Stage B]  Precheck reject (duplicate-signature) rule=univariate_nn cand=cbrt_ratpoly_1d[8] target=nn#leaf1 vars=(1, 2) sig=(960898949, 3, 1, 1, 1, -1, 4, 1, 1, 1, 1, 330) attempted=79
[Stage B]  Precheck reject (duplicate-signature) rule=univariate_nn cand=cbrt_ratpoly_1d[9] target=nn#leaf1 vars=(1, 2) sig=(960898949, 3, 1, 1, 1, -1, 5, 1, 1, 1, 1, 1, 330) attempted=79
[Stage B]  Precheck reject (duplicate-signature) rule=univariate_nn cand=cbrt_ratpoly_1d[10] target=nn#leaf1 vars=(1, 2) sig=(960898949, 5, 1, 1, 1, 1, 1, -1, 3, 1, 1, 1, 330) attempted=79
[Stage B]  Precheck reject (duplicate-signature) rule=univariate_nn cand=cbrt_ratpoly_1d[11] target=nn#leaf1 vars=(1, 2) sig=(960898949, 4, 1, 1, 1, 1, -1, 5, 1, 1, 1, 1, 1, 330) attempted=79
[Stage B]  Precheck reject (duplicate-signature) rule=univariate_nn cand=cbrt_ratpoly_1d[12] target=nn#leaf1 vars=(1, 2) sig=(960898949, 1, 1, -1, 3, 1, 1, 1, -330) attempted=79
[Stage B]  Precheck reject (duplicate-signature) rule=univariate_nn cand=cbrt_ratpoly_1d[13] target=nn#leaf1 vars=(1, 2) sig=(960898949, 2, 1, 1, -1, 2, 1, 1, -330) attempted=79
[Stage B]  Precheck reject (duplicate-signature) rule=univariate_nn cand=cbrt_ratpoly_1d[14] target=nn#leaf1 vars=(1, 2) sig=(960898949, 3, 1, 1, 1, -1, 1, 1, -330) attempted=79
[Stage B]  Precheck reject (duplicate-signature) rule=univariate_nn cand=cbrt_ratpoly_1d[15] target=nn#leaf1 vars=(1, 2) sig=(960898949, 1, 1, -1, 4, 1, 1, 1, 1, -330) attempted=79
[Stage B]  Precheck reject (duplicate-signature) rule=univariate_nn cand=cbrt_ratpoly_1d[16] target=nn#leaf1 vars=(1, 2) sig=(960898949, 2, 1, 1, -1, 3, 1, 1, 1, -330) attempted=79
[Stage B]  Precheck reject (duplicate-signature) rule=univariate_nn cand=cbrt_ratpoly_1d[17] target=nn#leaf1 vars=(1, 2) sig=(960898949, 1, 1, -1, 5, 1, 1, 1, 1, 1, -330) attempted=79
[Stage B]  Precheck reject (duplicate-signature) rule=univariate_nn cand=cbrt_ratpoly_1d[18] target=nn#leaf1 vars=(1, 2) sig=(960898949, 2, 1, 1, -1, 4, 1, 1, 1, 1, -330) attempted=79
[Stage B]  Precheck reject (duplicate-signature) rule=univariate_nn cand=cbrt_ratpoly_1d[19] target=nn#leaf1 vars=(1, 2) sig=(960898949, 4, 1, 1, 1, 1, -1, 2, 1, 1, -330) attempted=79
[Stage B]  Precheck reject (duplicate-signature) rule=univariate_nn cand=cbrt_ratpoly_1d[20] target=nn#leaf1 vars=(1, 2) sig=(960898949, 4, 1, 1, 1, 1, -1, 3, 1, 1, 1, -330) attempted=79
[Stage B]  Precheck reject (duplicate-signature) rule=univariate_nn cand=ratpoly_1d target=nn#leaf1 vars=(1, 2) sig=(960898949, 1, 1, -1, 2, 1, 1) attempted=79
[Stage B]  Precheck reject (duplicate-signature) rule=univariate_nn cand=ratpoly_1d[1] target=nn#leaf1 vars=(1, 2) sig=(960898949, 1, 1, -1, 3, 1, 1, 1) attempted=79
[Stage B]  Precheck reject (duplicate-signature) rule=univariate_nn cand=ratpoly_1d[2] target=nn#leaf1 vars=(1, 2) sig=(960898949, 2, 1, 1, -1, 2, 1, 1) attempted=79
[Stage B]  Precheck reject (duplicate-signature) rule=univariate_nn cand=ratpoly_1d[3] target=nn#leaf1 vars=(1, 2) sig=(960898949, 3, 1, 0, 1, -1, 2, 1, 1) attempted=79
[Stage B]  Precheck reject (duplicate-signature) rule=univariate_nn cand=ratpoly_1d[4] target=nn#leaf1 vars=(1, 2) sig=(960898949, 3, 0, 1, 1, -1, 2, 1, 1) attempted=79
[Stage B]  Precheck reject (duplicate-signature) rule=univariate_nn cand=ratpoly_1d[5] target=nn#leaf1 vars=(1, 2) sig=(960898949, 1, 1, -1, 4, 1, 1, 1, 1) attempted=79
[Stage B]  Precheck reject (duplicate-signature) rule=univariate_nn cand=ratpoly_1d[6] target=nn#leaf1 vars=(1, 2) sig=(960898949, 2, 1, 1, -1, 3, 1, 1, 1) attempted=79
[Stage B]  Precheck reject (duplicate-signature) rule=univariate_nn cand=ratpoly_1d[7] target=nn#leaf1 vars=(1, 2) sig=(960898949, 3, 1, 1, 1, -1, 2, 1, 1) attempted=79
[Stage B]  Precheck reject (duplicate-signature) rule=univariate_nn cand=ratpoly_1d[8] target=nn#leaf1 vars=(1, 2) sig=(960898949, 1, 1, -1, 5, 1, 1, 1, 1, 1) attempted=79
[Stage B]  Precheck reject (duplicate-signature) rule=univariate_nn cand=ratpoly_1d[9] target=nn#leaf1 vars=(1, 2) sig=(960898949, 3, 1, 1, 1, -1, 3, 1, 1, 1) attempted=79
[Stage B]  Precheck reject (duplicate-signature) rule=univariate_nn cand=ratpoly_1d[10] target=nn#leaf1 vars=(1, 2) sig=(960898949, 2, 1, 1, -1, 5, 1, 1, 1, 1, 1) attempted=79
[Stage B]  Precheck reject (duplicate-signature) rule=univariate_nn cand=ratpoly_1d[11] target=nn#leaf1 vars=(1, 2) sig=(960898949, 3, 1, 1, 1, -1, 5, 1, 1, 1, 1, 1) attempted=79
[Stage B]  Precheck reject (duplicate-signature) rule=univariate_nn cand=ratpoly_1d[12] target=nn#leaf1 vars=(1, 2) sig=(960898949, 4, 1, 1, 1, 1, -1, 4, 1, 1, 1, 1) attempted=79
[Stage B]  Precheck reject (duplicate-signature) rule=univariate_nn cand=ratpoly_1d[13] target=nn#leaf1 vars=(1, 2) sig=(960898949, 5, 1, 1, 1, 1, 1, -1, 3, 1, 1, 1) attempted=79
[Stage B]  Precheck reject (duplicate-signature) rule=univariate_nn cand=ratpoly_1d[14] target=nn#leaf1 vars=(1, 2) sig=(960898949, 4, 1, 1, 1, 1, -1, 5, 1, 1, 1, 1, 1) attempted=79
[Stage B]  Precheck reject (duplicate-signature) rule=univariate_nn cand=ratpoly_1d[15] target=nn#leaf1 vars=(1, 2) sig=(960898949, 5, 1, 1, 1, 1, 1, -1, 4, 1, 1, 1, 1) attempted=79
[Stage B]  Skipping exp (previously rejected on same target)
[Stage B]  Skipping exp[z_inv] (previously rejected on same target)
[Stage B]  Skipping exp_rat (previously rejected on same target)
[Stage B]  Skipping tanh (previously rejected on same target)
[Stage B]  Skipping tanh[z_inv] (previously rejected on same target)
[Stage B]  Trying trig on NN vars (1, 2), omega≈25.209, amp≈0.510
[Stage B] Initialising SinLinearLeaf for vars (1, 2), tag=leaf1
[Stage B] Post-custom-init validation (attempt 0), batch 0, finite: 2000/2000, min: -1.987e+07, max: 1.549e+07, mean: 6.467e+04
[Stage B] Post-custom-init validation (attempt 0), batch 1, finite: 2000/2000, min: -2.210e+07, max: 1.958e+07, mean: 9.394e+04
[Stage B] Post-custom-init validation (attempt 0), batch 2, finite: 2000/2000, min: -1.780e+07, max: 1.338e+07, mean: -1.921e+05
[Stage B] Prediction scale check (attempt 0): pred_median=2.778e+05, true_median=9.826e-02, ratio=2.827e+06
[Stage B] Warning: init scale_ratio extreme; rejecting candidate.
[Stage B]    Candidate (trig) rejected at init (non-finite loss); trying next.
[Stage B]  Trying trig on NN vars (1, 2), omega≈25.966, amp≈0.507 [coord=1/z]
[Stage B] Initialising SinLinearLeaf for vars (1, 2), tag=leaf1
[Stage B] Post-custom-init validation (attempt 0), batch 0, finite: 2000/2000, min: -2.032e+07, max: 1.808e+07, mean: 4.534e+04
[Stage B] Post-custom-init validation (attempt 0), batch 1, finite: 2000/2000, min: -1.976e+07, max: 2.215e+07, mean: -5.956e+04
[Stage B] Post-custom-init validation (attempt 0), batch 2, finite: 2000/2000, min: -1.605e+07, max: 1.290e+07, mean: -2.926e+05
[Stage B] Prediction scale check (attempt 0): pred_median=2.717e+05, true_median=9.826e-02, ratio=2.765e+06
[Stage B] Warning: init scale_ratio extreme; rejecting candidate.
[Stage B]    Candidate (trig[z_inv]) rejected at init (non-finite loss); trying next.
[Stage B]  Trying trig on NN vars (1, 2), omega≈4.000, amp≈0.507 [coord=1/z]
[Stage B] Initialising SinLinearLeaf for vars (1, 2), tag=leaf1
[Stage B] Post-custom-init validation (attempt 0), batch 0, finite: 2000/2000, min: -4.148e+05, max: 1.923e+07, mean: 9.661e+05
[Stage B] Post-custom-init validation (attempt 0), batch 1, finite: 2000/2000, min: -3.669e+05, max: 2.025e+07, mean: 1.047e+06
[Stage B] Post-custom-init validation (attempt 0), batch 2, finite: 2000/2000, min: -8.326e+06, max: 1.829e+07, mean: -3.442e+05
[Stage B] Prediction scale check (attempt 0): pred_median=2.060e+05, true_median=9.826e-02, ratio=2.097e+06
[Stage B] Warning: init scale_ratio extreme; rejecting candidate.
[Stage B]    Candidate (trig[z_inv]) rejected at init (non-finite loss); trying next.
[Stage B]  Trying trig on NN vars (1, 2), omega≈1.000, amp≈0.507 [coord=1/z]
[Stage B] Initialising SinLinearLeaf for vars (1, 2), tag=leaf1
[Stage B] Post-custom-init validation (attempt 0), batch 0, finite: 2000/2000, min: -1.215e+07, max: 2.625e+05, mean: -7.784e+05
[Stage B] Post-custom-init validation (attempt 0), batch 1, finite: 2000/2000, min: -1.281e+07, max: 2.322e+05, mean: -8.317e+05
[Stage B] Post-custom-init validation (attempt 0), batch 2, finite: 2000/2000, min: -1.200e+07, max: 1.817e+05, mean: -4.222e+05
[Stage B] Prediction scale check (attempt 0): pred_median=2.077e+05, true_median=9.826e-02, ratio=2.114e+06
[Stage B] Warning: init scale_ratio extreme; rejecting candidate.
[Stage B]    Candidate (trig[z_inv]) rejected at init (non-finite loss); trying next.
[Stage B]  Trying trig on NN vars (1, 2), omega≈12.983, amp≈0.507 [coord=1/z]
[Stage B] Initialising SinLinearLeaf for vars (1, 2), tag=leaf1
[Stage B] Post-custom-init validation (attempt 0), batch 0, finite: 2000/2000, min: -2.081e+07, max: 3.314e+06, mean: -9.609e+05
[Stage B] Post-custom-init validation (attempt 0), batch 1, finite: 2000/2000, min: -2.006e+07, max: 5.278e+06, mean: -1.067e+06
[Stage B] Post-custom-init validation (attempt 0), batch 2, finite: 2000/2000, min: -1.891e+07, max: 1.676e+07, mean: 1.051e+06
[Stage B] Prediction scale check (attempt 0): pred_median=2.943e+05, true_median=9.826e-02, ratio=2.995e+06
[Stage B] Warning: init scale_ratio extreme; rejecting candidate.
[Stage B]    Candidate (trig[z_inv]) rejected at init (non-finite loss); trying next.
[Stage B]  Trying trig on NN vars (1, 2), omega≈51.933, amp≈0.507 [coord=1/z]
[Stage B] Initialising SinLinearLeaf for vars (1, 2), tag=leaf1
[Stage B] Post-custom-init validation (attempt 0), batch 0, finite: 2000/2000, min: -1.783e+07, max: 1.407e+07, mean: 4.515e+04
[Stage B] Post-custom-init validation (attempt 0), batch 1, finite: 2000/2000, min: -2.064e+07, max: 2.286e+07, mean: 6.219e+04
[Stage B] Post-custom-init validation (attempt 0), batch 2, finite: 2000/2000, min: -1.607e+07, max: 1.841e+07, mean: 2.533e+05
[Stage B] Prediction scale check (attempt 0): pred_median=2.905e+05, true_median=9.826e-02, ratio=2.956e+06
[Stage B] Warning: init scale_ratio extreme; rejecting candidate.
[Stage B]    Candidate (trig[z_inv]) rejected at init (non-finite loss); trying next.
[Stage B]  Trying trig on NN vars (1, 2), omega≈4.000, amp≈0.510
[Stage B] Initialising SinLinearLeaf for vars (1, 2), tag=leaf1
[Stage B] Post-custom-init validation (attempt 0), batch 0, finite: 2000/2000, min: -1.790e+07, max: 2.685e+05, mean: -9.926e+05
[Stage B] Post-custom-init validation (attempt 0), batch 1, finite: 2000/2000, min: -1.906e+07, max: 2.768e+05, mean: -1.034e+06
[Stage B] Post-custom-init validation (attempt 0), batch 2, finite: 2000/2000, min: -1.722e+07, max: 2.401e+05, mean: -1.532e+06
[Stage B] Prediction scale check (attempt 0): pred_median=3.874e+05, true_median=9.826e-02, ratio=3.943e+06
[Stage B] Warning: init scale_ratio extreme; rejecting candidate.
[Stage B]    Candidate (trig) rejected at init (non-finite loss); trying next.
[Stage B]  Trying trig on NN vars (1, 2), omega≈1.000, amp≈0.510
[Stage B] Initialising SinLinearLeaf for vars (1, 2), tag=leaf1
[Stage B] Post-custom-init validation (attempt 0), batch 0, finite: 2000/2000, min: -2.245e+05, max: 1.297e+07, mean: 8.842e+05
[Stage B] Post-custom-init validation (attempt 0), batch 1, finite: 2000/2000, min: -2.129e+05, max: 1.354e+07, mean: 9.328e+05
[Stage B] Post-custom-init validation (attempt 0), batch 2, finite: 2000/2000, min: -1.640e+05, max: 1.175e+07, mean: 1.075e+06
[Stage B] Prediction scale check (attempt 0): pred_median=3.417e+05, true_median=9.826e-02, ratio=3.478e+06
[Stage B] Warning: init scale_ratio extreme; rejecting candidate.
[Stage B]    Candidate (trig) rejected at init (non-finite loss); trying next.
[Stage B]  Trying trig on NN vars (1, 2), omega≈12.605, amp≈0.510
[Stage B] Initialising SinLinearLeaf for vars (1, 2), tag=leaf1
[Stage B] Post-custom-init validation (attempt 0), batch 0, finite: 2000/2000, min: -6.553e+06, max: 1.704e+07, mean: 1.059e+06
[Stage B] Post-custom-init validation (attempt 0), batch 1, finite: 2000/2000, min: -6.255e+06, max: 2.216e+07, mean: 1.128e+06
[Stage B] Post-custom-init validation (attempt 0), batch 2, finite: 2000/2000, min: -1.445e+07, max: 8.701e+06, mean: -7.899e+05
[Stage B] Prediction scale check (attempt 0): pred_median=2.969e+05, true_median=9.826e-02, ratio=3.022e+06
[Stage B] Warning: init scale_ratio extreme; rejecting candidate.
[Stage B]    Candidate (trig) rejected at init (non-finite loss); trying next.
[Stage B]  Trying trig on NN vars (1, 2), omega≈50.419, amp≈0.510
[Stage B] Initialising SinLinearLeaf for vars (1, 2), tag=leaf1
[Stage B] Post-custom-init validation (attempt 0), batch 0, finite: 2000/2000, min: -2.082e+07, max: 1.561e+07, mean: -1.112e+05
[Stage B] Post-custom-init validation (attempt 0), batch 1, finite: 2000/2000, min: -2.066e+07, max: 2.121e+07, mean: -1.976e+04
[Stage B] Post-custom-init validation (attempt 0), batch 2, finite: 2000/2000, min: -1.575e+07, max: 1.778e+07, mean: 1.670e+04
[Stage B] Prediction scale check (attempt 0): pred_median=2.820e+05, true_median=9.826e-02, ratio=2.870e+06
[Stage B] Warning: init scale_ratio extreme; rejecting candidate.
[Stage B]    Candidate (trig) rejected at init (non-finite loss); trying next.
[Stage B]  Precheck reject (duplicate-signature) rule=univariate_nn cand=sinc_p2 target=nn#leaf1 vars=(1, 2) sig=(2, 2, 1, -1, -1, 0) attempted=79
[Stage B]  Precheck reject (duplicate-signature) rule=univariate_nn cand=sinc_p2[z_inv] target=nn#leaf1 vars=(1, 2) sig=(2, 2, 1, -1, -1, 0) attempted=79
[Stage B]  Trying affine trig (c + A*sin) on NN leaf vars (1, 2), omega≈25.209, amp≈0.510, offset≈-469.616
[Stage B] Initialising SinLinearLeaf for vars (1, 2), tag=leaf1
[Stage B] Post-custom-init validation (attempt 0), batch 0, finite: 2000/2000, min: -2.031e+10, max: 4.413e+08, mean: -1.541e+09
[Stage B] Post-custom-init validation (attempt 0), batch 1, finite: 2000/2000, min: -2.119e+10, max: 3.783e+08, mean: -1.635e+09
[Stage B] Post-custom-init validation (attempt 0), batch 2, finite: 2000/2000, min: -2.079e+10, max: 2.970e+08, mean: -1.470e+09
[Stage B] Prediction scale check (attempt 0): pred_median=5.373e+08, true_median=9.826e-02, ratio=5.469e+09
[Stage B] Warning: init scale_ratio extreme; rejecting candidate.
[Stage B]    Candidate (affine_trig) rejected at init (non-finite loss); trying next.
[Stage B]  Trying affine trig (c + A*sin) on NN leaf vars (1, 2), omega≈25.966, amp≈0.507, offset≈-469.681 [coord=1/z]
[Stage B] Initialising SinLinearLeaf for vars (1, 2), tag=leaf1
[Stage B] Post-custom-init validation (attempt 0), batch 0, finite: 2000/2000, min: -2.030e+10, max: 4.411e+08, mean: -1.541e+09
[Stage B] Post-custom-init validation (attempt 0), batch 1, finite: 2000/2000, min: -2.121e+10, max: 3.777e+08, mean: -1.636e+09
[Stage B] Post-custom-init validation (attempt 0), batch 2, finite: 2000/2000, min: -2.079e+10, max: 2.965e+08, mean: -1.470e+09
[Stage B] Prediction scale check (attempt 0): pred_median=5.369e+08, true_median=9.826e-02, ratio=5.464e+09
[Stage B] Warning: init scale_ratio extreme; rejecting candidate.
[Stage B]    Candidate (affine_trig[z_inv]) rejected at init (non-finite loss); trying next.
[Stage B]  Leaf-transform 'square' poly(deg=3): rms≈0.000
[Stage B] Post-custom-init validation (attempt 0), batch 0, finite: 2000/2000, min: -2.034e+10, max: 4.405e+08, mean: -1.541e+09
[Stage B] Post-custom-init validation (attempt 0), batch 1, finite: 2000/2000, min: -2.122e+10, max: 3.773e+08, mean: -1.635e+09
[Stage B] Post-custom-init validation (attempt 0), batch 2, finite: 2000/2000, min: -2.076e+10, max: 2.962e+08, mean: -1.474e+09
[Stage B] Prediction scale check (attempt 0): pred_median=5.375e+08, true_median=9.826e-02, ratio=5.470e+09
[Stage B] Warning: init scale_ratio extreme; rejecting candidate.
[Stage B]    Candidate (leaftr_square_poly3) rejected at init (non-finite loss); trying next.
[Stage B]  Leaf-transform 'square' poly(deg=3): rms≈0.000 [coord=1/z]
[Stage B] Post-custom-init validation (attempt 0), batch 0, finite: 2000/2000, min: -2.034e+10, max: 4.405e+08, mean: -1.541e+09
[Stage B] Post-custom-init validation (attempt 0), batch 1, finite: 2000/2000, min: -2.122e+10, max: 3.773e+08, mean: -1.635e+09
[Stage B] Post-custom-init validation (attempt 0), batch 2, finite: 2000/2000, min: -2.076e+10, max: 2.962e+08, mean: -1.474e+09
[Stage B] Prediction scale check (attempt 0): pred_median=5.375e+08, true_median=9.826e-02, ratio=5.470e+09
[Stage B] Warning: init scale_ratio extreme; rejecting candidate.
[Stage B]    Candidate (leaftr_square_poly3[z_inv]) rejected at init (non-finite loss); trying next.
[Stage B]  Leaf-transform 'recip' poly(deg=3): rms≈0.000
[Stage B] Post-custom-init validation (attempt 0), batch 0, finite: 2000/2000, min: -2.034e+10, max: 4.405e+08, mean: -1.541e+09
[Stage B] Post-custom-init validation (attempt 0), batch 1, finite: 2000/2000, min: -2.122e+10, max: 3.773e+08, mean: -1.635e+09
[Stage B] Post-custom-init validation (attempt 0), batch 2, finite: 2000/2000, min: -2.076e+10, max: 2.962e+08, mean: -1.474e+09
[Stage B] Prediction scale check (attempt 0): pred_median=5.375e+08, true_median=9.826e-02, ratio=5.470e+09
[Stage B] Warning: init scale_ratio extreme; rejecting candidate.
[Stage B]    Candidate (leaftr_recip_poly3) rejected at init (non-finite loss); trying next.
[Stage B]  Leaf-transform 'recip' poly(deg=3): rms≈0.000 [coord=1/z]
[Stage B] Post-custom-init validation (attempt 0), batch 0, finite: 2000/2000, min: -2.034e+10, max: 4.405e+08, mean: -1.541e+09
[Stage B] Post-custom-init validation (attempt 0), batch 1, finite: 2000/2000, min: -2.122e+10, max: 3.773e+08, mean: -1.635e+09
[Stage B] Post-custom-init validation (attempt 0), batch 2, finite: 2000/2000, min: -2.076e+10, max: 2.962e+08, mean: -1.474e+09
[Stage B] Prediction scale check (attempt 0): pred_median=5.375e+08, true_median=9.826e-02, ratio=5.470e+09
[Stage B] Warning: init scale_ratio extreme; rejecting candidate.
[Stage B]    Candidate (leaftr_recip_poly3[z_inv]) rejected at init (non-finite loss); trying next.
[Stage B]  Leaf-transform 'square' trig: rms≈0.000, omega≈1.000, amp≈6052.792, offset≈220304.094
[Stage B] Initialising SinLinearLeaf for vars (1, 2), tag=leaf1
[Stage B] Post-custom-init validation (attempt 0), batch 0, finite: 2000/2000, min: -2.034e+10, max: 4.405e+08, mean: -1.541e+09
[Stage B] Post-custom-init validation (attempt 0), batch 1, finite: 2000/2000, min: -2.122e+10, max: 3.773e+08, mean: -1.635e+09
[Stage B] Post-custom-init validation (attempt 0), batch 2, finite: 2000/2000, min: -2.076e+10, max: 2.962e+08, mean: -1.474e+09
[Stage B] Prediction scale check (attempt 0): pred_median=5.375e+08, true_median=9.826e-02, ratio=5.470e+09
[Stage B] Warning: init scale_ratio extreme; rejecting candidate.
[Stage B]    Candidate (leaftr_square_affine_trig) rejected at init (non-finite loss); trying next.
[Stage B]  Leaf-transform 'square' trig: rms≈0.000, omega≈1.000, amp≈11589.097, offset≈210818.755 [coord=1/z]
[Stage B] Initialising SinLinearLeaf for vars (1, 2), tag=leaf1
[Stage B] Post-custom-init validation (attempt 0), batch 0, finite: 2000/2000, min: -2.034e+10, max: 4.405e+08, mean: -1.541e+09
[Stage B] Post-custom-init validation (attempt 0), batch 1, finite: 2000/2000, min: -2.122e+10, max: 3.773e+08, mean: -1.635e+09
[Stage B] Post-custom-init validation (attempt 0), batch 2, finite: 2000/2000, min: -2.076e+10, max: 2.962e+08, mean: -1.474e+09
[Stage B] Prediction scale check (attempt 0): pred_median=5.375e+08, true_median=9.826e-02, ratio=5.470e+09
[Stage B] Warning: init scale_ratio extreme; rejecting candidate.
[Stage B]    Candidate (leaftr_square_affine_trig[z_inv]) rejected at init (non-finite loss); trying next.
[Stage B]  Trying 1D Expm1 rewrite on NN leaf vars (1, 2) [coord=1/z]
[Stage B custom_init Expm1] compound vars=(1, 2), a≈0.01, logA≈6.14
[Stage B] Post-custom-init validation (attempt 0), batch 0, finite: 2000/2000, min: -4.003e+06, max: 2.153e+08, mean: 1.527e+07
[Stage B] Post-custom-init validation (attempt 0), batch 1, finite: 2000/2000, min: -3.577e+06, max: 2.238e+08, mean: 1.614e+07
[Stage B] Post-custom-init validation (attempt 0), batch 2, finite: 2000/2000, min: -2.690e+06, max: 1.940e+08, mean: 1.778e+07
[Stage B] Prediction scale check (attempt 0): pred_median=5.767e+06, true_median=9.826e-02, ratio=5.869e+07
[Stage B] Warning: init scale_ratio extreme; rejecting candidate.
[Stage B]    Candidate (expm1[z_inv]) rejected at init (non-finite loss); trying next.
[Stage B]  Trying 1D symexp_denom_1d_recip rewrite (scale/(exp(r)+exp(-r))) on NN leaf vars (1, 2) [coord=1/z]
[Stage B custom_init symexp_denom_1d_recip] compound vars=(1, 2), scale≈-990, r±(z)≈-63.1*z
[Stage B] Post-custom-init validation (attempt 0), batch 0, finite: 2000/2000, min: -5.295e-14, max: 9.335e-16, mean: -2.877e-16
[Stage B] Post-custom-init validation (attempt 0), batch 1, finite: 2000/2000, min: -4.971e-14, max: 8.089e-16, mean: -3.009e-16
[Stage B] Post-custom-init validation (attempt 0), batch 2, finite: 2000/2000, min: -7.641e-15, max: 5.439e-16, mean: -1.118e-17
[Stage B] Prediction scale check (attempt 0): pred_median=1.117e-20, true_median=9.826e-02, ratio=1.137e-19
[Stage B] Warning: init scale_ratio extreme; rejecting candidate.
[Stage B]    Candidate (symexp_denom_1d_recip[z_inv]) rejected at init (non-finite loss); trying next.
[Stage B]  Skipping cf_sharedpref_resid[z_inv] (previously rejected on same target)
[Stage B]  Skipping cf_sharedpref_resid[z_inv] (previously rejected on same target)
[Stage B]  one_minus_cos_over_z2 skip NN vars (1,): phase is not dimensionless for z=x1, dim=(Fraction(0, 1), Fraction(-1, 1), Fraction(0, 1))
[Stage B] ratpoly_1d degree probe: no valid pairs, falling back to unconstrained grid, vars=(1,)
[Stage B] ratpoly_1d rejected: best rel_rms=0.0012 > 0.001, deg=(4,2), vars=(1,)
[Stage B] ratpoly_1d degree probe: no valid pairs, falling back to unconstrained grid, vars=(1,)
[Stage B] ratpoly_1d rejected: best rel_rms=0.0050 > 0.001, deg=(3,4), vars=(1,)
[Stage B]  one_minus_cos_over_z2 skip NN vars (1,): phase is not dimensionless for z=(x1)**-1, dim=(Fraction(0, 1), Fraction(1, 1), Fraction(0, 1))
[Stage B] ratpoly_1d degree probe: no valid pairs, falling back to unconstrained grid, vars=(1,)
[Stage B] ratpoly_1d rejected: best rel_rms=0.0206 > 0.001, deg=(3,2), vars=(1,)
[Stage B] ratpoly_1d degree probe: no valid pairs, falling back to unconstrained grid, vars=(1,)
[Stage B] ratpoly_1d probe: 3 sub-threshold trial(s) for vars=(1,): deg=(2,4)->(2,4) nnz=(3,5) rms=0.0008, deg=(4,2)->(4,2) nnz=(5,3) rms=0.0009, deg=(4,4)->(4,4) nnz=(5,5) rms=0.0005
[Stage B] RuleUniNN proposing 16 candidates for NN vars=(1,): ['monomial_deg1', 'monomial_deg2', 'monomial_deg3', 'cf_combo', 'cf_combo', 'cf_combo', 'cf_combo', 'cf_combo', 'cf_combo', 'cf_combo', 'cf_combo', 'cf_combo', 'cf_combo', 'sqrt_ratpoly_1d', 'sqrt_ratpoly_1d[1]', 'sqrt_ratpoly_1d[2]']
[Stage B]  Skipping reciprocal-coordinate alias sqrt_ratpoly_1d: closed-under-reciprocal:sqrt_ratpoly_1d
[Stage B]  Skipping reciprocal-coordinate alias sqrt_ratpoly_1d[1]: closed-under-reciprocal:sqrt_ratpoly_1d
[Stage B]  Skipping reciprocal-coordinate alias sqrt_ratpoly_1d[2]: closed-under-reciprocal:sqrt_ratpoly_1d
[Stage B] RuleUniNN proposing 13 candidates for NN vars=(1,): ['monomial_deg1[z_inv]', 'monomial_deg2[z_inv]', 'monomial_deg3[z_inv]', 'cf_combo[z_inv]', 'cf_combo[z_inv]', 'cf_combo[z_inv]', 'cf_combo[z_inv]', 'cf_combo[z_inv]', 'cf_combo[z_inv]', 'cf_combo[z_inv]', 'cf_combo[z_inv]', 'cf_combo[z_inv]', 'cf_combo[z_inv]']
[Stage B]  Greedy order (13 cands): monomial_deg1[z_inv](1002p), monomial_deg2[z_inv](1002p), monomial_deg3[z_inv](1002p), cf_combo[z_inv](1004p), cf_combo[z_inv](1003p), cf_combo[z_inv](1004p), cf_combo[z_inv](1003p), cf_combo[z_inv](1004p), cf_combo[z_inv](1003p), cf_combo[z_inv](1004p), cf_combo[z_inv](1003p), cf_combo[z_inv](1004p), cf_combo[z_inv](1003p)
[Stage B]  Precheck reject (units: nn-output-unreachable leaf1 inputs=((x1 * (x2)**-1)) target=T^-1/3 basis=['dimless-only']) rule=univariate_nn cand=monomial_deg1[z_inv] target=nn#leaf2 vars=(1,) attempted=79
[Stage B]  Precheck reject (units: nn-output-unreachable leaf1 inputs=((x1 * (x2)**-1)) target=T^-4/3 basis=['dimless-only']) rule=univariate_nn cand=monomial_deg2[z_inv] target=nn#leaf2 vars=(1,) attempted=79
[Stage B]  Precheck reject (units: nn-output-unreachable leaf1 inputs=((x1 * (x2)**-1)) target=T^-7/3 basis=['dimless-only']) rule=univariate_nn cand=monomial_deg3[z_inv] target=nn#leaf2 vars=(1,) attempted=79
[Stage B]  Precheck reject (units: units-inconsistent (T)) rule=univariate_nn cand=cf_combo[z_inv] target=nn#leaf2 vars=(1,) attempted=79
[Stage B]  Precheck reject (units: units-inconsistent (T)) rule=univariate_nn cand=cf_combo[z_inv] target=nn#leaf2 vars=(1,) attempted=79
[Stage B]  Precheck reject (units: units-inconsistent (T)) rule=univariate_nn cand=cf_combo[z_inv] target=nn#leaf2 vars=(1,) attempted=79
[Stage B]  Precheck reject (units: units-inconsistent (T)) rule=univariate_nn cand=cf_combo[z_inv] target=nn#leaf2 vars=(1,) attempted=79
[Stage B]  Precheck reject (units: units-inconsistent (T)) rule=univariate_nn cand=cf_combo[z_inv] target=nn#leaf2 vars=(1,) attempted=79
[Stage B]  Precheck reject (units: units-inconsistent (T)) rule=univariate_nn cand=cf_combo[z_inv] target=nn#leaf2 vars=(1,) attempted=79
[Stage B]  Precheck reject (units: units-inconsistent (T)) rule=univariate_nn cand=cf_combo[z_inv] target=nn#leaf2 vars=(1,) attempted=79
[Stage B]  Precheck reject (units: units-inconsistent (T)) rule=univariate_nn cand=cf_combo[z_inv] target=nn#leaf2 vars=(1,) attempted=79
[Stage B]  Precheck reject (units: units-inconsistent (T)) rule=univariate_nn cand=cf_combo[z_inv] target=nn#leaf2 vars=(1,) attempted=79
[Stage B]  Precheck reject (units: units-inconsistent (T)) rule=univariate_nn cand=cf_combo[z_inv] target=nn#leaf2 vars=(1,) attempted=79
[Stage B] Rule log_ratio found 0 targets
[Stage B] Rule power_product found 0 targets
[Stage B] Rule joint_product_monomial_closure found 1 targets
[Stage B]   target order (arity-asc): [vars=?(arity=0)]
[Stage B]  joint_product_monomial_closure target: tags=('leaf1', 'leaf2'), supports=((1, 2), (1,)), compound=(True, False), fit_support=(1, 2)
[Stage B]  joint_product_monomial_closure: no clean integer monomial for 2 NN factor(s), support=(1, 2); reason=integer-snap-failed, n=5000, raw=[1.68, -0.474], snap=[2, 0], snap_err=0.474
[Stage B] Rule overlap_prefactor_peel found 0 targets
[Stage B] Rule overlap_counterterm_peel found 0 targets
[Stage B] Rule common_prefactor found 0 targets
[Stage B] Rule additive_gauge_transfer found 0 targets
[Stage B] Rule multiplicative_homogeneity_transfer found 0 targets
[Stage B] Rule univariate_mono found 2 targets
[Stage B]   target order (arity-asc): [vars=(1, 2)(arity=1), vars=(1,)(arity=1)]
[Stage B]  Greedy order (6 cands): monomial_deg1(1001p), monomial_deg1[z_inv](1001p), monomial_deg2(1001p), monomial_deg2[z_inv](1001p), monomial_deg3(1001p), monomial_deg3[z_inv](1001p)
[Stage B]  Skipping monomial_deg1 (previously rejected on same target)
[Stage B]  Skipping monomial_deg1[z_inv] (previously rejected on same target)
[Stage B]  Skipping monomial_deg2 (previously rejected on same target)
[Stage B]  Skipping monomial_deg2[z_inv] (previously rejected on same target)
[Stage B]  Skipping monomial_deg3 (previously rejected on same target)
[Stage B]  Skipping monomial_deg3[z_inv] (previously rejected on same target)
[Stage B]  Greedy order (3 cands): monomial_deg1[z_inv](1001p), monomial_deg2[z_inv](1001p), monomial_deg3[z_inv](1001p)
[Stage B]  Precheck reject (units: nn-output-unreachable leaf1 inputs=((x1 * (x2)**-1)) target=T^-1/3 basis=['dimless-only']) rule=univariate_mono cand=monomial_deg1[z_inv] target=nn#leaf2 vars=(1,) attempted=0
[Stage B]  Precheck reject (units: nn-output-unreachable leaf1 inputs=((x1 * (x2)**-1)) target=T^-4/3 basis=['dimless-only']) rule=univariate_mono cand=monomial_deg2[z_inv] target=nn#leaf2 vars=(1,) attempted=0
[Stage B]  Precheck reject (units: nn-output-unreachable leaf1 inputs=((x1 * (x2)**-1)) target=T^-7/3 basis=['dimless-only']) rule=univariate_mono cand=monomial_deg3[z_inv] target=nn#leaf2 vars=(1,) attempted=0
[Stage B] Rule nn_leaf_separability found 0 targets
[Stage B] Rule counterterm_mul_split found 0 targets
[Stage B] Rule counterfactor_add_split found 0 targets
[Stage B] === Phase 1 complete: No more separabilities found ===
[Stage B] === Phase 2: Trying specialized patterns (after exhausting separability) ===
[Stage B]   target order (arity-asc): [vars=(1, 2)(arity=1), vars=(1,)(arity=1)]
[Stage B]  Greedy order (10 cands): cf_combo(1004p), cf_combo(1003p), cf_combo(1004p), cf_combo(1003p), cf_combo(1004p), cf_combo(1003p), cf_combo(1004p), cf_combo(1003p), cf_combo(1004p), cf_combo(1003p)
[Stage B]  Skipping cf_combo (previously rejected on same target)
[Stage B]  Skipping cf_combo (previously rejected on same target)
[Stage B]  Skipping cf_combo (previously rejected on same target)
[Stage B]  Skipping cf_combo (previously rejected on same target)
[Stage B]  Skipping cf_combo (previously rejected on same target)
[Stage B]  Skipping cf_combo (previously rejected on same target)
[Stage B]  Skipping cf_combo (previously rejected on same target)
[Stage B]  Skipping cf_combo (previously rejected on same target)
[Stage B]  Skipping cf_combo (previously rejected on same target)
[Stage B]  Skipping cf_combo (previously rejected on same target)
[Stage B]  Greedy order (10 cands): cf_sharedpref_resid(1004p), cf_sharedpref_resid(1004p), cf_sharedpref_resid(1004p), cf_sharedpref_resid(1004p), cf_sharedpref_resid(1004p), cf_sharedpref_resid(1004p), cf_combo(1004p), cf_combo(1003p), cf_combo(1004p), cf_combo(1003p)
[Stage B]  Precheck reject (units: units-inconsistent (T)) rule=compound_fn_macros cand=cf_sharedpref_resid target=nn#leaf2 vars=(1,) attempted=0
[Stage B]  Precheck reject (units: units-inconsistent (T)) rule=compound_fn_macros cand=cf_sharedpref_resid target=nn#leaf2 vars=(1,) attempted=0
[Stage B]  Precheck reject (units: units-inconsistent (T)) rule=compound_fn_macros cand=cf_sharedpref_resid target=nn#leaf2 vars=(1,) attempted=0
[Stage B]  Precheck reject (units: units-inconsistent (T)) rule=compound_fn_macros cand=cf_sharedpref_resid target=nn#leaf2 vars=(1,) attempted=0
[Stage B]  Precheck reject (units: units-inconsistent (T)) rule=compound_fn_macros cand=cf_sharedpref_resid target=nn#leaf2 vars=(1,) attempted=0
[Stage B]  Precheck reject (units: units-inconsistent (T)) rule=compound_fn_macros cand=cf_sharedpref_resid target=nn#leaf2 vars=(1,) attempted=0
[Stage B]  Precheck reject (units: units-inconsistent (T)) rule=compound_fn_macros cand=cf_combo target=nn#leaf2 vars=(1,) attempted=0
[Stage B]  Precheck reject (units: units-inconsistent (T)) rule=compound_fn_macros cand=cf_combo target=nn#leaf2 vars=(1,) attempted=0
[Stage B]  Precheck reject (units: units-inconsistent (T)) rule=compound_fn_macros cand=cf_combo target=nn#leaf2 vars=(1,) attempted=0
[Stage B]  Precheck reject (units: units-inconsistent (T)) rule=compound_fn_macros cand=cf_combo target=nn#leaf2 vars=(1,) attempted=0
[Stage B]   target order (arity-asc): [vars=(1, 2)(arity=1), vars=(1,)(arity=1)]
[Stage B]  Greedy order (4 cands): logistic_ode(1004p), chirp_cos_prod(1007p), chirp_sin_quad(1005p), trig_harmonics_1_3(1007p)
[Stage B]  Precheck reject (units: free_const 'leaf1_uinv_y0' is not declared in UnitsSpec.free_const_dims) rule=univariate_oracle_invariants cand=logistic_ode target=nn#leaf1 vars=(1, 2) attempted=0
[Stage B]  Precheck reject (units: free_const 'leaf1_uinv_amp' is not declared in UnitsSpec.free_const_dims) rule=univariate_oracle_invariants cand=chirp_cos_prod target=nn#leaf1 vars=(1, 2) attempted=0
[Stage B]  Precheck reject (units: free_const 'leaf1_uinv_amp' is not declared in UnitsSpec.free_const_dims) rule=univariate_oracle_invariants cand=chirp_sin_quad target=nn#leaf1 vars=(1, 2) attempted=0
[Stage B]  Trying trig harmonics (1&3) on NN vars=(1, 2): omega≈0.1, rel=2.94e-09
[Stage B] Post-custom-init validation (attempt 0), batch 0, finite: 2000/2000, min: -2.034e+10, max: 4.405e+08, mean: -1.541e+09
[Stage B] Post-custom-init validation (attempt 0), batch 1, finite: 2000/2000, min: -2.122e+10, max: 3.773e+08, mean: -1.635e+09
[Stage B] Post-custom-init validation (attempt 0), batch 2, finite: 2000/2000, min: -2.076e+10, max: 2.962e+08, mean: -1.474e+09
[Stage B] Prediction scale check (attempt 0): pred_median=5.375e+08, true_median=9.826e-02, ratio=5.470e+09
[Stage B] Warning: init scale_ratio extreme; rejecting candidate.
[Stage B]    Candidate (trig_harmonics_1_3) rejected at init (non-finite loss); trying next.
[Stage B]  Greedy order (1 cands): logistic_ode(1004p)
[Stage B]  Precheck reject (units: free_const 'leaf2_uinv_y0' is not declared in UnitsSpec.free_const_dims) rule=univariate_oracle_invariants cand=logistic_ode target=nn#leaf2 vars=(1,) attempted=0
[Stage B]   target order (arity-asc): [vars=(1, 2)(arity=1), vars=(1,)(arity=1)]
[Stage B]  Greedy order (2 cands): logexp_dimless_input_log(1002p), logexp_dimless_input_exp(1002p)
[Stage B]  Trying log/exp compound closure dimless_input:log on NN vars=(1, 2): log((x1 * (x2)**-1))
[Stage B] Post-custom-init validation (attempt 0), batch 0, finite: 2000/2000, min: -2.616e+06, max: 5.714e+06, mean: 2.904e+04
[Stage B] Post-custom-init validation (attempt 0), batch 1, finite: 2000/2000, min: -3.383e+06, max: 5.945e+06, mean: 4.353e+04
[Stage B] Post-custom-init validation (attempt 0), batch 2, finite: 2000/2000, min: -7.688e+06, max: 3.815e+06, mean: -5.942e+05
[Stage B] Prediction scale check (attempt 0): pred_median=8.076e+04, true_median=9.826e-02, ratio=8.220e+05
[Stage B] Warning: init scale_ratio extreme; rejecting candidate.
[Stage B]    Candidate (logexp_dimless_input_log) rejected at init (non-finite loss); trying next.
[Stage B]  Trying log/exp compound closure dimless_input:exp on NN vars=(1, 2): exp((x1 * (x2)**-1))
[Stage B] Post-custom-init validation (attempt 0), batch 0, finite: 2000/2000, min: -2.848e+06, max: 1.318e+08, mean: 9.047e+06
[Stage B] Post-custom-init validation (attempt 0), batch 1, finite: 2000/2000, min: -2.520e+06, max: 1.389e+08, mean: 9.633e+06
[Stage B] Post-custom-init validation (attempt 0), batch 2, finite: 2000/2000, min: -1.972e+06, max: 1.316e+08, mean: 7.182e+06
[Stage B] Prediction scale check (attempt 0): pred_median=2.908e+06, true_median=9.826e-02, ratio=2.959e+07
[Stage B] Warning: init scale_ratio extreme; rejecting candidate.
[Stage B]    Candidate (logexp_dimless_input_exp) rejected at init (non-finite loss); trying next.
[Stage B]   target order (arity-asc): [vars=(1, 2)(arity=1), vars=(1,)(arity=1)]
[Stage B]  Greedy order (8 cands): r1_affine(1003p), r1_reciprocal(1003p), r1_square_sqrt(1003p), r1_inv_square_invsqrt(1003p), r1_power_affine_p1_2(1003p), r1_power_affine_p2(1003p), r1_power_affine_p3(1003p), r1_affine_zinv(1003p)
[Stage B R1Cert] Trying r1_affine: identity(y)≈6.38145*psi(z)+-476.14, inverse=identity, rel=9.09e-06, dom=1.000, branch=1.000
[Stage B] Post-custom-init validation (attempt 0), batch 0, finite: 2000/2000, min: -2.034e+10, max: 4.405e+08, mean: -1.541e+09
[Stage B] Post-custom-init validation (attempt 0), batch 1, finite: 2000/2000, min: -2.122e+10, max: 3.773e+08, mean: -1.635e+09
[Stage B] Post-custom-init validation (attempt 0), batch 2, finite: 2000/2000, min: -2.076e+10, max: 2.962e+08, mean: -1.474e+09
[Stage B] Prediction scale check (attempt 0): pred_median=5.375e+08, true_median=9.826e-02, ratio=5.470e+09
[Stage B] Warning: init scale_ratio extreme; rejecting candidate.
[Stage B]    Candidate (r1_affine) rejected at init (non-finite loss); trying next.
[Stage B R1Cert] Trying r1_reciprocal: reciprocal(y)≈-2.88869e-05*psi(z)+-0.00209987, inverse=reciprocal, rel=1.11e-05, dom=1.000, branch=1.000
[Stage B] Post-custom-init validation (attempt 0), batch 0, finite: 2000/2000, min: -2.034e+10, max: 4.405e+08, mean: -1.541e+09
[Stage B] Post-custom-init validation (attempt 0), batch 1, finite: 2000/2000, min: -2.122e+10, max: 3.773e+08, mean: -1.635e+09
[Stage B] Post-custom-init validation (attempt 0), batch 2, finite: 2000/2000, min: -2.076e+10, max: 2.962e+08, mean: -1.474e+09
[Stage B] Prediction scale check (attempt 0): pred_median=5.375e+08, true_median=9.826e-02, ratio=5.470e+09
[Stage B] Warning: init scale_ratio extreme; rejecting candidate.
[Stage B]    Candidate (r1_reciprocal) rejected at init (non-finite loss); trying next.
[Stage B R1Cert] Trying r1_square_sqrt: square(y)≈-5998.74*psi(z)+226672, inverse=sqrt, rel=1.61e-05, dom=1.000, branch=1.000
[Stage B] Post-custom-init validation (attempt 0), batch 0, finite: 2000/2000, min: -2.034e+10, max: 4.405e+08, mean: -1.541e+09
[Stage B] Post-custom-init validation (attempt 0), batch 1, finite: 2000/2000, min: -2.122e+10, max: 3.773e+08, mean: -1.635e+09
[Stage B] Post-custom-init validation (attempt 0), batch 2, finite: 2000/2000, min: -2.076e+10, max: 2.962e+08, mean: -1.474e+09
[Stage B] Prediction scale check (attempt 0): pred_median=5.375e+08, true_median=9.826e-02, ratio=5.470e+09
[Stage B] Warning: init scale_ratio extreme; rejecting candidate.
[Stage B]    Candidate (r1_square_sqrt) rejected at init (non-finite loss); trying next.
[Stage B R1Cert] Trying r1_inv_square_invsqrt: inv_square(y)≈1.2292e-07*psi(z)+4.40868e-06, inverse=invsqrt, rel=2.43e-05, dom=1.000, branch=1.000
[Stage B] Post-custom-init validation (attempt 0), batch 0, finite: 2000/2000, min: -2.034e+10, max: 4.405e+08, mean: -1.541e+09
[Stage B] Post-custom-init validation (attempt 0), batch 1, finite: 2000/2000, min: -2.122e+10, max: 3.773e+08, mean: -1.635e+09
[Stage B] Post-custom-init validation (attempt 0), batch 2, finite: 2000/2000, min: -2.076e+10, max: 2.962e+08, mean: -1.474e+09
[Stage B] Prediction scale check (attempt 0): pred_median=5.375e+08, true_median=9.826e-02, ratio=5.470e+09
[Stage B] Warning: init scale_ratio extreme; rejecting candidate.
[Stage B]    Candidate (r1_inv_square_invsqrt) rejected at init (non-finite loss); trying next.
[Stage B R1Cert] Trying r1_power_affine_p1_2: identity(y)≈12.4483*psi(z)+-482.194, inverse=identity, rel=4.89e-05, dom=1.000, branch=1.000
[Stage B] Post-custom-init validation (attempt 0), batch 0, finite: 2000/2000, min: -2.034e+10, max: 4.405e+08, mean: -1.541e+09
[Stage B] Post-custom-init validation (attempt 0), batch 1, finite: 2000/2000, min: -2.122e+10, max: 3.773e+08, mean: -1.635e+09
[Stage B] Post-custom-init validation (attempt 0), batch 2, finite: 2000/2000, min: -2.076e+10, max: 2.962e+08, mean: -1.474e+09
[Stage B] Prediction scale check (attempt 0): pred_median=5.374e+08, true_median=9.826e-02, ratio=5.470e+09
[Stage B] Warning: init scale_ratio extreme; rejecting candidate.
[Stage B]    Candidate (r1_power_affine_p1_2) rejected at init (non-finite loss); trying next.
[Stage B R1Cert] Trying r1_power_affine_p2: identity(y)≈3.31595*psi(z)+-473.103, inverse=identity, rel=6.92e-05, dom=1.000, branch=1.000
[Stage B] Post-custom-init validation (attempt 0), batch 0, finite: 2000/2000, min: -2.034e+10, max: 4.404e+08, mean: -1.541e+09
[Stage B] Post-custom-init validation (attempt 0), batch 1, finite: 2000/2000, min: -2.122e+10, max: 3.772e+08, mean: -1.635e+09
[Stage B] Post-custom-init validation (attempt 0), batch 2, finite: 2000/2000, min: -2.076e+10, max: 2.962e+08, mean: -1.473e+09
[Stage B] Prediction scale check (attempt 0): pred_median=5.375e+08, true_median=9.826e-02, ratio=5.470e+09
[Stage B] Warning: init scale_ratio extreme; rejecting candidate.
[Stage B]    Candidate (r1_power_affine_p2) rejected at init (non-finite loss); trying next.
[Stage B R1Cert] Trying r1_power_affine_p3: identity(y)≈2.2642*psi(z)+-472.081, inverse=identity, rel=1.45e-04, dom=1.000, branch=1.000
[Stage B] Post-custom-init validation (attempt 0), batch 0, finite: 2000/2000, min: -2.034e+10, max: 4.404e+08, mean: -1.541e+09
[Stage B] Post-custom-init validation (attempt 0), batch 1, finite: 2000/2000, min: -2.122e+10, max: 3.772e+08, mean: -1.635e+09
[Stage B] Post-custom-init validation (attempt 0), batch 2, finite: 2000/2000, min: -2.075e+10, max: 2.961e+08, mean: -1.473e+09
[Stage B] Prediction scale check (attempt 0): pred_median=5.375e+08, true_median=9.826e-02, ratio=5.470e+09
[Stage B] Warning: init scale_ratio extreme; rejecting candidate.
[Stage B]    Candidate (r1_power_affine_p3) rejected at init (non-finite loss); trying next.
[Stage B R1Cert] Trying r1_affine_zinv: identity(y)≈-5.63994*psi(z)+-464.072, inverse=identity, rel=1.69e-04, dom=1.000, branch=1.000
[Stage B] Post-custom-init validation (attempt 0), batch 0, finite: 2000/2000, min: -2.034e+10, max: 4.405e+08, mean: -1.541e+09
[Stage B] Post-custom-init validation (attempt 0), batch 1, finite: 2000/2000, min: -2.122e+10, max: 3.774e+08, mean: -1.635e+09
[Stage B] Post-custom-init validation (attempt 0), batch 2, finite: 2000/2000, min: -2.076e+10, max: 2.963e+08, mean: -1.474e+09
[Stage B] Prediction scale check (attempt 0): pred_median=5.374e+08, true_median=9.826e-02, ratio=5.469e+09
[Stage B] Warning: init scale_ratio extreme; rejecting candidate.
[Stage B]    Candidate (r1_affine_zinv) rejected at init (non-finite loss); trying next.
[Stage B]   target order (arity-asc): [vars=(1, 2)(arity=1), vars=(1,)(arity=1)]
[Stage B] RuleUnivariateMulPeel: detected [mu=-0.01357] on NN vars=(1, 2)
[Stage B]  Greedy order (1 cands): exp_peel_nn_resid(2002p)
[Stage B]  Trying exp-peel + NN residual (mu=-0.01357) on NN leaf vars (1, 2)
[Stage B] Post-custom-init validation (attempt 0), batch 0, finite: 2000/2000, min: -7.152e+09, max: 1.545e+08, mean: -5.414e+08
[Stage B] Post-custom-init validation (attempt 0), batch 1, finite: 2000/2000, min: -7.458e+09, max: 1.323e+08, mean: -5.744e+08
[Stage B] Post-custom-init validation (attempt 0), batch 2, finite: 2000/2000, min: -7.282e+09, max: 1.038e+08, mean: -5.189e+08
[Stage B] Prediction scale check (attempt 0): pred_median=1.890e+08, true_median=9.826e-02, ratio=1.924e+09
[Stage B] Warning: init scale_ratio extreme; rejecting candidate.
[Stage B]    Candidate (exp_peel_nn_resid) rejected at init (non-finite loss); trying next.
[Stage B] RuleUnivariateMulPeel: detected [k=1] on NN vars=(1,)
[Stage B]  Greedy order (1 cands): mono_peel_nn_resid(2002p)
[Stage B]  Trying mono-peel + NN residual (k=1) on NN leaf vars (1,)
[Stage B] Post-custom-init validation (attempt 0), batch 0, finite: 2000/2000, min: 2.342e+08, max: 1.050e+11, mean: 1.033e+10
[Stage B] Post-custom-init validation (attempt 0), batch 1, finite: 2000/2000, min: 2.247e+08, max: 1.053e+11, mean: 1.090e+10
[Stage B] Post-custom-init validation (attempt 0), batch 2, finite: 2000/2000, min: 3.645e+08, max: 1.043e+11, mean: 1.050e+10
[Stage B] Prediction scale check (attempt 0): pred_median=5.862e+09, true_median=9.826e-02, ratio=5.966e+10
[Stage B] Warning: init scale_ratio extreme; rejecting candidate.
[Stage B]    Candidate (mono_peel_nn_resid) rejected at init (non-finite loss); trying next.
[Stage B]   target order (arity-asc): [vars=(1,)(arity=1)]
[Stage B]  Greedy order (1 cands): precond_fallback_div(2002p)
[Stage B]  Precheck reject (units: poly leaf with unitful inputs requires homogeneous basis (min_total=degree=1), but got min_total=0) rule=preconditioner_fallback_nn cand=precond_fallback_div target=nn#leaf2 vars=(1,) attempted=0
[Stage B]   Backtrack: reverted accept (scale), restored to loss=2.650e-10 (budget=1 remaining)
[Stage B] === Phase 1: Searching for separabilities (additive, multiplicative) ===
[Stage B] Rule nonsense_units_zero_prune found 0 targets
[Stage B] Rule monomial_peel_priority found 3 targets
[Stage B]   target order (arity-asc): [vars=(0,)(arity=1), vars=(1, 2)(arity=1), vars=(1,)(arity=1)]
[Stage B] monomial_peel_priority shortlist: monomial_deg1[z_inv]@nn#leaf1 vars=(1, 2) (k=-0.0129, rel=0.0671); monomial_deg1@nn#leaf1 vars=(1, 2) (k=-0.0129, rel=0.0671); monomial_deg2[z_inv]@nn#leaf1 vars=(1, 2) (k=-0.0129, rel=0.0671); monomial_deg2@nn#leaf1 vars=(1, 2) (k=-0.0129, rel=0.0671); monomial_deg3[z_inv]@nn#leaf1 vars=(1, 2) (k=-0.0129, rel=0.0671); monomial_deg3@nn#leaf1 vars=(1, 2) (k=-0.0129, rel=0.0671); monomial_deg1[z_inv]@nn#leaf2 vars=(1,) (k=1.2, rel=0.368); monomial_deg2[z_inv]@nn#leaf2 vars=(1,) (k=1.2, rel=0.368)
[Stage B] Rule monomial_peel_priority trying 12 globally ranked candidates
[Stage B]  Greedy order (1 cands): monomial_deg1[z_inv](1998p)
[Stage B]  Priority trying 1D monomial (c·x^1) rewrite on NN leaf vars (1, 2) [coord=1/z]
[Stage B] Initialising RPolyLeaf for vars (1, 2), tag=leaf1
[info] dataloader for provider ASTCompositeAdaptor yields 3 batches (equivalent to a single batch up to floating-point roundoff; minor Python-loop overhead per batch).
[LM][bucket] solving P=768 (trivially separable union)
Validation patience exceeded at epoch 1001/2000, nval_worse=500
[Stage B]    Candidate (monomial_deg1[z_inv]): params=768, val-loss=5.0027e-04
[Stage B]    Reject (monomial_deg1[z_inv]): simpler-over-budget(thr=6.032e-10) | loss 2.650e-10->5.003e-04 (Δ+5.00e-04) | params 1152->768 | cx (0, 0, 0)->(0, 0, 0)
[Stage B]  Greedy order (1 cands): monomial_deg1(1998p)
[Stage B]  Priority trying 1D monomial (c·x^1) rewrite on NN leaf vars (1, 2)
[Stage B] Initialising RPolyLeaf for vars (1, 2), tag=leaf1
[info] dataloader for provider ASTCompositeAdaptor yields 3 batches (equivalent to a single batch up to floating-point roundoff; minor Python-loop overhead per batch).
Validation patience exceeded at epoch 901/2000, nval_worse=500
[Stage B]    Candidate (monomial_deg1): params=768, val-loss=2.2374e-03
[Stage B]    Reject (monomial_deg1): simpler-over-budget(thr=6.032e-10) | loss 2.650e-10->2.237e-03 (Δ+2.24e-03) | params 1152->768 | cx (0, 0, 0)->(0, 0, 0)
[Stage B]  Greedy order (1 cands): monomial_deg2[z_inv](1998p)
[Stage B]  Priority trying 1D monomial (c·x^2) rewrite on NN leaf vars (1, 2) [coord=1/z]
[Stage B] Initialising RPolyLeaf for vars (1, 2), tag=leaf1
[info] dataloader for provider ASTCompositeAdaptor yields 3 batches (equivalent to a single batch up to floating-point roundoff; minor Python-loop overhead per batch).
Validation patience exceeded at epoch 1101/2000, nval_worse=500
[Stage B]    Candidate (monomial_deg2[z_inv]): params=768, val-loss=2.4803e-03
[Stage B]    Reject (monomial_deg2[z_inv]): simpler-over-budget(thr=6.032e-10) | loss 2.650e-10->2.480e-03 (Δ+2.48e-03) | params 1152->768 | cx (0, 0, 0)->(0, 0, 0)
[Stage B]  Greedy order (1 cands): monomial_deg2(1998p)
[Stage B]  Priority trying 1D monomial (c·x^2) rewrite on NN leaf vars (1, 2)
[Stage B] Initialising RPolyLeaf for vars (1, 2), tag=leaf1
[info] dataloader for provider ASTCompositeAdaptor yields 3 batches (equivalent to a single batch up to floating-point roundoff; minor Python-loop overhead per batch).
Validation patience exceeded at epoch 901/2000, nval_worse=500
[Stage B]    Candidate (monomial_deg2): params=768, val-loss=7.1405e-03
[Stage B]    Reject (monomial_deg2): simpler-over-budget(thr=6.032e-10) | loss 2.650e-10->7.140e-03 (Δ+7.14e-03) | params 1152->768 | cx (0, 0, 0)->(0, 0, 0)
[Stage B]  Greedy order (1 cands): monomial_deg3[z_inv](1998p)
[Stage B]  Priority trying 1D monomial (c·x^3) rewrite on NN leaf vars (1, 2) [coord=1/z]
[Stage B] Initialising RPolyLeaf for vars (1, 2), tag=leaf1
[info] dataloader for provider ASTCompositeAdaptor yields 3 batches (equivalent to a single batch up to floating-point roundoff; minor Python-loop overhead per batch).
Validation patience exceeded at epoch 601/2000, nval_worse=500
[Stage B]    Candidate (monomial_deg3[z_inv]): params=768, val-loss=5.0617e-03
[Stage B]    Reject (monomial_deg3[z_inv]): simpler-over-budget(thr=6.032e-10) | loss 2.650e-10->5.062e-03 (Δ+5.06e-03) | params 1152->768 | cx (0, 0, 0)->(0, 0, 0)
[Stage B]  Greedy order (1 cands): monomial_deg3(1998p)
[Stage B]  Priority trying 1D monomial (c·x^3) rewrite on NN leaf vars (1, 2)
[Stage B] Initialising RPolyLeaf for vars (1, 2), tag=leaf1
[info] dataloader for provider ASTCompositeAdaptor yields 3 batches (equivalent to a single batch up to floating-point roundoff; minor Python-loop overhead per batch).
[Stage B]    Candidate (monomial_deg3): params=768, val-loss=1.4089e-02
[Stage B]    Reject (monomial_deg3): simpler-over-budget(thr=6.032e-10) | loss 2.650e-10->1.409e-02 (Δ+1.41e-02) | params 1152->768 | cx (0, 0, 0)->(0, 0, 0)
[Stage B]  Greedy order (1 cands): monomial_deg1[z_inv](1998p)
[Stage B]  Priority trying 1D monomial (c·x^1) rewrite on NN leaf vars (1,) [coord=1/z]
[Stage B] Initialising RPolyLeaf for vars (1,), tag=leaf2
[info] dataloader for provider ASTCompositeAdaptor yields 3 batches (equivalent to a single batch up to floating-point roundoff; minor Python-loop overhead per batch).
Validation patience exceeded at epoch 601/2000, nval_worse=500
[Stage B]    Candidate (monomial_deg1[z_inv]): params=768, val-loss=2.5760e-03
[Stage B]    Reject (monomial_deg1[z_inv]): simpler-over-budget(thr=6.032e-10) | loss 2.650e-10->2.576e-03 (Δ+2.58e-03) | params 1152->768 | cx (0, 0, 0)->(0, 0, 0)
[Stage B]  Greedy order (1 cands): monomial_deg2[z_inv](1998p)
[Stage B]  Priority trying 1D monomial (c·x^2) rewrite on NN leaf vars (1,) [coord=1/z]
[Stage B] Initialising RPolyLeaf for vars (1,), tag=leaf2
[info] dataloader for provider ASTCompositeAdaptor yields 3 batches (equivalent to a single batch up to floating-point roundoff; minor Python-loop overhead per batch).
Validation patience exceeded at epoch 601/2000, nval_worse=500
[Stage B]    Candidate (monomial_deg2[z_inv]): params=768, val-loss=1.7062e-02
[Stage B]    Reject (monomial_deg2[z_inv]): simpler-over-budget(thr=6.032e-10) | loss 2.650e-10->1.706e-02 (Δ+1.71e-02) | params 1152->768 | cx (0, 0, 0)->(0, 0, 0)
[Stage B]  Greedy order (1 cands): monomial_deg3[z_inv](1998p)
[Stage B]  Priority trying 1D monomial (c·x^3) rewrite on NN leaf vars (1,) [coord=1/z]
[Stage B] Initialising RPolyLeaf for vars (1,), tag=leaf2
[info] dataloader for provider ASTCompositeAdaptor yields 3 batches (equivalent to a single batch up to floating-point roundoff; minor Python-loop overhead per batch).
Validation patience exceeded at epoch 701/2000, nval_worse=500
[Stage B]    Candidate (monomial_deg3[z_inv]): params=768, val-loss=2.7879e-02
[Stage B]    Reject (monomial_deg3[z_inv]): simpler-over-budget(thr=6.032e-10) | loss 2.650e-10->2.788e-02 (Δ+2.79e-02) | params 1152->768 | cx (0, 0, 0)->(0, 0, 0)
[Stage B]  Greedy order (1 cands): monomial_deg1[z_inv](1998p)
[Stage B]  Priority trying 1D monomial (c·x^1) rewrite on NN leaf vars (0,) [coord=1/z]
[Stage B] Initialising RPolyLeaf for vars (0,), tag=leaf0
[info] dataloader for provider ASTCompositeAdaptor yields 3 batches (equivalent to a single batch up to floating-point roundoff; minor Python-loop overhead per batch).
Validation patience exceeded at epoch 801/2000, nval_worse=500
[Stage B]    Candidate (monomial_deg1[z_inv]): params=768, val-loss=7.1867e-02
[Stage B]    Reject (monomial_deg1[z_inv]): simpler-over-budget(thr=6.032e-10) | loss 2.650e-10->7.187e-02 (Δ+7.19e-02) | params 1152->768 | cx (0, 0, 0)->(0, 0, 0)
[Stage B]  Greedy order (1 cands): monomial_deg2[z_inv](1998p)
[Stage B]  Priority trying 1D monomial (c·x^2) rewrite on NN leaf vars (0,) [coord=1/z]
[Stage B] Initialising RPolyLeaf for vars (0,), tag=leaf0
[info] dataloader for provider ASTCompositeAdaptor yields 3 batches (equivalent to a single batch up to floating-point roundoff; minor Python-loop overhead per batch).
Validation patience exceeded at epoch 601/2000, nval_worse=500
[Stage B]    Candidate (monomial_deg2[z_inv]): params=768, val-loss=7.2416e-02
[Stage B]    Reject (monomial_deg2[z_inv]): simpler-over-budget(thr=6.032e-10) | loss 2.650e-10->7.242e-02 (Δ+7.24e-02) | params 1152->768 | cx (0, 0, 0)->(0, 0, 0)
[Stage B]  Greedy order (1 cands): monomial_deg3[z_inv](1998p)
[Stage B]  Priority trying 1D monomial (c·x^3) rewrite on NN leaf vars (0,) [coord=1/z]
[Stage B] Initialising RPolyLeaf for vars (0,), tag=leaf0
[info] dataloader for provider ASTCompositeAdaptor yields 3 batches (equivalent to a single batch up to floating-point roundoff; minor Python-loop overhead per batch).
Validation patience exceeded at epoch 601/2000, nval_worse=500
[Stage B]    Candidate (monomial_deg3[z_inv]): params=768, val-loss=7.2523e-02
[Stage B]    Reject (monomial_deg3[z_inv]): simpler-over-budget(thr=6.032e-10) | loss 2.650e-10->7.252e-02 (Δ+7.25e-02) | params 1152->768 | cx (0, 0, 0)->(0, 0, 0)
[Stage B] Rule subtree_separability found 0 targets
[Stage B] Rule last_hard_trig_square found 0 targets
[Stage B] Rule univariate_nn found 3 targets
[Stage B]   target order (arity-asc): [vars=(0,)(arity=1), vars=(1, 2)(arity=1), vars=(1,)(arity=1)]
[Stage B]  one_minus_cos_over_z2 skip NN vars (0,): no trig hint
[Stage B] ratpoly_1d degree probe: no valid pairs, falling back to unconstrained grid, vars=(0,)
[Stage B] ratpoly_1d probe: 3 sub-threshold trial(s) for vars=(0,): deg=(3,2)->(3,2) nnz=(4,2) rms=0.0007, deg=(3,3)->(3,2) nnz=(3,3) rms=0.0010, deg=(4,2)->(4,2) nnz=(4,3) rms=0.0002
[Stage B] ratpoly_1d degree probe: no valid pairs, falling back to unconstrained grid, vars=(0,)
[Stage B] ratpoly_1d probe: 8 sub-threshold trial(s) for vars=(0,): deg=(2,3)->(2,3) nnz=(3,3) rms=0.0004, deg=(3,2)->(3,2) nnz=(4,3) rms=0.0009, deg=(2,4)->(2,4) nnz=(3,4) rms=0.0002, deg=(3,3)->(3,3) nnz=(4,4) rms=0.0002, deg=(4,2)->(4,2) nnz=(5,3) rms=0.0001, deg=(3,4)->(3,4) nnz=(4,4) rms=0.0001, deg=(4,3)->(4,3) nnz=(5,3) rms=0.0002, deg=(4,4)->(4,4) nnz=(5,4) rms=0.0000
[Stage B] ratpoly_1d degree probe: 8 valid pair(s), min_deg=(1,0), vars=(0,)
[Stage B] ratpoly_1d rejected: best rel_rms=3.2342 > 0.001, deg=(1,0), vars=(0,)
[Stage B] ratpoly_1d degree probe: 8 valid pair(s), min_deg=(0,1), vars=(0,)
[Stage B] ratpoly_1d rejected: best rel_rms=225.2693 > 0.001, deg=(0,1), vars=(0,)
[Stage B]  one_minus_cos_over_z2 skip NN vars (0,): no trig hint
[Stage B] ratpoly_1d degree probe: no valid pairs, falling back to unconstrained grid, vars=(0,)
[Stage B] ratpoly_1d rejected: best rel_rms=0.0494 > 0.001, deg=(2,2), vars=(0,)
[Stage B] ratpoly_1d degree probe: no valid pairs, falling back to unconstrained grid, vars=(0,)
[Stage B] ratpoly_1d rejected: best rel_rms=0.0226 > 0.001, deg=(2,4), vars=(0,)
[Stage B] ratpoly_1d degree probe: 8 valid pair(s), min_deg=(0,1), vars=(0,)
[Stage B] ratpoly_1d rejected: best rel_rms=360.3734 > 0.001, deg=(0,1), vars=(0,)
[Stage B] ratpoly_1d degree probe: 8 valid pair(s), min_deg=(1,0), vars=(0,)
[Stage B] ratpoly_1d rejected: best rel_rms=1.2272 > 0.001, deg=(1,0), vars=(0,)
[Stage B] RuleUniNN proposing 13 candidates for NN vars=(0,): ['monomial_deg1', 'monomial_deg2', 'monomial_deg3', 'cf_combo', 'cf_combo', 'cf_combo', 'cf_combo', 'cf_combo', 'cf_combo', 'cf_combo', 'cf_combo', 'cf_combo', 'cf_combo']
[Stage B] RuleUniNN proposing 25 candidates for NN vars=(0,): ['sqrt_ratpoly_1d', 'sqrt_ratpoly_1d[1]', 'sqrt_ratpoly_1d[2]', 'sqrt_ratpoly_1d[3]', 'sqrt_ratpoly_1d[4]', 'sqrt_ratpoly_1d[5]', 'sqrt_ratpoly_1d[6]', 'sqrt_ratpoly_1d[7]', 'sqrt_ratpoly_1d[8]', 'sqrt_ratpoly_1d[9]', 'sqrt_ratpoly_1d[10]', 'scale', 'monomial_deg1[z_inv]', 'monomial_deg2[z_inv]', 'monomial_deg3[z_inv]', 'cf_combo[z_inv]', 'cf_combo[z_inv]', 'cf_combo[z_inv]', 'cf_combo[z_inv]', 'cf_combo[z_inv]', 'cf_combo[z_inv]', 'cf_combo[z_inv]', 'cf_combo[z_inv]', 'cf_combo[z_inv]', 'cf_combo[z_inv]']
[Stage B]  Greedy order (25 cands): sqrt_ratpoly_1d(2004p), sqrt_ratpoly_1d[1](2004p), sqrt_ratpoly_1d[2](2005p), sqrt_ratpoly_1d[3](2004p), sqrt_ratpoly_1d[4](2005p), sqrt_ratpoly_1d[5](2005p), sqrt_ratpoly_1d[6](2006p), sqrt_ratpoly_1d[7](2006p), sqrt_ratpoly_1d[8](2006p), sqrt_ratpoly_1d[9](2006p), sqrt_ratpoly_1d[10](2007p), scale(2000p), monomial_deg1[z_inv](1999p), monomial_deg2[z_inv](1999p), monomial_deg3[z_inv](1999p), cf_combo[z_inv](2001p), cf_combo[z_inv](2000p), cf_combo[z_inv](2001p), cf_combo[z_inv](2000p), cf_combo[z_inv](2001p), cf_combo[z_inv](2000p), cf_combo[z_inv](2001p), cf_combo[z_inv](2000p), cf_combo[z_inv](2001p), cf_combo[z_inv](2000p)
[Stage B]  Trying 1D sqrt-ratpoly (sqrt) deg=(3,2)->(3,2) nnz=(4,2) on NN leaf vars (0,)
[Stage B custom_init ratpoly_1d] Init on vars (0,): deg=(3,2)->(3,2), nnz=(4,2), rel_rms≈6.57e-04
[Stage B] Post-custom-init validation (attempt 0), batch 0, finite: 2000/2000, min: -1.358e+09, max: 2.299e+07, mean: -2.211e+08
[Stage B] Post-custom-init validation (attempt 0), batch 1, finite: 2000/2000, min: -1.386e+09, max: 2.364e+07, mean: -2.308e+08
[Stage B] Post-custom-init validation (attempt 0), batch 2, finite: 2000/2000, min: -1.053e+09, max: 1.656e+07, mean: -1.980e+08
[Stage B] Prediction scale check (attempt 0): pred_median=9.951e+07, true_median=9.826e-02, ratio=1.013e+09
[Stage B] Warning: init scale_ratio extreme; rejecting candidate.
[Stage B]    Candidate (sqrt_ratpoly_1d) rejected at init (non-finite loss); trying next.
[Stage B]  Trying 1D sqrt-ratpoly (sqrt) deg=(3,3)->(3,2) nnz=(3,3) on NN leaf vars (0,)
[Stage B custom_init ratpoly_1d] Init on vars (0,): deg=(3,3)->(3,2), nnz=(3,3), rel_rms≈9.64e-04
[Stage B] Post-custom-init validation (attempt 0), batch 0, finite: 2000/2000, min: -1.358e+09, max: 2.299e+07, mean: -2.211e+08
[Stage B] Post-custom-init validation (attempt 0), batch 1, finite: 2000/2000, min: -1.386e+09, max: 2.365e+07, mean: -2.308e+08
[Stage B] Post-custom-init validation (attempt 0), batch 2, finite: 2000/2000, min: -1.053e+09, max: 1.655e+07, mean: -1.980e+08
[Stage B] Prediction scale check (attempt 0): pred_median=9.951e+07, true_median=9.826e-02, ratio=1.013e+09
[Stage B] Warning: init scale_ratio extreme; rejecting candidate.
[Stage B]    Candidate (sqrt_ratpoly_1d[1]) rejected at init (non-finite loss); trying next.
[Stage B]  Trying 1D sqrt-ratpoly (sqrt) deg=(4,2)->(4,2) nnz=(4,3) on NN leaf vars (0,)
[Stage B custom_init ratpoly_1d] Init on vars (0,): deg=(4,2)->(4,2), nnz=(4,3), rel_rms≈1.63e-04
[Stage B] Post-custom-init validation (attempt 0), batch 0, finite: 2000/2000, min: -1.358e+09, max: 2.299e+07, mean: -2.211e+08
[Stage B] Post-custom-init validation (attempt 0), batch 1, finite: 2000/2000, min: -1.386e+09, max: 2.364e+07, mean: -2.308e+08
[Stage B] Post-custom-init validation (attempt 0), batch 2, finite: 2000/2000, min: -1.053e+09, max: 1.655e+07, mean: -1.980e+08
[Stage B] Prediction scale check (attempt 0): pred_median=9.951e+07, true_median=9.826e-02, ratio=1.013e+09
[Stage B] Warning: init scale_ratio extreme; rejecting candidate.
[Stage B]    Candidate (sqrt_ratpoly_1d[2]) rejected at init (non-finite loss); trying next.
[Stage B]  Trying 1D sqrt-ratpoly (inv_sqrt) deg=(2,3)->(2,3) nnz=(3,3) on NN leaf vars (0,)
[Stage B custom_init ratpoly_1d] Init on vars (0,): deg=(2,3)->(2,3), nnz=(3,3), rel_rms≈4.23e-04
[Stage B] Post-custom-init validation (attempt 0), batch 0, finite: 2000/2000, min: -1.358e+09, max: 2.299e+07, mean: -2.211e+08
[Stage B] Post-custom-init validation (attempt 0), batch 1, finite: 2000/2000, min: -1.386e+09, max: 2.365e+07, mean: -2.308e+08
[Stage B] Post-custom-init validation (attempt 0), batch 2, finite: 2000/2000, min: -1.053e+09, max: 1.655e+07, mean: -1.980e+08
[Stage B] Prediction scale check (attempt 0): pred_median=9.951e+07, true_median=9.826e-02, ratio=1.013e+09
[Stage B] Warning: init scale_ratio extreme; rejecting candidate.
[Stage B]    Candidate (sqrt_ratpoly_1d[3]) rejected at init (non-finite loss); trying next.
[Stage B]  Trying 1D sqrt-ratpoly (inv_sqrt) deg=(3,2)->(3,2) nnz=(4,3) on NN leaf vars (0,)
[Stage B custom_init ratpoly_1d] Init on vars (0,): deg=(3,2)->(3,2), nnz=(4,3), rel_rms≈8.99e-04
[Stage B] Post-custom-init validation (attempt 0), batch 0, finite: 2000/2000, min: -1.358e+09, max: 2.299e+07, mean: -2.211e+08
[Stage B] Post-custom-init validation (attempt 0), batch 1, finite: 2000/2000, min: -1.386e+09, max: 2.364e+07, mean: -2.308e+08
[Stage B] Post-custom-init validation (attempt 0), batch 2, finite: 2000/2000, min: -1.053e+09, max: 1.655e+07, mean: -1.980e+08
[Stage B] Prediction scale check (attempt 0): pred_median=9.950e+07, true_median=9.826e-02, ratio=1.013e+09
[Stage B] Warning: init scale_ratio extreme; rejecting candidate.
[Stage B]    Candidate (sqrt_ratpoly_1d[4]) rejected at init (non-finite loss); trying next.
[Stage B]  Trying 1D sqrt-ratpoly (inv_sqrt) deg=(2,4)->(2,4) nnz=(3,4) on NN leaf vars (0,)
[Stage B custom_init ratpoly_1d] Init on vars (0,): deg=(2,4)->(2,4), nnz=(3,4), rel_rms≈1.54e-04
[Stage B] Post-custom-init validation (attempt 0), batch 0, finite: 2000/2000, min: -1.358e+09, max: 2.299e+07, mean: -2.211e+08
[Stage B] Post-custom-init validation (attempt 0), batch 1, finite: 2000/2000, min: -1.386e+09, max: 2.364e+07, mean: -2.308e+08
[Stage B] Post-custom-init validation (attempt 0), batch 2, finite: 2000/2000, min: -1.053e+09, max: 1.655e+07, mean: -1.980e+08
[Stage B] Prediction scale check (attempt 0): pred_median=9.951e+07, true_median=9.826e-02, ratio=1.013e+09
[Stage B] Warning: init scale_ratio extreme; rejecting candidate.
[Stage B]    Candidate (sqrt_ratpoly_1d[5]) rejected at init (non-finite loss); trying next.
[Stage B]  Trying 1D sqrt-ratpoly (inv_sqrt) deg=(3,3)->(3,3) nnz=(4,4) on NN leaf vars (0,)
[Stage B custom_init ratpoly_1d] Init on vars (0,): deg=(3,3)->(3,3), nnz=(4,4), rel_rms≈1.99e-04
[Stage B] Post-custom-init validation (attempt 0), batch 0, finite: 2000/2000, min: -1.358e+09, max: 2.299e+07, mean: -2.211e+08
[Stage B] Post-custom-init validation (attempt 0), batch 1, finite: 2000/2000, min: -1.386e+09, max: 2.364e+07, mean: -2.308e+08
[Stage B] Post-custom-init validation (attempt 0), batch 2, finite: 2000/2000, min: -1.053e+09, max: 1.655e+07, mean: -1.980e+08
[Stage B] Prediction scale check (attempt 0): pred_median=9.951e+07, true_median=9.826e-02, ratio=1.013e+09
[Stage B] Warning: init scale_ratio extreme; rejecting candidate.
[Stage B]    Candidate (sqrt_ratpoly_1d[6]) rejected at init (non-finite loss); trying next.
[Stage B]  Trying 1D sqrt-ratpoly (inv_sqrt) deg=(4,2)->(4,2) nnz=(5,3) on NN leaf vars (0,)
[Stage B custom_init ratpoly_1d] Init on vars (0,): deg=(4,2)->(4,2), nnz=(5,3), rel_rms≈1.35e-04
[Stage B] Post-custom-init validation (attempt 0), batch 0, finite: 2000/2000, min: -1.358e+09, max: 2.299e+07, mean: -2.211e+08
[Stage B] Post-custom-init validation (attempt 0), batch 1, finite: 2000/2000, min: -1.386e+09, max: 2.364e+07, mean: -2.308e+08
[Stage B] Post-custom-init validation (attempt 0), batch 2, finite: 2000/2000, min: -1.053e+09, max: 1.655e+07, mean: -1.980e+08
[Stage B] Prediction scale check (attempt 0): pred_median=9.952e+07, true_median=9.826e-02, ratio=1.013e+09
[Stage B] Warning: init scale_ratio extreme; rejecting candidate.
[Stage B]    Candidate (sqrt_ratpoly_1d[7]) rejected at init (non-finite loss); trying next.
[Stage B]  Trying 1D sqrt-ratpoly (inv_sqrt) deg=(3,4)->(3,4) nnz=(4,4) on NN leaf vars (0,)
[Stage B custom_init ratpoly_1d] Init on vars (0,): deg=(3,4)->(3,4), nnz=(4,4), rel_rms≈1.33e-04
[Stage B] Post-custom-init validation (attempt 0), batch 0, finite: 2000/2000, min: -1.358e+09, max: 2.299e+07, mean: -2.211e+08
[Stage B] Post-custom-init validation (attempt 0), batch 1, finite: 2000/2000, min: -1.386e+09, max: 2.364e+07, mean: -2.308e+08
[Stage B] Post-custom-init validation (attempt 0), batch 2, finite: 2000/2000, min: -1.053e+09, max: 1.655e+07, mean: -1.980e+08
[Stage B] Prediction scale check (attempt 0): pred_median=9.951e+07, true_median=9.826e-02, ratio=1.013e+09
[Stage B] Warning: init scale_ratio extreme; rejecting candidate.
[Stage B]    Candidate (sqrt_ratpoly_1d[8]) rejected at init (non-finite loss); trying next.
[Stage B]  Trying 1D sqrt-ratpoly (inv_sqrt) deg=(4,3)->(4,3) nnz=(5,3) on NN leaf vars (0,)
[Stage B custom_init ratpoly_1d] Init on vars (0,): deg=(4,3)->(4,3), nnz=(5,3), rel_rms≈1.74e-04
[Stage B] Post-custom-init validation (attempt 0), batch 0, finite: 2000/2000, min: -1.358e+09, max: 2.299e+07, mean: -2.211e+08
[Stage B] Post-custom-init validation (attempt 0), batch 1, finite: 2000/2000, min: -1.386e+09, max: 2.364e+07, mean: -2.308e+08
[Stage B] Post-custom-init validation (attempt 0), batch 2, finite: 2000/2000, min: -1.053e+09, max: 1.655e+07, mean: -1.980e+08
[Stage B] Prediction scale check (attempt 0): pred_median=9.951e+07, true_median=9.826e-02, ratio=1.013e+09
[Stage B] Warning: init scale_ratio extreme; rejecting candidate.
[Stage B]    Candidate (sqrt_ratpoly_1d[9]) rejected at init (non-finite loss); trying next.
[Stage B]  Trying 1D sqrt-ratpoly (inv_sqrt) deg=(4,4)->(4,4) nnz=(5,4) on NN leaf vars (0,)
[Stage B custom_init ratpoly_1d] Init on vars (0,): deg=(4,4)->(4,4), nnz=(5,4), rel_rms≈4.28e-05
[Stage B] Post-custom-init validation (attempt 0), batch 0, finite: 2000/2000, min: -1.358e+09, max: 2.299e+07, mean: -2.211e+08
[Stage B] Post-custom-init validation (attempt 0), batch 1, finite: 2000/2000, min: -1.386e+09, max: 2.364e+07, mean: -2.308e+08
[Stage B] Post-custom-init validation (attempt 0), batch 2, finite: 2000/2000, min: -1.053e+09, max: 1.655e+07, mean: -1.980e+08
[Stage B] Prediction scale check (attempt 0): pred_median=9.952e+07, true_median=9.826e-02, ratio=1.013e+09
[Stage B] Warning: init scale_ratio extreme; rejecting candidate.
[Stage B]    Candidate (sqrt_ratpoly_1d[10]) rejected at init (non-finite loss); trying next.
[Stage B]  [31mSkipped[0m (scale): amber_skip
[Stage B]  Trying 1D monomial (c·x^1) rewrite on NN leaf vars (0,) [coord=1/z]
[Stage B] Initialising PolyLeaf for vars (0,), tag=leaf0
[info] dataloader for provider ASTCompositeAdaptor yields 3 batches (equivalent to a single batch up to floating-point roundoff; minor Python-loop overhead per batch).
[LM][bucket] solving P=769 (trivially separable union)
Validation patience exceeded at epoch 1501/2000, nval_worse=500
[Stage B]    Candidate (monomial_deg1[z_inv]): params=769, val-loss=7.1866e-02
[Stage B]    Reject (monomial_deg1[z_inv]): simpler-over-budget(thr=5.374e-10) | loss 2.650e-10->7.187e-02 (Δ+7.19e-02) | params 1152->769 | cx (0, 0, 0)->(0, 0, 0)
[Stage B]  Trying 1D monomial (c·x^2) rewrite on NN leaf vars (0,) [coord=1/z]
[Stage B] Initialising PolyLeaf for vars (0,), tag=leaf0
[info] dataloader for provider ASTCompositeAdaptor yields 3 batches (equivalent to a single batch up to floating-point roundoff; minor Python-loop overhead per batch).
Validation patience exceeded at epoch 701/2000, nval_worse=500
[Stage B]    Candidate (monomial_deg2[z_inv]): params=769, val-loss=7.2406e-02
[Stage B]    Reject (monomial_deg2[z_inv]): simpler-over-budget(thr=5.374e-10) | loss 2.650e-10->7.241e-02 (Δ+7.24e-02) | params 1152->769 | cx (0, 0, 0)->(0, 0, 0)
[Stage B]  Trying 1D monomial (c·x^3) rewrite on NN leaf vars (0,) [coord=1/z]
[Stage B] Initialising PolyLeaf for vars (0,), tag=leaf0
[info] dataloader for provider ASTCompositeAdaptor yields 3 batches (equivalent to a single batch up to floating-point roundoff; minor Python-loop overhead per batch).
Validation patience exceeded at epoch 801/2000, nval_worse=500
[Stage B]    Candidate (monomial_deg3[z_inv]): params=769, val-loss=7.2517e-02
[Stage B]    Reject (monomial_deg3[z_inv]): simpler-over-budget(thr=5.374e-10) | loss 2.650e-10->7.252e-02 (Δ+7.25e-02) | params 1152->769 | cx (0, 0, 0)->(0, 0, 0)
[Stage B]  Precheck reject (units: units-inconsistent (L)) rule=univariate_nn cand=cf_combo[z_inv] target=nn#leaf0 vars=(0,) attempted=90
[Stage B]  Precheck reject (units: units-inconsistent (L)) rule=univariate_nn cand=cf_combo[z_inv] target=nn#leaf0 vars=(0,) attempted=90
[Stage B]  Precheck reject (units: units-inconsistent (L)) rule=univariate_nn cand=cf_combo[z_inv] target=nn#leaf0 vars=(0,) attempted=90
[Stage B]  Precheck reject (units: units-inconsistent (L)) rule=univariate_nn cand=cf_combo[z_inv] target=nn#leaf0 vars=(0,) attempted=90
[Stage B]  Precheck reject (units: units-inconsistent (L)) rule=univariate_nn cand=cf_combo[z_inv] target=nn#leaf0 vars=(0,) attempted=90
[Stage B]  Precheck reject (units: units-inconsistent (L)) rule=univariate_nn cand=cf_combo[z_inv] target=nn#leaf0 vars=(0,) attempted=90
[Stage B]  Precheck reject (units: units-inconsistent (L)) rule=univariate_nn cand=cf_combo[z_inv] target=nn#leaf0 vars=(0,) attempted=90
[Stage B]  Precheck reject (units: units-inconsistent (L)) rule=univariate_nn cand=cf_combo[z_inv] target=nn#leaf0 vars=(0,) attempted=90
[Stage B]  Precheck reject (units: units-inconsistent (L)) rule=univariate_nn cand=cf_combo[z_inv] target=nn#leaf0 vars=(0,) attempted=90
[Stage B]  Precheck reject (units: units-inconsistent (L)) rule=univariate_nn cand=cf_combo[z_inv] target=nn#leaf0 vars=(0,) attempted=90
[Stage B] symexp_denom_1d accepted: rel_rms=0.0000, scale≈-990, linear≈0.0418, compound vars=(1, 2)
[Stage B] symexp_denom_1d_recip rejected: rel_rms=0.1048 > 0.05, compound vars=(1, 2)
[Stage B] inv_poly: using degree-probe monomials, 3 valid terms, vars=(1, 2)
[Stage B] inv_poly probe: 2 sub-threshold trial(s) for vars=(1, 2): deg=1 rms=0.0000 n=2, deg=2 rms=0.0000 n=3
[Stage B] sqrt_poly: degree-probe active, sqrt=3 terms (probed=True), inv=3 terms (probed=True), vars=(1, 2)
[Stage B]  one_minus_cos_over_z2 skip NN vars (1, 2): screen failed for z=(x1 * (x2)**-1); exact best rel=1.96e+00 at omega≈0.5; affine best rel=5.15e-01, offset_rel=1.31e-03 at omega≈0.5; thresholds rel<=2.00e-02, offset_rel<=1.50e-01
[Stage B]  sparse_factor_1d skip NN vars (1, 2): screen failed for z=(x1 * (x2)**-1); best rel=8.56e-01, threshold=2.00e-02
[Stage B] ratpoly_1d degree probe: 1 valid pair(s), min_deg=(0,0), vars=(1, 2)
[Stage B] ratpoly_1d probe: 13 sub-threshold trial(s) for vars=(1, 2): deg=(0,2)->(0,2) nnz=(1,3) rms=0.0000, deg=(2,2)->(2,1) nnz=(2,2) rms=0.0006, deg=(0,3)->(0,3) nnz=(1,4) rms=0.0000, deg=(1,2)->(1,2) nnz=(2,3) rms=0.0000, deg=(4,1)->(4,1) nnz=(3,2) rms=0.0000, deg=(2,4)->(2,4) nnz=(2,3) rms=0.0000, deg=(0,4)->(0,4) nnz=(1,5) rms=0.0000, deg=(1,4)->(1,4) nnz=(2,5) rms=0.0000, deg=(2,3)->(2,3) nnz=(3,4) rms=0.0000, deg=(3,2)->(3,2) nnz=(4,3) rms=0.0000, deg=(3,3)->(3,3) nnz=(4,4) rms=0.0000, deg=(4,3)->(4,3) nnz=(5,4) rms=0.0000, deg=(4,4)->(4,4) nnz=(5,5) rms=0.0000
[Stage B] ratpoly_1d degree probe: 1 valid pair(s), min_deg=(0,0), vars=(1, 2)
[Stage B] ratpoly_1d probe: 10 sub-threshold trial(s) for vars=(1, 2): deg=(0,2)->(0,2) nnz=(1,3) rms=0.0000, deg=(1,1)->(1,1) nnz=(2,2) rms=0.0001, deg=(2,1)->(2,0) nnz=(3,1) rms=0.0000, deg=(0,3)->(0,3) nnz=(1,4) rms=0.0000, deg=(1,2)->(1,2) nnz=(2,3) rms=0.0000, deg=(0,4)->(0,4) nnz=(1,5) rms=0.0000, deg=(1,3)->(1,3) nnz=(2,4) rms=0.0000, deg=(3,1)->(3,1) nnz=(4,2) rms=0.0000, deg=(1,4)->(1,4) nnz=(2,5) rms=0.0000, deg=(3,2)->(3,2) nnz=(4,3) rms=0.0000
[Stage B] ratpoly_1d degree probe: 1 valid pair(s), min_deg=(0,0), vars=(1, 2)
[Stage B] ratpoly_1d probe: 12 sub-threshold trial(s) for vars=(1, 2): deg=(0,2)->(0,2) nnz=(1,3) rms=0.0000, deg=(2,2)->(2,1) nnz=(2,2) rms=0.0005, deg=(0,3)->(0,3) nnz=(1,4) rms=0.0000, deg=(3,3)->(2,2) nnz=(2,3) rms=0.0000, deg=(4,4)->(1,4) nnz=(1,4) rms=0.0000, deg=(0,4)->(0,4) nnz=(1,5) rms=0.0000, deg=(1,3)->(1,3) nnz=(2,4) rms=0.0000, deg=(1,4)->(1,4) nnz=(2,5) rms=0.0000, deg=(2,3)->(2,3) nnz=(3,4) rms=0.0000, deg=(2,4)->(2,4) nnz=(3,5) rms=0.0000, deg=(4,2)->(4,2) nnz=(5,3) rms=0.0000, deg=(3,4)->(3,4) nnz=(4,5) rms=0.0000
[Stage B] ratpoly_1d degree probe: 1 valid pair(s), min_deg=(0,0), vars=(1, 2)
[Stage B] ratpoly_1d probe: 9 sub-threshold trial(s) for vars=(1, 2): deg=(0,2)->(0,2) nnz=(1,3) rms=0.0000, deg=(1,1)->(1,1) nnz=(2,2) rms=0.0001, deg=(2,1)->(2,0) nnz=(3,1) rms=0.0000, deg=(0,3)->(0,3) nnz=(1,4) rms=0.0000, deg=(1,2)->(1,2) nnz=(2,3) rms=0.0000, deg=(0,4)->(0,4) nnz=(1,5) rms=0.0000, deg=(1,3)->(1,3) nnz=(2,4) rms=0.0000, deg=(3,1)->(3,1) nnz=(4,2) rms=0.0000, deg=(3,2)->(3,2) nnz=(4,3) rms=0.0000
[Stage B] ratpoly_1d degree probe: 1 valid pair(s), min_deg=(0,0), vars=(1, 2)
[Stage B] ratpoly_1d probe: 16 sub-threshold trial(s) for vars=(1, 2): deg=(0,1)->(0,1) nnz=(1,2) rms=0.0083, deg=(1,3)->(0,2) nnz=(1,3) rms=0.0000, deg=(1,1)->(1,1) nnz=(2,2) rms=0.0001, deg=(3,1)->(2,1) nnz=(2,2) rms=0.0000, deg=(4,1)->(2,1) nnz=(2,2) rms=0.0007, deg=(0,3)->(0,3) nnz=(1,4) rms=0.0000, deg=(1,2)->(1,2) nnz=(2,3) rms=0.0008, deg=(2,1)->(2,1) nnz=(3,2) rms=0.0000, deg=(0,4)->(0,4) nnz=(1,5) rms=0.0000, deg=(2,2)->(2,2) nnz=(3,3) rms=0.0002, deg=(1,4)->(1,4) nnz=(2,5) rms=0.0000, deg=(2,4)->(2,4) nnz=(3,5) rms=0.0000, deg=(3,3)->(3,3) nnz=(4,4) rms=0.0000, deg=(4,2)->(4,2) nnz=(5,3) rms=0.0000, deg=(3,4)->(3,4) nnz=(4,5) rms=0.0000, deg=(4,3)->(4,3) nnz=(5,4) rms=0.0000
[Stage B] symexp_denom_1d rejected: rel_rms=0.1048 > 0.05, compound vars=(1, 2)
[Stage B] symexp_denom_1d_recip (poly) accepted: rel_rms=0.0000, scale≈-990, linear≈-63.1, compound vars=(1, 2)
[Stage B] inv_poly: using degree-probe monomials, 3 valid terms, vars=(1, 2)
[Stage B] inv_poly probe: 2 sub-threshold trial(s) for vars=(1, 2): deg=1 rms=0.0002 n=2, deg=2 rms=0.0000 n=3
[Stage B] sqrt_poly: degree-probe active, sqrt=3 terms (probed=True), inv=3 terms (probed=True), vars=(1, 2)
[Stage B]  one_minus_cos_over_z2 skip NN vars (1, 2): screen failed for z=(x2 / x1); exact best rel=2.27e+00 at omega≈0.5; affine best rel=5.92e-01, offset_rel=2.18e-03 at omega≈0.5; thresholds rel<=2.00e-02, offset_rel<=1.50e-01
[Stage B]  sparse_factor_1d skip NN vars (1, 2): screen failed for z=(x2 / x1); best rel=7.16e-01, threshold=2.00e-02
[Stage B] ratpoly_1d degree probe: 1 valid pair(s), min_deg=(0,0), vars=(1, 2)
[Stage B] ratpoly_1d probe: 11 sub-threshold trial(s) for vars=(1, 2): deg=(2,2)->(2,2) nnz=(1,3) rms=0.0000, deg=(1,2)->(1,2) nnz=(2,3) rms=0.0009, deg=(2,1)->(2,1) nnz=(3,2) rms=0.0009, deg=(1,4)->(1,3) nnz=(1,4) rms=0.0001, deg=(3,1)->(3,1) nnz=(3,2) rms=0.0001, deg=(0,4)->(0,4) nnz=(1,5) rms=0.0002, deg=(1,3)->(1,3) nnz=(2,4) rms=0.0001, deg=(3,2)->(3,2) nnz=(4,3) rms=0.0000, deg=(2,4)->(2,4) nnz=(3,5) rms=0.0002, deg=(3,4)->(3,4) nnz=(4,5) rms=0.0002, deg=(4,4)->(4,4) nnz=(5,5) rms=0.0002
[Stage B] ratpoly_1d degree probe: 1 valid pair(s), min_deg=(0,0), vars=(1, 2)
[Stage B] ratpoly_1d probe: 3 sub-threshold trial(s) for vars=(1, 2): deg=(0,4)->(0,4) nnz=(1,5) rms=0.0002, deg=(4,2)->(4,0) nnz=(5,1) rms=0.0002, deg=(4,4)->(4,4) nnz=(5,5) rms=0.0000
[Stage B] ratpoly_1d degree probe: 1 valid pair(s), min_deg=(0,0), vars=(1, 2)
[Stage B] ratpoly_1d probe: 6 sub-threshold trial(s) for vars=(1, 2): deg=(1,3)->(1,2) nnz=(1,3) rms=0.0010, deg=(4,2)->(2,2) nnz=(2,2) rms=0.0000, deg=(2,4)->(2,2) nnz=(1,3) rms=0.0000, deg=(0,4)->(0,4) nnz=(1,5) rms=0.0002, deg=(1,4)->(1,4) nnz=(2,5) rms=0.0002, deg=(4,4)->(4,4) nnz=(5,5) rms=0.0002
[Stage B] ratpoly_1d degree probe: 1 valid pair(s), min_deg=(0,0), vars=(1, 2)
[Stage B] ratpoly_1d probe: 3 sub-threshold trial(s) for vars=(1, 2): deg=(0,4)->(0,4) nnz=(1,5) rms=0.0001, deg=(4,4)->(4,0) nnz=(5,1) rms=0.0002, deg=(3,2)->(3,2) nnz=(4,3) rms=0.0000
[Stage B] ratpoly_1d degree probe: 1 valid pair(s), min_deg=(0,0), vars=(1, 2)
[Stage B] ratpoly_1d probe: 15 sub-threshold trial(s) for vars=(1, 2): deg=(1,1)->(1,1) nnz=(1,2) rms=0.0085, deg=(0,2)->(0,2) nnz=(1,3) rms=0.0131, deg=(2,2)->(2,2) nnz=(1,3) rms=0.0000, deg=(0,3)->(0,3) nnz=(1,4) rms=0.0015, deg=(3,4)->(1,3) nnz=(1,4) rms=0.0001, deg=(3,1)->(3,1) nnz=(3,2) rms=0.0001, deg=(4,4)->(3,2) nnz=(2,3) rms=0.0001, deg=(0,4)->(0,4) nnz=(1,5) rms=0.0002, deg=(1,3)->(1,3) nnz=(2,4) rms=0.0001, deg=(1,4)->(1,4) nnz=(2,5) rms=0.0000, deg=(2,3)->(2,3) nnz=(3,4) rms=0.0001, deg=(3,2)->(3,2) nnz=(4,3) rms=0.0001, deg=(4,1)->(4,1) nnz=(5,2) rms=0.0002, deg=(4,2)->(4,2) nnz=(5,3) rms=0.0003, deg=(4,3)->(4,3) nnz=(5,4) rms=0.0000
[Stage B] RuleUniNN proposing 72 candidates for NN vars=(1, 2): ['monomial_deg1', 'monomial_deg2', 'monomial_deg3', 'poly', 'expm1', 'symexp_denom_1d_recip', 'polylog', 'logshifted', 'inv_poly', 'inv_poly[1]', 'sqrt_poly', 'cf_sharedpref_resid', 'cf_combo', 'cf_combo', 'cf_combo', 'cf_combo', 'cf_combo', 'cf_combo', 'cf_combo', 'cf_combo', 'cf_sharedpref_resid', 'sqrt_ratpoly_1d', 'sqrt_ratpoly_1d[1]', 'sqrt_ratpoly_1d[2]', 'sqrt_ratpoly_1d[3]', 'sqrt_ratpoly_1d[4]', 'sqrt_ratpoly_1d[5]', 'sqrt_ratpoly_1d[6]', 'sqrt_ratpoly_1d[7]', 'sqrt_ratpoly_1d[8]', 'sqrt_ratpoly_1d[9]', 'sqrt_ratpoly_1d[10]', 'sqrt_ratpoly_1d[11]', 'sqrt_ratpoly_1d[12]', 'sqrt_ratpoly_1d[13]', 'cbrt_ratpoly_1d', 'cbrt_ratpoly_1d[1]', 'cbrt_ratpoly_1d[2]', 'cbrt_ratpoly_1d[3]', 'cbrt_ratpoly_1d[4]', 'cbrt_ratpoly_1d[5]', 'cbrt_ratpoly_1d[6]', 'cbrt_ratpoly_1d[7]', 'cbrt_ratpoly_1d[8]', 'ratpoly_1d', 'ratpoly_1d[1]', 'ratpoly_1d[2]', 'ratpoly_1d[3]', 'ratpoly_1d[4]', 'ratpoly_1d[5]', 'ratpoly_1d[6]', 'ratpoly_1d[7]', 'ratpoly_1d[8]', 'ratpoly_1d[9]', 'ratpoly_1d[10]', 'ratpoly_1d[11]', 'ratpoly_1d[12]', 'ratpoly_1d[13]', 'ratpoly_1d[14]', 'exp', 'exp_rat', 'tanh', 'trig', 'trig', 'trig', 'trig', 'trig', 'sinc_p2', 'affine_trig', 'leaftr_square_poly3', 'leaftr_recip_poly3', 'leaftr_square_affine_trig']
[Stage B]  Skipping reciprocal-coordinate alias polylog: closed-under-reciprocal:polylog
[Stage B]  Skipping reciprocal-coordinate alias sqrt_ratpoly_1d: closed-under-reciprocal:sqrt_ratpoly_1d
[Stage B]  Skipping reciprocal-coordinate alias sqrt_ratpoly_1d[1]: closed-under-reciprocal:sqrt_ratpoly_1d
[Stage B]  Skipping reciprocal-coordinate alias sqrt_ratpoly_1d[2]: closed-under-reciprocal:sqrt_ratpoly_1d
[Stage B]  Skipping reciprocal-coordinate alias sqrt_ratpoly_1d[3]: closed-under-reciprocal:sqrt_ratpoly_1d
[Stage B]  Skipping reciprocal-coordinate alias sqrt_ratpoly_1d[4]: closed-under-reciprocal:sqrt_ratpoly_1d
[Stage B]  Skipping reciprocal-coordinate alias sqrt_ratpoly_1d[5]: closed-under-reciprocal:sqrt_ratpoly_1d
[Stage B]  Skipping reciprocal-coordinate alias sqrt_ratpoly_1d[6]: closed-under-reciprocal:sqrt_ratpoly_1d
[Stage B]  Skipping reciprocal-coordinate alias sqrt_ratpoly_1d[7]: closed-under-reciprocal:sqrt_ratpoly_1d
[Stage B]  Skipping reciprocal-coordinate alias sqrt_ratpoly_1d[8]: closed-under-reciprocal:sqrt_ratpoly_1d
[Stage B]  Skipping reciprocal-coordinate alias sqrt_ratpoly_1d[9]: closed-under-reciprocal:sqrt_ratpoly_1d
[Stage B]  Skipping reciprocal-coordinate alias sqrt_ratpoly_1d[10]: closed-under-reciprocal:sqrt_ratpoly_1d
[Stage B]  Skipping reciprocal-coordinate alias sqrt_ratpoly_1d[11]: closed-under-reciprocal:sqrt_ratpoly_1d
[Stage B]  Skipping reciprocal-coordinate alias sqrt_ratpoly_1d[12]: closed-under-reciprocal:sqrt_ratpoly_1d
[Stage B]  Skipping reciprocal-coordinate alias sqrt_ratpoly_1d[13]: closed-under-reciprocal:sqrt_ratpoly_1d
[Stage B]  Skipping reciprocal-coordinate alias cbrt_ratpoly_1d: closed-under-reciprocal:cbrt_ratpoly_1d
[Stage B]  Skipping reciprocal-coordinate alias cbrt_ratpoly_1d[1]: closed-under-reciprocal:cbrt_ratpoly_1d
[Stage B]  Skipping reciprocal-coordinate alias cbrt_ratpoly_1d[2]: closed-under-reciprocal:cbrt_ratpoly_1d
[Stage B]  Skipping reciprocal-coordinate alias cbrt_ratpoly_1d[3]: closed-under-reciprocal:cbrt_ratpoly_1d
[Stage B]  Skipping reciprocal-coordinate alias cbrt_ratpoly_1d[4]: closed-under-reciprocal:cbrt_ratpoly_1d
[Stage B]  Skipping reciprocal-coordinate alias cbrt_ratpoly_1d[5]: closed-under-reciprocal:cbrt_ratpoly_1d
[Stage B]  Skipping reciprocal-coordinate alias cbrt_ratpoly_1d[6]: closed-under-reciprocal:cbrt_ratpoly_1d
[Stage B]  Skipping reciprocal-coordinate alias cbrt_ratpoly_1d[7]: closed-under-reciprocal:cbrt_ratpoly_1d
[Stage B]  Skipping reciprocal-coordinate alias cbrt_ratpoly_1d[8]: closed-under-reciprocal:cbrt_ratpoly_1d
[Stage B]  Skipping reciprocal-coordinate alias ratpoly_1d: closed-under-reciprocal:ratpoly_1d
[Stage B]  Skipping reciprocal-coordinate alias ratpoly_1d[1]: closed-under-reciprocal:ratpoly_1d
[Stage B]  Skipping reciprocal-coordinate alias ratpoly_1d[2]: closed-under-reciprocal:ratpoly_1d
[Stage B]  Skipping reciprocal-coordinate alias ratpoly_1d[3]: closed-under-reciprocal:ratpoly_1d
[Stage B]  Skipping reciprocal-coordinate alias ratpoly_1d[4]: closed-under-reciprocal:ratpoly_1d
[Stage B]  Skipping reciprocal-coordinate alias ratpoly_1d[5]: closed-under-reciprocal:ratpoly_1d
[Stage B]  Skipping reciprocal-coordinate alias ratpoly_1d[6]: closed-under-reciprocal:ratpoly_1d
[Stage B]  Skipping reciprocal-coordinate alias ratpoly_1d[7]: closed-under-reciprocal:ratpoly_1d
[Stage B]  Skipping reciprocal-coordinate alias ratpoly_1d[8]: closed-under-reciprocal:ratpoly_1d
[Stage B]  Skipping reciprocal-coordinate alias ratpoly_1d[9]: closed-under-reciprocal:ratpoly_1d
[Stage B]  Skipping reciprocal-coordinate alias ratpoly_1d[10]: closed-under-reciprocal:ratpoly_1d
[Stage B]  Skipping reciprocal-coordinate alias ratpoly_1d[11]: closed-under-reciprocal:ratpoly_1d
[Stage B]  Skipping reciprocal-coordinate alias ratpoly_1d[12]: closed-under-reciprocal:ratpoly_1d
[Stage B]  Skipping reciprocal-coordinate alias ratpoly_1d[13]: closed-under-reciprocal:ratpoly_1d
[Stage B]  Skipping reciprocal-coordinate alias ratpoly_1d[14]: closed-under-reciprocal:ratpoly_1d
[Stage B]  Skipping reciprocal-coordinate alias exp_rat: closed-under-reciprocal:exp_rat
[Stage B] RuleUniNN proposing 125 candidates for NN vars=(1, 2): ['monomial_deg1', 'monomial_deg1[z_inv]', 'monomial_deg2', 'monomial_deg2[z_inv]', 'monomial_deg3', 'monomial_deg3[z_inv]', 'poly', 'poly[z_inv]', 'symexp_denom_1d', 'polylog', 'logshifted', 'logshifted[z_inv]', 'inv_poly', 'inv_poly[z_inv]', 'inv_poly[1]', 'inv_poly[1][z_inv]', 'sqrt_poly', 'sqrt_poly[z_inv]', 'cf_combo', 'cf_combo[z_inv]', 'cf_combo[z_inv]', 'cf_combo[z_inv]', 'cf_combo[z_inv]', 'cf_combo[z_inv]', 'cf_combo[z_inv]', 'cf_combo[z_inv]', 'cf_combo[z_inv]', 'cf_combo', 'cf_combo', 'cf_combo', 'cf_combo', 'cf_combo', 'cf_combo', 'cf_combo', 'cf_combo', 'cf_combo', 'sqrt_ratpoly_1d', 'sqrt_ratpoly_1d[1]', 'sqrt_ratpoly_1d[2]', 'sqrt_ratpoly_1d[3]', 'sqrt_ratpoly_1d[4]', 'sqrt_ratpoly_1d[5]', 'sqrt_ratpoly_1d[6]', 'sqrt_ratpoly_1d[7]', 'sqrt_ratpoly_1d[8]', 'sqrt_ratpoly_1d[9]', 'sqrt_ratpoly_1d[10]', 'sqrt_ratpoly_1d[11]', 'sqrt_ratpoly_1d[12]', 'sqrt_ratpoly_1d[13]', 'sqrt_ratpoly_1d[14]', 'sqrt_ratpoly_1d[15]', 'sqrt_ratpoly_1d[16]', 'sqrt_ratpoly_1d[17]', 'sqrt_ratpoly_1d[18]', 'sqrt_ratpoly_1d[19]', 'sqrt_ratpoly_1d[20]', 'sqrt_ratpoly_1d[21]', 'sqrt_ratpoly_1d[22]', 'cbrt_ratpoly_1d', 'cbrt_ratpoly_1d[1]', 'cbrt_ratpoly_1d[2]', 'cbrt_ratpoly_1d[3]', 'cbrt_ratpoly_1d[4]', 'cbrt_ratpoly_1d[5]', 'cbrt_ratpoly_1d[6]', 'cbrt_ratpoly_1d[7]', 'cbrt_ratpoly_1d[8]', 'cbrt_ratpoly_1d[9]', 'cbrt_ratpoly_1d[10]', 'cbrt_ratpoly_1d[11]', 'cbrt_ratpoly_1d[12]', 'cbrt_ratpoly_1d[13]', 'cbrt_ratpoly_1d[14]', 'cbrt_ratpoly_1d[15]', 'cbrt_ratpoly_1d[16]', 'cbrt_ratpoly_1d[17]', 'cbrt_ratpoly_1d[18]', 'cbrt_ratpoly_1d[19]', 'cbrt_ratpoly_1d[20]', 'ratpoly_1d', 'ratpoly_1d[1]', 'ratpoly_1d[2]', 'ratpoly_1d[3]', 'ratpoly_1d[4]', 'ratpoly_1d[5]', 'ratpoly_1d[6]', 'ratpoly_1d[7]', 'ratpoly_1d[8]', 'ratpoly_1d[9]', 'ratpoly_1d[10]', 'ratpoly_1d[11]', 'ratpoly_1d[12]', 'ratpoly_1d[13]', 'ratpoly_1d[14]', 'ratpoly_1d[15]', 'exp', 'exp[z_inv]', 'exp_rat', 'tanh', 'tanh[z_inv]', 'trig', 'trig[z_inv]', 'trig[z_inv]', 'trig[z_inv]', 'trig[z_inv]', 'trig[z_inv]', 'trig', 'trig', 'trig', 'trig', 'sinc_p2', 'sinc_p2[z_inv]', 'affine_trig', 'affine_trig[z_inv]', 'leaftr_square_poly3', 'leaftr_square_poly3[z_inv]', 'leaftr_recip_poly3', 'leaftr_recip_poly3[z_inv]', 'leaftr_square_affine_trig', 'leaftr_square_affine_trig[z_inv]', 'expm1[z_inv]', 'symexp_denom_1d_recip[z_inv]', 'cf_sharedpref_resid[z_inv]', 'cf_sharedpref_resid[z_inv]']
[Stage B]  Greedy order (125 cands): monomial_deg1(1999p), monomial_deg1[z_inv](1999p), monomial_deg2(1999p), monomial_deg2[z_inv](1999p), monomial_deg3(1999p), monomial_deg3[z_inv](1999p), poly(2000p), poly[z_inv](2000p), symexp_denom_1d(2004p), polylog(2000p), logshifted(2001p), logshifted[z_inv](2001p), inv_poly(2000p), inv_poly[z_inv](2000p), inv_poly[1](2001p), inv_poly[1][z_inv](2001p), sqrt_poly(2001p), sqrt_poly[z_inv](2001p), cf_combo(2001p), cf_combo[z_inv](2001p), cf_combo[z_inv](2000p), cf_combo[z_inv](2001p), cf_combo[z_inv](2000p), cf_combo[z_inv](2001p), cf_combo[z_inv](2000p), cf_combo[z_inv](2001p), cf_combo[z_inv](2000p), cf_combo(2000p), cf_combo(2001p), cf_combo(2000p), cf_combo(2001p), cf_combo(2000p), cf_combo(2001p), cf_combo(2000p), cf_combo(2001p), cf_combo(2000p), sqrt_ratpoly_1d(2002p), sqrt_ratpoly_1d[1](2002p), sqrt_ratpoly_1d[2](2003p), sqrt_ratpoly_1d[3](2003p), sqrt_ratpoly_1d[4](2003p), sqrt_ratpoly_1d[5](2003p), sqrt_ratpoly_1d[6](2004p), sqrt_ratpoly_1d[7](2005p), sqrt_ratpoly_1d[8](2005p), sqrt_ratpoly_1d[9](2005p), sqrt_ratpoly_1d[10](2006p), sqrt_ratpoly_1d[11](2007p), sqrt_ratpoly_1d[12](2008p), sqrt_ratpoly_1d[13](2002p), sqrt_ratpoly_1d[14](2002p), sqrt_ratpoly_1d[15](2002p), sqrt_ratpoly_1d[16](2003p), sqrt_ratpoly_1d[17](2003p), sqrt_ratpoly_1d[18](2004p), sqrt_ratpoly_1d[19](2004p), sqrt_ratpoly_1d[20](2004p), sqrt_ratpoly_1d[21](2005p), sqrt_ratpoly_1d[22](2005p), cbrt_ratpoly_1d(2002p), cbrt_ratpoly_1d[1](2002p), cbrt_ratpoly_1d[2](2003p), cbrt_ratpoly_1d[3](2003p), cbrt_ratpoly_1d[4](2003p), cbrt_ratpoly_1d[5](2004p), cbrt_ratpoly_1d[6](2004p), cbrt_ratpoly_1d[7](2005p), cbrt_ratpoly_1d[8](2005p), cbrt_ratpoly_1d[9](2006p), cbrt_ratpoly_1d[10](2006p), cbrt_ratpoly_1d[11](2007p), cbrt_ratpoly_1d[12](2002p), cbrt_ratpoly_1d[13](2002p), cbrt_ratpoly_1d[14](2002p), cbrt_ratpoly_1d[15](2003p), cbrt_ratpoly_1d[16](2003p), cbrt_ratpoly_1d[17](2004p), cbrt_ratpoly_1d[18](2004p), cbrt_ratpoly_1d[19](2004p), cbrt_ratpoly_1d[20](2005p), ratpoly_1d(2001p), ratpoly_1d[1](2002p), ratpoly_1d[2](2002p), ratpoly_1d[3](2002p), ratpoly_1d[4](2002p), ratpoly_1d[5](2003p), ratpoly_1d[6](2003p), ratpoly_1d[7](2003p), ratpoly_1d[8](2004p), ratpoly_1d[9](2004p), ratpoly_1d[10](2005p), ratpoly_1d[11](2006p), ratpoly_1d[12](2006p), ratpoly_1d[13](2006p), ratpoly_1d[14](2007p), ratpoly_1d[15](2007p), exp(2001p), exp[z_inv](2001p), exp_rat(2004p), tanh(2001p), tanh[z_inv](2001p), trig(2001p), trig[z_inv](2001p), trig[z_inv](2001p), trig[z_inv](2001p), trig[z_inv](2001p), trig[z_inv](2001p), trig(2001p), trig(2001p), trig(2001p), trig(2001p), sinc_p2(2001p), sinc_p2[z_inv](2001p), affine_trig(2002p), affine_trig[z_inv](2002p), leaftr_square_poly3(2002p), leaftr_square_poly3[z_inv](2002p), leaftr_recip_poly3(2002p), leaftr_recip_poly3[z_inv](2002p), leaftr_square_affine_trig(2002p), leaftr_square_affine_trig[z_inv](2002p), expm1[z_inv](2001p), symexp_denom_1d_recip[z_inv](2004p), cf_sharedpref_resid[z_inv](2001p), cf_sharedpref_resid[z_inv](2001p)
[Stage B]  Trying 1D monomial (c·x^1) rewrite on NN leaf vars (1, 2)
[Stage B] Initialising PolyLeaf for vars (1, 2), tag=leaf1
[info] dataloader for provider ASTCompositeAdaptor yields 3 batches (equivalent to a single batch up to floating-point roundoff; minor Python-loop overhead per batch).
Validation patience exceeded at epoch 1901/2000, nval_worse=500
[Stage B]    Candidate (monomial_deg1): params=769, val-loss=2.2226e-03
[Stage B]    Reject (monomial_deg1): simpler-over-budget(thr=5.374e-10) | loss 2.650e-10->2.223e-03 (Δ+2.22e-03) | params 1152->769 | cx (0, 0, 0)->(0, 0, 0)
[Stage B]  Trying 1D monomial (c·x^1) rewrite on NN leaf vars (1, 2) [coord=1/z]
[Stage B] Initialising PolyLeaf for vars (1, 2), tag=leaf1
[info] dataloader for provider ASTCompositeAdaptor yields 3 batches (equivalent to a single batch up to floating-point roundoff; minor Python-loop overhead per batch).
Validation patience exceeded at epoch 1401/2000, nval_worse=500
[Stage B]    Candidate (monomial_deg1[z_inv]): params=769, val-loss=4.9292e-04
[Stage B]    Reject (monomial_deg1[z_inv]): simpler-over-budget(thr=5.374e-10) | loss 2.650e-10->4.929e-04 (Δ+4.93e-04) | params 1152->769 | cx (0, 0, 0)->(0, 0, 0)
[Stage B]  Trying 1D monomial (c·x^2) rewrite on NN leaf vars (1, 2)
[Stage B] Initialising PolyLeaf for vars (1, 2), tag=leaf1
[info] dataloader for provider ASTCompositeAdaptor yields 3 batches (equivalent to a single batch up to floating-point roundoff; minor Python-loop overhead per batch).
Validation patience exceeded at epoch 1401/2000, nval_worse=500
[Stage B]    Candidate (monomial_deg2): params=769, val-loss=7.1701e-03
[Stage B]    Reject (monomial_deg2): simpler-over-budget(thr=5.374e-10) | loss 2.650e-10->7.170e-03 (Δ+7.17e-03) | params 1152->769 | cx (0, 0, 0)->(0, 0, 0)
[Stage B]  Trying 1D monomial (c·x^2) rewrite on NN leaf vars (1, 2) [coord=1/z]
[Stage B] Initialising PolyLeaf for vars (1, 2), tag=leaf1
[info] dataloader for provider ASTCompositeAdaptor yields 3 batches (equivalent to a single batch up to floating-point roundoff; minor Python-loop overhead per batch).
Validation patience exceeded at epoch 701/2000, nval_worse=500
[Stage B]    Candidate (monomial_deg2[z_inv]): params=769, val-loss=2.5130e-03
[Stage B]    Reject (monomial_deg2[z_inv]): simpler-over-budget(thr=5.374e-10) | loss 2.650e-10->2.513e-03 (Δ+2.51e-03) | params 1152->769 | cx (0, 0, 0)->(0, 0, 0)
[Stage B]  Trying 1D monomial (c·x^3) rewrite on NN leaf vars (1, 2)
[Stage B] Initialising PolyLeaf for vars (1, 2), tag=leaf1
[info] dataloader for provider ASTCompositeAdaptor yields 3 batches (equivalent to a single batch up to floating-point roundoff; minor Python-loop overhead per batch).
Validation patience exceeded at epoch 1401/2000, nval_worse=500
[Stage B]    Candidate (monomial_deg3): params=769, val-loss=1.4218e-02
[Stage B]    Reject (monomial_deg3): simpler-over-budget(thr=5.374e-10) | loss 2.650e-10->1.422e-02 (Δ+1.42e-02) | params 1152->769 | cx (0, 0, 0)->(0, 0, 0)
[Stage B]  Trying 1D monomial (c·x^3) rewrite on NN leaf vars (1, 2) [coord=1/z]
[Stage B] Initialising PolyLeaf for vars (1, 2), tag=leaf1
[info] dataloader for provider ASTCompositeAdaptor yields 3 batches (equivalent to a single batch up to floating-point roundoff; minor Python-loop overhead per batch).
Validation patience exceeded at epoch 601/2000, nval_worse=500
[Stage B]    Candidate (monomial_deg3[z_inv]): params=769, val-loss=5.0077e-03
[Stage B]    Reject (monomial_deg3[z_inv]): simpler-over-budget(thr=5.374e-10) | loss 2.650e-10->5.008e-03 (Δ+5.01e-03) | params 1152->769 | cx (0, 0, 0)->(0, 0, 0)
[Stage B]  Trying 1D poly rewrite on NN leaf vars (1, 2), degree=1
[Stage B] Initialising PolyLeaf for vars (1, 2), tag=leaf1
[info] dataloader for provider ASTCompositeAdaptor yields 3 batches (equivalent to a single batch up to floating-point roundoff; minor Python-loop overhead per batch).
[LM][bucket] solving P=770 (trivially separable union)
[Stage B]    Candidate (poly): params=770, val-loss=9.7658e-06
[Stage B]    Reject (poly): simpler-over-budget(thr=5.372e-10) | loss 2.650e-10->9.766e-06 (Δ+9.77e-06) | params 1152->770 | cx (0, 0, 0)->(0, 0, 0)
[Stage B]  Trying 1D poly rewrite on NN leaf vars (1, 2), degree=1 [coord=1/z]
[Stage B] Initialising PolyLeaf for vars (1, 2), tag=leaf1
[info] dataloader for provider ASTCompositeAdaptor yields 3 batches (equivalent to a single batch up to floating-point roundoff; minor Python-loop overhead per batch).
[Stage B]    Candidate (poly[z_inv]): params=770, val-loss=2.6120e-06
[Stage B]    Reject (poly[z_inv]): simpler-over-budget(thr=5.372e-10) | loss 2.650e-10->2.612e-06 (Δ+2.61e-06) | params 1152->770 | cx (0, 0, 0)->(0, 0, 0)
[Stage B]  Trying 1D symexp_denom_1d rewrite (scale/(exp(r)+exp(-r))) on NN leaf vars (1, 2)
[Stage B custom_init symexp_denom_1d] compound vars=(1, 2), scale≈-990, r±(z)≈0.0418*z
[Stage B] Post-custom-init validation (attempt 0), batch 0, finite: 2000/2000, min: -2.423e+07, max: 1.432e+09, mean: 2.327e+08
[Stage B] Post-custom-init validation (attempt 0), batch 1, finite: 2000/2000, min: -2.492e+07, max: 1.461e+09, mean: 2.429e+08
[Stage B] Post-custom-init validation (attempt 0), batch 2, finite: 2000/2000, min: -1.745e+07, max: 1.106e+09, mean: 2.079e+08
[Stage B] Prediction scale check (attempt 0): pred_median=1.045e+08, true_median=9.826e-02, ratio=1.064e+09
[Stage B] Warning: init scale_ratio extreme; rejecting candidate.
[Stage B]    Candidate (symexp_denom_1d) rejected at init (non-finite loss); trying next.
[Stage B]  Trying 1D polylog rewrite on NN leaf vars (1, 2), degree=1
[info] dataloader for provider ASTCompositeAdaptor yields 3 batches (equivalent to a single batch up to floating-point roundoff; minor Python-loop overhead per batch).
Validation patience exceeded at epoch 1001/2000, nval_worse=500
[Stage B]    Candidate (polylog): params=770, val-loss=3.4523e-06
[Stage B]    Reject (polylog): simpler-over-budget(thr=5.372e-10) | loss 2.650e-10->3.452e-06 (Δ+3.45e-06) | params 1152->770 | cx (0, 0, 0)->(0, 0, 0)
[Stage B]  Trying 1D shifted-log rewrite on NN leaf vars (1, 2)
[info] dataloader for provider ASTCompositeAdaptor yields 3 batches (equivalent to a single batch up to floating-point roundoff; minor Python-loop overhead per batch).
[LM][bucket] solving P=771 (trivially separable union)
[Stage B]    Candidate (logshifted): params=771, val-loss=2.6869e-06
[Stage B]    Reject (logshifted): simpler-over-budget(thr=5.370e-10) | loss 2.650e-10->2.687e-06 (Δ+2.69e-06) | params 1152->771 | cx (0, 0, 0)->(0, 0, 0)
[Stage B]  Trying 1D shifted-log rewrite on NN leaf vars (1, 2) [coord=1/z]
[info] dataloader for provider ASTCompositeAdaptor yields 3 batches (equivalent to a single batch up to floating-point roundoff; minor Python-loop overhead per batch).
Stopping at epoch 1001/2000, lm_opt.state['halt']=True, loss=2.5076e-06, loss_val=2.8296e-06
[Stage B]    Candidate (logshifted[z_inv]): params=771, val-loss=2.8296e-06
[Stage B]    Reject (logshifted[z_inv]): simpler-over-budget(thr=5.370e-10) | loss 2.650e-10->2.830e-06 (Δ+2.83e-06) | params 1152->771 | cx (0, 0, 0)->(0, 0, 0)
[Stage B]  Trying inv_poly degree=1 (1/P(x)) rewrite on NN leaf vars (1, 2)
[Stage B custom_init inv-poly] Init on vars (1, 2): degree=1, rel_rms≈1.11e-05
[Stage B] Post-custom-init validation (attempt 0), batch 0, finite: 2000/2000, min: -2.299e+07, max: 1.358e+09, mean: 2.211e+08
[Stage B] Post-custom-init validation (attempt 0), batch 1, finite: 2000/2000, min: -2.364e+07, max: 1.386e+09, mean: 2.308e+08
[Stage B] Post-custom-init validation (attempt 0), batch 2, finite: 2000/2000, min: -1.655e+07, max: 1.053e+09, mean: 1.980e+08
[Stage B] Prediction scale check (attempt 0): pred_median=9.951e+07, true_median=9.826e-02, ratio=1.013e+09
[Stage B] Warning: init scale_ratio extreme; rejecting candidate.
[Stage B]    Candidate (inv_poly) rejected at init (non-finite loss); trying next.
[Stage B]  Trying inv_poly degree=1 (1/P(x)) rewrite on NN leaf vars (1, 2) [coord=1/z]
[Stage B custom_init inv-poly] Init on vars (1, 2): degree=1, rel_rms≈1.71e-04
[Stage B] Post-custom-init validation (attempt 0), batch 0, finite: 2000/2000, min: -2.299e+07, max: 1.359e+09, mean: 2.211e+08
[Stage B] Post-custom-init validation (attempt 0), batch 1, finite: 2000/2000, min: -2.365e+07, max: 1.386e+09, mean: 2.308e+08
[Stage B] Post-custom-init validation (attempt 0), batch 2, finite: 2000/2000, min: -1.656e+07, max: 1.053e+09, mean: 1.980e+08
[Stage B] Prediction scale check (attempt 0): pred_median=9.950e+07, true_median=9.826e-02, ratio=1.013e+09
[Stage B] Warning: init scale_ratio extreme; rejecting candidate.
[Stage B]    Candidate (inv_poly[z_inv]) rejected at init (non-finite loss); trying next.
[Stage B]  Trying inv_poly degree=2 (1/P(x)) rewrite on NN leaf vars (1, 2)
[Stage B custom_init inv-poly] Init on vars (1, 2): degree=2, rel_rms≈3.71e-09
[Stage B] Post-custom-init validation (attempt 0), batch 0, finite: 2000/2000, min: -2.299e+07, max: 1.358e+09, mean: 2.211e+08
[Stage B] Post-custom-init validation (attempt 0), batch 1, finite: 2000/2000, min: -2.364e+07, max: 1.386e+09, mean: 2.308e+08
[Stage B] Post-custom-init validation (attempt 0), batch 2, finite: 2000/2000, min: -1.655e+07, max: 1.053e+09, mean: 1.980e+08
[Stage B] Prediction scale check (attempt 0): pred_median=9.952e+07, true_median=9.826e-02, ratio=1.013e+09
[Stage B] Warning: init scale_ratio extreme; rejecting candidate.
[Stage B]    Candidate (inv_poly[1]) rejected at init (non-finite loss); trying next.
[Stage B]  Trying inv_poly degree=2 (1/P(x)) rewrite on NN leaf vars (1, 2) [coord=1/z]
[Stage B custom_init inv-poly] Init on vars (1, 2): degree=2, rel_rms≈1.76e-05
[Stage B] Post-custom-init validation (attempt 0), batch 0, finite: 2000/2000, min: -2.299e+07, max: 1.358e+09, mean: 2.211e+08
[Stage B] Post-custom-init validation (attempt 0), batch 1, finite: 2000/2000, min: -2.364e+07, max: 1.386e+09, mean: 2.308e+08
[Stage B] Post-custom-init validation (attempt 0), batch 2, finite: 2000/2000, min: -1.655e+07, max: 1.053e+09, mean: 1.980e+08
[Stage B] Prediction scale check (attempt 0): pred_median=9.952e+07, true_median=9.826e-02, ratio=1.013e+09
[Stage B] Warning: init scale_ratio extreme; rejecting candidate.
[Stage B]    Candidate (inv_poly[1][z_inv]) rejected at init (non-finite loss); trying next.
[Stage B]  Trying sqrt/invsqrt(poly) rewrite on NN leaf vars (1, 2), degree=2
[Stage B] Post-custom-init validation (attempt 0), batch 0, finite: 2000/2000, min: -1.358e+09, max: 2.299e+07, mean: -2.211e+08
[Stage B] Post-custom-init validation (attempt 0), batch 1, finite: 2000/2000, min: -1.386e+09, max: 2.364e+07, mean: -2.308e+08
[Stage B] Post-custom-init validation (attempt 0), batch 2, finite: 2000/2000, min: -1.053e+09, max: 1.655e+07, mean: -1.980e+08
[Stage B] Prediction scale check (attempt 0): pred_median=9.952e+07, true_median=9.826e-02, ratio=1.013e+09
[Stage B] Warning: init scale_ratio extreme; rejecting candidate.
[Stage B]    Candidate (sqrt_poly) rejected at init (non-finite loss); trying next.
[Stage B]  Trying sqrt/invsqrt(poly) rewrite on NN leaf vars (1, 2), degree=2 [coord=1/z]
[Stage B] Post-custom-init validation (attempt 0), batch 0, finite: 2000/2000, min: -1.358e+09, max: 2.299e+07, mean: -2.211e+08
[Stage B] Post-custom-init validation (attempt 0), batch 1, finite: 2000/2000, min: -1.386e+09, max: 2.364e+07, mean: -2.308e+08
[Stage B] Post-custom-init validation (attempt 0), batch 2, finite: 2000/2000, min: -1.053e+09, max: 1.655e+07, mean: -1.980e+08
[Stage B] Prediction scale check (attempt 0): pred_median=9.952e+07, true_median=9.826e-02, ratio=1.013e+09
[Stage B] Warning: init scale_ratio extreme; rejecting candidate.
[Stage B]    Candidate (sqrt_poly[z_inv]) rejected at init (non-finite loss); trying next.
[Stage B]  Trying 1D compound macro tier-3 linear combo on NN leaf vars [1, 2], terms=['inv1p *(sqrt1p(arg0^2))', 'arg0'], screen_r2=1.000, ok_frac=1.000
[info] dataloader for provider ASTCompositeAdaptor yields 3 batches (equivalent to a single batch up to floating-point roundoff; minor Python-loop overhead per batch).
[Stage B]    Candidate (cf_combo): params=771, val-loss=8.9109e-06
[Stage B]    Reject (cf_combo): simpler-over-budget(thr=5.370e-10) | loss 2.650e-10->8.911e-06 (Δ+8.91e-06) | params 1152->771 | cx (0, 0, 0)->(0, 0, 0)
[Stage B]  Trying 1D compound macro tier-3 linear combo on NN leaf vars [1, 2], terms=['hypot', 'arg0^2'], screen_r2=1.000, ok_frac=1.000 [coord=1/z]
[info] dataloader for provider ASTCompositeAdaptor yields 3 batches (equivalent to a single batch up to floating-point roundoff; minor Python-loop overhead per batch).
[Stage B]    Candidate (cf_combo[z_inv]): params=771, val-loss=3.3196e-06
[Stage B]    Reject (cf_combo[z_inv]): simpler-over-budget(thr=5.370e-10) | loss 2.650e-10->3.320e-06 (Δ+3.32e-06) | params 1152->771 | cx (0, 0, 0)->(0, 0, 0)
[Stage B]  Skipping cf_combo[z_inv] (previously rejected on same target)
[Stage B]  Skipping cf_combo[z_inv] (previously rejected on same target)
[Stage B]  Skipping cf_combo[z_inv] (previously rejected on same target)
[Stage B]  Skipping cf_combo[z_inv] (previously rejected on same target)
[Stage B]  Skipping cf_combo[z_inv] (previously rejected on same target)
[Stage B]  Skipping cf_combo[z_inv] (previously rejected on same target)
[Stage B]  Skipping cf_combo[z_inv] (previously rejected on same target)
[Stage B]  Skipping cf_combo (previously rejected on same target)
[Stage B]  Skipping cf_combo (previously rejected on same target)
[Stage B]  Skipping cf_combo (previously rejected on same target)
[Stage B]  Skipping cf_combo (previously rejected on same target)
[Stage B]  Skipping cf_combo (previously rejected on same target)
[Stage B]  Skipping cf_combo (previously rejected on same target)
[Stage B]  Skipping cf_combo (previously rejected on same target)
[Stage B]  Skipping cf_combo (previously rejected on same target)
[Stage B]  Skipping cf_combo (previously rejected on same target)
[Stage B]  Precheck reject (duplicate-signature) rule=univariate_nn cand=sqrt_ratpoly_1d target=nn#leaf1 vars=(1, 2) sig=(960898949, 1, 1, -1, 3, 1, 1, 1) attempted=90
[Stage B]  Precheck reject (duplicate-signature) rule=univariate_nn cand=sqrt_ratpoly_1d[1] target=nn#leaf1 vars=(1, 2) sig=(960898949, 3, 0, 1, 1, -1, 2, 1, 1) attempted=90
[Stage B]  Precheck reject (duplicate-signature) rule=univariate_nn cand=sqrt_ratpoly_1d[2] target=nn#leaf1 vars=(1, 2) sig=(960898949, 1, 1, -1, 4, 1, 1, 1, 1) attempted=90
[Stage B]  Precheck reject (duplicate-signature) rule=univariate_nn cand=sqrt_ratpoly_1d[3] target=nn#leaf1 vars=(1, 2) sig=(960898949, 2, 1, 1, -1, 3, 1, 1, 1) attempted=90
[Stage B]  Precheck reject (duplicate-signature) rule=univariate_nn cand=sqrt_ratpoly_1d[4] target=nn#leaf1 vars=(1, 2) sig=(960898949, 5, 0, 1, 1, 0, 1, -1, 2, 1, 1) attempted=90
[Stage B]  Precheck reject (duplicate-signature) rule=univariate_nn cand=sqrt_ratpoly_1d[5] target=nn#leaf1 vars=(1, 2) sig=(960898949, 3, 0, 1, 1, -1, 5, 1, 1, 0, 0, 1) attempted=90
[Stage B]  Precheck reject (duplicate-signature) rule=univariate_nn cand=sqrt_ratpoly_1d[6] target=nn#leaf1 vars=(1, 2) sig=(960898949, 1, 1, -1, 5, 1, 1, 1, 1, 1) attempted=90
[Stage B]  Precheck reject (duplicate-signature) rule=univariate_nn cand=sqrt_ratpoly_1d[7] target=nn#leaf1 vars=(1, 2) sig=(960898949, 2, 1, 1, -1, 5, 1, 1, 1, 1, 1) attempted=90
[Stage B]  Precheck reject (duplicate-signature) rule=univariate_nn cand=sqrt_ratpoly_1d[8] target=nn#leaf1 vars=(1, 2) sig=(960898949, 3, 1, 1, 1, -1, 4, 1, 1, 1, 1) attempted=90
[Stage B]  Precheck reject (duplicate-signature) rule=univariate_nn cand=sqrt_ratpoly_1d[9] target=nn#leaf1 vars=(1, 2) sig=(960898949, 4, 1, 1, 1, 1, -1, 3, 1, 1, 1) attempted=90
[Stage B]  Precheck reject (duplicate-signature) rule=univariate_nn cand=sqrt_ratpoly_1d[10] target=nn#leaf1 vars=(1, 2) sig=(960898949, 4, 1, 1, 1, 1, -1, 4, 1, 1, 1, 1) attempted=90
[Stage B]  Precheck reject (duplicate-signature) rule=univariate_nn cand=sqrt_ratpoly_1d[11] target=nn#leaf1 vars=(1, 2) sig=(960898949, 5, 1, 1, 1, 1, 1, -1, 4, 1, 1, 1, 1) attempted=90
[Stage B]  Precheck reject (duplicate-signature) rule=univariate_nn cand=sqrt_ratpoly_1d[12] target=nn#leaf1 vars=(1, 2) sig=(960898949, 5, 1, 1, 1, 1, 1, -1, 5, 1, 1, 1, 1, 1) attempted=90
[Stage B]  Precheck reject (duplicate-signature) rule=univariate_nn cand=sqrt_ratpoly_1d[13] target=nn#leaf1 vars=(1, 2) sig=(960898949, 1, 1, -1, 3, 1, 1, 1) attempted=90
[Stage B]  Precheck reject (duplicate-signature) rule=univariate_nn cand=sqrt_ratpoly_1d[14] target=nn#leaf1 vars=(1, 2) sig=(960898949, 2, 1, 1, -1, 2, 1, 1) attempted=90
[Stage B]  Precheck reject (duplicate-signature) rule=univariate_nn cand=sqrt_ratpoly_1d[15] target=nn#leaf1 vars=(1, 2) sig=(960898949, 3, 1, 1, 1, -1, 1, 1) attempted=90
[Stage B]  Precheck reject (duplicate-signature) rule=univariate_nn cand=sqrt_ratpoly_1d[16] target=nn#leaf1 vars=(1, 2) sig=(960898949, 1, 1, -1, 4, 1, 1, 1, 1) attempted=90
[Stage B]  Precheck reject (duplicate-signature) rule=univariate_nn cand=sqrt_ratpoly_1d[17] target=nn#leaf1 vars=(1, 2) sig=(960898949, 2, 1, 1, -1, 3, 1, 1, 1) attempted=90
[Stage B]  Precheck reject (duplicate-signature) rule=univariate_nn cand=sqrt_ratpoly_1d[18] target=nn#leaf1 vars=(1, 2) sig=(960898949, 1, 1, -1, 5, 1, 1, 1, 1, 1) attempted=90
[Stage B]  Precheck reject (duplicate-signature) rule=univariate_nn cand=sqrt_ratpoly_1d[19] target=nn#leaf1 vars=(1, 2) sig=(960898949, 2, 1, 1, -1, 4, 1, 1, 1, 1) attempted=90
[Stage B]  Precheck reject (duplicate-signature) rule=univariate_nn cand=sqrt_ratpoly_1d[20] target=nn#leaf1 vars=(1, 2) sig=(960898949, 4, 1, 1, 1, 1, -1, 2, 1, 1) attempted=90
[Stage B]  Precheck reject (duplicate-signature) rule=univariate_nn cand=sqrt_ratpoly_1d[21] target=nn#leaf1 vars=(1, 2) sig=(960898949, 2, 1, 1, -1, 5, 1, 1, 1, 1, 1) attempted=90
[Stage B]  Precheck reject (duplicate-signature) rule=univariate_nn cand=sqrt_ratpoly_1d[22] target=nn#leaf1 vars=(1, 2) sig=(960898949, 4, 1, 1, 1, 1, -1, 3, 1, 1, 1) attempted=90
[Stage B]  Precheck reject (duplicate-signature) rule=univariate_nn cand=cbrt_ratpoly_1d target=nn#leaf1 vars=(1, 2) sig=(960898949, 1, 1, -1, 3, 1, 1, 1, 330) attempted=90
[Stage B]  Precheck reject (duplicate-signature) rule=univariate_nn cand=cbrt_ratpoly_1d[1] target=nn#leaf1 vars=(1, 2) sig=(960898949, 3, 0, 1, 1, -1, 2, 1, 1, 330) attempted=90
[Stage B]  Precheck reject (duplicate-signature) rule=univariate_nn cand=cbrt_ratpoly_1d[2] target=nn#leaf1 vars=(1, 2) sig=(960898949, 1, 1, -1, 4, 1, 1, 1, 1, 330) attempted=90
[Stage B]  Precheck reject (duplicate-signature) rule=univariate_nn cand=cbrt_ratpoly_1d[3] target=nn#leaf1 vars=(1, 2) sig=(960898949, 3, 0, 1, 1, -1, 3, 1, 1, 1, 330) attempted=90
[Stage B]  Precheck reject (duplicate-signature) rule=univariate_nn cand=cbrt_ratpoly_1d[4] target=nn#leaf1 vars=(1, 2) sig=(960898949, 2, 0, 1, -1, 5, 1, 1, 1, 0, 1, 330) attempted=90
[Stage B]  Precheck reject (duplicate-signature) rule=univariate_nn cand=cbrt_ratpoly_1d[5] target=nn#leaf1 vars=(1, 2) sig=(960898949, 1, 1, -1, 5, 1, 1, 1, 1, 1, 330) attempted=90
[Stage B]  Precheck reject (duplicate-signature) rule=univariate_nn cand=cbrt_ratpoly_1d[6] target=nn#leaf1 vars=(1, 2) sig=(960898949, 2, 1, 1, -1, 4, 1, 1, 1, 1, 330) attempted=90
[Stage B]  Precheck reject (duplicate-signature) rule=univariate_nn cand=cbrt_ratpoly_1d[7] target=nn#leaf1 vars=(1, 2) sig=(960898949, 2, 1, 1, -1, 5, 1, 1, 1, 1, 1, 330) attempted=90
[Stage B]  Precheck reject (duplicate-signature) rule=univariate_nn cand=cbrt_ratpoly_1d[8] target=nn#leaf1 vars=(1, 2) sig=(960898949, 3, 1, 1, 1, -1, 4, 1, 1, 1, 1, 330) attempted=90
[Stage B]  Precheck reject (duplicate-signature) rule=univariate_nn cand=cbrt_ratpoly_1d[9] target=nn#leaf1 vars=(1, 2) sig=(960898949, 3, 1, 1, 1, -1, 5, 1, 1, 1, 1, 1, 330) attempted=90
[Stage B]  Precheck reject (duplicate-signature) rule=univariate_nn cand=cbrt_ratpoly_1d[10] target=nn#leaf1 vars=(1, 2) sig=(960898949, 5, 1, 1, 1, 1, 1, -1, 3, 1, 1, 1, 330) attempted=90
[Stage B]  Precheck reject (duplicate-signature) rule=univariate_nn cand=cbrt_ratpoly_1d[11] target=nn#leaf1 vars=(1, 2) sig=(960898949, 4, 1, 1, 1, 1, -1, 5, 1, 1, 1, 1, 1, 330) attempted=90
[Stage B]  Precheck reject (duplicate-signature) rule=univariate_nn cand=cbrt_ratpoly_1d[12] target=nn#leaf1 vars=(1, 2) sig=(960898949, 1, 1, -1, 3, 1, 1, 1, -330) attempted=90
[Stage B]  Precheck reject (duplicate-signature) rule=univariate_nn cand=cbrt_ratpoly_1d[13] target=nn#leaf1 vars=(1, 2) sig=(960898949, 2, 1, 1, -1, 2, 1, 1, -330) attempted=90
[Stage B]  Precheck reject (duplicate-signature) rule=univariate_nn cand=cbrt_ratpoly_1d[14] target=nn#leaf1 vars=(1, 2) sig=(960898949, 3, 1, 1, 1, -1, 1, 1, -330) attempted=90
[Stage B]  Precheck reject (duplicate-signature) rule=univariate_nn cand=cbrt_ratpoly_1d[15] target=nn#leaf1 vars=(1, 2) sig=(960898949, 1, 1, -1, 4, 1, 1, 1, 1, -330) attempted=90
[Stage B]  Precheck reject (duplicate-signature) rule=univariate_nn cand=cbrt_ratpoly_1d[16] target=nn#leaf1 vars=(1, 2) sig=(960898949, 2, 1, 1, -1, 3, 1, 1, 1, -330) attempted=90
[Stage B]  Precheck reject (duplicate-signature) rule=univariate_nn cand=cbrt_ratpoly_1d[17] target=nn#leaf1 vars=(1, 2) sig=(960898949, 1, 1, -1, 5, 1, 1, 1, 1, 1, -330) attempted=90
[Stage B]  Precheck reject (duplicate-signature) rule=univariate_nn cand=cbrt_ratpoly_1d[18] target=nn#leaf1 vars=(1, 2) sig=(960898949, 2, 1, 1, -1, 4, 1, 1, 1, 1, -330) attempted=90
[Stage B]  Precheck reject (duplicate-signature) rule=univariate_nn cand=cbrt_ratpoly_1d[19] target=nn#leaf1 vars=(1, 2) sig=(960898949, 4, 1, 1, 1, 1, -1, 2, 1, 1, -330) attempted=90
[Stage B]  Precheck reject (duplicate-signature) rule=univariate_nn cand=cbrt_ratpoly_1d[20] target=nn#leaf1 vars=(1, 2) sig=(960898949, 4, 1, 1, 1, 1, -1, 3, 1, 1, 1, -330) attempted=90
[Stage B]  Precheck reject (duplicate-signature) rule=univariate_nn cand=ratpoly_1d target=nn#leaf1 vars=(1, 2) sig=(960898949, 1, 1, -1, 2, 1, 1) attempted=90
[Stage B]  Precheck reject (duplicate-signature) rule=univariate_nn cand=ratpoly_1d[1] target=nn#leaf1 vars=(1, 2) sig=(960898949, 1, 1, -1, 3, 1, 1, 1) attempted=90
[Stage B]  Precheck reject (duplicate-signature) rule=univariate_nn cand=ratpoly_1d[2] target=nn#leaf1 vars=(1, 2) sig=(960898949, 2, 1, 1, -1, 2, 1, 1) attempted=90
[Stage B]  Precheck reject (duplicate-signature) rule=univariate_nn cand=ratpoly_1d[3] target=nn#leaf1 vars=(1, 2) sig=(960898949, 3, 1, 0, 1, -1, 2, 1, 1) attempted=90
[Stage B]  Precheck reject (duplicate-signature) rule=univariate_nn cand=ratpoly_1d[4] target=nn#leaf1 vars=(1, 2) sig=(960898949, 3, 0, 1, 1, -1, 2, 1, 1) attempted=90
[Stage B]  Precheck reject (duplicate-signature) rule=univariate_nn cand=ratpoly_1d[5] target=nn#leaf1 vars=(1, 2) sig=(960898949, 1, 1, -1, 4, 1, 1, 1, 1) attempted=90
[Stage B]  Precheck reject (duplicate-signature) rule=univariate_nn cand=ratpoly_1d[6] target=nn#leaf1 vars=(1, 2) sig=(960898949, 2, 1, 1, -1, 3, 1, 1, 1) attempted=90
[Stage B]  Precheck reject (duplicate-signature) rule=univariate_nn cand=ratpoly_1d[7] target=nn#leaf1 vars=(1, 2) sig=(960898949, 3, 1, 1, 1, -1, 2, 1, 1) attempted=90
[Stage B]  Precheck reject (duplicate-signature) rule=univariate_nn cand=ratpoly_1d[8] target=nn#leaf1 vars=(1, 2) sig=(960898949, 1, 1, -1, 5, 1, 1, 1, 1, 1) attempted=90
[Stage B]  Precheck reject (duplicate-signature) rule=univariate_nn cand=ratpoly_1d[9] target=nn#leaf1 vars=(1, 2) sig=(960898949, 3, 1, 1, 1, -1, 3, 1, 1, 1) attempted=90
[Stage B]  Precheck reject (duplicate-signature) rule=univariate_nn cand=ratpoly_1d[10] target=nn#leaf1 vars=(1, 2) sig=(960898949, 2, 1, 1, -1, 5, 1, 1, 1, 1, 1) attempted=90
[Stage B]  Precheck reject (duplicate-signature) rule=univariate_nn cand=ratpoly_1d[11] target=nn#leaf1 vars=(1, 2) sig=(960898949, 3, 1, 1, 1, -1, 5, 1, 1, 1, 1, 1) attempted=90
[Stage B]  Precheck reject (duplicate-signature) rule=univariate_nn cand=ratpoly_1d[12] target=nn#leaf1 vars=(1, 2) sig=(960898949, 4, 1, 1, 1, 1, -1, 4, 1, 1, 1, 1) attempted=90
[Stage B]  Precheck reject (duplicate-signature) rule=univariate_nn cand=ratpoly_1d[13] target=nn#leaf1 vars=(1, 2) sig=(960898949, 5, 1, 1, 1, 1, 1, -1, 3, 1, 1, 1) attempted=90
[Stage B]  Precheck reject (duplicate-signature) rule=univariate_nn cand=ratpoly_1d[14] target=nn#leaf1 vars=(1, 2) sig=(960898949, 4, 1, 1, 1, 1, -1, 5, 1, 1, 1, 1, 1) attempted=90
[Stage B]  Precheck reject (duplicate-signature) rule=univariate_nn cand=ratpoly_1d[15] target=nn#leaf1 vars=(1, 2) sig=(960898949, 5, 1, 1, 1, 1, 1, -1, 4, 1, 1, 1, 1) attempted=90
[Stage B]  Trying exp-poly rewrite on NN leaf vars (1, 2), degree=2
[Stage B] Initialising ExpPolyLeaf for vars (1, 2), tag=leaf1
[info] dataloader for provider ASTCompositeAdaptor yields 3 batches (equivalent to a single batch up to floating-point roundoff; minor Python-loop overhead per batch).
Stopping at epoch 501/2000, lm_opt.state['halt']=True, loss=1.2814e-07, loss_val=2.2054e-07
[Stage B]    Candidate (exp): params=771, val-loss=2.2043e-07
[Stage B]    Reject (exp): simpler-over-budget(thr=5.370e-10) | loss 2.650e-10->2.204e-07 (Δ+2.20e-07) | params 1152->771 | cx (0, 0, 0)->(0, 0, 0)
[Stage B]  Trying exp-poly rewrite on NN leaf vars (1, 2), degree=2 [coord=1/z]
[Stage B] Initialising ExpPolyLeaf for vars (1, 2), tag=leaf1
[info] dataloader for provider ASTCompositeAdaptor yields 3 batches (equivalent to a single batch up to floating-point roundoff; minor Python-loop overhead per batch).
Stopping at epoch 1801/2000, lm_opt.state['halt']=True, loss=5.4479e-09, loss_val=9.2811e-09
[Stage B]    Candidate (exp[z_inv]): params=771, val-loss=9.2652e-09
[Stage B]    Reject (exp[z_inv]): simpler-over-budget(thr=5.370e-10) | loss 2.650e-10->9.265e-09 (Δ+9.00e-09) | params 1152->771 | cx (0, 0, 0)->(0, 0, 0)
[Stage B]  Trying exp-ratpoly rewrite on NN leaf vars (1, 2), degs=2/2
[Stage B] Initialising ExpRationalPolyLeaf for vars (1, 2), tag=leaf1
[info] dataloader for provider ASTCompositeAdaptor yields 3 batches (equivalent to a single batch up to floating-point roundoff; minor Python-loop overhead per batch).
[LM][bucket] solving P=774 (trivially separable union)
Stopping at epoch 1101/2000, lm_opt.state['halt']=True, loss=5.6285e-09, loss_val=4.7628e-09
[Stage B]    Candidate (exp_rat): params=774, val-loss=4.7628e-09
[Stage B]    Reject (exp_rat): simpler-over-budget(thr=5.364e-10) | loss 2.650e-10->4.763e-09 (Δ+4.50e-09) | params 1152->774 | cx (0, 0, 0)->(0, 0, 0)
[Stage B]  Trying tanh rewrite on NN leaf vars (1, 2)
[Stage B] Initialising TanhLinearLeaf for vars (1, 2), tag=leaf1
[info] dataloader for provider ASTCompositeAdaptor yields 3 batches (equivalent to a single batch up to floating-point roundoff; minor Python-loop overhead per batch).
[LM][bucket] solving P=771 (trivially separable union)
[Stage B]    Candidate (tanh): params=771, val-loss=1.4225e-05
[Stage B]    Reject (tanh): simpler-over-budget(thr=5.370e-10) | loss 2.650e-10->1.422e-05 (Δ+1.42e-05) | params 1152->771 | cx (0, 0, 0)->(0, 0, 0)
[Stage B]  Trying tanh rewrite on NN leaf vars (1, 2) [coord=1/z]
[Stage B] Initialising TanhLinearLeaf for vars (1, 2), tag=leaf1
[info] dataloader for provider ASTCompositeAdaptor yields 3 batches (equivalent to a single batch up to floating-point roundoff; minor Python-loop overhead per batch).
[Stage B]    Candidate (tanh[z_inv]): params=771, val-loss=1.0539e-05
[Stage B]    Reject (tanh[z_inv]): simpler-over-budget(thr=5.370e-10) | loss 2.650e-10->1.054e-05 (Δ+1.05e-05) | params 1152->771 | cx (0, 0, 0)->(0, 0, 0)
[Stage B]  Trying trig on NN vars (1, 2), omega≈25.209, amp≈0.510
[Stage B] Initialising SinLinearLeaf for vars (1, 2), tag=leaf1
[Stage B] Post-custom-init validation (attempt 0), batch 0, finite: 2000/2000, min: -1.279e+06, max: 1.473e+06, mean: -1.460e+04
[Stage B] Post-custom-init validation (attempt 0), batch 1, finite: 2000/2000, min: -1.286e+06, max: 1.501e+06, mean: -1.279e+04
[Stage B] Post-custom-init validation (attempt 0), batch 2, finite: 2000/2000, min: -8.930e+05, max: 1.110e+06, mean: 2.348e+04
[Stage B] Prediction scale check (attempt 0): pred_median=5.240e+04, true_median=9.826e-02, ratio=5.333e+05
[Stage B] Warning: init scale_ratio extreme; rejecting candidate.
[Stage B]    Candidate (trig) rejected at init (non-finite loss); trying next.
[Stage B]  Trying trig on NN vars (1, 2), omega≈25.966, amp≈0.507 [coord=1/z]
[Stage B] Initialising SinLinearLeaf for vars (1, 2), tag=leaf1
[Stage B] Post-custom-init validation (attempt 0), batch 0, finite: 2000/2000, min: -1.097e+06, max: 1.341e+06, mean: -2.895e+02
[Stage B] Post-custom-init validation (attempt 0), batch 1, finite: 2000/2000, min: -1.168e+06, max: 1.365e+06, mean: 5.552e+03
[Stage B] Post-custom-init validation (attempt 0), batch 2, finite: 2000/2000, min: -8.064e+05, max: 1.057e+06, mean: 3.690e+04
[Stage B] Prediction scale check (attempt 0): pred_median=5.050e+04, true_median=9.826e-02, ratio=5.140e+05
[Stage B] Warning: init scale_ratio extreme; rejecting candidate.
[Stage B]    Candidate (trig[z_inv]) rejected at init (non-finite loss); trying next.
[Stage B]  Trying trig on NN vars (1, 2), omega≈4.000, amp≈0.507 [coord=1/z]
[Stage B] Initialising SinLinearLeaf for vars (1, 2), tag=leaf1
[Stage B] Post-custom-init validation (attempt 0), batch 0, finite: 2000/2000, min: -1.297e+06, max: 2.226e+04, mean: -1.385e+05
[Stage B] Post-custom-init validation (attempt 0), batch 1, finite: 2000/2000, min: -1.313e+06, max: 2.300e+04, mean: -1.459e+05
[Stage B] Post-custom-init validation (attempt 0), batch 2, finite: 2000/2000, min: -8.594e+05, max: 5.042e+05, mean: 4.719e+04
[Stage B] Prediction scale check (attempt 0): pred_median=3.904e+04, true_median=9.826e-02, ratio=3.973e+05
[Stage B] Warning: init scale_ratio extreme; rejecting candidate.
[Stage B]    Candidate (trig[z_inv]) rejected at init (non-finite loss); trying next.
[Stage B]  Trying trig on NN vars (1, 2), omega≈1.000, amp≈0.507 [coord=1/z]
[Stage B] Initialising SinLinearLeaf for vars (1, 2), tag=leaf1
[Stage B] Post-custom-init validation (attempt 0), batch 0, finite: 2000/2000, min: -1.410e+04, max: 8.201e+05, mean: 1.116e+05
[Stage B] Post-custom-init validation (attempt 0), batch 1, finite: 2000/2000, min: -1.453e+04, max: 8.374e+05, mean: 1.168e+05
[Stage B] Post-custom-init validation (attempt 0), batch 2, finite: 2000/2000, min: -1.015e+04, max: 5.475e+05, mean: 5.648e+04
[Stage B] Prediction scale check (attempt 0): pred_median=3.901e+04, true_median=9.826e-02, ratio=3.970e+05
[Stage B] Warning: init scale_ratio extreme; rejecting candidate.
[Stage B]    Candidate (trig[z_inv]) rejected at init (non-finite loss); trying next.
[Stage B]  Trying trig on NN vars (1, 2), omega≈12.983, amp≈0.507 [coord=1/z]
[Stage B] Initialising SinLinearLeaf for vars (1, 2), tag=leaf1
[Stage B] Post-custom-init validation (attempt 0), batch 0, finite: 2000/2000, min: -3.372e+05, max: 1.373e+06, mean: 1.391e+05
[Stage B] Post-custom-init validation (attempt 0), batch 1, finite: 2000/2000, min: -3.860e+05, max: 1.365e+06, mean: 1.483e+05
[Stage B] Post-custom-init validation (attempt 0), batch 2, finite: 2000/2000, min: -1.065e+06, max: 1.070e+06, mean: -1.411e+05
[Stage B] Prediction scale check (attempt 0): pred_median=5.415e+04, true_median=9.826e-02, ratio=5.510e+05
[Stage B] Warning: init scale_ratio extreme; rejecting candidate.
[Stage B]    Candidate (trig[z_inv]) rejected at init (non-finite loss); trying next.
[Stage B]  Trying trig on NN vars (1, 2), omega≈51.933, amp≈0.507 [coord=1/z]
[Stage B] Initialising SinLinearLeaf for vars (1, 2), tag=leaf1
[Stage B] Post-custom-init validation (attempt 0), batch 0, finite: 2000/2000, min: -1.389e+06, max: 1.320e+06, mean: -5.726e+03
[Stage B] Post-custom-init validation (attempt 0), batch 1, finite: 2000/2000, min: -1.413e+06, max: 1.364e+06, mean: -7.127e+03
[Stage B] Post-custom-init validation (attempt 0), batch 2, finite: 2000/2000, min: -9.660e+05, max: 1.005e+06, mean: -2.918e+04
[Stage B] Prediction scale check (attempt 0): pred_median=5.376e+04, true_median=9.826e-02, ratio=5.471e+05
[Stage B] Warning: init scale_ratio extreme; rejecting candidate.
[Stage B]    Candidate (trig[z_inv]) rejected at init (non-finite loss); trying next.
[Stage B]  Trying trig on NN vars (1, 2), omega≈4.000, amp≈0.510
[Stage B] Initialising SinLinearLeaf for vars (1, 2), tag=leaf1
[Stage B] Post-custom-init validation (attempt 0), batch 0, finite: 2000/2000, min: -1.708e+04, max: 1.013e+06, mean: 1.428e+05
[Stage B] Post-custom-init validation (attempt 0), batch 1, finite: 2000/2000, min: -1.691e+04, max: 1.006e+06, mean: 1.479e+05
[Stage B] Post-custom-init validation (attempt 0), batch 2, finite: 2000/2000, min: -1.450e+04, max: 1.073e+06, mean: 2.061e+05
[Stage B] Prediction scale check (attempt 0): pred_median=7.312e+04, true_median=9.826e-02, ratio=7.442e+05
[Stage B] Warning: init scale_ratio extreme; rejecting candidate.
[Stage B]    Candidate (trig) rejected at init (non-finite loss); trying next.
[Stage B]  Trying trig on NN vars (1, 2), omega≈1.000, amp≈0.510
[Stage B] Initialising SinLinearLeaf for vars (1, 2), tag=leaf1
[Stage B] Post-custom-init validation (attempt 0), batch 0, finite: 2000/2000, min: -7.200e+05, max: 1.241e+04, mean: -1.269e+05
[Stage B] Post-custom-init validation (attempt 0), batch 1, finite: 2000/2000, min: -7.131e+05, max: 1.235e+04, mean: -1.322e+05
[Stage B] Post-custom-init validation (attempt 0), batch 2, finite: 2000/2000, min: -7.314e+05, max: 9.933e+03, mean: -1.446e+05
[Stage B] Prediction scale check (attempt 0): pred_median=6.340e+04, true_median=9.826e-02, ratio=6.452e+05
[Stage B] Warning: init scale_ratio extreme; rejecting candidate.
[Stage B]    Candidate (trig) rejected at init (non-finite loss); trying next.
[Stage B]  Trying trig on NN vars (1, 2), omega≈12.605, amp≈0.510
[Stage B] Initialising SinLinearLeaf for vars (1, 2), tag=leaf1
[Stage B] Post-custom-init validation (attempt 0), batch 0, finite: 2000/2000, min: -1.323e+06, max: 4.030e+05, mean: -1.535e+05
[Stage B] Post-custom-init validation (attempt 0), batch 1, finite: 2000/2000, min: -1.293e+06, max: 2.550e+05, mean: -1.607e+05
[Stage B] Post-custom-init validation (attempt 0), batch 2, finite: 2000/2000, min: -1.051e+06, max: 8.495e+05, mean: 1.073e+05
[Stage B] Prediction scale check (attempt 0): pred_median=5.480e+04, true_median=9.826e-02, ratio=5.577e+05
[Stage B] Warning: init scale_ratio extreme; rejecting candidate.
[Stage B]    Candidate (trig) rejected at init (non-finite loss); trying next.
[Stage B]  Trying trig on NN vars (1, 2), omega≈50.419, amp≈0.510
[Stage B] Initialising SinLinearLeaf for vars (1, 2), tag=leaf1
[Stage B] Post-custom-init validation (attempt 0), batch 0, finite: 2000/2000, min: -1.458e+06, max: 1.226e+06, mean: 4.977e+03
[Stage B] Post-custom-init validation (attempt 0), batch 1, finite: 2000/2000, min: -1.480e+06, max: 1.255e+06, mean: 7.401e+03
[Stage B] Post-custom-init validation (attempt 0), batch 2, finite: 2000/2000, min: -1.018e+06, max: 9.405e+05, mean: -3.362e+03
[Stage B] Prediction scale check (attempt 0): pred_median=5.215e+04, true_median=9.826e-02, ratio=5.307e+05
[Stage B] Warning: init scale_ratio extreme; rejecting candidate.
[Stage B]    Candidate (trig) rejected at init (non-finite loss); trying next.
[Stage B]  Precheck reject (duplicate-signature) rule=univariate_nn cand=sinc_p2 target=nn#leaf1 vars=(1, 2) sig=(2, 2, 1, -1, -1, 0) attempted=90
[Stage B]  Precheck reject (duplicate-signature) rule=univariate_nn cand=sinc_p2[z_inv] target=nn#leaf1 vars=(1, 2) sig=(2, 2, 1, -1, -1, 0) attempted=90
[Stage B]  Trying affine trig (c + A*sin) on NN leaf vars (1, 2), omega≈25.209, amp≈0.510, offset≈-469.616
[Stage B] Initialising SinLinearLeaf for vars (1, 2), tag=leaf1
[Stage B] Post-custom-init validation (attempt 0), batch 0, finite: 2000/2000, min: -2.305e+07, max: 1.362e+09, mean: 2.211e+08
[Stage B] Post-custom-init validation (attempt 0), batch 1, finite: 2000/2000, min: -2.370e+07, max: 1.389e+09, mean: 2.307e+08
[Stage B] Post-custom-init validation (attempt 0), batch 2, finite: 2000/2000, min: -1.659e+07, max: 1.052e+09, mean: 1.975e+08
[Stage B] Prediction scale check (attempt 0): pred_median=9.919e+07, true_median=9.826e-02, ratio=1.009e+09
[Stage B] Warning: init scale_ratio extreme; rejecting candidate.
[Stage B]    Candidate (affine_trig) rejected at init (non-finite loss); trying next.
[Stage B]  Trying affine trig (c + A*sin) on NN leaf vars (1, 2), omega≈25.966, amp≈0.507, offset≈-469.681 [coord=1/z]
[Stage B] Initialising SinLinearLeaf for vars (1, 2), tag=leaf1
[Stage B] Post-custom-init validation (attempt 0), batch 0, finite: 2000/2000, min: -2.301e+07, max: 1.360e+09, mean: 2.211e+08
[Stage B] Post-custom-init validation (attempt 0), batch 1, finite: 2000/2000, min: -2.367e+07, max: 1.387e+09, mean: 2.308e+08
[Stage B] Post-custom-init validation (attempt 0), batch 2, finite: 2000/2000, min: -1.657e+07, max: 1.051e+09, mean: 1.975e+08
[Stage B] Prediction scale check (attempt 0): pred_median=9.926e+07, true_median=9.826e-02, ratio=1.010e+09
[Stage B] Warning: init scale_ratio extreme; rejecting candidate.
[Stage B]    Candidate (affine_trig[z_inv]) rejected at init (non-finite loss); trying next.
[Stage B]  Leaf-transform 'square' poly(deg=3): rms≈0.000
[Stage B] Post-custom-init validation (attempt 0), batch 0, finite: 2000/2000, min: -2.299e+07, max: 1.358e+09, mean: 2.211e+08
[Stage B] Post-custom-init validation (attempt 0), batch 1, finite: 2000/2000, min: -2.364e+07, max: 1.386e+09, mean: 2.308e+08
[Stage B] Post-custom-init validation (attempt 0), batch 2, finite: 2000/2000, min: -1.655e+07, max: 1.053e+09, mean: 1.980e+08
[Stage B] Prediction scale check (attempt 0): pred_median=9.952e+07, true_median=9.826e-02, ratio=1.013e+09
[Stage B] Warning: init scale_ratio extreme; rejecting candidate.
[Stage B]    Candidate (leaftr_square_poly3) rejected at init (non-finite loss); trying next.
[Stage B]  Leaf-transform 'square' poly(deg=3): rms≈0.000 [coord=1/z]
[Stage B] Post-custom-init validation (attempt 0), batch 0, finite: 2000/2000, min: -2.299e+07, max: 1.358e+09, mean: 2.211e+08
[Stage B] Post-custom-init validation (attempt 0), batch 1, finite: 2000/2000, min: -2.364e+07, max: 1.386e+09, mean: 2.308e+08
[Stage B] Post-custom-init validation (attempt 0), batch 2, finite: 2000/2000, min: -1.655e+07, max: 1.053e+09, mean: 1.980e+08
[Stage B] Prediction scale check (attempt 0): pred_median=9.952e+07, true_median=9.826e-02, ratio=1.013e+09
[Stage B] Warning: init scale_ratio extreme; rejecting candidate.
[Stage B]    Candidate (leaftr_square_poly3[z_inv]) rejected at init (non-finite loss); trying next.
[Stage B]  Leaf-transform 'recip' poly(deg=3): rms≈0.000
[Stage B] Post-custom-init validation (attempt 0), batch 0, finite: 2000/2000, min: -2.299e+07, max: 1.358e+09, mean: 2.211e+08
[Stage B] Post-custom-init validation (attempt 0), batch 1, finite: 2000/2000, min: -2.364e+07, max: 1.386e+09, mean: 2.308e+08
[Stage B] Post-custom-init validation (attempt 0), batch 2, finite: 2000/2000, min: -1.655e+07, max: 1.053e+09, mean: 1.980e+08
[Stage B] Prediction scale check (attempt 0): pred_median=9.952e+07, true_median=9.826e-02, ratio=1.013e+09
[Stage B] Warning: init scale_ratio extreme; rejecting candidate.
[Stage B]    Candidate (leaftr_recip_poly3) rejected at init (non-finite loss); trying next.
[Stage B]  Leaf-transform 'recip' poly(deg=3): rms≈0.000 [coord=1/z]
[Stage B] Post-custom-init validation (attempt 0), batch 0, finite: 2000/2000, min: -2.299e+07, max: 1.358e+09, mean: 2.211e+08
[Stage B] Post-custom-init validation (attempt 0), batch 1, finite: 2000/2000, min: -2.364e+07, max: 1.386e+09, mean: 2.308e+08
[Stage B] Post-custom-init validation (attempt 0), batch 2, finite: 2000/2000, min: -1.655e+07, max: 1.053e+09, mean: 1.980e+08
[Stage B] Prediction scale check (attempt 0): pred_median=9.952e+07, true_median=9.826e-02, ratio=1.013e+09
[Stage B] Warning: init scale_ratio extreme; rejecting candidate.
[Stage B]    Candidate (leaftr_recip_poly3[z_inv]) rejected at init (non-finite loss); trying next.
[Stage B]  Leaf-transform 'square' trig: rms≈0.000, omega≈1.000, amp≈6052.792, offset≈220304.094
[Stage B] Initialising SinLinearLeaf for vars (1, 2), tag=leaf1
[Stage B] Post-custom-init validation (attempt 0), batch 0, finite: 2000/2000, min: -2.299e+07, max: 1.358e+09, mean: 2.211e+08
[Stage B] Post-custom-init validation (attempt 0), batch 1, finite: 2000/2000, min: -2.364e+07, max: 1.386e+09, mean: 2.308e+08
[Stage B] Post-custom-init validation (attempt 0), batch 2, finite: 2000/2000, min: -1.655e+07, max: 1.053e+09, mean: 1.980e+08
[Stage B] Prediction scale check (attempt 0): pred_median=9.952e+07, true_median=9.826e-02, ratio=1.013e+09
[Stage B] Warning: init scale_ratio extreme; rejecting candidate.
[Stage B]    Candidate (leaftr_square_affine_trig) rejected at init (non-finite loss); trying next.
[Stage B]  Leaf-transform 'square' trig: rms≈0.000, omega≈1.000, amp≈11589.097, offset≈210818.755 [coord=1/z]
[Stage B] Initialising SinLinearLeaf for vars (1, 2), tag=leaf1
[Stage B] Post-custom-init validation (attempt 0), batch 0, finite: 2000/2000, min: -2.299e+07, max: 1.358e+09, mean: 2.211e+08
[Stage B] Post-custom-init validation (attempt 0), batch 1, finite: 2000/2000, min: -2.364e+07, max: 1.386e+09, mean: 2.308e+08
[Stage B] Post-custom-init validation (attempt 0), batch 2, finite: 2000/2000, min: -1.655e+07, max: 1.053e+09, mean: 1.980e+08
[Stage B] Prediction scale check (attempt 0): pred_median=9.952e+07, true_median=9.826e-02, ratio=1.013e+09
[Stage B] Warning: init scale_ratio extreme; rejecting candidate.
[Stage B]    Candidate (leaftr_square_affine_trig[z_inv]) rejected at init (non-finite loss); trying next.
[Stage B]  Trying 1D Expm1 rewrite on NN leaf vars (1, 2) [coord=1/z]
[Stage B custom_init Expm1] compound vars=(1, 2), a≈0.01, logA≈6.14
[Stage B] Post-custom-init validation (attempt 0), batch 0, finite: 2000/2000, min: -1.247e+07, max: 2.123e+05, mean: -2.191e+06
[Stage B] Post-custom-init validation (attempt 0), batch 1, finite: 2000/2000, min: -1.251e+07, max: 2.119e+05, mean: -2.284e+06
[Stage B] Post-custom-init validation (attempt 0), batch 2, finite: 2000/2000, min: -1.200e+07, max: 1.630e+05, mean: -2.391e+06
[Stage B] Prediction scale check (attempt 0): pred_median=1.073e+06, true_median=9.826e-02, ratio=1.092e+07
[Stage B] Warning: init scale_ratio extreme; rejecting candidate.
[Stage B]    Candidate (expm1[z_inv]) rejected at init (non-finite loss); trying next.
[Stage B]  Trying 1D symexp_denom_1d_recip rewrite (scale/(exp(r)+exp(-r))) on NN leaf vars (1, 2) [coord=1/z]
[Stage B custom_init symexp_denom_1d_recip] compound vars=(1, 2), scale≈-990, r±(z)≈-63.1*z
[Stage B] Post-custom-init validation (attempt 0), batch 0, finite: 2000/2000, min: -5.792e-17, max: 3.205e-15, mean: 3.990e-17
[Stage B] Post-custom-init validation (attempt 0), batch 1, finite: 2000/2000, min: -6.271e-17, max: 2.066e-15, mean: 3.774e-17
[Stage B] Post-custom-init validation (attempt 0), batch 2, finite: 2000/2000, min: -3.039e-17, max: 2.032e-15, mean: 2.251e-18
[Stage B] Prediction scale check (attempt 0): pred_median=2.065e-21, true_median=9.826e-02, ratio=2.101e-20
[Stage B] Warning: init scale_ratio extreme; rejecting candidate.
[Stage B]    Candidate (symexp_denom_1d_recip[z_inv]) rejected at init (non-finite loss); trying next.
[Stage B]  Trying 1D compound macro shared-prefactor+residual macro on NN leaf vars [1, 2], pref=arg0^2, macro=hypot(1/arg0,1/arg0), screen_r2=1.000, ok_frac=1.000 [coord=1/z]
[info] dataloader for provider ASTCompositeAdaptor yields 3 batches (equivalent to a single batch up to floating-point roundoff; minor Python-loop overhead per batch).
[Stage B]    Candidate (cf_sharedpref_resid[z_inv]): params=771, val-loss=7.8297e-06
[Stage B]    Reject (cf_sharedpref_resid[z_inv]): simpler-over-budget(thr=5.370e-10) | loss 2.650e-10->7.830e-06 (Δ+7.83e-06) | params 1152->771 | cx (0, 0, 0)->(0, 0, 0)
[Stage B]  Skipping cf_sharedpref_resid[z_inv] (previously rejected on same target)
[Stage B]  one_minus_cos_over_z2 skip NN vars (1,): phase is not dimensionless for z=x1, dim=(Fraction(0, 1), Fraction(-1, 1), Fraction(0, 1))
[Stage B] ratpoly_1d degree probe: no valid pairs, falling back to unconstrained grid, vars=(1,)
[Stage B] ratpoly_1d rejected: best rel_rms=0.0012 > 0.001, deg=(4,2), vars=(1,)
[Stage B] ratpoly_1d degree probe: no valid pairs, falling back to unconstrained grid, vars=(1,)
[Stage B] ratpoly_1d rejected: best rel_rms=0.0050 > 0.001, deg=(3,4), vars=(1,)
[Stage B]  one_minus_cos_over_z2 skip NN vars (1,): phase is not dimensionless for z=(x1)**-1, dim=(Fraction(0, 1), Fraction(1, 1), Fraction(0, 1))
[Stage B] ratpoly_1d degree probe: no valid pairs, falling back to unconstrained grid, vars=(1,)
[Stage B] ratpoly_1d rejected: best rel_rms=0.0206 > 0.001, deg=(3,2), vars=(1,)
[Stage B] ratpoly_1d degree probe: no valid pairs, falling back to unconstrained grid, vars=(1,)
[Stage B] ratpoly_1d probe: 3 sub-threshold trial(s) for vars=(1,): deg=(2,4)->(2,4) nnz=(3,5) rms=0.0008, deg=(4,2)->(4,2) nnz=(5,3) rms=0.0009, deg=(4,4)->(4,4) nnz=(5,5) rms=0.0005
[Stage B] RuleUniNN proposing 16 candidates for NN vars=(1,): ['monomial_deg1', 'monomial_deg2', 'monomial_deg3', 'cf_combo', 'cf_combo', 'cf_combo', 'cf_combo', 'cf_combo', 'cf_combo', 'cf_combo', 'cf_combo', 'cf_combo', 'cf_combo', 'sqrt_ratpoly_1d', 'sqrt_ratpoly_1d[1]', 'sqrt_ratpoly_1d[2]']
[Stage B]  Skipping reciprocal-coordinate alias sqrt_ratpoly_1d: closed-under-reciprocal:sqrt_ratpoly_1d
[Stage B]  Skipping reciprocal-coordinate alias sqrt_ratpoly_1d[1]: closed-under-reciprocal:sqrt_ratpoly_1d
[Stage B]  Skipping reciprocal-coordinate alias sqrt_ratpoly_1d[2]: closed-under-reciprocal:sqrt_ratpoly_1d
[Stage B] RuleUniNN proposing 13 candidates for NN vars=(1,): ['monomial_deg1[z_inv]', 'monomial_deg2[z_inv]', 'monomial_deg3[z_inv]', 'cf_combo[z_inv]', 'cf_combo[z_inv]', 'cf_combo[z_inv]', 'cf_combo[z_inv]', 'cf_combo[z_inv]', 'cf_combo[z_inv]', 'cf_combo[z_inv]', 'cf_combo[z_inv]', 'cf_combo[z_inv]', 'cf_combo[z_inv]']
[Stage B]  Greedy order (13 cands): monomial_deg1[z_inv](1999p), monomial_deg2[z_inv](1999p), monomial_deg3[z_inv](1999p), cf_combo[z_inv](2001p), cf_combo[z_inv](2000p), cf_combo[z_inv](2001p), cf_combo[z_inv](2000p), cf_combo[z_inv](2001p), cf_combo[z_inv](2000p), cf_combo[z_inv](2001p), cf_combo[z_inv](2000p), cf_combo[z_inv](2001p), cf_combo[z_inv](2000p)
[Stage B]  Trying 1D monomial (c·x^1) rewrite on NN leaf vars (1,) [coord=1/z]
[Stage B] Initialising PolyLeaf for vars (1,), tag=leaf2
[info] dataloader for provider ASTCompositeAdaptor yields 3 batches (equivalent to a single batch up to floating-point roundoff; minor Python-loop overhead per batch).
[LM][bucket] solving P=769 (trivially separable union)
Validation patience exceeded at epoch 601/2000, nval_worse=500
[Stage B]    Candidate (monomial_deg1[z_inv]): params=769, val-loss=2.5859e-03
[Stage B]    Reject (monomial_deg1[z_inv]): simpler-over-budget(thr=5.374e-10) | loss 2.650e-10->2.586e-03 (Δ+2.59e-03) | params 1152->769 | cx (0, 0, 0)->(0, 0, 0)
[Stage B]  Trying 1D monomial (c·x^2) rewrite on NN leaf vars (1,) [coord=1/z]
[Stage B] Initialising PolyLeaf for vars (1,), tag=leaf2
[info] dataloader for provider ASTCompositeAdaptor yields 3 batches (equivalent to a single batch up to floating-point roundoff; minor Python-loop overhead per batch).
Validation patience exceeded at epoch 601/2000, nval_worse=500
[Stage B]    Candidate (monomial_deg2[z_inv]): params=769, val-loss=1.6991e-02
[Stage B]    Reject (monomial_deg2[z_inv]): simpler-over-budget(thr=5.374e-10) | loss 2.650e-10->1.699e-02 (Δ+1.70e-02) | params 1152->769 | cx (0, 0, 0)->(0, 0, 0)
[Stage B]  Trying 1D monomial (c·x^3) rewrite on NN leaf vars (1,) [coord=1/z]
[Stage B] Initialising PolyLeaf for vars (1,), tag=leaf2
[info] dataloader for provider ASTCompositeAdaptor yields 3 batches (equivalent to a single batch up to floating-point roundoff; minor Python-loop overhead per batch).
[Stage B]    Candidate (monomial_deg3[z_inv]): params=769, val-loss=2.7779e-02
[Stage B]    Reject (monomial_deg3[z_inv]): simpler-over-budget(thr=5.374e-10) | loss 2.650e-10->2.778e-02 (Δ+2.78e-02) | params 1152->769 | cx (0, 0, 0)->(0, 0, 0)
[Stage B]  Precheck reject (units: units-inconsistent (T)) rule=univariate_nn cand=cf_combo[z_inv] target=nn#leaf2 vars=(1,) attempted=90
[Stage B]  Precheck reject (units: units-inconsistent (T)) rule=univariate_nn cand=cf_combo[z_inv] target=nn#leaf2 vars=(1,) attempted=90
[Stage B]  Precheck reject (units: units-inconsistent (T)) rule=univariate_nn cand=cf_combo[z_inv] target=nn#leaf2 vars=(1,) attempted=90
[Stage B]  Precheck reject (units: units-inconsistent (T)) rule=univariate_nn cand=cf_combo[z_inv] target=nn#leaf2 vars=(1,) attempted=90
[Stage B]  Precheck reject (units: units-inconsistent (T)) rule=univariate_nn cand=cf_combo[z_inv] target=nn#leaf2 vars=(1,) attempted=90
[Stage B]  Precheck reject (units: units-inconsistent (T)) rule=univariate_nn cand=cf_combo[z_inv] target=nn#leaf2 vars=(1,) attempted=90
[Stage B]  Precheck reject (units: units-inconsistent (T)) rule=univariate_nn cand=cf_combo[z_inv] target=nn#leaf2 vars=(1,) attempted=90
[Stage B]  Precheck reject (units: units-inconsistent (T)) rule=univariate_nn cand=cf_combo[z_inv] target=nn#leaf2 vars=(1,) attempted=90
[Stage B]  Precheck reject (units: units-inconsistent (T)) rule=univariate_nn cand=cf_combo[z_inv] target=nn#leaf2 vars=(1,) attempted=90
[Stage B]  Precheck reject (units: units-inconsistent (T)) rule=univariate_nn cand=cf_combo[z_inv] target=nn#leaf2 vars=(1,) attempted=90
[Stage B] Rule log_ratio found 0 targets
[Stage B] Rule power_product found 0 targets
[Stage B] Rule joint_product_monomial_closure found 2 targets
[Stage B]   target order (arity-asc): [vars=?(arity=0), vars=?(arity=0)]
[Stage B]  joint_product_monomial_closure target: tags=('leaf0', 'leaf1', 'leaf2'), supports=((0,), (1, 2), (1,)), compound=(False, True, False), fit_support=(0, 1, 2)
[Stage B]  joint_product_monomial_closure: no clean integer monomial for 3 NN factor(s), support=(0, 1, 2); reason=integer-snap-failed, n=5000, raw=[-0.0558, 1.68, -0.476], snap=[0, 2, 0], snap_err=0.476
[Stage B]  joint_product_monomial_closure target: tags=('leaf0', 'leaf1'), supports=((0,), (1, 2)), compound=(False, True), fit_support=(0, 1, 2)
[Stage B]  joint_product_monomial_closure: no clean integer monomial for 2 NN factor(s), support=(0, 1, 2); reason=all-zero-exponents, raw=[-0.0583, -0.0119, 0.0108], snap=[0, 0, 0]
[Stage B] Rule overlap_prefactor_peel found 0 targets
[Stage B] Rule overlap_counterterm_peel found 0 targets
[Stage B] Rule common_prefactor found 0 targets
[Stage B] Rule additive_gauge_transfer found 0 targets
[Stage B] Rule multiplicative_homogeneity_transfer found 0 targets
[Stage B] Rule univariate_mono found 3 targets
[Stage B]   target order (arity-asc): [vars=(0,)(arity=1), vars=(1, 2)(arity=1), vars=(1,)(arity=1)]
[Stage B]  Greedy order (3 cands): monomial_deg1[z_inv](1998p), monomial_deg2[z_inv](1998p), monomial_deg3[z_inv](1998p)
[Stage B]  Trying 1D monomial (c·x^1) rewrite on NN leaf vars (0,) [coord=1/z]
[Stage B] Initialising RPolyLeaf for vars (0,), tag=leaf0
[info] dataloader for provider ASTCompositeAdaptor yields 3 batches (equivalent to a single batch up to floating-point roundoff; minor Python-loop overhead per batch).
[LM][bucket] solving P=768 (trivially separable union)
Validation patience exceeded at epoch 801/2000, nval_worse=500
[Stage B]    Candidate (monomial_deg1[z_inv]): params=768, val-loss=7.1867e-02
[Stage B]    Reject (monomial_deg1[z_inv]): simpler-over-budget(thr=5.376e-10) | loss 2.650e-10->7.187e-02 (Δ+7.19e-02) | params 1152->768 | cx (0, 0, 0)->(0, 0, 0)
[Stage B]  Trying 1D monomial (c·x^2) rewrite on NN leaf vars (0,) [coord=1/z]
[Stage B] Initialising RPolyLeaf for vars (0,), tag=leaf0
[info] dataloader for provider ASTCompositeAdaptor yields 3 batches (equivalent to a single batch up to floating-point roundoff; minor Python-loop overhead per batch).
Validation patience exceeded at epoch 601/2000, nval_worse=500
[Stage B]    Candidate (monomial_deg2[z_inv]): params=768, val-loss=7.2416e-02
[Stage B]    Reject (monomial_deg2[z_inv]): simpler-over-budget(thr=5.376e-10) | loss 2.650e-10->7.242e-02 (Δ+7.24e-02) | params 1152->768 | cx (0, 0, 0)->(0, 0, 0)
[Stage B]  Trying 1D monomial (c·x^3) rewrite on NN leaf vars (0,) [coord=1/z]
[Stage B] Initialising RPolyLeaf for vars (0,), tag=leaf0
[info] dataloader for provider ASTCompositeAdaptor yields 3 batches (equivalent to a single batch up to floating-point roundoff; minor Python-loop overhead per batch).
Validation patience exceeded at epoch 601/2000, nval_worse=500
[Stage B]    Candidate (monomial_deg3[z_inv]): params=768, val-loss=7.2523e-02
[Stage B]    Reject (monomial_deg3[z_inv]): simpler-over-budget(thr=5.376e-10) | loss 2.650e-10->7.252e-02 (Δ+7.25e-02) | params 1152->768 | cx (0, 0, 0)->(0, 0, 0)
[Stage B]  Greedy order (6 cands): monomial_deg1(1998p), monomial_deg1[z_inv](1998p), monomial_deg2(1998p), monomial_deg2[z_inv](1998p), monomial_deg3(1998p), monomial_deg3[z_inv](1998p)
[Stage B]  Trying 1D monomial (c·x^1) rewrite on NN leaf vars (1, 2)
[Stage B] Initialising RPolyLeaf for vars (1, 2), tag=leaf1
[info] dataloader for provider ASTCompositeAdaptor yields 3 batches (equivalent to a single batch up to floating-point roundoff; minor Python-loop overhead per batch).
Validation patience exceeded at epoch 901/2000, nval_worse=500
[Stage B]    Candidate (monomial_deg1): params=768, val-loss=2.2374e-03
[Stage B]    Reject (monomial_deg1): simpler-over-budget(thr=5.376e-10) | loss 2.650e-10->2.237e-03 (Δ+2.24e-03) | params 1152->768 | cx (0, 0, 0)->(0, 0, 0)
[Stage B]  Trying 1D monomial (c·x^1) rewrite on NN leaf vars (1, 2) [coord=1/z]
[Stage B] Initialising RPolyLeaf for vars (1, 2), tag=leaf1
[info] dataloader for provider ASTCompositeAdaptor yields 3 batches (equivalent to a single batch up to floating-point roundoff; minor Python-loop overhead per batch).
Validation patience exceeded at epoch 1001/2000, nval_worse=500
[Stage B]    Candidate (monomial_deg1[z_inv]): params=768, val-loss=5.0027e-04
[Stage B]    Reject (monomial_deg1[z_inv]): simpler-over-budget(thr=5.376e-10) | loss 2.650e-10->5.003e-04 (Δ+5.00e-04) | params 1152->768 | cx (0, 0, 0)->(0, 0, 0)
[Stage B]  Trying 1D monomial (c·x^2) rewrite on NN leaf vars (1, 2)
[Stage B] Initialising RPolyLeaf for vars (1, 2), tag=leaf1
[info] dataloader for provider ASTCompositeAdaptor yields 3 batches (equivalent to a single batch up to floating-point roundoff; minor Python-loop overhead per batch).
Validation patience exceeded at epoch 901/2000, nval_worse=500
[Stage B]    Candidate (monomial_deg2): params=768, val-loss=7.1405e-03
[Stage B]    Reject (monomial_deg2): simpler-over-budget(thr=5.376e-10) | loss 2.650e-10->7.140e-03 (Δ+7.14e-03) | params 1152->768 | cx (0, 0, 0)->(0, 0, 0)
[Stage B]  Trying 1D monomial (c·x^2) rewrite on NN leaf vars (1, 2) [coord=1/z]
[Stage B] Initialising RPolyLeaf for vars (1, 2), tag=leaf1
[info] dataloader for provider ASTCompositeAdaptor yields 3 batches (equivalent to a single batch up to floating-point roundoff; minor Python-loop overhead per batch).
Validation patience exceeded at epoch 1101/2000, nval_worse=500
[Stage B]    Candidate (monomial_deg2[z_inv]): params=768, val-loss=2.4803e-03
[Stage B]    Reject (monomial_deg2[z_inv]): simpler-over-budget(thr=5.376e-10) | loss 2.650e-10->2.480e-03 (Δ+2.48e-03) | params 1152->768 | cx (0, 0, 0)->(0, 0, 0)
[Stage B]  Trying 1D monomial (c·x^3) rewrite on NN leaf vars (1, 2)
[Stage B] Initialising RPolyLeaf for vars (1, 2), tag=leaf1
[info] dataloader for provider ASTCompositeAdaptor yields 3 batches (equivalent to a single batch up to floating-point roundoff; minor Python-loop overhead per batch).
[Stage B]    Candidate (monomial_deg3): params=768, val-loss=1.4089e-02
[Stage B]    Reject (monomial_deg3): simpler-over-budget(thr=5.376e-10) | loss 2.650e-10->1.409e-02 (Δ+1.41e-02) | params 1152->768 | cx (0, 0, 0)->(0, 0, 0)
[Stage B]  Trying 1D monomial (c·x^3) rewrite on NN leaf vars (1, 2) [coord=1/z]
[Stage B] Initialising RPolyLeaf for vars (1, 2), tag=leaf1
[info] dataloader for provider ASTCompositeAdaptor yields 3 batches (equivalent to a single batch up to floating-point roundoff; minor Python-loop overhead per batch).
Validation patience exceeded at epoch 601/2000, nval_worse=500
[Stage B]    Candidate (monomial_deg3[z_inv]): params=768, val-loss=5.0617e-03
[Stage B]    Reject (monomial_deg3[z_inv]): simpler-over-budget(thr=5.376e-10) | loss 2.650e-10->5.062e-03 (Δ+5.06e-03) | params 1152->768 | cx (0, 0, 0)->(0, 0, 0)
[Stage B]  Greedy order (3 cands): monomial_deg1[z_inv](1998p), monomial_deg2[z_inv](1998p), monomial_deg3[z_inv](1998p)
[Stage B]  Trying 1D monomial (c·x^1) rewrite on NN leaf vars (1,) [coord=1/z]
[Stage B] Initialising RPolyLeaf for vars (1,), tag=leaf2
[info] dataloader for provider ASTCompositeAdaptor yields 3 batches (equivalent to a single batch up to floating-point roundoff; minor Python-loop overhead per batch).
Validation patience exceeded at epoch 601/2000, nval_worse=500
[Stage B]    Candidate (monomial_deg1[z_inv]): params=768, val-loss=2.5760e-03
[Stage B]    Reject (monomial_deg1[z_inv]): simpler-over-budget(thr=5.376e-10) | loss 2.650e-10->2.576e-03 (Δ+2.58e-03) | params 1152->768 | cx (0, 0, 0)->(0, 0, 0)
[Stage B]  Trying 1D monomial (c·x^2) rewrite on NN leaf vars (1,) [coord=1/z]
[Stage B] Initialising RPolyLeaf for vars (1,), tag=leaf2
[info] dataloader for provider ASTCompositeAdaptor yields 3 batches (equivalent to a single batch up to floating-point roundoff; minor Python-loop overhead per batch).
Validation patience exceeded at epoch 601/2000, nval_worse=500
[Stage B]    Candidate (monomial_deg2[z_inv]): params=768, val-loss=1.7062e-02
[Stage B]    Reject (monomial_deg2[z_inv]): simpler-over-budget(thr=5.376e-10) | loss 2.650e-10->1.706e-02 (Δ+1.71e-02) | params 1152->768 | cx (0, 0, 0)->(0, 0, 0)
[Stage B]  Trying 1D monomial (c·x^3) rewrite on NN leaf vars (1,) [coord=1/z]
[Stage B] Initialising RPolyLeaf for vars (1,), tag=leaf2
[info] dataloader for provider ASTCompositeAdaptor yields 3 batches (equivalent to a single batch up to floating-point roundoff; minor Python-loop overhead per batch).
Validation patience exceeded at epoch 701/2000, nval_worse=500
[Stage B]    Candidate (monomial_deg3[z_inv]): params=768, val-loss=2.7879e-02
[Stage B]    Reject (monomial_deg3[z_inv]): simpler-over-budget(thr=5.376e-10) | loss 2.650e-10->2.788e-02 (Δ+2.79e-02) | params 1152->768 | cx (0, 0, 0)->(0, 0, 0)
[Stage B] Rule nn_leaf_separability found 0 targets
[Stage B] Rule counterterm_mul_split found 0 targets
[Stage B] Rule counterfactor_add_split found 0 targets
[Stage B] === Phase 1 complete: No more separabilities found ===
[Stage B] === Phase 2: Trying specialized patterns (after exhausting separability) ===
[Stage B]   target order (arity-asc): [vars=(0,)(arity=1), vars=(1, 2)(arity=1), vars=(1,)(arity=1)]
[Stage B]  Greedy order (10 cands): cf_sharedpref_resid(2001p), cf_sharedpref_resid(2001p), cf_sharedpref_resid(2001p), cf_sharedpref_resid(2001p), cf_sharedpref_resid(2001p), cf_sharedpref_resid(2001p), cf_combo(2001p), cf_combo(2000p), cf_combo(2001p), cf_combo(2000p)
[Stage B]  Precheck reject (units: units-inconsistent (L)) rule=compound_fn_macros cand=cf_sharedpref_resid target=nn#leaf0 vars=(0,) attempted=0
[Stage B]  Precheck reject (units: units-inconsistent (L)) rule=compound_fn_macros cand=cf_sharedpref_resid target=nn#leaf0 vars=(0,) attempted=0
[Stage B]  Precheck reject (units: units-inconsistent (L)) rule=compound_fn_macros cand=cf_sharedpref_resid target=nn#leaf0 vars=(0,) attempted=0
[Stage B]  Precheck reject (units: units-inconsistent (L)) rule=compound_fn_macros cand=cf_sharedpref_resid target=nn#leaf0 vars=(0,) attempted=0
[Stage B]  Precheck reject (units: units-inconsistent (L)) rule=compound_fn_macros cand=cf_sharedpref_resid target=nn#leaf0 vars=(0,) attempted=0
[Stage B]  Precheck reject (units: units-inconsistent (L)) rule=compound_fn_macros cand=cf_sharedpref_resid target=nn#leaf0 vars=(0,) attempted=0
[Stage B]  Precheck reject (units: units-inconsistent (L)) rule=compound_fn_macros cand=cf_combo target=nn#leaf0 vars=(0,) attempted=0
[Stage B]  Precheck reject (units: units-inconsistent (L)) rule=compound_fn_macros cand=cf_combo target=nn#leaf0 vars=(0,) attempted=0
[Stage B]  Precheck reject (units: units-inconsistent (L)) rule=compound_fn_macros cand=cf_combo target=nn#leaf0 vars=(0,) attempted=0
[Stage B]  Precheck reject (units: units-inconsistent (L)) rule=compound_fn_macros cand=cf_combo target=nn#leaf0 vars=(0,) attempted=0
[Stage B]  Greedy order (10 cands): cf_combo(2001p), cf_combo(2000p), cf_combo(2001p), cf_combo(2000p), cf_combo(2001p), cf_combo(2000p), cf_combo(2001p), cf_combo(2000p), cf_combo(2001p), cf_combo(2000p)
[Stage B]  Trying tier-3 linear combo on NN leaf vars [1, 2], terms=['inv1p *(sqrt1p(arg0^2))', 'arg0'], screen_r2=1.000, ok_frac=1.000
[info] dataloader for provider ASTCompositeAdaptor yields 3 batches (equivalent to a single batch up to floating-point roundoff; minor Python-loop overhead per batch).
[LM][bucket] solving P=771 (trivially separable union)
[Stage B]    Candidate (cf_combo): params=771, val-loss=8.9109e-06
[Stage B]    Reject (cf_combo): simpler-over-budget(thr=5.370e-10) | loss 2.650e-10->8.911e-06 (Δ+8.91e-06) | params 1152->771 | cx (0, 0, 0)->(0, 0, 0)
[Stage B]  Skipping cf_combo (previously rejected on same target)
[Stage B]  Skipping cf_combo (previously rejected on same target)
[Stage B]  Skipping cf_combo (previously rejected on same target)
[Stage B]  Skipping cf_combo (previously rejected on same target)
[Stage B]  Skipping cf_combo (previously rejected on same target)
[Stage B]  Skipping cf_combo (previously rejected on same target)
[Stage B]  Skipping cf_combo (previously rejected on same target)
[Stage B]  Skipping cf_combo (previously rejected on same target)
[Stage B]  Skipping cf_combo (previously rejected on same target)
[Stage B]  Greedy order (10 cands): cf_sharedpref_resid(2001p), cf_sharedpref_resid(2001p), cf_sharedpref_resid(2001p), cf_sharedpref_resid(2001p), cf_sharedpref_resid(2001p), cf_sharedpref_resid(2001p), cf_combo(2001p), cf_combo(2000p), cf_combo(2001p), cf_combo(2000p)
[Stage B]  Precheck reject (units: units-inconsistent (T)) rule=compound_fn_macros cand=cf_sharedpref_resid target=nn#leaf2 vars=(1,) attempted=0
[Stage B]  Precheck reject (units: units-inconsistent (T)) rule=compound_fn_macros cand=cf_sharedpref_resid target=nn#leaf2 vars=(1,) attempted=0
[Stage B]  Precheck reject (units: units-inconsistent (T)) rule=compound_fn_macros cand=cf_sharedpref_resid target=nn#leaf2 vars=(1,) attempted=0
[Stage B]  Precheck reject (units: units-inconsistent (T)) rule=compound_fn_macros cand=cf_sharedpref_resid target=nn#leaf2 vars=(1,) attempted=0
[Stage B]  Precheck reject (units: units-inconsistent (T)) rule=compound_fn_macros cand=cf_sharedpref_resid target=nn#leaf2 vars=(1,) attempted=0
[Stage B]  Precheck reject (units: units-inconsistent (T)) rule=compound_fn_macros cand=cf_sharedpref_resid target=nn#leaf2 vars=(1,) attempted=0
[Stage B]  Precheck reject (units: units-inconsistent (T)) rule=compound_fn_macros cand=cf_combo target=nn#leaf2 vars=(1,) attempted=0
[Stage B]  Precheck reject (units: units-inconsistent (T)) rule=compound_fn_macros cand=cf_combo target=nn#leaf2 vars=(1,) attempted=0
[Stage B]  Precheck reject (units: units-inconsistent (T)) rule=compound_fn_macros cand=cf_combo target=nn#leaf2 vars=(1,) attempted=0
[Stage B]  Precheck reject (units: units-inconsistent (T)) rule=compound_fn_macros cand=cf_combo target=nn#leaf2 vars=(1,) attempted=0
[Stage B]   target order (arity-asc): [vars=(0,)(arity=1), vars=(1, 2)(arity=1), vars=(1,)(arity=1)]
[Stage B]  Greedy order (2 cands): logistic_ode(2001p), chirp_cos_prod(2004p)
[Stage B]  Precheck reject (units: free_const 'leaf0_uinv_y0' is not declared in UnitsSpec.free_const_dims) rule=univariate_oracle_invariants cand=logistic_ode target=nn#leaf0 vars=(0,) attempted=0
[Stage B]  Precheck reject (units: free_const 'leaf0_uinv_amp' is not declared in UnitsSpec.free_const_dims) rule=univariate_oracle_invariants cand=chirp_cos_prod target=nn#leaf0 vars=(0,) attempted=0
[Stage B]  Greedy order (4 cands): logistic_ode(2001p), chirp_cos_prod(2004p), chirp_sin_quad(2002p), trig_harmonics_1_3(2004p)
[Stage B]  Precheck reject (units: free_const 'leaf1_uinv_y0' is not declared in UnitsSpec.free_const_dims) rule=univariate_oracle_invariants cand=logistic_ode target=nn#leaf1 vars=(1, 2) attempted=0
[Stage B]  Precheck reject (units: free_const 'leaf1_uinv_amp' is not declared in UnitsSpec.free_const_dims) rule=univariate_oracle_invariants cand=chirp_cos_prod target=nn#leaf1 vars=(1, 2) attempted=0
[Stage B]  Precheck reject (units: free_const 'leaf1_uinv_amp' is not declared in UnitsSpec.free_const_dims) rule=univariate_oracle_invariants cand=chirp_sin_quad target=nn#leaf1 vars=(1, 2) attempted=0
[Stage B]  Trying trig harmonics (1&3) on NN vars=(1, 2): omega≈0.1, rel=2.94e-09
[Stage B] Post-custom-init validation (attempt 0), batch 0, finite: 2000/2000, min: -2.299e+07, max: 1.358e+09, mean: 2.211e+08
[Stage B] Post-custom-init validation (attempt 0), batch 1, finite: 2000/2000, min: -2.364e+07, max: 1.386e+09, mean: 2.308e+08
[Stage B] Post-custom-init validation (attempt 0), batch 2, finite: 2000/2000, min: -1.655e+07, max: 1.053e+09, mean: 1.980e+08
[Stage B] Prediction scale check (attempt 0): pred_median=9.952e+07, true_median=9.826e-02, ratio=1.013e+09
[Stage B] Warning: init scale_ratio extreme; rejecting candidate.
[Stage B]    Candidate (trig_harmonics_1_3) rejected at init (non-finite loss); trying next.
[Stage B]  Greedy order (1 cands): logistic_ode(2001p)
[Stage B]  Precheck reject (units: free_const 'leaf2_uinv_y0' is not declared in UnitsSpec.free_const_dims) rule=univariate_oracle_invariants cand=logistic_ode target=nn#leaf2 vars=(1,) attempted=0
[Stage B]   target order (arity-asc): [vars=(0,)(arity=1), vars=(1, 2)(arity=1), vars=(1,)(arity=1)]
[Stage B]  Greedy order (2 cands): logexp_dimless_input_log(1999p), logexp_dimless_input_exp(1999p)
[Stage B]  Trying log/exp compound closure dimless_input:log on NN vars=(1, 2): log((x1 * (x2)**-1))
[Stage B] Post-custom-init validation (attempt 0), batch 0, finite: 2000/2000, min: -3.809e+05, max: 2.239e+05, mean: -4.010e+03
[Stage B] Post-custom-init validation (attempt 0), batch 1, finite: 2000/2000, min: -3.490e+05, max: 2.070e+05, mean: -4.956e+03
[Stage B] Post-custom-init validation (attempt 0), batch 2, finite: 2000/2000, min: -2.313e+05, max: 4.597e+05, mean: 8.027e+04
[Stage B] Prediction scale check (attempt 0): pred_median=1.527e+04, true_median=9.826e-02, ratio=1.554e+05
[Stage B] Warning: init scale_ratio extreme; rejecting candidate.
[Stage B]    Candidate (logexp_dimless_input_log) rejected at init (non-finite loss); trying next.
[Stage B]  Trying log/exp compound closure dimless_input:exp on NN vars=(1, 2): exp((x1 * (x2)**-1))
[Stage B] Post-custom-init validation (attempt 0), batch 0, finite: 2000/2000, min: -8.896e+06, max: 1.531e+05, mean: -1.297e+06
[Stage B] Post-custom-init validation (attempt 0), batch 1, finite: 2000/2000, min: -9.106e+06, max: 1.576e+05, mean: -1.356e+06
[Stage B] Post-custom-init validation (attempt 0), batch 2, finite: 2000/2000, min: -6.022e+06, max: 1.102e+05, mean: -9.639e+05
[Stage B] Prediction scale check (attempt 0): pred_median=5.391e+05, true_median=9.826e-02, ratio=5.486e+06
[Stage B] Warning: init scale_ratio extreme; rejecting candidate.
[Stage B]    Candidate (logexp_dimless_input_exp) rejected at init (non-finite loss); trying next.
[Stage B]   target order (arity-asc): [vars=(0,)(arity=1), vars=(1, 2)(arity=1), vars=(1,)(arity=1)]
[Stage B]  Greedy order (8 cands): r1_affine(2000p), r1_reciprocal(2000p), r1_square_sqrt(2000p), r1_inv_square_invsqrt(2000p), r1_power_affine_p1_2(2000p), r1_power_affine_p2(2000p), r1_power_affine_p3(2000p), r1_affine_zinv(2000p)
[Stage B]  Precheck reject (duplicate-signature) rule=r1_operator_certificate cand=r1_affine target=nn#leaf1 vars=(1, 2) sig=(7993880283250547706, 5615090582243873932, 2546933802874068938, 817832175572181182, 1000000, 6381453, -476140339) attempted=11
[Stage B]  Precheck reject (duplicate-signature) rule=r1_operator_certificate cand=r1_reciprocal target=nn#leaf1 vars=(1, 2) sig=(7993880283250547706, 5615090582243873932, 4675730809040218981, 3551776480493131097, 1000000, -29, -2100) attempted=11
[Stage B]  Precheck reject (duplicate-signature) rule=r1_operator_certificate cand=r1_square_sqrt target=nn#leaf1 vars=(1, 2) sig=(7993880283250547706, 5615090582243873932, 933904057393764746, 7892109713364917622, 1000000, -5998738123, 226672488985) attempted=11
[Stage B]  Precheck reject (duplicate-signature) rule=r1_operator_certificate cand=r1_inv_square_invsqrt target=nn#leaf1 vars=(1, 2) sig=(7993880283250547706, 5615090582243873932, 3587765627428369050, 5083392686488857378, 1000000, 0, 4) attempted=11
[Stage B]  Precheck reject (duplicate-signature) rule=r1_operator_certificate cand=r1_power_affine_p1_2 target=nn#leaf1 vars=(1, 2) sig=(7993880283250547706, 5615090582243873932, 1371620562635568998, 817832175572181182, 500000, 12448251, -482194049) attempted=11
[Stage B]  Precheck reject (duplicate-signature) rule=r1_operator_certificate cand=r1_power_affine_p2 target=nn#leaf1 vars=(1, 2) sig=(7993880283250547706, 5615090582243873932, 7008208060920051405, 817832175572181182, 2000000, 3315945, -473102875) attempted=11
[Stage B]  Precheck reject (duplicate-signature) rule=r1_operator_certificate cand=r1_power_affine_p3 target=nn#leaf1 vars=(1, 2) sig=(7993880283250547706, 5615090582243873932, 31757079831677014, 817832175572181182, 3000000, 2264195, -472080841) attempted=11
[Stage B]  Precheck reject (duplicate-signature) rule=r1_operator_certificate cand=r1_affine_zinv target=nn#leaf1 vars=(1, 2) sig=(7993880283250547706, 5615090582243873932, 4082133692935268373, 817832175572181182, -1000000, -5639942, -464071653) attempted=11
[Stage B]   target order (arity-asc): [vars=(0,)(arity=1), vars=(1, 2)(arity=1), vars=(1,)(arity=1)]
[Stage B] RuleUnivariateMulPeel: detected [mu=-0.02369] on NN vars=(0,)
[Stage B]  Greedy order (1 cands): exp_peel_nn_resid(2999p)
[Stage B]  Precheck reject (units: Atom kind 'exp_poly' expects dimensionless inputs; x0 has units L^3*T^-2) rule=univariate_mul_peel cand=exp_peel_nn_resid target=nn#leaf0 vars=(0,) attempted=0
[Stage B] RuleUnivariateMulPeel: detected [mu=-0.01357] on NN vars=(1, 2)
[Stage B]  Greedy order (1 cands): exp_peel_nn_resid(2999p)
[Stage B]  Trying exp-peel + NN residual (mu=-0.01357) on NN leaf vars (1, 2)
[Stage B] Post-custom-init validation (attempt 0), batch 0, finite: 2000/2000, min: -3.222e+09, max: 5.448e+07, mean: -5.268e+08
[Stage B] Post-custom-init validation (attempt 0), batch 1, finite: 2000/2000, min: -3.287e+09, max: 5.605e+07, mean: -5.498e+08
[Stage B] Post-custom-init validation (attempt 0), batch 2, finite: 2000/2000, min: -2.521e+09, max: 3.923e+07, mean: -4.751e+08
[Stage B] Prediction scale check (attempt 0): pred_median=2.371e+08, true_median=9.826e-02, ratio=2.413e+09
[Stage B] Warning: init scale_ratio extreme; rejecting candidate.
[Stage B]    Candidate (exp_peel_nn_resid) rejected at init (non-finite loss); trying next.
[Stage B] RuleUnivariateMulPeel: detected [k=1] on NN vars=(1,)
[Stage B]  Greedy order (1 cands): mono_peel_nn_resid(2999p)
[Stage B]  Trying mono-peel + NN residual (k=1) on NN leaf vars (1,)
[Stage B] Post-custom-init validation (attempt 0), batch 0, finite: 2000/2000, min: 4.469e+07, max: 1.140e+12, mean: 8.809e+10
[Stage B] Post-custom-init validation (attempt 0), batch 1, finite: 2000/2000, min: 5.850e+07, max: 1.187e+12, mean: 9.434e+10
[Stage B] Post-custom-init validation (attempt 0), batch 2, finite: 2000/2000, min: 9.556e+07, max: 6.884e+11, mean: 5.856e+10
[Stage B] Prediction scale check (attempt 0): pred_median=7.094e+09, true_median=9.826e-02, ratio=7.220e+10
[Stage B] Warning: init scale_ratio extreme; rejecting candidate.
[Stage B]    Candidate (mono_peel_nn_resid) rejected at init (non-finite loss); trying next.
[Stage B]   target order (arity-asc): [vars=(0,)(arity=1), vars=(1,)(arity=1)]
[Stage B]  Greedy order (1 cands): precond_fallback_div(2999p)
[Stage B]  Precheck reject (units: poly leaf with unitful inputs requires homogeneous basis (min_total=degree=1), but got min_total=0) rule=preconditioner_fallback_nn cand=precond_fallback_div target=nn#leaf0 vars=(0,) attempted=0
[Stage B]  Greedy order (1 cands): precond_fallback_div(2999p)
[Stage B]  Precheck reject (units: poly leaf with unitful inputs requires homogeneous basis (min_total=degree=1), but got min_total=0) rule=preconditioner_fallback_nn cand=precond_fallback_div target=nn#leaf2 vars=(1,) attempted=0
[Stage B] No improving rewrites found; stopping.
[Stage B]   Restoring best-seen state (both<=floor_cmp(4.760e-10); best complexity (2000007.5, 770) < current (3000005.5, 1152))
[Stage B] Pareto(loss,complexity): front=5 trackable=130 outcomes=['accept', 'reject']
[Stage B]   Pareto step=1 accept monomial_pow2_3[z_inv]: loss=1.201e-12 cx=2000014.000 (ast=2000014.000, map=0.000:-/none) params=768
[Stage B]   Pareto step=12 reject scale: loss=1.644e-11 cx=1000016.000 (ast=1000016.000, map=0.000:-/none) params=386
[Stage B]   Pareto step=388 reject logshifted: loss=4.339e-08 cx=1000013.500 (ast=1000013.500, map=0.000:-/none) params=389
[Stage B]   Pareto step=477 reject tanh: loss=6.107e-06 cx=1000012.500 (ast=1000012.500, map=0.000:-/none) params=389
[Stage B]   Pareto step=384 reject poly: loss=1.060e-04 cx=1000009.000 (ast=1000009.000, map=0.000:-/none) params=388
[Stage B] WARNING: stored val_loss=3.2205e-11 but recomputed MSE=8.03156e+18
[PruneParam] Skipping: 2 NN atoms remain
[Prune] Skipping: 2 NN atoms remain
[PruneNested] Skipping: 2 NN atoms remain
[Stage B] Shuffle diagnostic skipped: input has only 3 columns, axes=(2, 3) not available.
[Stage B] Phi diagnostic (phi_true=y^2): max|Δ|=1.71e+10, rmse=2.83e+09
[Stage B] y_true stats: min=0.00693, max=1.32, median=0.0968
[Stage B] y_pred stats: min=-1.71e+10, max=2.06e+08, median=-5.27e+08
[31m[Stage B] Final AST still contains 2 trainable NN leaf/leaves; Stage C expression will be marked unresolved and skipped by truth-eval/final-polish.[0m
[Stage C] pretty_print_state FULL expr: 1936.290566680811*x0^0.3333333131204073 * leaf1(x1*(x2)^-1) * leaf2(x1)
[Stage B] Final model: params=770, val-loss=8.0316e+18
[Stage B] recomputed final MSE: 8.03156e+18 RMS: 1.51233e+09
[Stage B] stored val_loss: 8.0316e+18
[Stage B] [32mAccepted[0m patterns: scale
[Stage B] After pruning/simplification: 1936.290566680811*x0^0.3333333131204073 * leaf1(x1*(x2)^-1) * leaf2(x1)
[36m[Stage B] Final AST:[0m ((power(x0)#leaf0 * nn(x1*(x2)^-1)#leaf1) * nn(x1)#leaf2)
[36m[Stage B] Final expression (in φ(y)-space):[0m 1936.290566680811*x0^0.3333333131204073 * leaf1(x1*(x2)^-1) * leaf2(x1)
[36m[Stage B] Final expression (in original y-space):[0m 1936.290566680811*x0^0.3333333131204073 * leaf1(x1*(x2)^-1) * leaf2(x1)
[A<->B] Saved after-stageB checkpoint to <WORKSPACE>/NestyNet_SR/results/jacobi_v1_full.state.pkl
[A<->B] No multivariate NN atoms remain; converged.

Elapsed time: 8.249097303136821 hours
[GS] Wrote GS report to <WORKSPACE>/NestyNet_SR/results/jacobi_v1_full.gs_report.json
[Stage A provisional] 1/1 confirmed (confirmed_stageB_burden_reduction)

Wrote JSON report to <WORKSPACE>/NestyNet_SR/results/jacobi_v1_full.report.json

=== Pre-Polish Noiseless Ground Truth Check ===
status: skipped (unresolved_symbolic_leaves)
Wrote simplification path to <WORKSPACE>/NestyNet_SR/results/jacobi_v1_full.path

=== Simplification Path ===

Step 0 [Stage A] pure NN surrogate (y_op=identity)
  NN[x0, x1, x2]
  mse_raw=1.2173e-09 params=960

Step 1 [Stage A] separability/compound detection (y_op=identity)
  (NN[x0] * (NN[(x1 * (x2)**-1)] * NN[x1]))
  mse_raw=2.7925e-10 params=1152
  base_loss=1.2173e-09

Step 2 [Stage B] rewrite scale (rule=univariate_nn, target=nn#leaf0 vars=(0,))
  ((power(x0) * NN[(x1 * (x2)**-1)]) * NN[x1])
  mse_raw=3.2205e-11 complexity_total=2e+06 params=770 ast_cost=2000007.5
  base_loss=2.6502e-10

=== Final: ((power(x0) * NN[(x1 * (x2)**-1)]) * NN[x1]) ===

--- Accuracy Progression ---
  Stage A      mse_raw=  1.2173e-09  params=  960
  Stage A      mse_raw=  2.7925e-10  params= 1152  (4.4e+00x better)
  Stage B      mse_raw=  3.2205e-11  params=  770  (8.7e+00x better)
[FinalPolish] Updated JSON report with final_polish: <WORKSPACE>/NestyNet_SR/results/jacobi_v1_full.report.json

=== Final Pareto Polish ===
status: skipped
reason: final expression contains unresolved NN atoms or leaf functions

=== Final Selected Result ===
source: stageB
expr: 1936.290566680811*x0^0.3333333131204073 * leaf1(x1*(x2)^-1) * leaf2(x1)

=== Final Selected Ground Truth Check ===
status: skipped (unresolved_symbolic_leaves)
