Running on fragarach-2-1.home with device cpu
enforce_units=True, factorized symbolic search=OFF, continuous skeleton refinement=ON, outer-peel-autorun(deprecated)=ON
[GS] Stage-A symmetry layer enabled (mode=propose, policy=augment, known=True, affine=True, unit_torus=False)
[Data] Overrides: batch_size=2000, ndata_train=6000, ndata_val=2000, data_slice=0
Median of y values: 0.11048863000693729
Median absolute deviation of y values: 0.06888620195283074
Number of x variables: 3
MAD^2 of y values: 0.004745308819486181
RMS of y values: 0.25269601114923845
Log-space dynamic range of |y|: 2.59 decades
[Units] Loaded basis=('L', 'T', 'M'); y_units=[1, 0, 0]; x_units=[[3, -2, 0], [0, -1, 0], [0, -1, 0]]
[PhaseScan] Found 6 phase-coordinate hint(s) from the identity training split.
[PhaseScan]   (x1 * (x2)**-1): omega_obs=6.28319, score=9.7e-05, R2_phase=0.00515, R2_trend=0.0045, cycles=0.389, unit=dimensionless, split_R2=0.00221, null_R2=0.00377
[PhaseScan]   (sqrt(x1) * 1/sqrt(x2)): omega_obs=12.5664, score=8.71e-05, R2_phase=0.0051, R2_trend=0.00449, cycles=0.401, unit=dimensionless, split_R2=0.00235, null_R2=0.00377
[PhaseScan]   (1/sqrt(x1) * sqrt(x2)): omega_obs=12.5664, score=3.99e-05, R2_phase=0.00477, R2_trend=0.00451, cycles=0.43, unit=dimensionless, split_R2=0.00258, null_R2=0.00367
[PhaseScan]   ((x1)**2 * (x2)**-2): omega_obs=3.14159, score=2.89e-05, R2_phase=0.00476, R2_trend=0.00453, cycles=0.371, unit=dimensionless, split_R2=0.00208, null_R2=0.00361
[PhaseScan]   ((x1)**-1 * x2): omega_obs=6.28319, score=2e-05, R2_phase=0.00465, R2_trend=0.00453, cycles=0.447, unit=dimensionless, split_R2=0.00263, null_R2=0.00363
[PhaseScan]   ((x1)**-2 * (x2)**2): omega_obs=3.14159, score=1.86e-05, R2_phase=0.0047, R2_trend=0.00459, cycles=0.49, unit=dimensionless, split_R2=0.00256, null_R2=0.00368
[PhaseScan Context] No contextual phase hints found.
[OuterLinkScan] No inverse-link hints found.

Criteria (base, in units of MAD(φ(y))^2): loss acceptable: 1.000000e-03, loss target: 1.000000e-07, chisq_tol: 1.000000e-10, precision derivs d2y: 1.000000e-03

[Units] Skipping y-transforms incompatible with y units (L): log, logneg, sqrt1p, exp, expneg, arctan, arcsin, arccos, sin, cos, tan
[Stage A] Running standard separability search on pure NN expression


Size of datasets: training: 6000, val: 2000
Using MAD-normalised LM thresholds for y_op None: MAD(φ(y))≈0.069, scale=0.00476
Initial model (AST): NN[x0, x1, x2]
Setting number of segments: 16, dual_layer: True

[34mSeparability Pass:1 (full), number of leaves: 1, y-transformation: None(y), trial 1/1, dual_layer: True[0m
Current model: Identity() (NN[x0, x1, x2]), parameters: 960
[info] dataloader for provider ASTCompositeAdaptor yields 3 batches (equivalent to a single batch up to floating-point roundoff; minor Python-loop overhead per batch).
[NestyNet][param_refresh] discovered 1 base model(s):
  #0: wrapper=ASTCompositeAdaptor, base=_Composite, params=960, output_major=False, id=5121566624
[LM][bucket] solving P=960 (trivially separable union)
Stopping at epoch 801/2500, lm_opt.state['halt']=True, loss=9.4499e-10, loss_val=1.2173e-09
acceptable losses (raw) target=4.7604e-10, acceptable=4.7604e-06 (base units: target=1.0000e-07, acceptable=1.0000e-03)
[32mADOPTING[0m best val-loss 1.2173e-09 (trial 1/1, dual_layer=True)
Saving initial model which converged with loss 0.000000
Discovering approximate invariance features from gradients...
Discovered 1 candidate features:
  feat_0_0_1       kind=integer_linear  coeffs=[+0.00, +0.00, +1.00]
Discovering approximate scaling / homogeneity features...
Discovered 3 scaling candidates:
  S=[0]  k≈  0.333  rel_std= 0.018  n=6000
  S=[1,2]  k≈ -0.667  rel_std= 0.005  n=6000
  S=[0,1,2]  k≈ -0.334  rel_std= 0.020  n=6000
    [x1] reciprocal probe (negative-k singularity detected)
    [x1] reciprocal: rel_std=0.1297>0.08, no gradient fallback available
[Oracle Probe] No scaling verified by direct evaluation.
  [Trig Scaling] Sampled 5000 points, probing 3 trivial + 0 compound target(s)
  [Trig Scaling] |F| filter: 4750/5000 points pass (5th-pct=1.273e-02)
  [Trig Scaling] x0: no viable ω candidates (span=43)
  [Trig Scaling] x1: no viable ω candidates (span=204)
  [Trig Scaling] x2: no viable ω candidates (span=181)
  [Trig Scaling] No monomial-in-trig detected.
[Early Compound] Checked 1 single-var scaling specs, 0 qualify (need ≥2 for compound)
[Early PureDiff] No valid power-difference proposals found.
Checking for low-degree polynomial fit in x (degree 2)...
Poly-in-x (deg 2) fit: rms_abs=1.377e-01, rms_rel=5.778e-01, n_terms=10, n=6000
Checking for low-degree polynomial fit in f(x)^2 (degree 2)...
Poly-in-f^2 (deg 2) fit: rms_abs=2.040e-01, rms_rel=7.557e-01, n_terms=10, n=6000
Checking for rational poly/poly fit f(x) ≈ P(x)/Q(x)...
Rational fit rat_degN2_degD2: deg_num=2, deg_den=2, rms_abs=7.621e-02, rms_rel=3.198e-01, n_terms_num=3, n_terms_den=4, n=6000, sigma_min=7.071e-02, sigma_ratio=6.146e-03
Checking for trig-like behaviour along coordinate axes...
  [FFT hint] axis 0: omega~0.22, strength=104, span=[0.0202,28.6]
  [FFT hint] axis 1: omega~0.0491, strength=74.5, span=[2.03,130]
  [FFT hint] axis 2: omega~0.233, strength=55.2, span=[2.03,137]
No oracle-derived trig axis.
Discovering K-based preferred directions...
Found 3 preferred directions from K:
  dir 0: u=[+1.000, +0.000, +0.000]
  dir 1: u=[+0.000, +1.000, +0.000]
  dir 2: u=[+0.000, +0.000, +1.000]
  dir 0: omega≈0.219, trig_strength≈102.5
  dir 1: omega≈0.135, trig_strength≈35.0
  dir 2: omega≈0.228, trig_strength≈56.5
Checking for approximate even/odd parity along coordinate axes...
Detected parity candidates on 3 axes:
  axis= 0  origin≈   0.767  kind=none  rms_rel_even=1.96e+04  rms_rel_odd=1.96e+04  n=6000
  axis= 1  origin≈    17.4  kind=none  rms_rel_even=7.95e+02  rms_rel_odd=7.95e+02  n=6000
  axis= 2  origin≈    18.6  kind=none  rms_rel_even=7.03e+02  rms_rel_odd=7.03e+02  n=6000
Checking for approximately radial dependence over small variable groups...
No clear radial structure detected.
Checking for preferred origins / translation structure along axes...
No strong translation structure detected.
Checking for saturating / sigmoidal behaviour along coordinate axes...
No clear saturating behaviour detected along single axes.
Checking for near-constant directions (parameter-like variables)...
No strongly parameter-like directions detected.
Initial separability check with precision 0.1
symb: [0, 1, 2], index: 0, var_x: torch.Size([6000, 3]), y_vals: torch.Size([6000, 1]), dydx_vals: torch.Size([6000, 1, 3]), d2ydx2_vals: torch.Size([6000, 1, 3, 3])
Trying transformation identity
Median of model: 0.09825851499042343, median absolute deviation: 0.06899551268957099, precision: 0.1, 0.1
All additive for x[0, 1], complement x[2] (in NN[0, 1, 2])
  overlapping candidate: x[0, 1] + x[0, 2], shared=1, max-metric=4.88e-03
  overlapping candidate: x[0, 1] + x[1, 2], shared=1, max-metric=8.81e-03
  overlapping candidate: x[0, 2] + x[1, 2], shared=1, max-metric=3.31e-02
Found separability candidate separability for op identity, 0

Trying transformation square
Median of model: 0.009654735768123266, median absolute deviation: 0.009210593836802823, precision: 0.1, 0.1
All additive for x[0, 1], complement x[2] (in NN[0, 1, 2])
  overlapping candidate: x[0, 1] + x[0, 2], shared=1, max-metric=9.27e-03
  overlapping candidate: x[0, 1] + x[1, 2], shared=1, max-metric=2.60e-02
  overlapping candidate: x[0, 2] + x[1, 2], shared=1, max-metric=9.35e-02
Found separability candidate separability for op square, 1

Trying transformation reciprocal
Median of model: 10.176489441913086, median absolute deviation: 7.057029953795574, precision: 0.1, 0.1
All additive for x[0, 1], complement x[2] (in NN[0, 1, 2])
  overlapping candidate: x[0, 1] + x[0, 2], shared=1, max-metric=2.25e-03
  overlapping candidate: x[0, 1] + x[1, 2], shared=1, max-metric=9.53e-03
  overlapping candidate: x[0, 2] + x[1, 2], shared=1, max-metric=3.53e-02
Found separability candidate separability for op reciprocal, 2

Trying transformation sqrt
Median of model: 0.313462142834543, median absolute deviation: 0.1258906871073719, precision: 0.1, 0.1
All additive for x[0, 1], complement x[2] (in NN[0, 1, 2])
  overlapping candidate: x[0, 1] + x[0, 2], shared=1, max-metric=3.58e-03
  overlapping candidate: x[0, 1] + x[1, 2], shared=1, max-metric=4.01e-03
  overlapping candidate: x[0, 2] + x[1, 2], shared=1, max-metric=1.60e-02
Found separability candidate separability for op sqrt, 3

Recap:
Transformation identity is a candidate for separability: True
Transformation square is a candidate for separability: True
Transformation reciprocal is a candidate for separability: True
Transformation sqrt is a candidate for separability: True

Initial fit suggests separability candidates for y_op None.

======================================================================
  [Stage A] SEPARABILITY SEARCH
======================================================================
All multiplicative for x[0], complement x[1, 2] (in NN[0, 1, 2])
All additive for x[0, 1], complement x[2] (in NN[0, 1, 2])
  overlapping candidate: x[0, 1] + x[0, 2], shared=1, max-metric=4.55e-03
  overlapping candidate: x[0, 1] + x[1, 2], shared=1, max-metric=8.67e-03
[Variable Extension] Detecting compound structure for NN[0, 1, 2]...
[NestyNet][param_refresh] discovered 1 base model(s):
  #0: base=G_Model, params=720, output_major=False, id=5393479904, primary=base_model
[NestyNet][param_refresh] discovered 1 base model(s):
  #0: base=G_Model, params=720, output_major=False, id=5393479904, primary=base_model
[nestynet.optimizer] [LM] num_params: 720
[LM][bucket] solving P=720 (trivially separable union)
[nestynet.optimizer] [LM] Iter 0, chisq: 1589.466517635925, improvement: 16537.216022121676, val-set chisq: 1585.9155959223679, nacc: 1, nacc_lin: 0, skipped_Quad: 0, acc_frac: 1.0, lambda: 33.333333333333336, lbfgs: 0
[nestynet.optimizer] [LM] Iter 100, chisq: 1.3132031739754213e-06, improvement: 1589.4665163227216, val-set chisq: 1.3109612213460414e-06, nacc: 68, nacc_lin: 63, skipped_Quad: 0, acc_frac: 0.67, lambda: 4.1856684267214265e-08, lbfgs: 0
[nestynet.optimizer] [LM] Iter 200, chisq: 1.1017179498171773e-06, improvement: 2.1148522415824395e-07, val-set chisq: 1.1020625708562173e-06, nacc: 128, nacc_lin: 63, skipped_Quad: 27, acc_frac: 0.6, lambda: 8.980276577408404e-09, lbfgs: 0
[nestynet.optimizer] [LM] Iter 300, chisq: 9.748575295053947e-07, improvement: 1.2686042031178266e-07, val-set chisq: 9.883242787110978e-07, nacc: 187, nacc_lin: 63, skipped_Quad: 57, acc_frac: 0.59, lambda: 2.890053362513416e-08, lbfgs: 0
[nestynet.optimizer] [LM] Iter 400, chisq: 8.883806184418791e-07, improvement: 8.647691106351554e-08, val-set chisq: 9.182119372363573e-07, nacc: 247, nacc_lin: 63, skipped_Quad: 81, acc_frac: 0.6, lambda: 6.200557682293201e-09, lbfgs: 0
[nestynet.optimizer] [LM] Iter 500, chisq: 7.943426738644571e-07, improvement: 9.403794457742201e-08, val-set chisq: 8.470791025435606e-07, nacc: 306, nacc_lin: 63, skipped_Quad: 93, acc_frac: 0.59, lambda: 1.9954778034621887e-08, lbfgs: 0
[nestynet.optimizer] [LM] Iter 600, chisq: 7.232320186378994e-07, improvement: 7.111065522655776e-08, val-set chisq: 7.893348133131557e-07, nacc: 366, nacc_lin: 72, skipped_Quad: 113, acc_frac: 0.6, lambda: 4.2812618564739724e-09, lbfgs: 0
[nestynet.optimizer] [LM] Iter 700, chisq: 6.75669387571909e-07, improvement: 4.756263106599038e-08, val-set chisq: 7.442633378004344e-07, nacc: 425, nacc_lin: 73, skipped_Quad: 144, acc_frac: 0.59, lambda: 1.3778055851007815e-08, lbfgs: 0
[nestynet.optimizer] [LM] Maximum iterations reached (800); halting.
<WORKSPACE>/NestyNet_SR/nestynet_sr/sr_gs/affine_algebra.py:540: RuntimeWarning: divide by zero encountered in matmul
  fields = x @ A_phys.T + b_phys
<WORKSPACE>/NestyNet_SR/nestynet_sr/sr_gs/affine_algebra.py:540: RuntimeWarning: overflow encountered in matmul
  fields = x @ A_phys.T + b_phys
<WORKSPACE>/NestyNet_SR/nestynet_sr/sr_gs/affine_algebra.py:540: RuntimeWarning: invalid value encountered in matmul
  fields = x @ A_phys.T + b_phys
<WORKSPACE>/NestyNet_SR/nestynet_sr/sr_gs/affine_algebra.py:238: RuntimeWarning: divide by zero encountered in matmul
  col_residuals = np.linalg.norm(D_train @ basis, axis=0)
<WORKSPACE>/NestyNet_SR/nestynet_sr/sr_gs/affine_algebra.py:238: RuntimeWarning: overflow encountered in matmul
  col_residuals = np.linalg.norm(D_train @ basis, axis=0)
<WORKSPACE>/NestyNet_SR/nestynet_sr/sr_gs/affine_algebra.py:238: RuntimeWarning: invalid value encountered in matmul
  col_residuals = np.linalg.norm(D_train @ basis, axis=0)
<WORKSPACE>/NestyNet_SR/nestynet_sr/sr_gs/affine_algebra.py:630: RuntimeWarning: divide by zero encountered in matmul
  col_residuals = np.linalg.norm(D[idx] @ basis_b, axis=0)
<WORKSPACE>/NestyNet_SR/nestynet_sr/sr_gs/affine_algebra.py:630: RuntimeWarning: overflow encountered in matmul
  col_residuals = np.linalg.norm(D[idx] @ basis_b, axis=0)
<WORKSPACE>/NestyNet_SR/nestynet_sr/sr_gs/affine_algebra.py:630: RuntimeWarning: invalid value encountered in matmul
  col_residuals = np.linalg.norm(D[idx] @ basis_b, axis=0)
[Stage A GS] audited=28, accepted=4, proposals=0
    [x1] reciprocal probe (negative-k singularity detected)
    [x1] reciprocal: rel_std=0.1297>0.08, no gradient fallback available
  [Trig Scaling] Sampled 5000 points, probing 3 trivial + 0 compound target(s)
  [Trig Scaling] |F| filter: 4750/5000 points pass (5th-pct=1.273e-02)
  [Trig Scaling] x0: no viable ω candidates (span=43)
  [Trig Scaling] x1: no viable ω candidates (span=204)
  [Trig Scaling] x2: no viable ω candidates (span=181)
<WORKSPACE>/NestyNet_SR/nestynet_sr/sr_core/separability_math.py:2778: RuntimeWarning: divide by zero encountered in matmul
  coeff = (V @ a_vec) / den
<WORKSPACE>/NestyNet_SR/nestynet_sr/sr_core/separability_math.py:2778: RuntimeWarning: overflow encountered in matmul
  coeff = (V @ a_vec) / den
<WORKSPACE>/NestyNet_SR/nestynet_sr/sr_core/separability_math.py:2778: RuntimeWarning: invalid value encountered in matmul
  coeff = (V @ a_vec) / den
[Compound RetainAxis] Adding wrapper z=((x0 * (x1)**-3) * x2) with extra x0
[Compound RetainAxis] Adding wrapper z=((x0 * (x1)**-3) * x2) with extra x1
[Compound RetainAxis] Adding wrapper z=((x0 * (x1)**-3) * x2) with extra x2
[Compound RetainAxis] Adding wrapper z=((x0 * (x1)**-4) * x2) with extra x0
[Compound RetainAxis] Adding wrapper z=((x0 * (x1)**-4) * x2) with extra x1
[Compound RetainAxis] Adding wrapper z=((x0 * (x1)**-4) * x2) with extra x2
[Compound DiffProd] Gradient-ratio found x1^1 - x2^1, ratio_conf=0.885, trying multiplier variables...
[Compound DiffProd] Testing (x1^1 - x2^1) * x0: conf=0.3406, threshold=0.90, outer_power=0
[Stage A LogExp] Shadowed dimless_ratio:log z=log((x1 * (x2)**-1)) (conf=0.930); coordinate lift is not committed in Stage A
[Shadow] recorded log((x1 * (x2)**-1)) for parent=('tag', 'A0') source=stageA_logexp conf=0.930 unit=unit_valid
[Stage A LogExp] Shadowed dimless_ratio:exp z=exp((x1 * (x2)**-1)) (conf=0.930); coordinate lift is not committed in Stage A
[Shadow] recorded exp((x1 * (x2)**-1)) for parent=('tag', 'A0') source=stageA_logexp conf=0.930 unit=unit_valid
[Stage A LogExp] Shadowed dimless_ratio:log z=log((x2 * (x1)**-1)) (conf=0.930); coordinate lift is not committed in Stage A
[Shadow] recorded log((x2 * (x1)**-1)) for parent=('tag', 'A0') source=stageA_logexp conf=0.930 unit=unit_valid
[Stage A LogExp] Shadowed dimless_ratio:exp z=exp((x2 * (x1)**-1)) (conf=0.930); coordinate lift is not committed in Stage A
[Shadow] recorded exp((x2 * (x1)**-1)) for parent=('tag', 'A0') source=stageA_logexp conf=0.930 unit=unit_valid
[Compound Exhaustion] High-confidence proposal (conf=0.948), trying...
[Compound] Preserving 6 arity-2 backup proposal(s) beyond primary compound shortlist.
[Compound] Normalized proposal shortlist:
[Compound]   1. kind=monomial, conf=0.923, support=3, z=((x0 * (x1)**-3) * x2)
[Compound]   2. kind=monomial, conf=0.920, support=3, z=((x0 * (x1)**-4) * x2)
[Compound]   3. kind=monomial, conf=0.918, support=3, z=((x0 * (x1)**-3) * x2)
[Compound]   4. kind=monomial, conf=0.918, support=3, z=((x0 * (x1)**-3) * x2)
[Compound]   5. kind=monomial, conf=0.918, support=3, z=((x0 * (x1)**-3) * x2)
[Compound]   6. kind=monomial, conf=0.915, support=3, z=((x0 * (x1)**-4) * x2)
[Compound]   7. kind=monomial, conf=0.948, support=2, z=(x1 * (x2)**-1)
[Compound]   8. kind=monomial, conf=0.909, support=2, z=(x0 * x2)
[Compound]   9. kind=monomial, conf=0.909, support=2, z=(x0 * (x1)**-3)
[Compound]   10. kind=monomial, conf=0.909, support=2, z=((x1)**-3 * x2)
[Compound]   11. kind=monomial, conf=0.906, support=2, z=(x0 * (x1)**-4)
[Compound]   12. kind=monomial, conf=0.906, support=2, z=((x1)**-4 * x2)
[Units/Buckingham] Skipping compound after forced monomial probe: compound destroys dimensionless freedom: 1 -> 0 (need >= 1); forces monomial; no small unit-forced monomial power matches target dimension
[Units/Buckingham] Skipping compound after forced monomial probe: compound destroys dimensionless freedom: 1 -> 0 (need >= 1); forces monomial; no small unit-forced monomial power matches target dimension
[Units/Buckingham] Skipping compound after forced monomial probe: compound destroys dimensionless freedom: 1 -> 0 (need >= 1); forces monomial; no small unit-forced monomial power matches target dimension
[Units/Buckingham] Skipping compound after forced monomial probe: compound destroys dimensionless freedom: 1 -> 0 (need >= 1); forces monomial; no small unit-forced monomial power matches target dimension
[Units/Buckingham] Skipping compound after forced monomial probe: compound destroys dimensionless freedom: 1 -> 0 (need >= 1); forces monomial; no small unit-forced monomial power matches target dimension
[Units/Buckingham] Skipping compound after forced monomial probe: compound destroys dimensionless freedom: 1 -> 0 (need >= 1); forces monomial; no small unit-forced monomial power matches target dimension
[Units/Buckingham] Skipping compound before screening: compound reduces dimensional rank: 2 -> 1; remaining variables cannot span output dimension
[Units/Buckingham] Skipping compound after forced monomial probe: compound destroys dimensionless freedom: 1 -> 0 (need >= 1); forces monomial; no small unit-forced monomial power matches target dimension
[Units/Buckingham] Skipping compound after forced monomial probe: compound destroys dimensionless freedom: 1 -> 0 (need >= 1); forces monomial; no small unit-forced monomial power matches target dimension
[Units/Buckingham] Skipping compound after forced monomial probe: compound destroys dimensionless freedom: 1 -> 0 (need >= 1); forces monomial; no small unit-forced monomial power matches target dimension
[Units/Buckingham] Skipping compound after forced monomial probe: compound destroys dimensionless freedom: 1 -> 0 (need >= 1); forces monomial; no small unit-forced monomial power matches target dimension
[Units/Buckingham] Skipping compound after forced monomial probe: compound destroys dimensionless freedom: 1 -> 0 (need >= 1); forces monomial; no small unit-forced monomial power matches target dimension
Checking separability of None(y) in input space with precision 0.001
All multiplicative for x[0], complement x[1, 2] (in NN[0, 1, 2])
All additive for x[0, 1], complement x[2] (in NN[0, 1, 2])
  overlapping candidate: x[0, 1] + x[0, 2], shared=1, max-metric=4.88e-03
  overlapping candidate: x[0, 1] + x[1, 2], shared=1, max-metric=8.81e-03
Setting number of segments: 16 (variant: no_offset)
[Teacher init] Training left factor on 2000 profile samples...
[Teacher init] Left factor trained, final loss: 3.210e-01
[Teacher init] Training right factor on 2000 profile samples...
[Teacher init] Right factor trained, final loss: 5.031e+02
[Teacher init] Scale check: left_rms=7.935e-01, right_rms=2.245e+01, ratio=28.30
[rescale_leaf] left: leaf type=DualSegmentedAdaptor, factor=5.3194
[rescale_leaf] left: scaled a_fit via base_model
[rescale_leaf] left: scaled a_pieces_fixed[15] via base_model
[rescale_leaf] right: leaf type=DualSegmentedAdaptor, factor=0.1880
[rescale_leaf] right: scaled a_fit via base_model
[rescale_leaf] right: scaled a_pieces_fixed[15] via base_model
[Teacher init] Final gauge norm: left x5.32, right x0.19
***Training candidate separable model (variant: no_offset)***, acceptance threshold (raw) 1.2173e-07 (base 1.0000e-03)
    Proposed: (NN[x0] * NN[x1, x2])
[info] dataloader for provider ASTCompositeAdaptor yields 3 batches (equivalent to a single batch up to floating-point roundoff; minor Python-loop overhead per batch).
[LM][bucket] solving P=1024 (trivially separable union)
[trial] Target loss reached at epoch 1002/2500, loss=1.6034e-10 < loss_target=4.7604e-10
[trial] Stopping at epoch 1003/2500, lm_opt.state['halt']=True, loss=1.6034e-10, loss_val=1.8371e-10
[32mAccepted[0m separation (variant: no_offset), val-loss 1.8371e-10
[Stage A]   Current: [35mIdentity()(nn0(x0) * nn1(x1, x2))[0m
[Shadow] pruned stale coordinate evidence after separation: parents=1, shadows=4, consumed=0
Setting number of segments: 16, dual_layer: True

[34mSeparability Pass:2 (full), number of leaves: 2, y-transformation: None(y), trial 1/1, dual_layer: True[0m
Current model: Identity() ((NN[x0] * NN[x1, x2])), parameters: 1024
[info] dataloader for provider ASTCompositeAdaptor yields 3 batches (equivalent to a single batch up to floating-point roundoff; minor Python-loop overhead per batch).
Stopping at epoch 1/2500, lm_opt.state['halt']=True, loss=1.6002e-10, loss_val=1.8225e-10
acceptable losses (raw) target=4.7604e-10, acceptable=4.7604e-06 (base units: target=1.0000e-07, acceptable=1.0000e-03)
[32mADOPTING[0m best val-loss 1.8225e-10 (trial 1/1, dual_layer=True)

======================================================================
  [Stage A] SEPARABILITY SEARCH — restart (pass 2)
======================================================================
All additive for x[1], complement x[2] (in NN[1, 2])
[Stage A Monomial] Trying monomial_deg1 on NN[0] as rpoly (k≈0.333, rel=2.01e-05); accept_threshold=4.7604e-08
[info] dataloader for provider ASTCompositeAdaptor yields 3 batches (equivalent to a single batch up to floating-point roundoff; minor Python-loop overhead per batch).
[nestynet.optimizer] [95m[LM] Potential K-colinearity issue in rm[0].providers[0] (_Composite, segments=16, outputs=1, seg_width=1): 470/1920 cross-segment channel pairs exceed |cos|>0.95 (worst seg 9/out 3 ↔ seg 14/out 3 |cos|=1.0000). Grouped segment pairs: 0/120 exceed |cos|>0.95 (worst seg 3 ↔ seg 11 |cos|=0.8978). This can make LM/direct_solve ill-conditioned; consider increasing seg_width, reducing segment count, or using a more diversity-preserving initialization. This model uses low-dimensional K-vectors (Nx*seg_width=2), so channel-level directional crowding can appear before whole segments overlap.[0m
[LM][bucket] solving P=640 (trivially separable union)
[trial] Validation patience exceeded at epoch 601/2500, nval_worse=500
[Variable Extension] Detecting compound structure for NN[1, 2]...
[nestynet.optimizer] [95m[LM] Potential K-colinearity issue in rm[0].providers[0] (G_Model, segments=48, outputs=1, seg_width=2): 21/1128 cross-segment channel pairs exceed |cos|>0.95 (worst seg 5/out 0 ↔ seg 37/out 0 |cos|=0.9930). Grouped segment pairs: 21/1128 exceed |cos|>0.95 (worst seg 5 ↔ seg 37 |cos|=0.9930). This can make LM/direct_solve ill-conditioned; consider increasing seg_width, reducing segment count, or using a more diversity-preserving initialization. This model uses low-dimensional K-vectors (Nx*seg_width=4), so channel-level directional crowding can appear before whole segments overlap.[0m
[NestyNet][param_refresh] discovered 1 base model(s):
  #0: base=G_Model, params=384, output_major=False, id=5495772528, primary=base_model
[NestyNet][param_refresh] discovered 1 base model(s):
  #0: base=G_Model, params=384, output_major=False, id=5495772528, primary=base_model
[nestynet.optimizer] [LM] num_params: 384
[LM][bucket] solving P=384 (trivially separable union)
[nestynet.optimizer] [LM] Iter 0, chisq: 1620.6296948744096, improvement: 9620.729049009815, val-set chisq: 1620.7581317683664, nacc: 1, nacc_lin: 0, skipped_Quad: 0, acc_frac: 1.0, lambda: 33.333333333333336, lbfgs: 0
[nestynet.optimizer] [LM] Iter 100, chisq: 1.9393173196263584e-07, improvement: 1620.6296946804778, val-set chisq: 1.3222707301598794e-07, nacc: 69, nacc_lin: 68, skipped_Quad: 0, acc_frac: 0.68, lambda: 9.64986433509759e-09, lbfgs: 0
[nestynet.optimizer] [LM] Iter 200, chisq: 6.796260952195608e-08, improvement: 1.2596912244067974e-07, val-set chisq: 5.840545574786712e-08, nacc: 128, nacc_lin: 75, skipped_Quad: 10, acc_frac: 0.59, lambda: 3.1055416421812914e-08, lbfgs: 0
[nestynet.optimizer] [LM] Iter 300, chisq: 6.077583855926763e-08, improvement: 7.18677096268845e-09, val-set chisq: 5.251182383090852e-08, nacc: 187, nacc_lin: 75, skipped_Quad: 45, acc_frac: 0.59, lambda: 9.994325885229699e-08, lbfgs: 0
[nestynet.optimizer] [LM] Convergence achieved: chisq improvement (7.186771e-09) < tolerance (1.000000e-08); halting.
[Stage A GS] audited=13, accepted=2, proposals=0
    [x0] reciprocal probe (negative-k singularity detected)
    [x0] reciprocal: rel_std=0.7885>0.08, no gradient fallback available
  [Trig Scaling] Sampled 5000 points, probing 2 trivial + 0 compound target(s)
  [Trig Scaling] |F| filter: 4750/5000 points pass (5th-pct=3.940e-04)
  [Trig Scaling] x0: no viable ω candidates (span=204)
  [Trig Scaling] x1: no viable ω candidates (span=181)
[Compound LogDeriv] Recovered 1 proposal(s) (sigma_ratio=0.0031191833790152777) for vars=(1, 2)
[Compound RetainAxis] Adding wrapper z=(x1 * (x2)**-1) with extra x1
[Compound RetainAxis] Adding wrapper z=(x1 * (x2)**-1) with extra x2
[Stage A LogExp] Shadowed dimless_ratio:log z=log((x1 * (x2)**-1)) (conf=0.930); coordinate lift is not committed in Stage A
[Shadow] recorded log((x1 * (x2)**-1)) for parent=('tag', 'A0_R') source=stageA_logexp conf=0.930 unit=unit_valid
[Stage A LogExp] Shadowed dimless_ratio:exp z=exp((x1 * (x2)**-1)) (conf=0.930); coordinate lift is not committed in Stage A
[Shadow] recorded exp((x1 * (x2)**-1)) for parent=('tag', 'A0_R') source=stageA_logexp conf=0.930 unit=unit_valid
[Stage A LogExp] Shadowed dimless_ratio:log z=log((x2 * (x1)**-1)) (conf=0.930); coordinate lift is not committed in Stage A
[Shadow] recorded log((x2 * (x1)**-1)) for parent=('tag', 'A0_R') source=stageA_logexp conf=0.930 unit=unit_valid
[Stage A LogExp] Shadowed dimless_ratio:exp z=exp((x2 * (x1)**-1)) (conf=0.930); coordinate lift is not committed in Stage A
[Shadow] recorded exp((x2 * (x1)**-1)) for parent=('tag', 'A0_R') source=stageA_logexp conf=0.930 unit=unit_valid
[Compound Exhaustion] High-confidence proposal (conf=0.997), trying...
[Compound] Normalized proposal shortlist:
[Compound]   1. kind=monomial, conf=0.997, support=2, z=(x1 * (x2)**-1)
[Compound]   2. kind=linear, conf=0.939, support=2, z=((-2 * x1) + x2)
[Compound]   3. kind=monomial, conf=0.992, support=2, z=(x1 * (x2)**-1)
[Compound]   4. kind=monomial, conf=0.992, support=2, z=(x1 * (x2)**-1)
[Units/Buckingham] Skipping compound before screening: compound reduces dimensional rank: 1 -> 0; remaining variables cannot span output dimension
[Compound] 1D compound detected (all vars in z), boosting segments to 32
[Compound] Proposal (linear) conf 0.939, screen=0.994; trying sq:(((-2 * x1) + x2))**2
[Distill] epoch 1/2000: loss=9.4318e+10
[Distill] epoch 1000/2000: loss=2.4601e+00
[Distill] epoch 2000/2000: loss=2.4847e+02
[Distill] Final: loss=2.4847e+02 (did not converge below 1.0000e-04)
[Compound] Training candidate (sq); accept_threshold=4.7604e-08
[Compound] Structural arity reduction target enabled: arity signature (1, 2, 1) → (0, 1, 0), target-quality threshold 4.7604e-08
[info] dataloader for provider ASTCompositeAdaptor yields 3 batches (equivalent to a single batch up to floating-point roundoff; minor Python-loop overhead per batch).
[LM][bucket] solving P=1152 (trivially separable union)
[trial] Early abandonment at epoch 1001/2500: best_val_loss=4.1047e-04 > 1.1901e-07 (2.5x accept_threshold 4.7604e-08)
[Compound] Rejected (sq) (linear) z=(((-2 * x1) + x2))**2, val-loss 4.1047e-04
[Compound] Proposal (linear) conf 0.939, screen=0.994; trying abs:sqrt((((-2 * x1) + x2))**2)
[Distill] epoch 1/2000: loss=9.1429e+07
[Distill] epoch 1000/2000: loss=2.6837e+00
[Distill] epoch 2000/2000: loss=9.1462e-01
[Distill] Final: loss=9.1462e-01 (did not converge below 1.0000e-04)
[Compound] Training candidate (abs); accept_threshold=4.7604e-08
[Compound] Structural arity reduction target enabled: arity signature (1, 2, 1) → (0, 1, 0), target-quality threshold 4.7604e-08
[info] dataloader for provider ASTCompositeAdaptor yields 3 batches (equivalent to a single batch up to floating-point roundoff; minor Python-loop overhead per batch).
[trial] Early abandonment at epoch 1001/2500: best_val_loss=4.1432e-04 > 1.1901e-07 (2.5x accept_threshold 4.7604e-08)
[Compound] Rejected (abs) (linear) z=sqrt((((-2 * x1) + x2))**2), val-loss 4.1432e-04
[Compound] Proposal (linear) conf 0.939, screen=0.994; trying z:((-2 * x1) + x2)
[Distill] epoch 1/2000: loss=4.8636e+05
[Distill] epoch 1000/2000: loss=3.2724e-01
[Distill] epoch 2000/2000: loss=1.1196e-01
[Distill] Final: loss=1.1196e-01 (did not converge below 1.0000e-04)
[Compound] Training candidate (z); accept_threshold=4.7604e-08
[Compound] Structural arity reduction target enabled: arity signature (1, 2, 1) → (0, 1, 0), target-quality threshold 4.7604e-08
[info] dataloader for provider ASTCompositeAdaptor yields 3 batches (equivalent to a single batch up to floating-point roundoff; minor Python-loop overhead per batch).
[trial] Early abandonment at epoch 1001/2500: best_val_loss=4.1815e-04 > 1.1901e-07 (2.5x accept_threshold 4.7604e-08)
[Compound] Rejected (z) (linear) z=((-2 * x1) + x2), val-loss 4.1815e-04
[Compound] Trying same-arity wrapper: arity 2 → 2; will require confirmed separability payoff
[Compound] Proposal (monomial) conf 0.992; trying z:(x1 * (x2)**-1), extras=[1]
[Distill] epoch 1/2000: loss=2.8421e+07
[Distill] epoch 1000/2000: loss=3.1017e+00
[Distill] epoch 2000/2000: loss=8.2721e-01
[Distill] Final: loss=8.2721e-01 (did not converge below 1.0000e-04)
[Compound] Training candidate (z); accept_threshold=4.7604e-08
[info] dataloader for provider ASTCompositeAdaptor yields 3 batches (equivalent to a single batch up to floating-point roundoff; minor Python-loop overhead per batch).
[LM][bucket] solving P=1024 (trivially separable union)
[trial] Stopping at epoch 301/2500, lm_opt.state['halt']=True, loss=4.8391e-12, loss_val=6.6050e-12
[32m[Compound] LM fit passed[0m (z) (monomial) z=(x1 * (x2)**-1), val-loss 6.6050e-12
All additive for x['z'], complement x[1] (in NN['z', 1])
[Compound] Wrapper z enables separability (z separates from extras)
[Compound] Retained-axis overlap confirmed for x1: retained-axis power-like factor k=-0.6667, rel_std=9.988e-05, n=5000
[Compound] Skipping rat_inv (redundant: z already accepted)
[Compound] Skipping rat_z2 (redundant: z already accepted)
[32m[Compound] Selected[0m best variant (z) (monomial) z=(x1 * (x2)**-1) (pattern=(1, -1)), val-loss 6.6050e-12
[Stage A]   Current: [35mIdentity()(nn0(x0) * nn1(z=(x1 * x2^-1), x1))[0m
[Stage A Monomial] Trying monomial_deg1 on NN[0] as rpoly (k≈0.333, rel=5.56e-06); accept_threshold=4.7604e-08
[info] dataloader for provider ASTCompositeAdaptor yields 3 batches (equivalent to a single batch up to floating-point roundoff; minor Python-loop overhead per batch).
[nestynet.optimizer] [95m[LM] Potential K-colinearity issue in rm[0].providers[0] (_Composite, segments=16, outputs=1, seg_width=1): 538/1920 cross-segment channel pairs exceed |cos|>0.95 (worst seg 1/out 2 ↔ seg 4/out 2 |cos|=1.0000). Grouped segment pairs: 0/120 exceed |cos|>0.95 (worst seg 8 ↔ seg 14 |cos|=0.9273). This can make LM/direct_solve ill-conditioned; consider increasing seg_width, reducing segment count, or using a more diversity-preserving initialization. This model uses low-dimensional K-vectors (Nx*seg_width=2), so channel-level directional crowding can appear before whole segments overlap.[0m
[LM][bucket] solving P=640 (trivially separable union)
[trial] Validation patience exceeded at epoch 601/2500, nval_worse=500
All additive for x['z'], complement x[1] (in NN['z', 1])
[Compound] Existing compound separates from extras [1], but checking only extensions that consume the separated coordinate.
[Variable Extension] Checking iterative extension for compound atom NN[1, 2]...
    [x0] reciprocal probe (negative-k singularity detected)
    [x0] reciprocal: ratio test failed (n_valid_k=0<100), no gradient fallback
    [x1] reciprocal probe (negative-k singularity detected)
  [Trig Scaling] Sampled 5000 points, probing 2 trivial + 0 compound target(s)
  [Trig Scaling] |F| filter: 4750/5000 points pass (5th-pct=4.636e-03)
  [Trig Scaling] x0: span=0.389, 15 ω candidates
  [Trig Scaling] x0 ACCEPTED: sin(4·z)^0.790  rel_std=0.0680
  [Trig Scaling] x1: no viable ω candidates (span=204)
[Local Oracle] Fresh path: 1 scaling, 1 trig specs
  [Local Oracle] x[1]: k≈-0.710, rel_std=0.0605
  [Local Oracle] leaf z: sin, ω=4, k=0.79, rel_std=0.068
[Shadow] recorded sin((4 * (x1 * (x2)**-1))) for parent=('tag', 'A0_R') source=local_oracle_trig conf=0.932 unit=unit_valid
[Stage A LogExp] Shadowed dimless_input:log z=log((x1 * (x2)**-1)) (conf=0.900); coordinate lift is not committed in Stage A
[Shadow] merged log((x1 * (x2)**-1)) for parent=('tag', 'A0_R') source=stageA_logexp conf=0.930 unit=unit_valid
[Stage A LogExp] Shadowed dimless_input:exp z=exp((x1 * (x2)**-1)) (conf=0.900); coordinate lift is not committed in Stage A
[Shadow] merged exp((x1 * (x2)**-1)) for parent=('tag', 'A0_R') source=stageA_logexp conf=0.930 unit=unit_valid
[Compound Exhaustion] High-confidence proposal (conf=0.900), trying...
[Compound] Normalized proposal shortlist:
[Compound]   1. kind=passthrough, conf=0.900, support=1, z=(x1 * (x2)**-1)
[Compound] Skipping proposal: raw extra(s) x1 already appear inside compound (x1 * (x2)**-1); overlap coordinate splits are Stage-A gauge moves, not confirmed simplifications
Checking separability of None(y) in input space with precision 0.001
All multiplicative for x['z'], complement x[1] (in NN['z', 1])
Setting number of segments: 16 (variant: no_offset)
[Teacher init] Training left factor on 2000 profile samples...
[Teacher init] Left factor trained, final loss: 3.557e+00
[Teacher init] Training right factor on 2000 profile samples...
[Teacher init] Right factor trained, final loss: 2.153e+01
[Teacher init] Scale check: left_rms=1.894e+00, right_rms=4.601e+00, ratio=2.43
[rescale_leaf] left: leaf type=DualSegmentedAdaptor, factor=1.5587
[rescale_leaf] left: scaled a_fit via base_model
[rescale_leaf] left: scaled a_pieces_fixed[15] via base_model
[rescale_leaf] right: leaf type=DualSegmentedAdaptor, factor=0.6416
[rescale_leaf] right: scaled a_fit via base_model
[rescale_leaf] right: scaled a_pieces_fixed[15] via base_model
[Teacher init] Final gauge norm: left x1.56, right x0.64
***Training candidate separable model (variant: no_offset)***, acceptance threshold (raw) 4.7604e-08 (base 1.0000e-03)
    Proposed: (NN[x0] * (NN[(x1 * (x2)**-1)] * NN[x1]))
[info] dataloader for provider ASTCompositeAdaptor yields 3 batches (equivalent to a single batch up to floating-point roundoff; minor Python-loop overhead per batch).
[LM][bucket] solving P=1152 (trivially separable union)
[trial] Stopping at epoch 2101/2500, lm_opt.state['halt']=True, loss=1.0173e-09, loss_val=1.0728e-09
[32mAccepted[0m separation (variant: no_offset), val-loss 1.0728e-09
[Stage A]   Current: [35mIdentity()(nn0(x0) * nn1(z=(x1 * x2^-1)) * nn2(x1))[0m
[Shadow] pruned stale coordinate evidence after separation: parents=1, shadows=5, consumed=0
Setting number of segments: 16, dual_layer: True

[34mSeparability Pass:3 (full), number of leaves: 3, y-transformation: None(y), trial 1/1, dual_layer: True[0m
Current model: Identity() ((NN[x0] * (NN[(x1 * (x2)**-1)] * NN[x1]))), parameters: 1152
[info] dataloader for provider ASTCompositeAdaptor yields 3 batches (equivalent to a single batch up to floating-point roundoff; minor Python-loop overhead per batch).
Stopping at epoch 1/2500, lm_opt.state['halt']=True, loss=1.0172e-09, loss_val=1.0729e-09
acceptable losses (raw) target=4.7604e-10, acceptable=4.7604e-06 (base units: target=1.0000e-07, acceptable=1.0000e-03)
[32mADOPTING[0m best val-loss 1.0729e-09 (trial 1/1, dual_layer=True)

======================================================================
  [Stage A] SEPARABILITY SEARCH — restart (pass 3)
======================================================================
[Stage A Monomial] Trying monomial_deg1 on NN[0] as rpoly (k≈0.333, rel=9.27e-05); accept_threshold=1.0729e-07
[info] dataloader for provider ASTCompositeAdaptor yields 3 batches (equivalent to a single batch up to floating-point roundoff; minor Python-loop overhead per batch).
[LM][bucket] solving P=768 (trivially separable union)
[trial] Validation patience exceeded at epoch 801/2500, nval_worse=500
[Stage A Monomial] Skipping NN[1, 2]: shared multiplicative NN support; leaving gauge-sensitive peel to Stage B.
[Stage A Monomial] Skipping NN[1]: shared multiplicative NN support; leaving gauge-sensitive peel to Stage B.
[Units] Stage A summary (identity): skipped 13 unit-incompatible proposal(s).
[Units]   - compound_buckingham: 13
[Units]       11× compound destroys dimensionless freedom: 1 -> 0 (need >= 1); forces monomial; no small unit-forced monomial power matches target dimension
[Units]       1× compound reduces dimensional rank: 2 -> 1; remaining variables cannot span output dimension
[Units]       1× compound reduces dimensional rank: 1 -> 0; remaining variables cannot span output dimension
[Reference] Saved pre-separability model to <WORKSPACE>/NestyNet_SR/results_ref/jacobi_v1_full.mod
[Stage A] Using identity separability results

Saved Stage-A checkpoint to <WORKSPACE>/NestyNet_SR/results/jacobi_v1_full.state.pkl
[36mFinal model: Identity() ((NN[x0] * (NN[(x1 * (x2)**-1)] * NN[x1]))), rest: None, None[0m
[Stage B] y-transform adjudication shortlist:
  - identity     source=baseline
[Units] Enforcing units in Stage B (policy=free_const_only, y_transform=identity).

======================================================================
  [Stage B] ANALYTICAL REWRITING — identity(y)-space
======================================================================


Size of datasets: training: 6000, val: 2000
[Stage B] Using MAD-normalised thresholds: MAD(y)≈0.069, scale=0.00476
[info] dataloader for provider ASTCompositeAdaptor yields 3 batches (equivalent to a single batch up to floating-point roundoff; minor Python-loop overhead per batch).
[LM][bucket] solving P=1152 (trivially separable union)
Stopping at epoch 1/2000, lm_opt.state['halt']=True, loss=1.0172e-09, loss_val=1.0728e-09

[Stage B] Initial model: params=1152, val-loss=1.0728e-09
[Stage B] Initial NN metrics: total=3, multivar=0, max_arity=1
[Stage B] Found 3 scaling candidates:
  axis 0: k≈0.333, rel_std=0.004, n=6000
  joint [1,2]: k≈-0.667, rel_std=0.028, n=6000
  joint [0,1,2]: k≈-0.333, rel_std=0.056, n=6000
[Stage B] FFT trig-axis candidates (informational):
[Stage B]   axis 0: omega≈0.220, strength=103.3, span=[0.0202,28.6]
[Stage B]   axis 1: omega≈0.098, strength=39.7, span=[2.03,130]
[Stage B] Found 1 nontrivial target(s) for trig probing:
[Stage B]   x1*x2**-1 (kind=ratio, indices=(1, 2))
    [x1] reciprocal probe (negative-k singularity detected)
    [x1] reciprocal: rel_std=0.2713>0.08, no gradient fallback available
    [x1*x2**-1] reciprocal probe (negative-k singularity detected)
  [Trig Scaling] Sampled 5000 points, probing 2 trivial + 1 compound target(s) (skipping axes [0] as polynomial)
  [Trig Scaling] |F| filter: 4750/5000 points pass (5th-pct=1.273e-02)
  [Trig Scaling] x1: no viable ω candidates (span=204)
  [Trig Scaling] x2: no viable ω candidates (span=181)
  [Trig Scaling] x1*x2**-1: span=0.389, 15 ω candidates
  [Trig Scaling] x1*x2**-1 ACCEPTED: sin(4·z)^0.903  rel_std=0.0700
[Stage B] Oracle trig probe found 1 spec(s):
[Stage B]   x1*x2**-1: sin(ω=4)^0.90, rel_std=0.070
[Stage B] Using 1 oracle trig spec(s)
[Stage B] trig_by_axis: [1]
[Stage B] Trig argument-structure hints:
  axis 1: none
[Stage B]   Separability rules: ['nonsense_units_zero_prune', 'monomial_peel_priority', 'subtree_separability', 'last_hard_trig_square', 'univariate_nn', 'log_ratio', 'power_product', 'joint_product_monomial_closure', 'overlap_prefactor_peel', 'overlap_counterterm_peel', 'common_prefactor', 'additive_gauge_transfer', 'multiplicative_homogeneity_transfer', 'univariate_mono', 'nn_leaf_separability', 'counterterm_mul_split', 'counterfactor_add_split']
[Stage B]   Specialized rules: ['compound_fn_macros', 'inverse_trig_outer_rational_closure', 'monomial_prefactor_compound', 'compound_planck', 'affine_decomp', 'nonlinear_substitution', 'univariate_oracle_invariants', 'homogeneity_peel', 'product_homogeneity', 'ratio_invariance', 'coupled_leaf_ratio', 'metric_distance', 'inverse_trig_outer_closure', 'phase_hint_trig_closure', 'phase_hint_reciprocal_trig_power', 'phase_context_trig_closure', 'barycentric', 'logexp_compound', 'r1_operator_certificate', 'univariate_mul_peel', 'outer_transform_split_nn', 'multid_nn', 'poly_split', 'preconditioner_fallback_nn', 'last_hard_trig_power', 'last_hard_atom_rescue']
[Stage B] === Phase 1: Searching for separabilities (additive, multiplicative) ===
[Stage B] Rule nonsense_units_zero_prune found 0 targets
[Stage B] Rule monomial_peel_priority found 3 targets
[Stage B]   target order (arity-asc): [vars=(0,)(arity=1), vars=(1, 2)(arity=1), vars=(1,)(arity=1)]
[Stage B] monomial_peel_priority shortlist: monomial_pow1_3@nn#leaf0 vars=(0,) (k=0.333, rel=9.27e-05); monomial_deg1[z_inv]@nn#leaf0 vars=(0,) (k=0.333, rel=9.27e-05); monomial_deg2[z_inv]@nn#leaf0 vars=(0,) (k=0.333, rel=9.27e-05); monomial_deg3[z_inv]@nn#leaf0 vars=(0,) (k=0.333, rel=9.27e-05); monomial_pow2_3[z_inv]@nn#leaf2 vars=(1,) (k=-0.667, rel=0.000564); monomial_deg1[z_inv]@nn#leaf2 vars=(1,) (k=-0.667, rel=0.000564); monomial_deg2[z_inv]@nn#leaf2 vars=(1,) (k=-0.667, rel=0.000564); monomial_deg3[z_inv]@nn#leaf2 vars=(1,) (k=-0.667, rel=0.000564)
[Stage B] Rule monomial_peel_priority trying 14 globally ranked candidates
[Stage B]  Greedy order (1 cands): monomial_pow1_3(1998p)
[Stage B]  Priority trying fixed third-power monomial (z^0.333, k≈0.333, rel=9.27e-05) on NN leaf vars (0,)
[info] dataloader for provider ASTCompositeAdaptor yields 3 batches (equivalent to a single batch up to floating-point roundoff; minor Python-loop overhead per batch).
[LM][bucket] solving P=768 (trivially separable union)
Stopping at epoch 801/2000, lm_opt.state['halt']=True, loss=4.1217e-11, loss_val=4.7475e-11
[Stage B]    Candidate (monomial_pow1_3): params=768, val-loss=4.7475e-11
[Stage B]    [32mAccepted[0m rewrite (monomial_pow1_3, better-loss)
[Stage B]    NN metrics: total=2, multivar=0, max_arity=1
[Stage B]    Current: [35mx0^0.33 * nn0(z=(x1 * x2^-1)) * nn1(x1)[0m
[Stage B] === Phase 1: Searching for separabilities (additive, multiplicative) ===
[Stage B] Rule nonsense_units_zero_prune found 0 targets
[Stage B] Rule monomial_peel_priority found 2 targets
[Stage B]   target order (arity-asc): [vars=(1, 2)(arity=1), vars=(1,)(arity=1)]
[Stage B] monomial_peel_priority shortlist: monomial_deg1@nn#leaf1 vars=(1, 2) (k=0.0697, rel=0.0691); monomial_deg1[z_inv]@nn#leaf1 vars=(1, 2) (k=0.0697, rel=0.0691); monomial_deg2@nn#leaf1 vars=(1, 2) (k=0.0697, rel=0.0691); monomial_deg2[z_inv]@nn#leaf1 vars=(1, 2) (k=0.0697, rel=0.0691); monomial_deg3@nn#leaf1 vars=(1, 2) (k=0.0697, rel=0.0691); monomial_deg3[z_inv]@nn#leaf1 vars=(1, 2) (k=0.0697, rel=0.0691); monomial_deg1[z_inv]@nn#leaf2 vars=(1,) (k=0.565, rel=0.328); monomial_deg2[z_inv]@nn#leaf2 vars=(1,) (k=0.565, rel=0.328)
[Stage B] Rule monomial_peel_priority trying 9 globally ranked candidates
[Stage B]  Greedy order (1 cands): monomial_deg1(999p)
[Stage B]  Priority trying 1D monomial (c·x^1) rewrite on NN leaf vars (1, 2)
[Stage B] Initialising RPolyLeaf for vars (1, 2), tag=leaf1
[info] dataloader for provider ASTCompositeAdaptor yields 3 batches (equivalent to a single batch up to floating-point roundoff; minor Python-loop overhead per batch).
[nestynet.optimizer] [95m[LM] Potential K-colinearity issue in rm[0].providers[0] (_Composite, segments=16, outputs=1, seg_width=1): 1080/1080 cross-segment channel pairs exceed |cos|>0.95 (worst seg 4/out 1 ↔ seg 14/out 0 |cos|=1.0000). Grouped segment pairs: 7/120 exceed |cos|>0.95 (worst seg 6 ↔ seg 8 |cos|=0.9994). This can make LM/direct_solve ill-conditioned; consider increasing seg_width, reducing segment count, or using a more diversity-preserving initialization. This model uses low-dimensional K-vectors (Nx*seg_width=1), so channel-level directional crowding can appear before whole segments overlap.[0m
[LM][bucket] solving P=384 (trivially separable union)
Validation patience exceeded at epoch 601/2000, nval_worse=500
[Stage B]    Candidate (monomial_deg1): params=384, val-loss=2.1705e-03
[Stage B]    Reject (monomial_deg1): simpler-over-budget(thr=6.576e-10) | loss 4.748e-11->2.171e-03 (Δ+2.17e-03) | params 768->384 | cx (0, 0, 0)->(0, 0, 0)
[Stage B]  Greedy order (1 cands): monomial_deg1[z_inv](999p)
[Stage B]  Priority trying 1D monomial (c·x^1) rewrite on NN leaf vars (1, 2) [coord=1/z]
[Stage B] Initialising RPolyLeaf for vars (1, 2), tag=leaf1
[info] dataloader for provider ASTCompositeAdaptor yields 3 batches (equivalent to a single batch up to floating-point roundoff; minor Python-loop overhead per batch).
[nestynet.optimizer] [95m[LM] Potential K-colinearity issue in rm[0].providers[0] (_Composite, segments=16, outputs=1, seg_width=1): 1080/1080 cross-segment channel pairs exceed |cos|>0.95 (worst seg 4/out 1 ↔ seg 14/out 0 |cos|=1.0000). Grouped segment pairs: 7/120 exceed |cos|>0.95 (worst seg 6 ↔ seg 8 |cos|=0.9994). This can make LM/direct_solve ill-conditioned; consider increasing seg_width, reducing segment count, or using a more diversity-preserving initialization. This model uses low-dimensional K-vectors (Nx*seg_width=1), so channel-level directional crowding can appear before whole segments overlap.[0m
Validation patience exceeded at epoch 601/2000, nval_worse=500
[Stage B]    Candidate (monomial_deg1[z_inv]): params=384, val-loss=5.0205e-04
[Stage B]    Reject (monomial_deg1[z_inv]): simpler-over-budget(thr=6.576e-10) | loss 4.748e-11->5.021e-04 (Δ+5.02e-04) | params 768->384 | cx (0, 0, 0)->(0, 0, 0)
[Stage B]  Greedy order (1 cands): monomial_deg2(999p)
[Stage B]  Priority trying 1D monomial (c·x^2) rewrite on NN leaf vars (1, 2)
[Stage B] Initialising RPolyLeaf for vars (1, 2), tag=leaf1
[info] dataloader for provider ASTCompositeAdaptor yields 3 batches (equivalent to a single batch up to floating-point roundoff; minor Python-loop overhead per batch).
[nestynet.optimizer] [95m[LM] Potential K-colinearity issue in rm[0].providers[0] (_Composite, segments=16, outputs=1, seg_width=1): 1080/1080 cross-segment channel pairs exceed |cos|>0.95 (worst seg 4/out 1 ↔ seg 14/out 0 |cos|=1.0000). Grouped segment pairs: 7/120 exceed |cos|>0.95 (worst seg 6 ↔ seg 8 |cos|=0.9994). This can make LM/direct_solve ill-conditioned; consider increasing seg_width, reducing segment count, or using a more diversity-preserving initialization. This model uses low-dimensional K-vectors (Nx*seg_width=1), so channel-level directional crowding can appear before whole segments overlap.[0m
Validation patience exceeded at epoch 701/2000, nval_worse=500
[Stage B]    Candidate (monomial_deg2): params=384, val-loss=6.7710e-03
[Stage B]    Reject (monomial_deg2): simpler-over-budget(thr=6.576e-10) | loss 4.748e-11->6.771e-03 (Δ+6.77e-03) | params 768->384 | cx (0, 0, 0)->(0, 0, 0)
[Stage B]  Greedy order (1 cands): monomial_deg2[z_inv](999p)
[Stage B]  Priority trying 1D monomial (c·x^2) rewrite on NN leaf vars (1, 2) [coord=1/z]
[Stage B] Initialising RPolyLeaf for vars (1, 2), tag=leaf1
[info] dataloader for provider ASTCompositeAdaptor yields 3 batches (equivalent to a single batch up to floating-point roundoff; minor Python-loop overhead per batch).
[nestynet.optimizer] [95m[LM] Potential K-colinearity issue in rm[0].providers[0] (_Composite, segments=16, outputs=1, seg_width=1): 1080/1080 cross-segment channel pairs exceed |cos|>0.95 (worst seg 4/out 1 ↔ seg 14/out 0 |cos|=1.0000). Grouped segment pairs: 7/120 exceed |cos|>0.95 (worst seg 6 ↔ seg 8 |cos|=0.9994). This can make LM/direct_solve ill-conditioned; consider increasing seg_width, reducing segment count, or using a more diversity-preserving initialization. This model uses low-dimensional K-vectors (Nx*seg_width=1), so channel-level directional crowding can appear before whole segments overlap.[0m
Validation patience exceeded at epoch 601/2000, nval_worse=500
[Stage B]    Candidate (monomial_deg2[z_inv]): params=384, val-loss=2.5295e-03
[Stage B]    Reject (monomial_deg2[z_inv]): simpler-over-budget(thr=6.576e-10) | loss 4.748e-11->2.530e-03 (Δ+2.53e-03) | params 768->384 | cx (0, 0, 0)->(0, 0, 0)
[Stage B]  Greedy order (1 cands): monomial_deg3(999p)
[Stage B]  Priority trying 1D monomial (c·x^3) rewrite on NN leaf vars (1, 2)
[Stage B] Initialising RPolyLeaf for vars (1, 2), tag=leaf1
[info] dataloader for provider ASTCompositeAdaptor yields 3 batches (equivalent to a single batch up to floating-point roundoff; minor Python-loop overhead per batch).
[nestynet.optimizer] [95m[LM] Potential K-colinearity issue in rm[0].providers[0] (_Composite, segments=16, outputs=1, seg_width=1): 1080/1080 cross-segment channel pairs exceed |cos|>0.95 (worst seg 4/out 1 ↔ seg 14/out 0 |cos|=1.0000). Grouped segment pairs: 7/120 exceed |cos|>0.95 (worst seg 6 ↔ seg 8 |cos|=0.9994). This can make LM/direct_solve ill-conditioned; consider increasing seg_width, reducing segment count, or using a more diversity-preserving initialization. This model uses low-dimensional K-vectors (Nx*seg_width=1), so channel-level directional crowding can appear before whole segments overlap.[0m
Validation patience exceeded at epoch 1701/2000, nval_worse=500
[Stage B]    Candidate (monomial_deg3): params=384, val-loss=1.4343e-02
[Stage B]    Reject (monomial_deg3): simpler-over-budget(thr=6.576e-10) | loss 4.748e-11->1.434e-02 (Δ+1.43e-02) | params 768->384 | cx (0, 0, 0)->(0, 0, 0)
[Stage B]  Greedy order (1 cands): monomial_deg3[z_inv](999p)
[Stage B]  Priority trying 1D monomial (c·x^3) rewrite on NN leaf vars (1, 2) [coord=1/z]
[Stage B] Initialising RPolyLeaf for vars (1, 2), tag=leaf1
[info] dataloader for provider ASTCompositeAdaptor yields 3 batches (equivalent to a single batch up to floating-point roundoff; minor Python-loop overhead per batch).
[nestynet.optimizer] [95m[LM] Potential K-colinearity issue in rm[0].providers[0] (_Composite, segments=16, outputs=1, seg_width=1): 1080/1080 cross-segment channel pairs exceed |cos|>0.95 (worst seg 4/out 1 ↔ seg 14/out 0 |cos|=1.0000). Grouped segment pairs: 7/120 exceed |cos|>0.95 (worst seg 6 ↔ seg 8 |cos|=0.9994). This can make LM/direct_solve ill-conditioned; consider increasing seg_width, reducing segment count, or using a more diversity-preserving initialization. This model uses low-dimensional K-vectors (Nx*seg_width=1), so channel-level directional crowding can appear before whole segments overlap.[0m
Validation patience exceeded at epoch 701/2000, nval_worse=500
[Stage B]    Candidate (monomial_deg3[z_inv]): params=384, val-loss=5.0247e-03
[Stage B]    Reject (monomial_deg3[z_inv]): simpler-over-budget(thr=6.576e-10) | loss 4.748e-11->5.025e-03 (Δ+5.02e-03) | params 768->384 | cx (0, 0, 0)->(0, 0, 0)
[Stage B]  Greedy order (1 cands): monomial_deg1[z_inv](999p)
[Stage B]  Precheck reject (units: nn-output-unreachable leaf1 inputs=((x1 * (x2)**-1)) target=T^-1/3 basis=['dimless-only']) rule=monomial_peel_priority cand=monomial_deg1[z_inv] target=nn#leaf2 vars=(1,) attempted=0
[Stage B]  Greedy order (1 cands): monomial_deg2[z_inv](999p)
[Stage B]  Precheck reject (units: nn-output-unreachable leaf1 inputs=((x1 * (x2)**-1)) target=T^-4/3 basis=['dimless-only']) rule=monomial_peel_priority cand=monomial_deg2[z_inv] target=nn#leaf2 vars=(1,) attempted=0
[Stage B]  Greedy order (1 cands): monomial_deg3[z_inv](999p)
[Stage B]  Precheck reject (units: nn-output-unreachable leaf1 inputs=((x1 * (x2)**-1)) target=T^-7/3 basis=['dimless-only']) rule=monomial_peel_priority cand=monomial_deg3[z_inv] target=nn#leaf2 vars=(1,) attempted=0
[Stage B] Rule subtree_separability found 0 targets
[Stage B] Rule last_hard_trig_square found 0 targets
[Stage B] Rule univariate_nn found 2 targets
[Stage B]   target order (arity-asc): [vars=(1, 2)(arity=1), vars=(1,)(arity=1)]
[Stage B] symexp_denom_1d accepted: rel_rms=0.0008, scale≈-2.6e+03, linear≈-0.256, compound vars=(1, 2)
[Stage B] symexp_denom_1d_recip rejected: rel_rms=0.1078 > 0.05, compound vars=(1, 2)
[Stage B] inv_poly: using degree-probe monomials, 3 valid terms, vars=(1, 2)
[Stage B] inv_poly probe: 2 sub-threshold trial(s) for vars=(1, 2): deg=1 rms=0.0000 n=2, deg=2 rms=0.0000 n=3
[Stage B] sqrt_poly: degree-probe active, sqrt=3 terms (probed=True), inv=3 terms (probed=True), vars=(1, 2)
[Stage B]  one_minus_cos_over_z2 skip NN vars (1, 2): screen failed for z=(x1 * (x2)**-1); exact best rel=1.55e+00 at omega≈0.5; affine best rel=3.26e-01, offset_rel=5.44e-03 at omega≈0.5; thresholds rel<=2.00e-02, offset_rel<=1.50e-01
[Stage B]  sparse_factor_1d skip NN vars (1, 2): screen failed for z=(x1 * (x2)**-1); best rel=7.71e-01, threshold=2.00e-02
[Stage B] ratpoly_1d degree probe: 1 valid pair(s), min_deg=(0,0), vars=(1, 2)
[Stage B] ratpoly_1d probe: 3 sub-threshold trial(s) for vars=(1, 2): deg=(0,3)->(0,2) nnz=(1,3) rms=0.0002, deg=(3,1)->(3,1) nnz=(4,2) rms=0.0003, deg=(4,1)->(4,1) nnz=(5,2) rms=0.0002
[Stage B] ratpoly_1d degree probe: 1 valid pair(s), min_deg=(0,0), vars=(1, 2)
[Stage B] ratpoly_1d probe: 11 sub-threshold trial(s) for vars=(1, 2): deg=(0,2)->(0,2) nnz=(1,3) rms=0.0001, deg=(1,1)->(1,1) nnz=(2,2) rms=0.0002, deg=(2,1)->(2,0) nnz=(3,1) rms=0.0002, deg=(0,3)->(0,3) nnz=(1,4) rms=0.0000, deg=(1,2)->(1,2) nnz=(2,3) rms=0.0000, deg=(0,4)->(0,4) nnz=(1,5) rms=0.0000, deg=(1,3)->(1,3) nnz=(2,4) rms=0.0000, deg=(1,4)->(1,4) nnz=(2,5) rms=0.0000, deg=(2,4)->(2,4) nnz=(3,5) rms=0.0000, deg=(4,2)->(4,2) nnz=(5,3) rms=0.0000, deg=(3,4)->(3,4) nnz=(4,5) rms=0.0000
[Stage B] ratpoly_1d degree probe: 1 valid pair(s), min_deg=(0,0), vars=(1, 2)
[Stage B] ratpoly_1d probe: 5 sub-threshold trial(s) for vars=(1, 2): deg=(0,2)->(0,2) nnz=(1,3) rms=0.0002, deg=(0,3)->(0,3) nnz=(1,3) rms=0.0001, deg=(2,2)->(1,2) nnz=(1,3) rms=0.0005, deg=(1,2)->(1,2) nnz=(2,3) rms=0.0002, deg=(3,4)->(1,4) nnz=(1,4) rms=0.0002
[Stage B] ratpoly_1d degree probe: 1 valid pair(s), min_deg=(0,0), vars=(1, 2)
[Stage B] ratpoly_1d probe: 9 sub-threshold trial(s) for vars=(1, 2): deg=(0,2)->(0,2) nnz=(1,3) rms=0.0002, deg=(1,1)->(1,1) nnz=(2,2) rms=0.0002, deg=(2,1)->(2,0) nnz=(3,1) rms=0.0002, deg=(3,1)->(3,0) nnz=(3,1) rms=0.0001, deg=(0,3)->(0,3) nnz=(1,4) rms=0.0000, deg=(1,2)->(1,2) nnz=(2,3) rms=0.0000, deg=(0,4)->(0,4) nnz=(1,5) rms=0.0000, deg=(1,3)->(1,3) nnz=(2,4) rms=0.0000, deg=(1,4)->(1,4) nnz=(2,5) rms=0.0000
[Stage B] ratpoly_1d degree probe: 1 valid pair(s), min_deg=(0,0), vars=(1, 2)
[Stage B] ratpoly_1d probe: 14 sub-threshold trial(s) for vars=(1, 2): deg=(0,1)->(0,1) nnz=(1,2) rms=0.0055, deg=(0,4)->(0,2) nnz=(1,3) rms=0.0001, deg=(1,1)->(1,1) nnz=(2,2) rms=0.0002, deg=(2,1)->(2,0) nnz=(3,1) rms=0.0000, deg=(1,2)->(1,2) nnz=(2,2) rms=0.0001, deg=(2,2)->(2,1) nnz=(2,2) rms=0.0001, deg=(3,1)->(3,1) nnz=(2,2) rms=0.0030, deg=(0,3)->(0,3) nnz=(1,4) rms=0.0000, deg=(3,3)->(2,3) nnz=(2,3) rms=0.0000, deg=(3,2)->(3,2) nnz=(3,2) rms=0.0002, deg=(4,1)->(4,1) nnz=(3,2) rms=0.0002, deg=(1,3)->(1,3) nnz=(2,4) rms=0.0000, deg=(1,4)->(1,4) nnz=(2,5) rms=0.0000, deg=(2,3)->(2,3) nnz=(3,4) rms=0.0000
[Stage B] symexp_denom_1d rejected: rel_rms=0.1078 > 0.05, compound vars=(1, 2)
[Stage B] symexp_denom_1d_recip (poly) accepted: rel_rms=0.0008, scale≈-2.6e+03, linear≈-1.89, compound vars=(1, 2)
[Stage B] inv_poly: using degree-probe monomials, 3 valid terms, vars=(1, 2)
[Stage B] inv_poly probe: 2 sub-threshold trial(s) for vars=(1, 2): deg=1 rms=0.0009 n=2, deg=2 rms=0.0001 n=3
[Stage B] sqrt_poly: degree-probe active, sqrt=3 terms (probed=True), inv=3 terms (probed=True), vars=(1, 2)
[Stage B]  one_minus_cos_over_z2 skip NN vars (1, 2): screen failed for z=(x2 / x1); exact best rel=1.60e+00 at omega≈0.5; affine best rel=3.41e-01, offset_rel=8.05e-03 at omega≈0.5; thresholds rel<=2.00e-02, offset_rel<=1.50e-01
[Stage B]  sparse_factor_1d skip NN vars (1, 2): screen failed for z=(x2 / x1); best rel=6.62e-01, threshold=2.00e-02
[Stage B] ratpoly_1d degree probe: 1 valid pair(s), min_deg=(0,0), vars=(1, 2)
[Stage B] ratpoly_1d probe: 5 sub-threshold trial(s) for vars=(1, 2): deg=(4,1)->(3,1) nnz=(3,2) rms=0.0009, deg=(2,4)->(2,3) nnz=(1,4) rms=0.0000, deg=(0,4)->(0,4) nnz=(1,5) rms=0.0001, deg=(1,4)->(1,4) nnz=(2,5) rms=0.0001, deg=(4,4)->(4,4) nnz=(5,5) rms=0.0001
[Stage B] ratpoly_1d degree probe: 1 valid pair(s), min_deg=(0,0), vars=(1, 2)
[Stage B] ratpoly_1d probe: 16 sub-threshold trial(s) for vars=(1, 2): deg=(1,2)->(1,2) nnz=(2,3) rms=0.0000, deg=(2,1)->(2,1) nnz=(3,2) rms=0.0000, deg=(0,4)->(0,4) nnz=(1,5) rms=0.0002, deg=(1,3)->(1,3) nnz=(2,4) rms=0.0000, deg=(2,2)->(2,2) nnz=(3,3) rms=0.0000, deg=(3,1)->(3,1) nnz=(4,2) rms=0.0000, deg=(4,1)->(4,0) nnz=(5,1) rms=0.0001, deg=(1,4)->(1,4) nnz=(2,5) rms=0.0000, deg=(2,3)->(2,3) nnz=(3,4) rms=0.0000, deg=(3,2)->(3,2) nnz=(4,3) rms=0.0000, deg=(2,4)->(2,4) nnz=(3,5) rms=0.0000, deg=(3,3)->(3,3) nnz=(4,4) rms=0.0000, deg=(4,2)->(4,2) nnz=(5,3) rms=0.0000, deg=(3,4)->(3,4) nnz=(4,5) rms=0.0000, deg=(4,3)->(4,3) nnz=(5,4) rms=0.0000, deg=(4,4)->(4,4) nnz=(5,5) rms=0.0000
[Stage B] ratpoly_1d degree probe: 1 valid pair(s), min_deg=(0,0), vars=(1, 2)
[Stage B] ratpoly_1d probe: 2 sub-threshold trial(s) for vars=(1, 2): deg=(2,3)->(2,2) nnz=(1,3) rms=0.0002, deg=(0,4)->(0,4) nnz=(1,5) rms=0.0001
[Stage B] ratpoly_1d degree probe: 1 valid pair(s), min_deg=(0,0), vars=(1, 2)
[Stage B] ratpoly_1d probe: 14 sub-threshold trial(s) for vars=(1, 2): deg=(1,1)->(1,1) nnz=(2,2) rms=0.0002, deg=(1,2)->(1,2) nnz=(2,3) rms=0.0000, deg=(2,1)->(2,1) nnz=(3,2) rms=0.0000, deg=(0,4)->(0,4) nnz=(1,5) rms=0.0002, deg=(1,3)->(1,3) nnz=(2,4) rms=0.0000, deg=(2,2)->(2,2) nnz=(3,3) rms=0.0000, deg=(3,1)->(3,1) nnz=(4,2) rms=0.0000, deg=(4,1)->(4,0) nnz=(5,1) rms=0.0001, deg=(1,4)->(1,4) nnz=(2,5) rms=0.0000, deg=(2,3)->(2,3) nnz=(3,4) rms=0.0000, deg=(3,2)->(3,2) nnz=(4,3) rms=0.0000, deg=(2,4)->(2,4) nnz=(3,5) rms=0.0000, deg=(3,3)->(3,3) nnz=(4,4) rms=0.0000, deg=(3,4)->(3,4) nnz=(4,5) rms=0.0000
[Stage B] ratpoly_1d degree probe: 1 valid pair(s), min_deg=(0,0), vars=(1, 2)
[Stage B] ratpoly_1d probe: 12 sub-threshold trial(s) for vars=(1, 2): deg=(0,2)->(0,2) nnz=(1,3) rms=0.0124, deg=(3,1)->(2,1) nnz=(2,2) rms=0.0116, deg=(0,3)->(0,3) nnz=(1,4) rms=0.0014, deg=(2,3)->(2,2) nnz=(2,3) rms=0.0000, deg=(1,4)->(1,4) nnz=(1,4) rms=0.0052, deg=(0,4)->(0,4) nnz=(1,5) rms=0.0001, deg=(2,2)->(2,2) nnz=(3,3) rms=0.0000, deg=(4,1)->(4,1) nnz=(4,2) rms=0.0001, deg=(3,2)->(3,2) nnz=(4,3) rms=0.0000, deg=(2,4)->(2,4) nnz=(3,5) rms=0.0001, deg=(3,3)->(3,3) nnz=(4,4) rms=0.0000, deg=(4,3)->(4,3) nnz=(5,4) rms=0.0001
[Stage B] RuleUniNN proposing 82 candidates for NN vars=(1, 2): ['monomial_deg1', 'monomial_deg2', 'monomial_deg3', 'poly', 'symexp_denom_1d_recip', 'polylog', 'logshifted', 'inv_poly', 'inv_poly[1]', 'sqrt_poly', 'cf_sharedpref_resid', 'cf_sharedpref_resid', 'cf_combo', 'cf_combo', 'cf_combo', 'cf_combo', 'cf_combo', 'cf_combo', 'cf_sharedpref_resid', 'cf_combo', 'sqrt_ratpoly_1d', 'sqrt_ratpoly_1d[1]', 'sqrt_ratpoly_1d[2]', 'sqrt_ratpoly_1d[3]', 'sqrt_ratpoly_1d[4]', 'sqrt_ratpoly_1d[5]', 'sqrt_ratpoly_1d[6]', 'sqrt_ratpoly_1d[7]', 'sqrt_ratpoly_1d[8]', 'sqrt_ratpoly_1d[9]', 'sqrt_ratpoly_1d[10]', 'sqrt_ratpoly_1d[11]', 'sqrt_ratpoly_1d[12]', 'sqrt_ratpoly_1d[13]', 'sqrt_ratpoly_1d[14]', 'sqrt_ratpoly_1d[15]', 'sqrt_ratpoly_1d[16]', 'sqrt_ratpoly_1d[17]', 'sqrt_ratpoly_1d[18]', 'sqrt_ratpoly_1d[19]', 'sqrt_ratpoly_1d[20]', 'cbrt_ratpoly_1d', 'cbrt_ratpoly_1d[1]', 'cbrt_ratpoly_1d[2]', 'cbrt_ratpoly_1d[3]', 'cbrt_ratpoly_1d[4]', 'cbrt_ratpoly_1d[5]', 'cbrt_ratpoly_1d[6]', 'cbrt_ratpoly_1d[7]', 'cbrt_ratpoly_1d[8]', 'cbrt_ratpoly_1d[9]', 'cbrt_ratpoly_1d[10]', 'cbrt_ratpoly_1d[11]', 'cbrt_ratpoly_1d[12]', 'cbrt_ratpoly_1d[13]', 'cbrt_ratpoly_1d[14]', 'cbrt_ratpoly_1d[15]', 'ratpoly_1d', 'ratpoly_1d[1]', 'ratpoly_1d[2]', 'ratpoly_1d[3]', 'ratpoly_1d[4]', 'ratpoly_1d[5]', 'ratpoly_1d[6]', 'ratpoly_1d[7]', 'ratpoly_1d[8]', 'ratpoly_1d[9]', 'ratpoly_1d[10]', 'ratpoly_1d[11]', 'exp', 'exp_rat', 'tanh', 'trig', 'trig', 'trig', 'trig', 'trig', 'sinc_p2', 'affine_trig', 'leaftr_recip_poly3', 'leaftr_square_poly3', 'leaftr_recip_affine_trig']
[Stage B]  Skipping reciprocal-coordinate alias polylog: closed-under-reciprocal:polylog
[Stage B]  Skipping reciprocal-coordinate alias sqrt_ratpoly_1d: closed-under-reciprocal:sqrt_ratpoly_1d
[Stage B]  Skipping reciprocal-coordinate alias sqrt_ratpoly_1d[1]: closed-under-reciprocal:sqrt_ratpoly_1d
[Stage B]  Skipping reciprocal-coordinate alias sqrt_ratpoly_1d[2]: closed-under-reciprocal:sqrt_ratpoly_1d
[Stage B]  Skipping reciprocal-coordinate alias sqrt_ratpoly_1d[3]: closed-under-reciprocal:sqrt_ratpoly_1d
[Stage B]  Skipping reciprocal-coordinate alias sqrt_ratpoly_1d[4]: closed-under-reciprocal:sqrt_ratpoly_1d
[Stage B]  Skipping reciprocal-coordinate alias sqrt_ratpoly_1d[5]: closed-under-reciprocal:sqrt_ratpoly_1d
[Stage B]  Skipping reciprocal-coordinate alias sqrt_ratpoly_1d[6]: closed-under-reciprocal:sqrt_ratpoly_1d
[Stage B]  Skipping reciprocal-coordinate alias sqrt_ratpoly_1d[7]: closed-under-reciprocal:sqrt_ratpoly_1d
[Stage B]  Skipping reciprocal-coordinate alias sqrt_ratpoly_1d[8]: closed-under-reciprocal:sqrt_ratpoly_1d
[Stage B]  Skipping reciprocal-coordinate alias sqrt_ratpoly_1d[9]: closed-under-reciprocal:sqrt_ratpoly_1d
[Stage B]  Skipping reciprocal-coordinate alias sqrt_ratpoly_1d[10]: closed-under-reciprocal:sqrt_ratpoly_1d
[Stage B]  Skipping reciprocal-coordinate alias sqrt_ratpoly_1d[11]: closed-under-reciprocal:sqrt_ratpoly_1d
[Stage B]  Skipping reciprocal-coordinate alias sqrt_ratpoly_1d[12]: closed-under-reciprocal:sqrt_ratpoly_1d
[Stage B]  Skipping reciprocal-coordinate alias sqrt_ratpoly_1d[13]: closed-under-reciprocal:sqrt_ratpoly_1d
[Stage B]  Skipping reciprocal-coordinate alias sqrt_ratpoly_1d[14]: closed-under-reciprocal:sqrt_ratpoly_1d
[Stage B]  Skipping reciprocal-coordinate alias sqrt_ratpoly_1d[15]: closed-under-reciprocal:sqrt_ratpoly_1d
[Stage B]  Skipping reciprocal-coordinate alias sqrt_ratpoly_1d[16]: closed-under-reciprocal:sqrt_ratpoly_1d
[Stage B]  Skipping reciprocal-coordinate alias sqrt_ratpoly_1d[17]: closed-under-reciprocal:sqrt_ratpoly_1d
[Stage B]  Skipping reciprocal-coordinate alias sqrt_ratpoly_1d[18]: closed-under-reciprocal:sqrt_ratpoly_1d
[Stage B]  Skipping reciprocal-coordinate alias sqrt_ratpoly_1d[19]: closed-under-reciprocal:sqrt_ratpoly_1d
[Stage B]  Skipping reciprocal-coordinate alias sqrt_ratpoly_1d[20]: closed-under-reciprocal:sqrt_ratpoly_1d
[Stage B]  Skipping reciprocal-coordinate alias cbrt_ratpoly_1d: closed-under-reciprocal:cbrt_ratpoly_1d
[Stage B]  Skipping reciprocal-coordinate alias cbrt_ratpoly_1d[1]: closed-under-reciprocal:cbrt_ratpoly_1d
[Stage B]  Skipping reciprocal-coordinate alias cbrt_ratpoly_1d[2]: closed-under-reciprocal:cbrt_ratpoly_1d
[Stage B]  Skipping reciprocal-coordinate alias cbrt_ratpoly_1d[3]: closed-under-reciprocal:cbrt_ratpoly_1d
[Stage B]  Skipping reciprocal-coordinate alias cbrt_ratpoly_1d[4]: closed-under-reciprocal:cbrt_ratpoly_1d
[Stage B]  Skipping reciprocal-coordinate alias cbrt_ratpoly_1d[5]: closed-under-reciprocal:cbrt_ratpoly_1d
[Stage B]  Skipping reciprocal-coordinate alias cbrt_ratpoly_1d[6]: closed-under-reciprocal:cbrt_ratpoly_1d
[Stage B]  Skipping reciprocal-coordinate alias cbrt_ratpoly_1d[7]: closed-under-reciprocal:cbrt_ratpoly_1d
[Stage B]  Skipping reciprocal-coordinate alias cbrt_ratpoly_1d[8]: closed-under-reciprocal:cbrt_ratpoly_1d
[Stage B]  Skipping reciprocal-coordinate alias cbrt_ratpoly_1d[9]: closed-under-reciprocal:cbrt_ratpoly_1d
[Stage B]  Skipping reciprocal-coordinate alias cbrt_ratpoly_1d[10]: closed-under-reciprocal:cbrt_ratpoly_1d
[Stage B]  Skipping reciprocal-coordinate alias cbrt_ratpoly_1d[11]: closed-under-reciprocal:cbrt_ratpoly_1d
[Stage B]  Skipping reciprocal-coordinate alias cbrt_ratpoly_1d[12]: closed-under-reciprocal:cbrt_ratpoly_1d
[Stage B]  Skipping reciprocal-coordinate alias cbrt_ratpoly_1d[13]: closed-under-reciprocal:cbrt_ratpoly_1d
[Stage B]  Skipping reciprocal-coordinate alias cbrt_ratpoly_1d[14]: closed-under-reciprocal:cbrt_ratpoly_1d
[Stage B]  Skipping reciprocal-coordinate alias cbrt_ratpoly_1d[15]: closed-under-reciprocal:cbrt_ratpoly_1d
[Stage B]  Skipping reciprocal-coordinate alias ratpoly_1d: closed-under-reciprocal:ratpoly_1d
[Stage B]  Skipping reciprocal-coordinate alias ratpoly_1d[1]: closed-under-reciprocal:ratpoly_1d
[Stage B]  Skipping reciprocal-coordinate alias ratpoly_1d[2]: closed-under-reciprocal:ratpoly_1d
[Stage B]  Skipping reciprocal-coordinate alias ratpoly_1d[3]: closed-under-reciprocal:ratpoly_1d
[Stage B]  Skipping reciprocal-coordinate alias ratpoly_1d[4]: closed-under-reciprocal:ratpoly_1d
[Stage B]  Skipping reciprocal-coordinate alias ratpoly_1d[5]: closed-under-reciprocal:ratpoly_1d
[Stage B]  Skipping reciprocal-coordinate alias ratpoly_1d[6]: closed-under-reciprocal:ratpoly_1d
[Stage B]  Skipping reciprocal-coordinate alias ratpoly_1d[7]: closed-under-reciprocal:ratpoly_1d
[Stage B]  Skipping reciprocal-coordinate alias ratpoly_1d[8]: closed-under-reciprocal:ratpoly_1d
[Stage B]  Skipping reciprocal-coordinate alias ratpoly_1d[9]: closed-under-reciprocal:ratpoly_1d
[Stage B]  Skipping reciprocal-coordinate alias ratpoly_1d[10]: closed-under-reciprocal:ratpoly_1d
[Stage B]  Skipping reciprocal-coordinate alias ratpoly_1d[11]: closed-under-reciprocal:ratpoly_1d
[Stage B]  Skipping reciprocal-coordinate alias exp_rat: closed-under-reciprocal:exp_rat
[Stage B] RuleUniNN proposing 107 candidates for NN vars=(1, 2): ['monomial_deg1', 'monomial_deg1[z_inv]', 'monomial_deg2', 'monomial_deg2[z_inv]', 'monomial_deg3', 'monomial_deg3[z_inv]', 'poly', 'poly[z_inv]', 'expm1', 'symexp_denom_1d', 'polylog', 'logshifted', 'logshifted[z_inv]', 'inv_poly', 'inv_poly[z_inv]', 'inv_poly[1]', 'inv_poly[1][z_inv]', 'sqrt_poly', 'sqrt_poly[z_inv]', 'cf_sharedpref_resid', 'cf_sharedpref_resid[z_inv]', 'cf_sharedpref_resid[z_inv]', 'cf_sharedpref_resid[z_inv]', 'cf_sharedpref_resid', 'cf_combo', 'cf_combo[z_inv]', 'cf_combo[z_inv]', 'cf_combo[z_inv]', 'cf_combo[z_inv]', 'cf_combo[z_inv]', 'cf_combo[z_inv]', 'cf_combo[z_inv]', 'cf_combo', 'cf_combo', 'cf_combo', 'cf_combo', 'cf_combo', 'cf_sharedpref_resid', 'cf_combo', 'sqrt_ratpoly_1d', 'sqrt_ratpoly_1d[1]', 'sqrt_ratpoly_1d[2]', 'sqrt_ratpoly_1d[3]', 'sqrt_ratpoly_1d[4]', 'sqrt_ratpoly_1d[5]', 'sqrt_ratpoly_1d[6]', 'sqrt_ratpoly_1d[7]', 'sqrt_ratpoly_1d[8]', 'sqrt_ratpoly_1d[9]', 'sqrt_ratpoly_1d[10]', 'sqrt_ratpoly_1d[11]', 'sqrt_ratpoly_1d[12]', 'sqrt_ratpoly_1d[13]', 'cbrt_ratpoly_1d', 'cbrt_ratpoly_1d[1]', 'cbrt_ratpoly_1d[2]', 'cbrt_ratpoly_1d[3]', 'cbrt_ratpoly_1d[4]', 'cbrt_ratpoly_1d[5]', 'cbrt_ratpoly_1d[6]', 'cbrt_ratpoly_1d[7]', 'cbrt_ratpoly_1d[8]', 'cbrt_ratpoly_1d[9]', 'cbrt_ratpoly_1d[10]', 'cbrt_ratpoly_1d[11]', 'cbrt_ratpoly_1d[12]', 'cbrt_ratpoly_1d[13]', 'ratpoly_1d', 'ratpoly_1d[1]', 'ratpoly_1d[2]', 'ratpoly_1d[3]', 'ratpoly_1d[4]', 'ratpoly_1d[5]', 'ratpoly_1d[6]', 'ratpoly_1d[7]', 'ratpoly_1d[8]', 'ratpoly_1d[9]', 'ratpoly_1d[10]', 'ratpoly_1d[11]', 'ratpoly_1d[12]', 'ratpoly_1d[13]', 'exp', 'exp[z_inv]', 'exp_rat', 'tanh', 'tanh[z_inv]', 'trig', 'trig[z_inv]', 'trig[z_inv]', 'trig[z_inv]', 'trig[z_inv]', 'trig[z_inv]', 'trig', 'trig', 'trig', 'trig', 'sinc_p2', 'sinc_p2[z_inv]', 'affine_trig', 'affine_trig[z_inv]', 'leaftr_square_poly3', 'leaftr_square_poly3[z_inv]', 'leaftr_recip_poly3', 'leaftr_recip_poly3[z_inv]', 'leaftr_recip_affine_trig', 'leaftr_recip_affine_trig[z_inv]', 'symexp_denom_1d_recip[z_inv]']
[Stage B]  Greedy order (107 cands): monomial_deg1(1000p), monomial_deg1[z_inv](1000p), monomial_deg2(1000p), monomial_deg2[z_inv](1000p), monomial_deg3(1000p), monomial_deg3[z_inv](1000p), poly(1001p), poly[z_inv](1001p), expm1(1002p), symexp_denom_1d(1005p), polylog(1001p), logshifted(1002p), logshifted[z_inv](1002p), inv_poly(1001p), inv_poly[z_inv](1001p), inv_poly[1](1002p), inv_poly[1][z_inv](1002p), sqrt_poly(1002p), sqrt_poly[z_inv](1002p), cf_sharedpref_resid(1002p), cf_sharedpref_resid[z_inv](1002p), cf_sharedpref_resid[z_inv](1002p), cf_sharedpref_resid[z_inv](1002p), cf_sharedpref_resid(1002p), cf_combo(1002p), cf_combo[z_inv](1002p), cf_combo[z_inv](1001p), cf_combo[z_inv](1002p), cf_combo[z_inv](1001p), cf_combo[z_inv](1002p), cf_combo[z_inv](1001p), cf_combo[z_inv](1002p), cf_combo(1001p), cf_combo(1002p), cf_combo(1001p), cf_combo(1002p), cf_combo(1001p), cf_sharedpref_resid(1002p), cf_combo(1002p), sqrt_ratpoly_1d(1003p), sqrt_ratpoly_1d[1](1005p), sqrt_ratpoly_1d[2](1006p), sqrt_ratpoly_1d[3](1003p), sqrt_ratpoly_1d[4](1003p), sqrt_ratpoly_1d[5](1003p), sqrt_ratpoly_1d[6](1004p), sqrt_ratpoly_1d[7](1004p), sqrt_ratpoly_1d[8](1005p), sqrt_ratpoly_1d[9](1005p), sqrt_ratpoly_1d[10](1006p), sqrt_ratpoly_1d[11](1007p), sqrt_ratpoly_1d[12](1007p), sqrt_ratpoly_1d[13](1008p), cbrt_ratpoly_1d(1003p), cbrt_ratpoly_1d[1](1003p), cbrt_ratpoly_1d[2](1003p), cbrt_ratpoly_1d[3](1004p), cbrt_ratpoly_1d[4](1004p), cbrt_ratpoly_1d[5](1003p), cbrt_ratpoly_1d[6](1003p), cbrt_ratpoly_1d[7](1003p), cbrt_ratpoly_1d[8](1003p), cbrt_ratpoly_1d[9](1004p), cbrt_ratpoly_1d[10](1004p), cbrt_ratpoly_1d[11](1005p), cbrt_ratpoly_1d[12](1005p), cbrt_ratpoly_1d[13](1006p), ratpoly_1d(1002p), ratpoly_1d[1](1003p), ratpoly_1d[2](1003p), ratpoly_1d[3](1003p), ratpoly_1d[4](1003p), ratpoly_1d[5](1003p), ratpoly_1d[6](1003p), ratpoly_1d[7](1004p), ratpoly_1d[8](1004p), ratpoly_1d[9](1004p), ratpoly_1d[10](1004p), ratpoly_1d[11](1005p), ratpoly_1d[12](1006p), ratpoly_1d[13](1006p), exp(1002p), exp[z_inv](1002p), exp_rat(1005p), tanh(1002p), tanh[z_inv](1002p), trig(1002p), trig[z_inv](1002p), trig[z_inv](1002p), trig[z_inv](1002p), trig[z_inv](1002p), trig[z_inv](1002p), trig(1002p), trig(1002p), trig(1002p), trig(1002p), sinc_p2(1002p), sinc_p2[z_inv](1002p), affine_trig(1003p), affine_trig[z_inv](1003p), leaftr_square_poly3(1003p), leaftr_square_poly3[z_inv](1003p), leaftr_recip_poly3(1003p), leaftr_recip_poly3[z_inv](1003p), leaftr_recip_affine_trig(1003p), leaftr_recip_affine_trig[z_inv](1003p), symexp_denom_1d_recip[z_inv](1005p)
[Stage B]  Trying 1D monomial (c·x^1) rewrite on NN leaf vars (1, 2)
[Stage B] Initialising PolyLeaf for vars (1, 2), tag=leaf1
[info] dataloader for provider ASTCompositeAdaptor yields 3 batches (equivalent to a single batch up to floating-point roundoff; minor Python-loop overhead per batch).
[LM][bucket] solving P=385 (trivially separable union)
Validation patience exceeded at epoch 601/2000, nval_worse=500
[Stage B]    Candidate (monomial_deg1): params=385, val-loss=2.2286e-03
[Stage B]    Reject (monomial_deg1): simpler-over-budget(thr=5.856e-10) | loss 4.748e-11->2.229e-03 (Δ+2.23e-03) | params 768->385 | cx (0, 0, 0)->(0, 0, 0)
[Stage B]  Trying 1D monomial (c·x^1) rewrite on NN leaf vars (1, 2) [coord=1/z]
[Stage B] Initialising PolyLeaf for vars (1, 2), tag=leaf1
[info] dataloader for provider ASTCompositeAdaptor yields 3 batches (equivalent to a single batch up to floating-point roundoff; minor Python-loop overhead per batch).
[Stage B]    Candidate (monomial_deg1[z_inv]): params=385, val-loss=4.9765e-04
[Stage B]    Reject (monomial_deg1[z_inv]): simpler-over-budget(thr=5.856e-10) | loss 4.748e-11->4.977e-04 (Δ+4.98e-04) | params 768->385 | cx (0, 0, 0)->(0, 0, 0)
[Stage B]  Trying 1D monomial (c·x^2) rewrite on NN leaf vars (1, 2)
[Stage B] Initialising PolyLeaf for vars (1, 2), tag=leaf1
[info] dataloader for provider ASTCompositeAdaptor yields 3 batches (equivalent to a single batch up to floating-point roundoff; minor Python-loop overhead per batch).
Validation patience exceeded at epoch 1001/2000, nval_worse=500
[Stage B]    Candidate (monomial_deg2): params=385, val-loss=7.1833e-03
[Stage B]    Reject (monomial_deg2): simpler-over-budget(thr=5.856e-10) | loss 4.748e-11->7.183e-03 (Δ+7.18e-03) | params 768->385 | cx (0, 0, 0)->(0, 0, 0)
[Stage B]  Trying 1D monomial (c·x^2) rewrite on NN leaf vars (1, 2) [coord=1/z]
[Stage B] Initialising PolyLeaf for vars (1, 2), tag=leaf1
[info] dataloader for provider ASTCompositeAdaptor yields 3 batches (equivalent to a single batch up to floating-point roundoff; minor Python-loop overhead per batch).
Validation patience exceeded at epoch 701/2000, nval_worse=500
[Stage B]    Candidate (monomial_deg2[z_inv]): params=385, val-loss=2.4744e-03
[Stage B]    Reject (monomial_deg2[z_inv]): simpler-over-budget(thr=5.856e-10) | loss 4.748e-11->2.474e-03 (Δ+2.47e-03) | params 768->385 | cx (0, 0, 0)->(0, 0, 0)
[Stage B]  Trying 1D monomial (c·x^3) rewrite on NN leaf vars (1, 2)
[Stage B] Initialising PolyLeaf for vars (1, 2), tag=leaf1
[info] dataloader for provider ASTCompositeAdaptor yields 3 batches (equivalent to a single batch up to floating-point roundoff; minor Python-loop overhead per batch).
Validation patience exceeded at epoch 1301/2000, nval_worse=500
[Stage B]    Candidate (monomial_deg3): params=385, val-loss=1.4516e-02
[Stage B]    Reject (monomial_deg3): simpler-over-budget(thr=5.856e-10) | loss 4.748e-11->1.452e-02 (Δ+1.45e-02) | params 768->385 | cx (0, 0, 0)->(0, 0, 0)
[Stage B]  Trying 1D monomial (c·x^3) rewrite on NN leaf vars (1, 2) [coord=1/z]
[Stage B] Initialising PolyLeaf for vars (1, 2), tag=leaf1
[info] dataloader for provider ASTCompositeAdaptor yields 3 batches (equivalent to a single batch up to floating-point roundoff; minor Python-loop overhead per batch).
Validation patience exceeded at epoch 1301/2000, nval_worse=500
[Stage B]    Candidate (monomial_deg3[z_inv]): params=385, val-loss=4.9759e-03
[Stage B]    Reject (monomial_deg3[z_inv]): simpler-over-budget(thr=5.856e-10) | loss 4.748e-11->4.976e-03 (Δ+4.98e-03) | params 768->385 | cx (0, 0, 0)->(0, 0, 0)
[Stage B]  Trying 1D poly rewrite on NN leaf vars (1, 2), degree=1
[Stage B] Initialising PolyLeaf for vars (1, 2), tag=leaf1
[info] dataloader for provider ASTCompositeAdaptor yields 3 batches (equivalent to a single batch up to floating-point roundoff; minor Python-loop overhead per batch).
[LM][bucket] solving P=386 (trivially separable union)
[Stage B]    Candidate (poly): params=386, val-loss=6.5923e-06
[Stage B]    Reject (poly): simpler-over-budget(thr=5.852e-10) | loss 4.748e-11->6.592e-06 (Δ+6.59e-06) | params 768->386 | cx (0, 0, 0)->(0, 0, 0)
[Stage B]  Trying 1D poly rewrite on NN leaf vars (1, 2), degree=1 [coord=1/z]
[Stage B] Initialising PolyLeaf for vars (1, 2), tag=leaf1
[info] dataloader for provider ASTCompositeAdaptor yields 3 batches (equivalent to a single batch up to floating-point roundoff; minor Python-loop overhead per batch).
Validation patience exceeded at epoch 1801/2000, nval_worse=500
[Stage B]    Candidate (poly[z_inv]): params=386, val-loss=1.0630e-04
[Stage B]    Reject (poly[z_inv]): simpler-over-budget(thr=5.852e-10) | loss 4.748e-11->1.063e-04 (Δ+1.06e-04) | params 768->386 | cx (0, 0, 0)->(0, 0, 0)
[Stage B]  Trying 1D Expm1 rewrite on NN leaf vars (1, 2)
[Stage B custom_init Expm1] compound vars=(1, 2), a≈0.0748, logA≈7.03
[Stage B] Post-custom-init validation (attempt 0), batch 0, finite: 2000/2000, min: 1.599e+04, max: 3.218e+06, mean: 2.643e+05
[Stage B] Post-custom-init validation (attempt 0), batch 1, finite: 2000/2000, min: 1.542e+04, max: 3.397e+06, mean: 2.810e+05
[Stage B] Post-custom-init validation (attempt 0), batch 2, finite: 2000/2000, min: 1.338e+04, max: 3.230e+06, mean: 2.056e+05
[Stage B] Prediction scale check (attempt 0): pred_median=1.267e+05, true_median=9.826e-02, ratio=1.290e+06
[Stage B] Warning: init scale_ratio extreme; rejecting candidate.
[Stage B]    Candidate (expm1) rejected at init (non-finite loss); trying next.
[Stage B]  Trying 1D symexp_denom_1d rewrite (scale/(exp(r)+exp(-r))) on NN leaf vars (1, 2)
[Stage B custom_init symexp_denom_1d] compound vars=(1, 2), scale≈-2.6e+03, r±(z)≈-0.256*z
[Stage B] Post-custom-init validation (attempt 0), batch 0, finite: 2000/2000, min: -4.138e+07, max: -2.366e+05, mean: -3.722e+06
[Stage B] Post-custom-init validation (attempt 0), batch 1, finite: 2000/2000, min: -4.309e+07, max: -2.387e+05, mean: -3.946e+06
[Stage B] Post-custom-init validation (attempt 0), batch 2, finite: 2000/2000, min: -4.187e+07, max: -2.435e+05, mean: -3.595e+06
[Stage B] Prediction scale check (attempt 0): pred_median=1.930e+06, true_median=9.826e-02, ratio=1.964e+07
[Stage B] Warning: init scale_ratio extreme; rejecting candidate.
[Stage B]    Candidate (symexp_denom_1d) rejected at init (non-finite loss); trying next.
[Stage B]  Trying 1D polylog rewrite on NN leaf vars (1, 2), degree=1
[info] dataloader for provider ASTCompositeAdaptor yields 3 batches (equivalent to a single batch up to floating-point roundoff; minor Python-loop overhead per batch).
Validation patience exceeded at epoch 601/2000, nval_worse=500
[Stage B]    Candidate (polylog): params=386, val-loss=3.3945e-06
[Stage B]    Reject (polylog): simpler-over-budget(thr=5.852e-10) | loss 4.748e-11->3.394e-06 (Δ+3.39e-06) | params 768->386 | cx (0, 0, 0)->(0, 0, 0)
[Stage B]  Trying 1D shifted-log rewrite on NN leaf vars (1, 2)
[info] dataloader for provider ASTCompositeAdaptor yields 3 batches (equivalent to a single batch up to floating-point roundoff; minor Python-loop overhead per batch).
[LM][bucket] solving P=387 (trivially separable union)
Stopping at epoch 201/2000, lm_opt.state['halt']=True, loss=3.0626e-08, loss_val=4.3286e-08
[Stage B]    Candidate (logshifted): params=387, val-loss=4.3284e-08
[Stage B]    Reject (logshifted): simpler-over-budget(thr=5.847e-10) | loss 4.748e-11->4.328e-08 (Δ+4.32e-08) | params 768->387 | cx (0, 0, 0)->(0, 0, 0)
[Stage B]  Trying 1D shifted-log rewrite on NN leaf vars (1, 2) [coord=1/z]
[info] dataloader for provider ASTCompositeAdaptor yields 3 batches (equivalent to a single batch up to floating-point roundoff; minor Python-loop overhead per batch).
Validation patience exceeded at epoch 1001/2000, nval_worse=500
[Stage B]    Candidate (logshifted[z_inv]): params=387, val-loss=1.5905e-06
[Stage B]    Reject (logshifted[z_inv]): simpler-over-budget(thr=5.847e-10) | loss 4.748e-11->1.590e-06 (Δ+1.59e-06) | params 768->387 | cx (0, 0, 0)->(0, 0, 0)
[Stage B]  Trying inv_poly degree=1 (1/P(x)) rewrite on NN leaf vars (1, 2)
[Stage B custom_init inv-poly] Init on vars (1, 2): degree=1, rel_rms≈3.98e-05
[Stage B] Post-custom-init validation (attempt 0), batch 0, finite: 2000/2000, min: -3.995e+07, max: -2.293e+05, mean: -3.629e+06
[Stage B] Post-custom-init validation (attempt 0), batch 1, finite: 2000/2000, min: -4.179e+07, max: -2.306e+05, mean: -3.848e+06
[Stage B] Post-custom-init validation (attempt 0), batch 2, finite: 2000/2000, min: -4.127e+07, max: -2.309e+05, mean: -3.421e+06
[Stage B] Prediction scale check (attempt 0): pred_median=1.863e+06, true_median=9.826e-02, ratio=1.896e+07
[Stage B] Warning: init scale_ratio extreme; rejecting candidate.
[Stage B]    Candidate (inv_poly) rejected at init (non-finite loss); trying next.
[Stage B]  Trying inv_poly degree=1 (1/P(x)) rewrite on NN leaf vars (1, 2) [coord=1/z]
[Stage B custom_init inv-poly] Init on vars (1, 2): degree=1, rel_rms≈9.06e-04
[Stage B] Post-custom-init validation (attempt 0), batch 0, finite: 2000/2000, min: -3.998e+07, max: -2.294e+05, mean: -3.629e+06
[Stage B] Post-custom-init validation (attempt 0), batch 1, finite: 2000/2000, min: -4.182e+07, max: -2.308e+05, mean: -3.849e+06
[Stage B] Post-custom-init validation (attempt 0), batch 2, finite: 2000/2000, min: -4.124e+07, max: -2.306e+05, mean: -3.419e+06
[Stage B] Prediction scale check (attempt 0): pred_median=1.862e+06, true_median=9.826e-02, ratio=1.895e+07
[Stage B] Warning: init scale_ratio extreme; rejecting candidate.
[Stage B]    Candidate (inv_poly[z_inv]) rejected at init (non-finite loss); trying next.
[Stage B]  Trying inv_poly degree=2 (1/P(x)) rewrite on NN leaf vars (1, 2)
[Stage B custom_init inv-poly] Init on vars (1, 2): degree=2, rel_rms≈9.95e-07
[Stage B] Post-custom-init validation (attempt 0), batch 0, finite: 2000/2000, min: -3.995e+07, max: -2.292e+05, mean: -3.629e+06
[Stage B] Post-custom-init validation (attempt 0), batch 1, finite: 2000/2000, min: -4.179e+07, max: -2.306e+05, mean: -3.848e+06
[Stage B] Post-custom-init validation (attempt 0), batch 2, finite: 2000/2000, min: -4.127e+07, max: -2.309e+05, mean: -3.421e+06
[Stage B] Prediction scale check (attempt 0): pred_median=1.863e+06, true_median=9.826e-02, ratio=1.896e+07
[Stage B] Warning: init scale_ratio extreme; rejecting candidate.
[Stage B]    Candidate (inv_poly[1]) rejected at init (non-finite loss); trying next.
[Stage B]  Trying inv_poly degree=2 (1/P(x)) rewrite on NN leaf vars (1, 2) [coord=1/z]
[Stage B custom_init inv-poly] Init on vars (1, 2): degree=2, rel_rms≈9.03e-05
[Stage B] Post-custom-init validation (attempt 0), batch 0, finite: 2000/2000, min: -3.995e+07, max: -2.293e+05, mean: -3.629e+06
[Stage B] Post-custom-init validation (attempt 0), batch 1, finite: 2000/2000, min: -4.179e+07, max: -2.306e+05, mean: -3.848e+06
[Stage B] Post-custom-init validation (attempt 0), batch 2, finite: 2000/2000, min: -4.127e+07, max: -2.309e+05, mean: -3.421e+06
[Stage B] Prediction scale check (attempt 0): pred_median=1.863e+06, true_median=9.826e-02, ratio=1.896e+07
[Stage B] Warning: init scale_ratio extreme; rejecting candidate.
[Stage B]    Candidate (inv_poly[1][z_inv]) rejected at init (non-finite loss); trying next.
[Stage B]  Trying sqrt/invsqrt(poly) rewrite on NN leaf vars (1, 2), degree=2
[Stage B] Post-custom-init validation (attempt 0), batch 0, finite: 2000/2000, min: 2.292e+05, max: 3.995e+07, mean: 3.629e+06
[Stage B] Post-custom-init validation (attempt 0), batch 1, finite: 2000/2000, min: 2.306e+05, max: 4.179e+07, mean: 3.848e+06
[Stage B] Post-custom-init validation (attempt 0), batch 2, finite: 2000/2000, min: 2.309e+05, max: 4.127e+07, mean: 3.421e+06
[Stage B] Prediction scale check (attempt 0): pred_median=1.863e+06, true_median=9.826e-02, ratio=1.896e+07
[Stage B] Warning: init scale_ratio extreme; rejecting candidate.
[Stage B]    Candidate (sqrt_poly) rejected at init (non-finite loss); trying next.
[Stage B]  Trying sqrt/invsqrt(poly) rewrite on NN leaf vars (1, 2), degree=2 [coord=1/z]
[Stage B] Post-custom-init validation (attempt 0), batch 0, finite: 2000/2000, min: 2.293e+05, max: 3.995e+07, mean: 3.629e+06
[Stage B] Post-custom-init validation (attempt 0), batch 1, finite: 2000/2000, min: 2.306e+05, max: 4.179e+07, mean: 3.848e+06
[Stage B] Post-custom-init validation (attempt 0), batch 2, finite: 2000/2000, min: 2.309e+05, max: 4.127e+07, mean: 3.421e+06
[Stage B] Prediction scale check (attempt 0): pred_median=1.863e+06, true_median=9.826e-02, ratio=1.896e+07
[Stage B] Warning: init scale_ratio extreme; rejecting candidate.
[Stage B]    Candidate (sqrt_poly[z_inv]) rejected at init (non-finite loss); trying next.
[Stage B]  Trying 1D compound macro shared-prefactor+residual macro on NN leaf vars [1, 2], pref=arg0, macro=hypot(arg0,arg0), screen_r2=1.000, ok_frac=1.000
[info] dataloader for provider ASTCompositeAdaptor yields 3 batches (equivalent to a single batch up to floating-point roundoff; minor Python-loop overhead per batch).
[Stage B]    Candidate (cf_sharedpref_resid): params=387, val-loss=1.0776e-05
[Stage B]    Reject (cf_sharedpref_resid): simpler-over-budget(thr=5.847e-10) | loss 4.748e-11->1.078e-05 (Δ+1.08e-05) | params 768->387 | cx (0, 0, 0)->(0, 0, 0)
[Stage B]  Trying 1D compound macro shared-prefactor+residual macro on NN leaf vars [1, 2], pref=arg0, macro=hypot(arg0,arg0), screen_r2=1.000, ok_frac=1.000 [coord=1/z]
[info] dataloader for provider ASTCompositeAdaptor yields 3 batches (equivalent to a single batch up to floating-point roundoff; minor Python-loop overhead per batch).
Stopping at epoch 401/2000, lm_opt.state['halt']=True, loss=4.5615e-07, loss_val=6.3787e-07
[Stage B]    Candidate (cf_sharedpref_resid[z_inv]): params=387, val-loss=6.3787e-07
[Stage B]    Reject (cf_sharedpref_resid[z_inv]): simpler-over-budget(thr=5.847e-10) | loss 4.748e-11->6.379e-07 (Δ+6.38e-07) | params 768->387 | cx (0, 0, 0)->(0, 0, 0)
[Stage B]  Skipping cf_sharedpref_resid[z_inv] (previously rejected on same target)
[Stage B]  Skipping cf_sharedpref_resid[z_inv] (previously rejected on same target)
[Stage B]  Skipping cf_sharedpref_resid (previously rejected on same target)
[Stage B]  Trying 1D compound macro tier-3 linear combo on NN leaf vars [1, 2], terms=['hypot', 'arg0^2'], screen_r2=1.000, ok_frac=1.000
[info] dataloader for provider ASTCompositeAdaptor yields 3 batches (equivalent to a single batch up to floating-point roundoff; minor Python-loop overhead per batch).
[Stage B]    Candidate (cf_combo): params=387, val-loss=9.0647e-06
[Stage B]    Reject (cf_combo): simpler-over-budget(thr=5.847e-10) | loss 4.748e-11->9.065e-06 (Δ+9.06e-06) | params 768->387 | cx (0, 0, 0)->(0, 0, 0)
[Stage B]  Trying 1D compound macro tier-3 linear combo on NN leaf vars [1, 2], terms=['hypot', 'arg0^2'], screen_r2=1.000, ok_frac=1.000 [coord=1/z]
[info] dataloader for provider ASTCompositeAdaptor yields 3 batches (equivalent to a single batch up to floating-point roundoff; minor Python-loop overhead per batch).
Stopping at epoch 701/2000, lm_opt.state['halt']=True, loss=5.5470e-07, loss_val=7.8133e-07
[Stage B]    Candidate (cf_combo[z_inv]): params=387, val-loss=7.8133e-07
[Stage B]    Reject (cf_combo[z_inv]): simpler-over-budget(thr=5.847e-10) | loss 4.748e-11->7.813e-07 (Δ+7.81e-07) | params 768->387 | cx (0, 0, 0)->(0, 0, 0)
[Stage B]  Skipping cf_combo[z_inv] (previously rejected on same target)
[Stage B]  Skipping cf_combo[z_inv] (previously rejected on same target)
[Stage B]  Skipping cf_combo[z_inv] (previously rejected on same target)
[Stage B]  Skipping cf_combo[z_inv] (previously rejected on same target)
[Stage B]  Skipping cf_combo[z_inv] (previously rejected on same target)
[Stage B]  Skipping cf_combo[z_inv] (previously rejected on same target)
[Stage B]  Skipping cf_combo (previously rejected on same target)
[Stage B]  Skipping cf_combo (previously rejected on same target)
[Stage B]  Skipping cf_combo (previously rejected on same target)
[Stage B]  Skipping cf_combo (previously rejected on same target)
[Stage B]  Skipping cf_combo (previously rejected on same target)
[Stage B]  Skipping cf_sharedpref_resid (previously rejected on same target)
[Stage B]  Skipping cf_combo (previously rejected on same target)
[Stage B]  Trying 1D sqrt-ratpoly (sqrt) deg=(0,3)->(0,2) nnz=(1,3) on NN leaf vars (1, 2)
[Stage B custom_init ratpoly_1d] Init on vars (1, 2): deg=(0,3)->(0,2), nnz=(1,3), rel_rms≈1.74e-04
[Stage B] Post-custom-init validation (attempt 0), batch 0, finite: 2000/2000, min: 2.292e+05, max: 3.995e+07, mean: 3.629e+06
[Stage B] Post-custom-init validation (attempt 0), batch 1, finite: 2000/2000, min: 2.306e+05, max: 4.179e+07, mean: 3.848e+06
[Stage B] Post-custom-init validation (attempt 0), batch 2, finite: 2000/2000, min: 2.309e+05, max: 4.127e+07, mean: 3.421e+06
[Stage B] Prediction scale check (attempt 0): pred_median=1.863e+06, true_median=9.826e-02, ratio=1.896e+07
[Stage B] Warning: init scale_ratio extreme; rejecting candidate.
[Stage B]    Candidate (sqrt_ratpoly_1d) rejected at init (non-finite loss); trying next.
[Stage B]  Trying 1D sqrt-ratpoly (sqrt) deg=(3,1)->(3,1) nnz=(4,2) on NN leaf vars (1, 2)
[Stage B custom_init ratpoly_1d] Init on vars (1, 2): deg=(3,1)->(3,1), nnz=(4,2), rel_rms≈2.94e-04
[Stage B] Post-custom-init validation (attempt 0), batch 0, finite: 2000/2000, min: 2.292e+05, max: 3.995e+07, mean: 3.629e+06
[Stage B] Post-custom-init validation (attempt 0), batch 1, finite: 2000/2000, min: 2.306e+05, max: 4.179e+07, mean: 3.848e+06
[Stage B] Post-custom-init validation (attempt 0), batch 2, finite: 2000/2000, min: 2.309e+05, max: 4.127e+07, mean: 3.421e+06
[Stage B] Prediction scale check (attempt 0): pred_median=1.863e+06, true_median=9.826e-02, ratio=1.896e+07
[Stage B] Warning: init scale_ratio extreme; rejecting candidate.
[Stage B]    Candidate (sqrt_ratpoly_1d[1]) rejected at init (non-finite loss); trying next.
[Stage B]  Trying 1D sqrt-ratpoly (sqrt) deg=(4,1)->(4,1) nnz=(5,2) on NN leaf vars (1, 2)
[Stage B custom_init ratpoly_1d] Init on vars (1, 2): deg=(4,1)->(4,1), nnz=(5,2), rel_rms≈2.42e-04
[Stage B] Post-custom-init validation (attempt 0), batch 0, finite: 2000/2000, min: 2.292e+05, max: 3.995e+07, mean: 3.629e+06
[Stage B] Post-custom-init validation (attempt 0), batch 1, finite: 2000/2000, min: 2.306e+05, max: 4.179e+07, mean: 3.848e+06
[Stage B] Post-custom-init validation (attempt 0), batch 2, finite: 2000/2000, min: 2.309e+05, max: 4.127e+07, mean: 3.421e+06
[Stage B] Prediction scale check (attempt 0): pred_median=1.863e+06, true_median=9.826e-02, ratio=1.896e+07
[Stage B] Warning: init scale_ratio extreme; rejecting candidate.
[Stage B]    Candidate (sqrt_ratpoly_1d[2]) rejected at init (non-finite loss); trying next.
[Stage B]  Precheck reject (duplicate-signature) rule=univariate_nn cand=sqrt_ratpoly_1d[3] target=nn#leaf1 vars=(1, 2) sig=(960898949, 1, 1, -1, 3, 1, 1, 1) attempted=3
[Stage B]  Trying 1D sqrt-ratpoly (inv_sqrt) deg=(1,1)->(1,1) nnz=(2,2) on NN leaf vars (1, 2)
[Stage B custom_init ratpoly_1d] Init on vars (1, 2): deg=(1,1)->(1,1), nnz=(2,2), rel_rms≈1.76e-04
[Stage B] Post-custom-init validation (attempt 0), batch 0, finite: 2000/2000, min: 2.292e+05, max: 3.995e+07, mean: 3.629e+06
[Stage B] Post-custom-init validation (attempt 0), batch 1, finite: 2000/2000, min: 2.306e+05, max: 4.179e+07, mean: 3.848e+06
[Stage B] Post-custom-init validation (attempt 0), batch 2, finite: 2000/2000, min: 2.309e+05, max: 4.127e+07, mean: 3.421e+06
[Stage B] Prediction scale check (attempt 0): pred_median=1.863e+06, true_median=9.826e-02, ratio=1.896e+07
[Stage B] Warning: init scale_ratio extreme; rejecting candidate.
[Stage B]    Candidate (sqrt_ratpoly_1d[4]) rejected at init (non-finite loss); trying next.
[Stage B]  Trying 1D sqrt-ratpoly (inv_sqrt) deg=(2,1)->(2,0) nnz=(3,1) on NN leaf vars (1, 2)
[Stage B custom_init ratpoly_1d] Init on vars (1, 2): deg=(2,1)->(2,0), nnz=(3,1), rel_rms≈1.74e-04
[Stage B] Post-custom-init validation (attempt 0), batch 0, finite: 2000/2000, min: 2.292e+05, max: 3.995e+07, mean: 3.629e+06
[Stage B] Post-custom-init validation (attempt 0), batch 1, finite: 2000/2000, min: 2.306e+05, max: 4.179e+07, mean: 3.848e+06
[Stage B] Post-custom-init validation (attempt 0), batch 2, finite: 2000/2000, min: 2.309e+05, max: 4.127e+07, mean: 3.421e+06
[Stage B] Prediction scale check (attempt 0): pred_median=1.863e+06, true_median=9.826e-02, ratio=1.896e+07
[Stage B] Warning: init scale_ratio extreme; rejecting candidate.
[Stage B]    Candidate (sqrt_ratpoly_1d[5]) rejected at init (non-finite loss); trying next.
[Stage B]  Trying 1D sqrt-ratpoly (inv_sqrt) deg=(0,3)->(0,3) nnz=(1,4) on NN leaf vars (1, 2)
[Stage B custom_init ratpoly_1d] Init on vars (1, 2): deg=(0,3)->(0,3), nnz=(1,4), rel_rms≈1.94e-07
[Stage B] Post-custom-init validation (attempt 0), batch 0, finite: 2000/2000, min: 2.292e+05, max: 3.995e+07, mean: 3.629e+06
[Stage B] Post-custom-init validation (attempt 0), batch 1, finite: 2000/2000, min: 2.306e+05, max: 4.179e+07, mean: 3.848e+06
[Stage B] Post-custom-init validation (attempt 0), batch 2, finite: 2000/2000, min: 2.309e+05, max: 4.127e+07, mean: 3.421e+06
[Stage B] Prediction scale check (attempt 0): pred_median=1.863e+06, true_median=9.826e-02, ratio=1.896e+07
[Stage B] Warning: init scale_ratio extreme; rejecting candidate.
[Stage B]    Candidate (sqrt_ratpoly_1d[6]) rejected at init (non-finite loss); trying next.
[Stage B]  Trying 1D sqrt-ratpoly (inv_sqrt) deg=(1,2)->(1,2) nnz=(2,3) on NN leaf vars (1, 2)
[Stage B custom_init ratpoly_1d] Init on vars (1, 2): deg=(1,2)->(1,2), nnz=(2,3), rel_rms≈2.69e-07
[Stage B] Post-custom-init validation (attempt 0), batch 0, finite: 2000/2000, min: 2.292e+05, max: 3.995e+07, mean: 3.629e+06
[Stage B] Post-custom-init validation (attempt 0), batch 1, finite: 2000/2000, min: 2.306e+05, max: 4.179e+07, mean: 3.848e+06
[Stage B] Post-custom-init validation (attempt 0), batch 2, finite: 2000/2000, min: 2.309e+05, max: 4.127e+07, mean: 3.421e+06
[Stage B] Prediction scale check (attempt 0): pred_median=1.863e+06, true_median=9.826e-02, ratio=1.896e+07
[Stage B] Warning: init scale_ratio extreme; rejecting candidate.
[Stage B]    Candidate (sqrt_ratpoly_1d[7]) rejected at init (non-finite loss); trying next.
[Stage B]  Trying 1D sqrt-ratpoly (inv_sqrt) deg=(0,4)->(0,4) nnz=(1,5) on NN leaf vars (1, 2)
[Stage B custom_init ratpoly_1d] Init on vars (1, 2): deg=(0,4)->(0,4), nnz=(1,5), rel_rms≈3.83e-09
[Stage B] Post-custom-init validation (attempt 0), batch 0, finite: 2000/2000, min: 2.292e+05, max: 3.995e+07, mean: 3.629e+06
[Stage B] Post-custom-init validation (attempt 0), batch 1, finite: 2000/2000, min: 2.306e+05, max: 4.179e+07, mean: 3.848e+06
[Stage B] Post-custom-init validation (attempt 0), batch 2, finite: 2000/2000, min: 2.309e+05, max: 4.127e+07, mean: 3.421e+06
[Stage B] Prediction scale check (attempt 0): pred_median=1.863e+06, true_median=9.826e-02, ratio=1.896e+07
[Stage B] Warning: init scale_ratio extreme; rejecting candidate.
[Stage B]    Candidate (sqrt_ratpoly_1d[8]) rejected at init (non-finite loss); trying next.
[Stage B]  Trying 1D sqrt-ratpoly (inv_sqrt) deg=(1,3)->(1,3) nnz=(2,4) on NN leaf vars (1, 2)
[Stage B custom_init ratpoly_1d] Init on vars (1, 2): deg=(1,3)->(1,3), nnz=(2,4), rel_rms≈7.79e-08
[Stage B] Post-custom-init validation (attempt 0), batch 0, finite: 2000/2000, min: 2.292e+05, max: 3.995e+07, mean: 3.629e+06
[Stage B] Post-custom-init validation (attempt 0), batch 1, finite: 2000/2000, min: 2.306e+05, max: 4.179e+07, mean: 3.848e+06
[Stage B] Post-custom-init validation (attempt 0), batch 2, finite: 2000/2000, min: 2.309e+05, max: 4.127e+07, mean: 3.421e+06
[Stage B] Prediction scale check (attempt 0): pred_median=1.863e+06, true_median=9.826e-02, ratio=1.896e+07
[Stage B] Warning: init scale_ratio extreme; rejecting candidate.
[Stage B]    Candidate (sqrt_ratpoly_1d[9]) rejected at init (non-finite loss); trying next.
[Stage B]  Trying 1D sqrt-ratpoly (inv_sqrt) deg=(1,4)->(1,4) nnz=(2,5) on NN leaf vars (1, 2)
[Stage B custom_init ratpoly_1d] Init on vars (1, 2): deg=(1,4)->(1,4), nnz=(2,5), rel_rms≈4.95e-08
[Stage B] Post-custom-init validation (attempt 0), batch 0, finite: 2000/2000, min: 2.292e+05, max: 3.995e+07, mean: 3.629e+06
[Stage B] Post-custom-init validation (attempt 0), batch 1, finite: 2000/2000, min: 2.306e+05, max: 4.179e+07, mean: 3.848e+06
[Stage B] Post-custom-init validation (attempt 0), batch 2, finite: 2000/2000, min: 2.309e+05, max: 4.127e+07, mean: 3.421e+06
[Stage B] Prediction scale check (attempt 0): pred_median=1.863e+06, true_median=9.826e-02, ratio=1.896e+07
[Stage B] Warning: init scale_ratio extreme; rejecting candidate.
[Stage B]    Candidate (sqrt_ratpoly_1d[10]) rejected at init (non-finite loss); trying next.
[Stage B]  Trying 1D sqrt-ratpoly (inv_sqrt) deg=(2,4)->(2,4) nnz=(3,5) on NN leaf vars (1, 2)
[Stage B custom_init ratpoly_1d] Init on vars (1, 2): deg=(2,4)->(2,4), nnz=(3,5), rel_rms≈5.06e-08
[Stage B] Post-custom-init validation (attempt 0), batch 0, finite: 2000/2000, min: 2.292e+05, max: 3.995e+07, mean: 3.629e+06
[Stage B] Post-custom-init validation (attempt 0), batch 1, finite: 2000/2000, min: 2.306e+05, max: 4.179e+07, mean: 3.848e+06
[Stage B] Post-custom-init validation (attempt 0), batch 2, finite: 2000/2000, min: 2.309e+05, max: 4.127e+07, mean: 3.421e+06
[Stage B] Prediction scale check (attempt 0): pred_median=1.863e+06, true_median=9.826e-02, ratio=1.896e+07
[Stage B] Warning: init scale_ratio extreme; rejecting candidate.
[Stage B]    Candidate (sqrt_ratpoly_1d[11]) rejected at init (non-finite loss); trying next.
[Stage B]  Trying 1D sqrt-ratpoly (inv_sqrt) deg=(4,2)->(4,2) nnz=(5,3) on NN leaf vars (1, 2)
[Stage B custom_init ratpoly_1d] Init on vars (1, 2): deg=(4,2)->(4,2), nnz=(5,3), rel_rms≈1.15e-08
[Stage B] Post-custom-init validation (attempt 0), batch 0, finite: 2000/2000, min: 2.292e+05, max: 3.995e+07, mean: 3.629e+06
[Stage B] Post-custom-init validation (attempt 0), batch 1, finite: 2000/2000, min: 2.306e+05, max: 4.179e+07, mean: 3.848e+06
[Stage B] Post-custom-init validation (attempt 0), batch 2, finite: 2000/2000, min: 2.309e+05, max: 4.127e+07, mean: 3.421e+06
[Stage B] Prediction scale check (attempt 0): pred_median=1.863e+06, true_median=9.826e-02, ratio=1.896e+07
[Stage B] Warning: init scale_ratio extreme; rejecting candidate.
[Stage B]    Candidate (sqrt_ratpoly_1d[12]) rejected at init (non-finite loss); trying next.
[Stage B]  Trying 1D sqrt-ratpoly (inv_sqrt) deg=(3,4)->(3,4) nnz=(4,5) on NN leaf vars (1, 2)
[Stage B custom_init ratpoly_1d] Init on vars (1, 2): deg=(3,4)->(3,4), nnz=(4,5), rel_rms≈3.63e-07
[Stage B] Post-custom-init validation (attempt 0), batch 0, finite: 2000/2000, min: 2.292e+05, max: 3.995e+07, mean: 3.629e+06
[Stage B] Post-custom-init validation (attempt 0), batch 1, finite: 2000/2000, min: 2.306e+05, max: 4.179e+07, mean: 3.848e+06
[Stage B] Post-custom-init validation (attempt 0), batch 2, finite: 2000/2000, min: 2.309e+05, max: 4.127e+07, mean: 3.421e+06
[Stage B] Prediction scale check (attempt 0): pred_median=1.863e+06, true_median=9.826e-02, ratio=1.896e+07
[Stage B] Warning: init scale_ratio extreme; rejecting candidate.
[Stage B]    Candidate (sqrt_ratpoly_1d[13]) rejected at init (non-finite loss); trying next.
[Stage B]  Trying 1D cbrt-ratpoly (cbrt) deg=(0,2)->(0,2) nnz=(1,3) on NN leaf vars (1, 2)
[Stage B custom_init ratpoly_1d] Init on vars (1, 2): deg=(0,2)->(0,2), nnz=(1,3), rel_rms≈1.93e-04
[Stage B] Post-custom-init validation (attempt 0), batch 0, finite: 2000/2000, min: -3.995e+07, max: -2.292e+05, mean: -3.629e+06
[Stage B] Post-custom-init validation (attempt 0), batch 1, finite: 2000/2000, min: -4.179e+07, max: -2.306e+05, mean: -3.848e+06
[Stage B] Post-custom-init validation (attempt 0), batch 2, finite: 2000/2000, min: -4.127e+07, max: -2.309e+05, mean: -3.421e+06
[Stage B] Prediction scale check (attempt 0): pred_median=1.863e+06, true_median=9.826e-02, ratio=1.896e+07
[Stage B] Warning: init scale_ratio extreme; rejecting candidate.
[Stage B]    Candidate (cbrt_ratpoly_1d) rejected at init (non-finite loss); trying next.
[Stage B]  Trying 1D cbrt-ratpoly (cbrt) deg=(0,3)->(0,3) nnz=(1,3) on NN leaf vars (1, 2)
[Stage B custom_init ratpoly_1d] Init on vars (1, 2): deg=(0,3)->(0,3), nnz=(1,3), rel_rms≈1.04e-04
[Stage B] Post-custom-init validation (attempt 0), batch 0, finite: 2000/2000, min: -3.995e+07, max: -2.292e+05, mean: -3.629e+06
[Stage B] Post-custom-init validation (attempt 0), batch 1, finite: 2000/2000, min: -4.179e+07, max: -2.306e+05, mean: -3.848e+06
[Stage B] Post-custom-init validation (attempt 0), batch 2, finite: 2000/2000, min: -4.127e+07, max: -2.309e+05, mean: -3.421e+06
[Stage B] Prediction scale check (attempt 0): pred_median=1.863e+06, true_median=9.826e-02, ratio=1.896e+07
[Stage B] Warning: init scale_ratio extreme; rejecting candidate.
[Stage B]    Candidate (cbrt_ratpoly_1d[1]) rejected at init (non-finite loss); trying next.
[Stage B]  Trying 1D cbrt-ratpoly (cbrt) deg=(2,2)->(1,2) nnz=(1,3) on NN leaf vars (1, 2)
[Stage B custom_init ratpoly_1d] Init on vars (1, 2): deg=(2,2)->(1,2), nnz=(1,3), rel_rms≈4.87e-04
[Stage B] Post-custom-init validation (attempt 0), batch 0, finite: 2000/2000, min: -3.995e+07, max: -2.292e+05, mean: -3.629e+06
[Stage B] Post-custom-init validation (attempt 0), batch 1, finite: 2000/2000, min: -4.179e+07, max: -2.306e+05, mean: -3.848e+06
[Stage B] Post-custom-init validation (attempt 0), batch 2, finite: 2000/2000, min: -4.127e+07, max: -2.309e+05, mean: -3.421e+06
[Stage B] Prediction scale check (attempt 0): pred_median=1.863e+06, true_median=9.826e-02, ratio=1.896e+07
[Stage B] Warning: init scale_ratio extreme; rejecting candidate.
[Stage B]    Candidate (cbrt_ratpoly_1d[2]) rejected at init (non-finite loss); trying next.
[Stage B]  Trying 1D cbrt-ratpoly (cbrt) deg=(1,2)->(1,2) nnz=(2,3) on NN leaf vars (1, 2)
[Stage B custom_init ratpoly_1d] Init on vars (1, 2): deg=(1,2)->(1,2), nnz=(2,3), rel_rms≈1.93e-04
[Stage B] Post-custom-init validation (attempt 0), batch 0, finite: 2000/2000, min: -3.995e+07, max: -2.292e+05, mean: -3.629e+06
[Stage B] Post-custom-init validation (attempt 0), batch 1, finite: 2000/2000, min: -4.179e+07, max: -2.306e+05, mean: -3.848e+06
[Stage B] Post-custom-init validation (attempt 0), batch 2, finite: 2000/2000, min: -4.127e+07, max: -2.309e+05, mean: -3.421e+06
[Stage B] Prediction scale check (attempt 0): pred_median=1.863e+06, true_median=9.826e-02, ratio=1.896e+07
[Stage B] Warning: init scale_ratio extreme; rejecting candidate.
[Stage B]    Candidate (cbrt_ratpoly_1d[3]) rejected at init (non-finite loss); trying next.
[Stage B]  Trying 1D cbrt-ratpoly (cbrt) deg=(3,4)->(1,4) nnz=(1,4) on NN leaf vars (1, 2)
[Stage B custom_init ratpoly_1d] Init on vars (1, 2): deg=(3,4)->(1,4), nnz=(1,4), rel_rms≈2.09e-04
[Stage B] Post-custom-init validation (attempt 0), batch 0, finite: 2000/2000, min: -3.995e+07, max: -2.292e+05, mean: -3.629e+06
[Stage B] Post-custom-init validation (attempt 0), batch 1, finite: 2000/2000, min: -4.179e+07, max: -2.306e+05, mean: -3.848e+06
[Stage B] Post-custom-init validation (attempt 0), batch 2, finite: 2000/2000, min: -4.127e+07, max: -2.309e+05, mean: -3.421e+06
[Stage B] Prediction scale check (attempt 0): pred_median=1.863e+06, true_median=9.826e-02, ratio=1.896e+07
[Stage B] Warning: init scale_ratio extreme; rejecting candidate.
[Stage B]    Candidate (cbrt_ratpoly_1d[4]) rejected at init (non-finite loss); trying next.
[Stage B]  Trying 1D cbrt-ratpoly (inv_cbrt) deg=(0,2)->(0,2) nnz=(1,3) on NN leaf vars (1, 2)
[Stage B custom_init ratpoly_1d] Init on vars (1, 2): deg=(0,2)->(0,2), nnz=(1,3), rel_rms≈1.99e-04
[Stage B] Post-custom-init validation (attempt 0), batch 0, finite: 2000/2000, min: -3.995e+07, max: -2.292e+05, mean: -3.629e+06
[Stage B] Post-custom-init validation (attempt 0), batch 1, finite: 2000/2000, min: -4.179e+07, max: -2.306e+05, mean: -3.848e+06
[Stage B] Post-custom-init validation (attempt 0), batch 2, finite: 2000/2000, min: -4.127e+07, max: -2.309e+05, mean: -3.421e+06
[Stage B] Prediction scale check (attempt 0): pred_median=1.863e+06, true_median=9.826e-02, ratio=1.896e+07
[Stage B] Warning: init scale_ratio extreme; rejecting candidate.
[Stage B]    Candidate (cbrt_ratpoly_1d[5]) rejected at init (non-finite loss); trying next.
[Stage B]  Trying 1D cbrt-ratpoly (inv_cbrt) deg=(1,1)->(1,1) nnz=(2,2) on NN leaf vars (1, 2)
[Stage B custom_init ratpoly_1d] Init on vars (1, 2): deg=(1,1)->(1,1), nnz=(2,2), rel_rms≈1.99e-04
[Stage B] Post-custom-init validation (attempt 0), batch 0, finite: 2000/2000, min: -3.995e+07, max: -2.292e+05, mean: -3.629e+06
[Stage B] Post-custom-init validation (attempt 0), batch 1, finite: 2000/2000, min: -4.179e+07, max: -2.306e+05, mean: -3.848e+06
[Stage B] Post-custom-init validation (attempt 0), batch 2, finite: 2000/2000, min: -4.127e+07, max: -2.309e+05, mean: -3.421e+06
[Stage B] Prediction scale check (attempt 0): pred_median=1.863e+06, true_median=9.826e-02, ratio=1.896e+07
[Stage B] Warning: init scale_ratio extreme; rejecting candidate.
[Stage B]    Candidate (cbrt_ratpoly_1d[6]) rejected at init (non-finite loss); trying next.
[Stage B]  Trying 1D cbrt-ratpoly (inv_cbrt) deg=(2,1)->(2,0) nnz=(3,1) on NN leaf vars (1, 2)
[Stage B custom_init ratpoly_1d] Init on vars (1, 2): deg=(2,1)->(2,0), nnz=(3,1), rel_rms≈1.93e-04
[Stage B] Post-custom-init validation (attempt 0), batch 0, finite: 2000/2000, min: -3.995e+07, max: -2.292e+05, mean: -3.629e+06
[Stage B] Post-custom-init validation (attempt 0), batch 1, finite: 2000/2000, min: -4.179e+07, max: -2.306e+05, mean: -3.848e+06
[Stage B] Post-custom-init validation (attempt 0), batch 2, finite: 2000/2000, min: -4.127e+07, max: -2.309e+05, mean: -3.421e+06
[Stage B] Prediction scale check (attempt 0): pred_median=1.863e+06, true_median=9.826e-02, ratio=1.896e+07
[Stage B] Warning: init scale_ratio extreme; rejecting candidate.
[Stage B]    Candidate (cbrt_ratpoly_1d[7]) rejected at init (non-finite loss); trying next.
[Stage B]  Trying 1D cbrt-ratpoly (inv_cbrt) deg=(3,1)->(3,0) nnz=(3,1) on NN leaf vars (1, 2)
[Stage B custom_init ratpoly_1d] Init on vars (1, 2): deg=(3,1)->(3,0), nnz=(3,1), rel_rms≈1.04e-04
[Stage B] Post-custom-init validation (attempt 0), batch 0, finite: 2000/2000, min: -3.995e+07, max: -2.292e+05, mean: -3.629e+06
[Stage B] Post-custom-init validation (attempt 0), batch 1, finite: 2000/2000, min: -4.179e+07, max: -2.306e+05, mean: -3.848e+06
[Stage B] Post-custom-init validation (attempt 0), batch 2, finite: 2000/2000, min: -4.127e+07, max: -2.309e+05, mean: -3.421e+06
[Stage B] Prediction scale check (attempt 0): pred_median=1.863e+06, true_median=9.826e-02, ratio=1.896e+07
[Stage B] Warning: init scale_ratio extreme; rejecting candidate.
[Stage B]    Candidate (cbrt_ratpoly_1d[8]) rejected at init (non-finite loss); trying next.
[Stage B]  Trying 1D cbrt-ratpoly (inv_cbrt) deg=(0,3)->(0,3) nnz=(1,4) on NN leaf vars (1, 2)
[Stage B custom_init ratpoly_1d] Init on vars (1, 2): deg=(0,3)->(0,3), nnz=(1,4), rel_rms≈1.41e-06
[Stage B] Post-custom-init validation (attempt 0), batch 0, finite: 2000/2000, min: -3.995e+07, max: -2.292e+05, mean: -3.629e+06
[Stage B] Post-custom-init validation (attempt 0), batch 1, finite: 2000/2000, min: -4.179e+07, max: -2.306e+05, mean: -3.848e+06
[Stage B] Post-custom-init validation (attempt 0), batch 2, finite: 2000/2000, min: -4.127e+07, max: -2.309e+05, mean: -3.421e+06
[Stage B] Prediction scale check (attempt 0): pred_median=1.863e+06, true_median=9.826e-02, ratio=1.896e+07
[Stage B] Warning: init scale_ratio extreme; rejecting candidate.
[Stage B]    Candidate (cbrt_ratpoly_1d[9]) rejected at init (non-finite loss); trying next.
[Stage B]  Trying 1D cbrt-ratpoly (inv_cbrt) deg=(1,2)->(1,2) nnz=(2,3) on NN leaf vars (1, 2)
[Stage B custom_init ratpoly_1d] Init on vars (1, 2): deg=(1,2)->(1,2), nnz=(2,3), rel_rms≈5.49e-07
[Stage B] Post-custom-init validation (attempt 0), batch 0, finite: 2000/2000, min: -3.995e+07, max: -2.292e+05, mean: -3.629e+06
[Stage B] Post-custom-init validation (attempt 0), batch 1, finite: 2000/2000, min: -4.179e+07, max: -2.306e+05, mean: -3.848e+06
[Stage B] Post-custom-init validation (attempt 0), batch 2, finite: 2000/2000, min: -4.127e+07, max: -2.309e+05, mean: -3.421e+06
[Stage B] Prediction scale check (attempt 0): pred_median=1.863e+06, true_median=9.826e-02, ratio=1.896e+07
[Stage B] Warning: init scale_ratio extreme; rejecting candidate.
[Stage B]    Candidate (cbrt_ratpoly_1d[10]) rejected at init (non-finite loss); trying next.
[Stage B]  Trying 1D cbrt-ratpoly (inv_cbrt) deg=(0,4)->(0,4) nnz=(1,5) on NN leaf vars (1, 2)
[Stage B custom_init ratpoly_1d] Init on vars (1, 2): deg=(0,4)->(0,4), nnz=(1,5), rel_rms≈2.38e-09
[Stage B] Post-custom-init validation (attempt 0), batch 0, finite: 2000/2000, min: -3.995e+07, max: -2.292e+05, mean: -3.629e+06
[Stage B] Post-custom-init validation (attempt 0), batch 1, finite: 2000/2000, min: -4.179e+07, max: -2.306e+05, mean: -3.848e+06
[Stage B] Post-custom-init validation (attempt 0), batch 2, finite: 2000/2000, min: -4.127e+07, max: -2.309e+05, mean: -3.421e+06
[Stage B] Prediction scale check (attempt 0): pred_median=1.863e+06, true_median=9.826e-02, ratio=1.896e+07
[Stage B] Warning: init scale_ratio extreme; rejecting candidate.
[Stage B]    Candidate (cbrt_ratpoly_1d[11]) rejected at init (non-finite loss); trying next.
[Stage B]  Trying 1D cbrt-ratpoly (inv_cbrt) deg=(1,3)->(1,3) nnz=(2,4) on NN leaf vars (1, 2)
[Stage B custom_init ratpoly_1d] Init on vars (1, 2): deg=(1,3)->(1,3), nnz=(2,4), rel_rms≈1.68e-08
[Stage B] Post-custom-init validation (attempt 0), batch 0, finite: 2000/2000, min: -3.995e+07, max: -2.292e+05, mean: -3.629e+06
[Stage B] Post-custom-init validation (attempt 0), batch 1, finite: 2000/2000, min: -4.179e+07, max: -2.306e+05, mean: -3.848e+06
[Stage B] Post-custom-init validation (attempt 0), batch 2, finite: 2000/2000, min: -4.127e+07, max: -2.309e+05, mean: -3.421e+06
[Stage B] Prediction scale check (attempt 0): pred_median=1.863e+06, true_median=9.826e-02, ratio=1.896e+07
[Stage B] Warning: init scale_ratio extreme; rejecting candidate.
[Stage B]    Candidate (cbrt_ratpoly_1d[12]) rejected at init (non-finite loss); trying next.
[Stage B]  Trying 1D cbrt-ratpoly (inv_cbrt) deg=(1,4)->(1,4) nnz=(2,5) on NN leaf vars (1, 2)
[Stage B custom_init ratpoly_1d] Init on vars (1, 2): deg=(1,4)->(1,4), nnz=(2,5), rel_rms≈2.36e-08
[Stage B] Post-custom-init validation (attempt 0), batch 0, finite: 2000/2000, min: -3.995e+07, max: -2.292e+05, mean: -3.629e+06
[Stage B] Post-custom-init validation (attempt 0), batch 1, finite: 2000/2000, min: -4.179e+07, max: -2.306e+05, mean: -3.848e+06
[Stage B] Post-custom-init validation (attempt 0), batch 2, finite: 2000/2000, min: -4.127e+07, max: -2.309e+05, mean: -3.421e+06
[Stage B] Prediction scale check (attempt 0): pred_median=1.863e+06, true_median=9.826e-02, ratio=1.896e+07
[Stage B] Warning: init scale_ratio extreme; rejecting candidate.
[Stage B]    Candidate (cbrt_ratpoly_1d[13]) rejected at init (non-finite loss); trying next.
[Stage B]  Trying 1D ratpoly deg=(0,1)->(0,1) nnz=(1,2) (scale*P_red(x)/Q(x)) rewrite on NN leaf vars (1, 2)
[Stage B custom_init ratpoly_1d] Init on vars (1, 2): deg=(0,1)->(0,1), nnz=(1,2), rel_rms≈5.47e-03
[Stage B] Post-custom-init validation (attempt 0), batch 0, finite: 2000/2000, min: -3.995e+07, max: -2.293e+05, mean: -3.629e+06
[Stage B] Post-custom-init validation (attempt 0), batch 1, finite: 2000/2000, min: -4.179e+07, max: -2.306e+05, mean: -3.848e+06
[Stage B] Post-custom-init validation (attempt 0), batch 2, finite: 2000/2000, min: -4.127e+07, max: -2.309e+05, mean: -3.421e+06
[Stage B] Prediction scale check (attempt 0): pred_median=1.863e+06, true_median=9.826e-02, ratio=1.896e+07
[Stage B] Warning: init scale_ratio extreme; rejecting candidate.
[Stage B]    Candidate (ratpoly_1d) rejected at init (non-finite loss); trying next.
[Stage B]  Precheck reject (duplicate-signature) rule=univariate_nn cand=ratpoly_1d[1] target=nn#leaf1 vars=(1, 2) sig=(960898949, 1, 1, -1, 3, 1, 1, 1) attempted=28
[Stage B]  Precheck reject (duplicate-signature) rule=univariate_nn cand=ratpoly_1d[2] target=nn#leaf1 vars=(1, 2) sig=(960898949, 2, 1, 1, -1, 2, 1, 1) attempted=28
[Stage B]  Precheck reject (duplicate-signature) rule=univariate_nn cand=ratpoly_1d[3] target=nn#leaf1 vars=(1, 2) sig=(960898949, 3, 1, 1, 1, -1, 1, 1) attempted=28
[Stage B]  Trying 1D ratpoly deg=(1,2)->(1,2) nnz=(2,2) (scale*P_red(x)/Q(x)) rewrite on NN leaf vars (1, 2)
[Stage B custom_init ratpoly_1d] Init on vars (1, 2): deg=(1,2)->(1,2), nnz=(2,2), rel_rms≈1.07e-04
[Stage B] Post-custom-init validation (attempt 0), batch 0, finite: 2000/2000, min: -3.995e+07, max: -2.292e+05, mean: -3.629e+06
[Stage B] Post-custom-init validation (attempt 0), batch 1, finite: 2000/2000, min: -4.179e+07, max: -2.306e+05, mean: -3.848e+06
[Stage B] Post-custom-init validation (attempt 0), batch 2, finite: 2000/2000, min: -4.127e+07, max: -2.309e+05, mean: -3.421e+06
[Stage B] Prediction scale check (attempt 0): pred_median=1.863e+06, true_median=9.826e-02, ratio=1.896e+07
[Stage B] Warning: init scale_ratio extreme; rejecting candidate.
[Stage B]    Candidate (ratpoly_1d[4]) rejected at init (non-finite loss); trying next.
[Stage B]  Trying 1D ratpoly deg=(2,2)->(2,1) nnz=(2,2) (scale*P_red(x)/Q(x)) rewrite on NN leaf vars (1, 2)
[Stage B custom_init ratpoly_1d] Init on vars (1, 2): deg=(2,2)->(2,1), nnz=(2,2), rel_rms≈8.93e-05
[Stage B] Post-custom-init validation (attempt 0), batch 0, finite: 2000/2000, min: -3.995e+07, max: -2.292e+05, mean: -3.629e+06
[Stage B] Post-custom-init validation (attempt 0), batch 1, finite: 2000/2000, min: -4.179e+07, max: -2.306e+05, mean: -3.848e+06
[Stage B] Post-custom-init validation (attempt 0), batch 2, finite: 2000/2000, min: -4.127e+07, max: -2.309e+05, mean: -3.421e+06
[Stage B] Prediction scale check (attempt 0): pred_median=1.863e+06, true_median=9.826e-02, ratio=1.896e+07
[Stage B] Warning: init scale_ratio extreme; rejecting candidate.
[Stage B]    Candidate (ratpoly_1d[5]) rejected at init (non-finite loss); trying next.
[Stage B]  Trying 1D ratpoly deg=(3,1)->(3,1) nnz=(2,2) (scale*P_red(x)/Q(x)) rewrite on NN leaf vars (1, 2)
[Stage B custom_init ratpoly_1d] Init on vars (1, 2): deg=(3,1)->(3,1), nnz=(2,2), rel_rms≈2.99e-03
[Stage B] Post-custom-init validation (attempt 0), batch 0, finite: 2000/2000, min: -3.995e+07, max: -2.292e+05, mean: -3.629e+06
[Stage B] Post-custom-init validation (attempt 0), batch 1, finite: 2000/2000, min: -4.179e+07, max: -2.306e+05, mean: -3.848e+06
[Stage B] Post-custom-init validation (attempt 0), batch 2, finite: 2000/2000, min: -4.127e+07, max: -2.309e+05, mean: -3.421e+06
[Stage B] Prediction scale check (attempt 0): pred_median=1.863e+06, true_median=9.826e-02, ratio=1.896e+07
[Stage B] Warning: init scale_ratio extreme; rejecting candidate.
[Stage B]    Candidate (ratpoly_1d[6]) rejected at init (non-finite loss); trying next.
[Stage B]  Precheck reject (duplicate-signature) rule=univariate_nn cand=ratpoly_1d[7] target=nn#leaf1 vars=(1, 2) sig=(960898949, 1, 1, -1, 4, 1, 1, 1, 1) attempted=31
[Stage B]  Trying 1D ratpoly deg=(3,3)->(2,3) nnz=(2,3) (scale*P_red(x)/Q(x)) rewrite on NN leaf vars (1, 2)
[Stage B custom_init ratpoly_1d] Init on vars (1, 2): deg=(3,3)->(2,3), nnz=(2,3), rel_rms≈3.25e-05
[Stage B] Post-custom-init validation (attempt 0), batch 0, finite: 2000/2000, min: -3.995e+07, max: -2.292e+05, mean: -3.629e+06
[Stage B] Post-custom-init validation (attempt 0), batch 1, finite: 2000/2000, min: -4.179e+07, max: -2.306e+05, mean: -3.848e+06
[Stage B] Post-custom-init validation (attempt 0), batch 2, finite: 2000/2000, min: -4.127e+07, max: -2.309e+05, mean: -3.421e+06
[Stage B] Prediction scale check (attempt 0): pred_median=1.863e+06, true_median=9.826e-02, ratio=1.896e+07
[Stage B] Warning: init scale_ratio extreme; rejecting candidate.
[Stage B]    Candidate (ratpoly_1d[8]) rejected at init (non-finite loss); trying next.
[Stage B]  Trying 1D ratpoly deg=(3,2)->(3,2) nnz=(3,2) (scale*P_red(x)/Q(x)) rewrite on NN leaf vars (1, 2)
[Stage B custom_init ratpoly_1d] Init on vars (1, 2): deg=(3,2)->(3,2), nnz=(3,2), rel_rms≈1.62e-04
[Stage B] Post-custom-init validation (attempt 0), batch 0, finite: 2000/2000, min: -3.995e+07, max: -2.292e+05, mean: -3.629e+06
[Stage B] Post-custom-init validation (attempt 0), batch 1, finite: 2000/2000, min: -4.179e+07, max: -2.306e+05, mean: -3.848e+06
[Stage B] Post-custom-init validation (attempt 0), batch 2, finite: 2000/2000, min: -4.127e+07, max: -2.309e+05, mean: -3.421e+06
[Stage B] Prediction scale check (attempt 0): pred_median=1.863e+06, true_median=9.826e-02, ratio=1.896e+07
[Stage B] Warning: init scale_ratio extreme; rejecting candidate.
[Stage B]    Candidate (ratpoly_1d[9]) rejected at init (non-finite loss); trying next.
[Stage B]  Trying 1D ratpoly deg=(4,1)->(4,1) nnz=(3,2) (scale*P_red(x)/Q(x)) rewrite on NN leaf vars (1, 2)
[Stage B custom_init ratpoly_1d] Init on vars (1, 2): deg=(4,1)->(4,1), nnz=(3,2), rel_rms≈1.60e-04
[Stage B] Post-custom-init validation (attempt 0), batch 0, finite: 2000/2000, min: -3.995e+07, max: -2.292e+05, mean: -3.629e+06
[Stage B] Post-custom-init validation (attempt 0), batch 1, finite: 2000/2000, min: -4.179e+07, max: -2.306e+05, mean: -3.848e+06
[Stage B] Post-custom-init validation (attempt 0), batch 2, finite: 2000/2000, min: -4.127e+07, max: -2.309e+05, mean: -3.421e+06
[Stage B] Prediction scale check (attempt 0): pred_median=1.863e+06, true_median=9.826e-02, ratio=1.896e+07
[Stage B] Warning: init scale_ratio extreme; rejecting candidate.
[Stage B]    Candidate (ratpoly_1d[10]) rejected at init (non-finite loss); trying next.
[Stage B]  Precheck reject (duplicate-signature) rule=univariate_nn cand=ratpoly_1d[11] target=nn#leaf1 vars=(1, 2) sig=(960898949, 2, 1, 1, -1, 4, 1, 1, 1, 1) attempted=34
[Stage B]  Precheck reject (duplicate-signature) rule=univariate_nn cand=ratpoly_1d[12] target=nn#leaf1 vars=(1, 2) sig=(960898949, 2, 1, 1, -1, 5, 1, 1, 1, 1, 1) attempted=34
[Stage B]  Trying 1D ratpoly deg=(2,3)->(2,3) nnz=(3,4) (scale*P_red(x)/Q(x)) rewrite on NN leaf vars (1, 2)
[Stage B custom_init ratpoly_1d] Init on vars (1, 2): deg=(2,3)->(2,3), nnz=(3,4), rel_rms≈2.60e-07
[Stage B] Post-custom-init validation (attempt 0), batch 0, finite: 2000/2000, min: -3.995e+07, max: -2.292e+05, mean: -3.629e+06
[Stage B] Post-custom-init validation (attempt 0), batch 1, finite: 2000/2000, min: -4.179e+07, max: -2.306e+05, mean: -3.848e+06
[Stage B] Post-custom-init validation (attempt 0), batch 2, finite: 2000/2000, min: -4.127e+07, max: -2.309e+05, mean: -3.421e+06
[Stage B] Prediction scale check (attempt 0): pred_median=1.863e+06, true_median=9.826e-02, ratio=1.896e+07
[Stage B] Warning: init scale_ratio extreme; rejecting candidate.
[Stage B]    Candidate (ratpoly_1d[13]) rejected at init (non-finite loss); trying next.
[Stage B]  Trying exp-poly rewrite on NN leaf vars (1, 2), degree=2
[Stage B] Initialising ExpPolyLeaf for vars (1, 2), tag=leaf1
[info] dataloader for provider ASTCompositeAdaptor yields 3 batches (equivalent to a single batch up to floating-point roundoff; minor Python-loop overhead per batch).
Validation patience exceeded at epoch 701/2000, nval_worse=500
[Stage B]    Candidate (exp): params=387, val-loss=2.1236e-07
[Stage B]    Reject (exp): simpler-over-budget(thr=5.847e-10) | loss 4.748e-11->2.124e-07 (Δ+2.12e-07) | params 768->387 | cx (0, 0, 0)->(0, 0, 0)
[Stage B]  Trying exp-poly rewrite on NN leaf vars (1, 2), degree=2 [coord=1/z]
[Stage B] Initialising ExpPolyLeaf for vars (1, 2), tag=leaf1
[info] dataloader for provider ASTCompositeAdaptor yields 3 batches (equivalent to a single batch up to floating-point roundoff; minor Python-loop overhead per batch).
Stopping at epoch 201/2000, lm_opt.state['halt']=True, loss=4.8826e-09, loss_val=8.6314e-09
[Stage B]    Candidate (exp[z_inv]): params=387, val-loss=8.6274e-09
[Stage B]    Reject (exp[z_inv]): simpler-over-budget(thr=5.847e-10) | loss 4.748e-11->8.627e-09 (Δ+8.58e-09) | params 768->387 | cx (0, 0, 0)->(0, 0, 0)
[Stage B]  Trying exp-ratpoly rewrite on NN leaf vars (1, 2), degs=2/2
[Stage B] Initialising ExpRationalPolyLeaf for vars (1, 2), tag=leaf1
[info] dataloader for provider ASTCompositeAdaptor yields 3 batches (equivalent to a single batch up to floating-point roundoff; minor Python-loop overhead per batch).
[LM][bucket] solving P=390 (trivially separable union)
[nestynet.optimizer] [LM] **** Too many rejects at lam_max; halting. self.lam_max=1000000000000.0 lam_new=1000000000000.0, iteration 34
Stopping at epoch 35/2000, lm_opt.state['halt']=True, loss=9.1435e-02, loss_val=7.2718e-02
[Stage B]    Candidate (exp_rat): params=390, val-loss=7.2718e-02
[Stage B]    Reject (exp_rat): simpler-over-budget(thr=5.834e-10) | loss 4.748e-11->7.272e-02 (Δ+7.27e-02) | params 768->390 | cx (0, 0, 0)->(0, 0, 0)
[Stage B]  Trying tanh rewrite on NN leaf vars (1, 2)
[Stage B] Initialising TanhLinearLeaf for vars (1, 2), tag=leaf1
[info] dataloader for provider ASTCompositeAdaptor yields 3 batches (equivalent to a single batch up to floating-point roundoff; minor Python-loop overhead per batch).
[LM][bucket] solving P=387 (trivially separable union)
